stop_id,stop_name,route_id,hour,is_weekend,is_raining,is_holiday,peak_period,station_pressure,event_intensity,headway_minutes,occupancy_percent,occupancy_level
SP6,BANDARAYA - UOB,PH,5,0,1,0,0,0,0,11,50.97,3
SP10,PUDU,PH,16,0,1,0,2,0,0,4,58.01,4
SP9,HANG TUAH,PH,12,0,1,0,0,4,0,7,58.99,4
KG21,COCHRANE,MRT,16,0,1,0,2,0,0,5,53.42,3
MR5,IMBI,MR,18,0,0,0,3,0,0,5,61.7,4
PY41,PUTRAJAYA SENTRAL,PYL,17,1,0,0,1,0,0,11,42.65,3
MR10,CHOW KIT,MR,23,0,1,0,0,0,0,14,52.45,3
KJ14,PASAR SENI,KJ,2,0,1,0,0,4,0,15,79.03,4
KJ9,AMPANG PARK,KJ,21,0,0,0,0,0,0,12,47.34,3
KJ17,ABDULLAH HUKUM,KJ,15,0,1,0,0,3,0,8,56.05,3
AG6,BANDARAYA - UOB,AG,4,1,0,0,0,0,0,13,32.93,3
SP16,SUNGAI BESI,PH,19,1,0,0,1,1,0,12,43.39,3
KJ21,ASIA JAYA,KJ,22,0,0,0,0,0,0,16,55.78,3
PY01,KWASA DAMANSARA,PYL,22,0,0,0,0,1,0,10,49.81,3
KG20,TUN RAZAK EXCHANGE,MRT,0,0,0,0,0,4,0,13,65.42,4
PY19,RAJA UDA,PYL,21,0,0,0,0,0,0,15,38.95,3
PY41,PUTRAJAYA SENTRAL,PYL,21,0,0,0,0,0,0,13,42.98,3
AG1,SENTUL TIMUR,AG,21,1,0,0,1,0,0,7,36.91,3
KJ3,WANGSA MAJU,KJ,13,0,1,0,0,2,0,8,50.99,3
PY39,CYBERJAYA UTARA,PYL,5,0,0,0,0,0,0,12,43.59,3
KJ31,USJ 7,KJ,4,1,0,0,0,1,1,11,53.32,3
AG9,HANG TUAH,AG,12,0,1,0,0,4,0,11,67.45,4
PY39,CYBERJAYA UTARA,PYL,16,0,0,0,2,0,0,5,51.33,3
PY01,KWASA DAMANSARA,PYL,18,1,0,0,1,1,0,8,35.85,3
KJ5,SETIAWANGSA,KJ,12,0,0,0,0,0,0,7,30.49,2
AG17,CAHAYA,AG,19,0,0,0,0,0,0,10,39.74,3
KG13,PUSAT BANDAR DAMANSARA,MRT,14,1,0,0,1,0,0,8,27.94,2
PY10,KEPONG BARU,PYL,16,0,0,0,2,0,0,4,43.01,3
KJ5,SETIAWANGSA,KJ,2,0,1,0,0,0,0,12,47.42,3
KJ25,LEMBAH SUBANG,KJ,22,0,0,0,0,0,0,18,56.18,3
SP9,HANG TUAH,PH,5,0,0,0,0,4,0,12,58.46,4
PY23,TUN RAZAK EXCHANGE,PYL,17,0,1,0,2,4,1,7,100.0,5
PY16,SENTUL BARAT,PYL,16,1,0,0,1,0,1,11,51.82,3
PY24,CHAN SOW LIN,PYL,23,0,1,0,0,1,0,15,67.62,4
KJ33,WAWASAN,KJ,4,0,0,0,0,0,0,18,55.57,3
PY33,SERDANG JAYA,PYL,0,0,0,0,0,0,0,11,43.04,3
SP16,SUNGAI BESI,PH,4,0,1,0,0,1,0,18,62.76,4
KJ20,TAMAN JAYA,KJ,19,0,1,0,0,0,0,9,43.57,3
BRT1,SUNWAY-SETIA JAYA,BRT,15,1,0,0,1,0,1,8,36.78,3
PY32,SERDANG RAYA SELATAN,PYL,1,0,0,0,0,0,0,11,41.5,3
KG21,COCHRANE,MRT,12,1,0,0,1,0,1,7,39.68,3
SP12,CHERAS,PH,2,0,1,0,0,0,0,11,52.82,3
KG20,TUN RAZAK EXCHANGE,MRT,20,0,1,0,0,4,1,15,86.54,5
KJ21,ASIA JAYA,KJ,14,1,0,0,1,0,0,7,32.94,3
KJ24,KELANA JAYA,KJ,5,0,0,0,0,0,0,14,48.42,3
PY13,KAMPUNG BATU,PYL,16,1,1,0,1,0,0,8,38.66,3
MR2,TUN SAMBANTHAN,MR,12,0,0,0,0,0,0,10,34.79,3
AG2,SENTUL,AG,18,0,0,1,2,0,0,6,67.4,4
PY04,SUNGAI BULOH,PYL,1,1,0,0,0,0,0,16,41.71,3
PY05,DAMANSARA DAMAI,PYL,0,0,0,0,0,0,0,13,49.42,3
KJ18,KERINCHI,KJ,0,0,0,0,0,0,0,10,38.59,3
KJ11,KAMPUNG BARU - CBP COOPBANK PERTAMA,KJ,15,0,0,0,0,0,0,8,33.43,3
KG30,BATU 11 CHERAS,MRT,19,0,0,0,0,0,1,9,44.11,3
PY33,SERDANG JAYA,PYL,12,0,0,0,0,0,0,9,37.19,3
KJ21,ASIA JAYA,KJ,2,0,0,0,0,0,0,15,49.36,3
PY33,SERDANG JAYA,PYL,17,1,0,0,1,0,0,10,33.22,3
PY41,PUTRAJAYA SENTRAL,PYL,23,0,0,0,0,0,1,12,54.83,3
KG10,TAMAN TUN DR ISMAIL,MRT,20,1,0,0,1,0,0,10,33.97,3
SP12,CHERAS,PH,23,0,0,0,0,0,0,12,47.36,3
KJ30,SS 18,KJ,12,0,1,0,0,0,0,10,49.86,3
SP26,TAMAN PERINDUSTRIAN PUCHONG,PH,19,0,0,0,0,0,0,11,36.93,3
KG24,TAMAN MIDAH,MRT,3,0,0,0,0,0,0,12,41.53,3
KJ15,KL SENTRAL - REDONE,KJ,20,0,0,0,0,4,1,10,75.05,4
PY21,PERSIARAN KLCC,PYL,3,1,0,0,0,3,0,11,48.58,3
MR6,BUKIT BINTANG,MR,17,1,1,0,1,3,2,8,81.78,4
KJ11,KAMPUNG BARU - CBP COOPBANK PERTAMA,KJ,13,1,1,0,1,0,0,7,35.96,3
PY18,HOSPITAL KUALA LUMPUR,PYL,13,1,0,0,1,0,1,10,51.93,3
PY32,SERDANG RAYA SELATAN,PYL,12,0,0,0,0,0,0,10,40.5,3
KJ18,KERINCHI,KJ,21,0,0,0,0,0,0,13,38.15,3
BRT2,MENTARI,BRT,20,1,1,0,1,0,0,12,37.61,3
KG18A,BUKIT BINTANG,MRT,17,1,1,0,1,3,2,10,90.48,5
SP1,SENTUL TIMUR,PH,16,0,1,0,2,0,0,4,56.17,3
SP18,SRI PETALING,PH,15,0,0,0,0,0,0,10,40.13,3
PY07,SRI DAMANSARA SENTRAL,PYL,12,0,0,0,0,0,0,8,37.53,3
PY24,CHAN SOW LIN,PYL,17,0,0,0,3,1,0,4,81.81,4
KG12,PHILEO DAMANSARA,MRT,12,0,0,0,0,0,0,7,28.84,2
PY09,METRO PRIMA,PYL,15,0,1,0,0,0,0,8,47.75,3
KJ5,SETIAWANGSA,KJ,17,0,0,0,3,0,0,4,65.15,4
PY20,AMPANG PARK,PYL,12,0,0,0,0,0,0,7,34.81,3
SP9,HANG TUAH,PH,5,0,1,0,0,4,0,12,62.79,4
PY21,PERSIARAN KLCC,PYL,2,1,0,0,0,3,0,12,50.87,3
KG23,TAMAN PERTAMA,MRT,2,0,0,0,0,0,1,10,50.59,3
KJ32,TAIPAN,KJ,17,0,0,0,3,0,0,3,62.62,4
KJ30,SS 18,KJ,2,0,0,0,0,0,0,15,50.33,3
MR2,TUN SAMBANTHAN,MR,13,1,0,0,1,0,0,11,24.66,2
MR10,CHOW KIT,MR,15,0,1,0,0,0,0,12,48.65,3
KJ23,TAMAN BAHAGIA,KJ,12,1,0,0,1,0,0,9,35.82,3
KJ17,ABDULLAH HUKUM,KJ,3,1,0,0,0,3,0,17,53.1,3
MR5,IMBI,MR,5,1,0,0,0,0,0,13,26.35,2
KJ20,TAMAN JAYA,KJ,21,1,0,0,1,0,0,7,30.57,2
KG29,BANDAR TUN HUSSEIN ONN,MRT,22,0,0,0,0,0,0,11,38.51,3
SP8,PLAZA RAKYAT,PH,14,1,0,0,1,1,0,8,45.24,3
KJ17,ABDULLAH HUKUM,KJ,18,0,0,0,2,3,1,6,82.1,5
KJ9,AMPANG PARK,KJ,15,0,0,0,0,0,0,8,37.96,3
PY41,PUTRAJAYA SENTRAL,PYL,0,0,1,0,0,0,0,15,56.9,3
PY38,16 SIERRA,PYL,20,0,0,0,0,0,0,12,35.39,3
AG12,MIHARJA,AG,12,0,1,0,0,0,1,11,51.32,3
KG12,PHILEO DAMANSARA,MRT,14,0,0,0,0,0,0,10,38.19,3
KJ6,JELATEK,KJ,4,1,0,0,0,0,0,11,28.61,2
BRT1,SUNWAY-SETIA JAYA,BRT,4,0,1,0,0,0,0,14,44.05,3
KJ18,KERINCHI,KJ,12,1,0,0,1,0,0,8,30.16,2
MR5,IMBI,MR,15,1,0,0,1,0,1,10,40.09,3
AG7,MASJID JAMEK,AG,2,1,1,0,0,4,0,11,52.97,3
KG25,TAMAN MUTIARA,MRT,3,0,1,0,0,0,0,14,56.1,3
AG17,CAHAYA,AG,20,1,0,0,1,0,0,7,35.07,3
KJ21,ASIA JAYA,KJ,23,0,1,0,0,0,0,12,54.68,3
KG16,PASAR SENI,MRT,4,1,0,0,0,4,0,16,66.69,4
KJ27,CGC GLENMARIE,KJ,2,0,0,0,0,0,0,14,42.2,3
PY28,TAMAN NAGA EMAS,PYL,3,0,1,0,0,0,0,12,44.44,3
AG15,PANDAN INDAH,AG,22,0,0,0,0,0,0,10,45.2,3
KJ22,TAMAN PARAMOUNT,KJ,4,0,0,0,0,0,0,17,58.96,4
KG27,TAMAN SUNTEX,MRT,16,0,0,0,1,0,1,10,61.08,4
KJ4,SRI RAMPAI,KJ,2,0,1,0,0,0,0,17,53.88,3
PY01,KWASA DAMANSARA,PYL,12,0,0,0,0,1,0,9,40.56,3
PY03,KAMPUNG SELAMAT,PYL,13,0,0,0,0,0,0,11,40.02,3
AG5,SULTAN ISMAIL,AG,13,0,0,0,0,0,0,10,36.8,3
KG34,STADIUM KAJANG,MRT,12,0,0,0,0,2,0,10,51.41,3
SP4,PWTC,PH,22,1,1,0,0,0,0,18,46.48,3
KJ12,DANG WANGI,KJ,2,1,0,0,0,0,0,12,32.58,3
KJ28,SUBANG JAYA,KJ,21,0,0,0,0,0,1,13,50.17,3
KG17,MERDEKA,MRT,23,1,0,0,0,1,0,11,47.84,3
KJ24,KELANA JAYA,KJ,16,1,0,0,1,0,0,7,33.03,3
KJ3,WANGSA MAJU,KJ,14,0,1,0,0,2,0,9,50.72,3
SP10,PUDU,PH,15,0,0,0,0,0,0,12,41.19,3
MR6,BUKIT BINTANG,MR,16,1,0,0,1,3,2,11,77.26,4
SP9,HANG TUAH,PH,14,0,1,0,0,4,1,9,72.7,4
PY12,SRI DELIMA,PYL,13,0,0,0,0,0,0,10,42.31,3
KG20,TUN RAZAK EXCHANGE,MRT,14,0,0,0,0,4,0,10,62.7,4
KJ37,PUTRA HEIGHTS,KJ,12,0,0,0,0,1,0,10,49.92,3
AG18,AMPANG,AG,3,1,0,0,0,0,0,13,39.67,3
PY11,JINJANG,PYL,2,0,1,0,0,0,0,10,38.86,3
AG6,BANDARAYA - UOB,AG,18,0,0,0,2,0,0,7,52.66,3
KG27,TAMAN SUNTEX,MRT,0,0,0,0,0,0,0,15,52.01,3
SP2,SENTUL,PH,22,0,0,0,0,0,0,10,40.59,3
PY19,RAJA UDA,PYL,20,0,0,1,0,0,0,12,48.28,3
KJ3,WANGSA MAJU,KJ,16,0,1,0,1,2,0,8,65.59,4
PY23,TUN RAZAK EXCHANGE,PYL,22,0,0,0,0,4,0,15,71.95,4
MR9,MEDAN TUANKU,MR,5,0,0,0,0,0,0,10,43.31,3
PY29,SUNGAI BESI,PYL,20,1,0,0,1,1,0,9,36.39,3
KG29,BANDAR TUN HUSSEIN ONN,MRT,21,0,0,0,0,0,0,15,47.18,3
SP31,PUTRA HEIGHTS,PH,4,0,0,0,0,1,0,15,65.12,4
BRT6,SOUTH QUAY-USJ 1,BRT,20,0,0,0,0,0,0,12,34.27,3
MR11,TITIWANGSA,MR,13,0,1,0,0,4,0,11,72.07,4
KJ29,SS 15,KJ,19,0,1,0,2,2,1,4,82.14,5
KJ12,DANG WANGI,KJ,17,0,0,0,2,0,0,5,49.14,3
PY41,PUTRAJAYA SENTRAL,PYL,15,1,0,0,1,0,0,11,37.61,3
SP6,BANDARAYA - UOB,PH,18,1,0,0,1,0,0,11,43.04,3
SP14,BANDAR TUN RAZAK,PH,22,0,1,0,0,0,0,14,46.49,3
KG08,MUTIARA DAMANSARA,MRT,4,0,0,0,0,0,0,10,41.75,3
PY41,PUTRAJAYA SENTRAL,PYL,17,0,0,0,3,0,1,5,75.87,4
KG20,TUN RAZAK EXCHANGE,MRT,16,1,1,0,1,4,1,10,81.59,4
KJ25,LEMBAH SUBANG,KJ,18,0,0,0,2,0,1,5,63.79,4
MR2,TUN SAMBANTHAN,MR,18,0,0,0,2,0,0,5,48.29,3
PY16,SENTUL BARAT,PYL,23,0,0,0,0,0,1,10,55.27,3
KJ17,ABDULLAH HUKUM,KJ,23,0,0,0,0,3,0,13,60.33,4
KJ14,PASAR SENI,KJ,1,0,0,0,0,4,0,12,75.88,4
SP1,SENTUL TIMUR,PH,0,0,0,0,0,0,0,10,33.98,3
KJ15,KL SENTRAL - REDONE,KJ,19,0,1,0,0,4,1,10,83.86,5
AG8,PLAZA RAKYAT,AG,15,0,0,0,0,1,0,10,47.84,3
SP28,PUCHONG PERDANA,PH,13,0,0,0,0,0,1,7,46.39,3
PY01,KWASA DAMANSARA,PYL,2,0,0,0,0,1,0,10,44.42,3
KG17,MERDEKA,MRT,1,1,0,0,0,1,0,15,49.65,3
SP22,KINRARA,PH,20,0,0,0,0,0,0,11,49.13,3
SP9,HANG TUAH,PH,12,1,0,0,1,4,1,8,61.34,4
PY16,SENTUL BARAT,PYL,16,0,1,0,1,0,0,9,54.34,3
KG20,TUN RAZAK EXCHANGE,MRT,14,0,1,0,0,4,0,10,63.17,4
MR3,MAHARAJALELA,MR,1,0,1,0,0,0,1,18,59.7,4
KG10,TAMAN TUN DR ISMAIL,MRT,18,0,0,0,3,0,0,3,63.88,4
SP24,IOI PUCHONG JAYA,PH,18,0,0,0,2,0,0,7,46.84,3
KG06,KOTA DAMANSARA,MRT,12,0,1,0,0,0,0,8,47.47,3
SP14,BANDAR TUN RAZAK,PH,12,1,0,0,1,0,0,12,29.07,2
KG27,TAMAN SUNTEX,MRT,20,0,0,0,0,0,0,16,52.83,3
PY01,KWASA DAMANSARA,PYL,1,1,0,0,0,1,0,15,43.5,3
MR4,HANG TUAH,MR,15,0,1,0,0,4,0,10,65.97,4
SP16,SUNGAI BESI,PH,3,0,1,0,0,1,0,10,51.94,3
KJ23,TAMAN BAHAGIA,KJ,16,1,0,0,1,0,0,8,38.35,3
KG08,MUTIARA DAMANSARA,MRT,16,0,0,0,2,0,0,5,57.67,3
KJ31,USJ 7,KJ,22,0,0,0,0,1,0,13,55.61,3
KJ1,GOMBAK,KJ,1,0,1,0,0,0,0,10,39.77,3
PY10,KEPONG BARU,PYL,1,1,0,0,0,0,0,14,34.73,3
KJ9,AMPANG PARK,KJ,17,0,0,0,2,0,0,5,60.61,4
KJ33,WAWASAN,KJ,16,0,0,0,1,0,0,9,46.95,3
AG14,PANDAN JAYA,AG,0,0,0,0,0,0,0,15,43.88,3
KG06,KOTA DAMANSARA,MRT,16,0,0,0,1,0,0,9,50.66,3
KJ11,KAMPUNG BARU - CBP COOPBANK PERTAMA,KJ,0,0,0,0,0,0,0,18,51.14,3
KJ8,DAMAI,KJ,1,1,1,0,0,0,0,12,40.82,3
BRT2,MENTARI,BRT,14,1,0,0,1,0,0,11,35.81,3
SP15,BANDAR TASIK SELATAN,PH,19,0,0,0,2,2,0,7,61.28,4
PY13,KAMPUNG BATU,PYL,20,0,1,0,0,0,0,14,48.74,3
PY18,HOSPITAL KUALA LUMPUR,PYL,4,1,0,0,0,0,0,15,46.44,3
BRT6,SOUTH QUAY-USJ 1,BRT,13,1,0,0,1,0,0,13,33.16,3
PY15,JALAN IPOH,PYL,23,0,0,0,0,0,0,10,41.71,3
KJ6,JELATEK,KJ,3,0,0,0,0,0,0,17,57.31,3
PY38,16 SIERRA,PYL,0,0,0,0,0,0,0,13,43.14,3
SP24,IOI PUCHONG JAYA,PH,19,0,0,0,0,0,0,10,30.84,2
SP25,PUSAT BANDAR PUCHONG,PH,1,0,1,0,0,0,0,15,47.3,3
MR8,BUKIT NANAS,MR,3,1,0,0,0,0,0,15,38.13,3
PY38,16 SIERRA,PYL,16,0,0,0,1,0,0,8,43.91,3
KJ6,JELATEK,KJ,14,1,1,0,1,0,0,7,34.36,3
KG04,KWASA DAMANSARA,MRT,12,1,0,0,1,1,0,9,47.56,3
SP29,PUCHONG PRIMA,PH,17,0,1,0,3,0,0,4,70.41,4
AG3,TITIWANGSA,AG,18,0,0,0,3,4,2,5,100.0,5
PY14,KENTOMEN,PYL,12,1,0,0,1,0,0,10,41.04,3
KG30,BATU 11 CHERAS,MRT,15,0,0,0,0,0,0,10,43.06,3
KG33,SUNGAI JERNIH,MRT,1,0,1,0,0,0,0,16,57.51,3
KG05,KWASA SENTRAL,MRT,13,1,1,0,1,0,0,8,36.93,3
PY34,UPM,PYL,16,0,0,0,2,0,0,7,63.85,4
AG15,PANDAN INDAH,AG,4,0,0,0,0,0,0,11,40.75,3
AG16,CEMPAKA,AG,2,0,0,0,0,0,0,12,41.38,3
KJ27,CGC GLENMARIE,KJ,14,0,0,0,0,0,0,10,34.49,3
AG10,PUDU,AG,3,0,1,0,0,0,0,18,59.0,4
SP26,TAMAN PERINDUSTRIAN PUCHONG,PH,16,0,0,0,2,0,0,4,42.08,3
PY07,SRI DAMANSARA SENTRAL,PYL,15,0,1,0,0,0,0,11,51.56,3
SP4,PWTC,PH,22,0,1,0,0,0,0,15,51.41,3
PY06,SRI DAMANSARA BARAT,PYL,3,1,0,0,0,0,0,14,37.84,3
PY32,SERDANG RAYA SELATAN,PYL,5,0,0,0,0,0,0,13,51.21,3
KJ19,UNIVERSITI,KJ,5,0,0,0,0,0,0,11,40.72,3
KJ4,SRI RAMPAI,KJ,4,0,0,0,0,0,0,12,44.3,3
PY18,HOSPITAL KUALA LUMPUR,PYL,14,0,1,0,0,0,0,10,47.17,3
KG33,SUNGAI JERNIH,MRT,23,0,1,0,0,0,1,14,63.18,4
SP10,PUDU,PH,21,0,0,0,0,0,0,15,52.82,3
AG4,PWTC,AG,19,0,1,0,0,0,0,10,41.43,3
MR6,BUKIT BINTANG,MR,0,1,0,0,0,3,0,18,57.67,3
BRT4,SUNMED,BRT,16,0,0,0,2,0,1,7,64.65,4
KJ35,ALAM MEGAH,KJ,3,0,0,0,0,0,0,16,41.27,3
PY13,KAMPUNG BATU,PYL,15,0,0,0,0,0,0,11,46.58,3
KJ24,KELANA JAYA,KJ,4,0,0,0,0,0,0,18,62.01,4
KG21,COCHRANE,MRT,1,0,0,0,0,0,0,10,34.66,3
KJ15,KL SENTRAL - REDONE,KJ,18,1,0,0,1,4,1,8,76.79,4
MR2,TUN SAMBANTHAN,MR,15,0,1,0,0,0,0,10,35.78,3
SP9,HANG TUAH,PH,22,1,1,0,0,4,0,18,63.07,4
SP14,BANDAR TUN RAZAK,PH,21,1,1,0,1,0,0,11,33.46,3
PY27,KUCHAI,PYL,2,0,0,0,0,0,0,15,54.25,3
BRT5,SunU-Monash,BRT,19,0,0,0,2,0,0,8,62.11,4
KG21,COCHRANE,MRT,0,0,0,0,0,0,0,11,43.12,3
KJ15,KL SENTRAL - REDONE,KJ,14,0,0,0,0,4,0,10,71.64,4
SP12,CHERAS,PH,3,1,0,0,0,0,1,17,52.46,3
PY04,SUNGAI BULOH,PYL,3,0,0,0,0,0,0,13,44.86,3
PY36,TAMAN EQUINE,PYL,1,1,0,0,0,0,0,14,37.82,3
KG13,PUSAT BANDAR DAMANSARA,MRT,13,0,0,0,0,0,0,8,34.04,3
KG22,MALURI,MRT,22,0,0,0,0,1,0,12,56.66,3
KJ19,UNIVERSITI,KJ,12,0,1,0,0,0,0,7,36.83,3
KG24,TAMAN MIDAH,MRT,1,0,0,0,0,0,0,14,47.58,3
SP15,BANDAR TASIK SELATAN,PH,5,0,1,0,0,2,0,14,59.71,4
SP17,BUKIT JALIL,PH,5,0,0,0,0,2,0,14,54.43,3
PY03,KAMPUNG SELAMAT,PYL,15,0,0,0,0,0,0,10,38.44,3
KG34,STADIUM KAJANG,MRT,1,1,0,0,0,2,0,16,52.45,3
PY01,KWASA DAMANSARA,PYL,18,0,0,0,3,1,0,5,70.43,4
PY15,JALAN IPOH,PYL,1,0,1,0,0,0,1,16,69.15,4
KJ18,KERINCHI,KJ,0,0,0,0,0,0,0,15,40.9,3
KG21,COCHRANE,MRT,13,1,0,0,1,0,0,7,24.9,2
MR8,BUKIT NANAS,MR,15,1,1,0,1,0,0,8,34.21,3
SP22,KINRARA,PH,14,1,0,0,1,0,0,10,36.14,3
KJ21,ASIA JAYA,KJ,18,0,0,0,3,0,0,3,64.9,4
KG30,BATU 11 CHERAS,MRT,12,0,1,0,0,0,0,9,45.85,3
SP3,TITIWANGSA,PH,2,0,0,0,0,4,0,15,71.38,4
MR11,TITIWANGSA,MR,1,0,0,0,0,4,0,10,55.05,3
KG15,MUZIUM NEGARA,MRT,19,1,0,0,1,0,0,8,32.68,3
SP27,BANDAR PUTERI,PH,0,0,0,0,0,0,0,14,44.74,3
PY32,SERDANG RAYA SELATAN,PYL,13,1,0,0,1,0,0,10,40.16,3
MR2,TUN SAMBANTHAN,MR,2,0,0,0,0,0,0,10,31.77,2
KJ21,ASIA JAYA,KJ,22,0,1,0,0,0,0,18,62.69,4
SP29,PUCHONG PRIMA,PH,17,1,0,0,1,0,0,11,41.28,3
KG07,SURIAN,MRT,5,0,0,0,0,0,0,15,49.24,3
PY31,SERDANG RAYA UTARA,PYL,14,1,0,0,1,0,0,8,32.39,3
SP14,BANDAR TUN RAZAK,PH,14,0,0,0,0,0,1,10,44.92,3
KJ6,JELATEK,KJ,18,0,0,0,3,0,0,4,64.1,4
KG30,BATU 11 CHERAS,MRT,21,0,0,0,0,0,1,12,53.71,3
KG35,KAJANG,MRT,14,0,0,0,0,0,0,9,40.48,3
SP17,BUKIT JALIL,PH,12,0,0,0,0,2,0,9,50.15,3
KG17,MERDEKA,MRT,4,1,0,0,0,1,0,13,49.36,3
PY22,CONLAY,PYL,23,0,0,0,0,0,1,15,55.52,3
KG06,KOTA DAMANSARA,MRT,22,1,1,0,0,0,0,11,39.18,3
AG5,SULTAN ISMAIL,AG,16,0,0,0,2,0,0,5,42.25,3
SP11,CHAN SOW LIN,PH,0,0,0,0,0,1,0,17,63.77,4
KG33,SUNGAI JERNIH,MRT,20,0,0,0,0,0,0,16,48.69,3
SP17,BUKIT JALIL,PH,12,1,0,0,1,2,1,8,50.98,3
KG26,TAMAN CONNAUGHT,MRT,4,0,0,0,0,0,0,15,58.02,4
KJ28,SUBANG JAYA,KJ,5,0,0,0,0,0,0,15,43.05,3
SP7,MASJID JAMEK,PH,13,0,0,0,0,4,0,11,68.08,4
KG30,BATU 11 CHERAS,MRT,2,0,1,0,0,0,0,12,50.19,3
AG12,MIHARJA,AG,19,0,0,0,2,0,0,5,46.35,3
SP6,BANDARAYA - UOB,PH,17,0,0,0,2,0,0,7,59.69,4
KG28,SRI RAYA,MRT,14,0,0,0,0,0,0,10,44.16,3
KJ22,TAMAN PARAMOUNT,KJ,20,1,0,0,1,0,0,9,38.33,3
AG7,MASJID JAMEK,AG,2,1,0,0,0,4,0,18,67.23,4
KJ32,TAIPAN,KJ,2,0,0,0,0,0,0,13,45.99,3
KG14,SEMANTAN,MRT,1,0,0,0,0,0,0,13,48.22,3
PY20,AMPANG PARK,PYL,12,0,0,0,0,0,0,8,35.6,3
SP22,KINRARA,PH,3,0,0,0,0,0,0,11,49.77,3
KG07,SURIAN,MRT,12,1,0,0,1,0,0,8,32.25,3
PY37,PUTRA PERMAI,PYL,2,0,1,0,0,0,0,10,43.79,3
PY14,KENTOMEN,PYL,4,0,1,0,0,0,0,14,49.78,3
PY18,HOSPITAL KUALA LUMPUR,PYL,20,0,1,0,0,0,0,10,54.26,3
SP19,AWAN BESAR,PH,4,1,0,0,0,0,0,10,30.15,2
AG9,HANG TUAH,AG,14,1,0,0,1,4,1,8,72.06,4
SP8,PLAZA RAKYAT,PH,18,0,0,0,3,1,0,5,80.56,4
SP1,SENTUL TIMUR,PH,18,0,1,0,2,0,0,5,56.68,3
KJ12,DANG WANGI,KJ,5,1,1,0,0,0,0,18,48.64,3
MR5,IMBI,MR,22,1,0,0,0,0,0,13,32.17,3
KG07,SURIAN,MRT,16,0,0,0,1,0,0,7,43.21,3
AG9,HANG TUAH,AG,4,0,0,0,0,4,0,10,60.45,4
AG3,TITIWANGSA,AG,15,0,0,0,0,4,0,7,46.8,3
KJ28,SUBANG JAYA,KJ,19,1,0,0,1,0,0,9,27.77,2
KG16,PASAR SENI,MRT,13,1,0,0,1,4,1,8,74.86,4
PY09,METRO PRIMA,PYL,14,1,0,0,1,0,1,10,53.66,3
KJ34,USJ 21,KJ,16,0,1,0,2,0,0,6,66.34,4
KJ12,DANG WANGI,KJ,1,0,0,0,0,0,0,16,56.48,3
SP13,SALAK SELATAN,PH,1,0,1,0,0,0,0,11,55.82,3
MR2,TUN SAMBANTHAN,MR,12,0,0,0,0,0,0,11,34.34,3
SP25,PUSAT BANDAR PUCHONG,PH,3,0,0,0,0,0,0,18,45.77,3
KG35,KAJANG,MRT,19,0,0,0,0,0,0,8,45.42,3
KG09,BANDAR UTAMA,MRT,14,0,1,0,0,3,0,8,64.97,4
KJ16,BANK RAKYAT BANGSAR,KJ,19,1,0,0,1,0,0,9,38.08,3
MR10,CHOW KIT,MR,14,0,1,0,0,0,1,11,53.82,3
KJ34,USJ 21,KJ,23,0,0,0,0,0,0,13,53.61,3
AG13,MALURI,AG,12,0,0,0,0,1,0,9,42.52,3
KJ37,PUTRA HEIGHTS,KJ,17,1,0,0,1,1,0,9,37.97,3
PY27,KUCHAI,PYL,14,1,1,0,1,0,0,8,40.6,3
SP10,PUDU,PH,0,0,0,0,0,0,1,10,49.44,3
BRT2,MENTARI,BRT,4,1,1,0,0,0,0,13,31.28,2
KG18A,BUKIT BINTANG,MRT,23,1,0,0,0,3,0,15,65.07,4
SP28,PUCHONG PERDANA,PH,14,0,0,0,0,0,0,11,38.71,3
AG13,MALURI,AG,21,0,0,0,0,1,0,16,61.66,4
KG26,TAMAN CONNAUGHT,MRT,2,0,1,0,0,0,0,14,55.12,3
KJ9,AMPANG PARK,KJ,17,0,0,0,3,0,0,3,71.5,4
KJ12,DANG WANGI,KJ,3,0,0,0,0,0,0,10,36.94,3
MR5,IMBI,MR,12,0,1,0,0,0,0,9,34.43,3
PY11,JINJANG,PYL,19,0,0,0,2,0,1,4,54.9,3
SP16,SUNGAI BESI,PH,21,0,0,0,0,1,0,14,55.39,3
SP15,BANDAR TASIK SELATAN,PH,4,0,0,0,0,2,0,13,51.27,3
MR9,MEDAN TUANKU,MR,3,0,1,0,0,0,0,16,57.77,3
SP1,SENTUL TIMUR,PH,17,1,0,0,1,0,0,12,37.24,3
PY31,SERDANG RAYA UTARA,PYL,18,0,1,0,2,0,0,4,55.41,3
SP28,PUCHONG PERDANA,PH,17,0,0,0,2,0,0,7,54.31,3
MR1,KL SENTRAL,MR,17,1,1,0,1,4,1,11,80.46,4
SP29,PUCHONG PRIMA,PH,22,0,1,0,0,0,0,16,57.92,3
SP5,SULTAN ISMAIL,PH,17,0,0,0,3,0,0,5,64.65,4
KJ23,TAMAN BAHAGIA,KJ,1,0,1,0,0,0,0,18,63.92,4
KG05,KWASA SENTRAL,MRT,3,0,0,0,0,0,0,16,49.84,3
MR6,BUKIT BINTANG,MR,20,1,0,0,1,3,2,12,84.25,5
KJ17,ABDULLAH HUKUM,KJ,13,0,0,0,0,3,0,9,48.01,3
PY28,TAMAN NAGA EMAS,PYL,3,0,0,0,0,0,0,13,42.03,3
MR10,CHOW KIT,MR,22,0,0,0,0,0,0,13,39.38,3
KG14,SEMANTAN,MRT,5,0,0,0,0,0,0,16,55.22,3
PY12,SRI DELIMA,PYL,16,1,0,0,1,0,0,11,32.76,3
KJ35,ALAM MEGAH,KJ,23,1,0,0,0,0,1,15,37.71,3
SP5,SULTAN ISMAIL,PH,22,0,0,0,0,0,0,16,49.65,3
SP15,BANDAR TASIK SELATAN,PH,12,0,0,0,0,2,0,12,48.22,3
KG35,KAJANG,MRT,20,1,0,0,1,0,0,10,42.13,3
KG15,MUZIUM NEGARA,MRT,20,0,1,0,0,0,0,13,56.29,3
BRT1,SUNWAY-SETIA JAYA,BRT,14,1,0,0,1,0,0,13,35.58,3
AG18,AMPANG,AG,18,0,0,0,3,0,0,4,63.09,4
KJ18,KERINCHI,KJ,18,1,0,0,1,0,0,10,35.67,3
KJ37,PUTRA HEIGHTS,KJ,16,0,1,0,2,1,0,6,71.47,4
SP13,SALAK SELATAN,PH,22,0,0,0,0,0,0,18,54.71,3
AG15,PANDAN INDAH,AG,2,0,0,0,0,0,1,11,54.31,3
KG16,PASAR SENI,MRT,20,0,0,0,0,4,1,13,80.08,4
BRT7,USJ7,BRT,15,1,1,0,1,1,0,13,42.55,3
KJ6,JELATEK,KJ,2,0,0,0,0,0,0,13,45.36,3
SP12,CHERAS,PH,19,0,0,0,2,0,0,7,60.5,4
KG28,SRI RAYA,MRT,16,0,1,0,2,0,0,4,63.5,4
PY09,METRO PRIMA,PYL,5,0,1,0,0,0,0,15,63.89,4
AG8,PLAZA RAKYAT,AG,2,0,0,0,0,1,0,15,53.77,3
KG08,MUTIARA DAMANSARA,MRT,14,0,0,0,0,0,0,10,45.51,3
SP20,MUHIBBAH,PH,18,1,0,0,1,0,0,12,43.06,3
KJ3,WANGSA MAJU,KJ,3,0,1,0,0,2,0,14,57.57,3
MR3,MAHARAJALELA,MR,1,0,0,0,0,0,0,16,42.03,3
PY24,CHAN SOW LIN,PYL,12,0,0,0,0,1,1,8,58.15,4
PY27,KUCHAI,PYL,1,1,0,0,0,0,0,10,37.46,3
AG11,CHAN SOW LIN,AG,1,0,0,0,0,1,1,18,70.33,4
PY04,SUNGAI BULOH,PYL,14,0,0,0,0,0,0,8,32.03,3
AG16,CEMPAKA,AG,22,0,1,0,0,0,0,14,51.28,3
PY17,TITIWANGSA,PYL,14,0,0,0,0,4,0,9,69.55,4
MR11,TITIWANGSA,MR,4,0,0,0,0,4,0,16,66.42,4
KJ18,KERINCHI,KJ,4,0,1,0,0,0,0,11,42.19,3
KG09,BANDAR UTAMA,MRT,22,1,0,0,0,3,0,12,58.81,4
SP27,BANDAR PUTERI,PH,16,0,0,0,2,0,0,5,52.65,3
SP16,SUNGAI BESI,PH,12,0,0,0,0,1,0,12,45.73,3
SP17,BUKIT JALIL,PH,13,0,0,0,0,2,0,10,51.59,3
KJ24,KELANA JAYA,KJ,1,0,0,0,0,0,0,15,56.88,3
MR8,BUKIT NANAS,MR,1,0,0,0,0,0,0,16,48.32,3
SP5,SULTAN ISMAIL,PH,3,0,0,0,0,0,0,15,48.75,3
PY24,CHAN SOW LIN,PYL,5,0,0,0,0,1,0,15,65.92,4
SP5,SULTAN ISMAIL,PH,18,1,1,0,1,0,0,8,43.28,3
KJ1,GOMBAK,KJ,21,1,0,0,1,0,0,8,26.86,2
PY24,CHAN SOW LIN,PYL,19,0,0,0,2,1,0,4,66.66,4
PY17,TITIWANGSA,PYL,2,1,0,0,0,4,0,10,61.52,4
PY09,METRO PRIMA,PYL,1,0,0,0,0,0,0,12,45.33,3
MR10,CHOW KIT,MR,3,0,0,0,0,0,0,10,33.36,3
KJ31,USJ 7,KJ,22,1,0,0,0,1,0,10,37.33,3
BRT2,MENTARI,BRT,22,0,0,0,0,0,0,15,48.37,3
PY08,SRI DAMANSARA TIMUR,PYL,1,0,1,0,0,0,0,15,62.66,4
KG05,KWASA SENTRAL,MRT,18,0,0,0,3,0,0,3,65.42,4
KG16,PASAR SENI,MRT,13,1,1,0,1,4,1,10,81.71,4
KJ1,GOMBAK,KJ,1,0,0,0,0,0,0,13,35.07,3
KG04,KWASA DAMANSARA,MRT,2,0,0,0,0,1,0,13,53.15,3
KG15,MUZIUM NEGARA,MRT,21,0,1,0,0,0,0,14,57.41,3
KJ26,ARA DAMANSARA,KJ,5,1,0,0,0,0,0,13,27.38,2
PY33,SERDANG JAYA,PYL,17,0,0,0,3,0,0,4,65.35,4
KG07,SURIAN,MRT,14,0,0,0,0,0,0,7,42.67,3
KJ34,USJ 21,KJ,17,0,0,0,2,0,0,6,62.43,4
PY20,AMPANG PARK,PYL,3,0,0,0,0,0,0,11,34.6,3
AG7,MASJID JAMEK,AG,17,0,0,0,2,4,1,7,93.44,5
PY01,KWASA DAMANSARA,PYL,12,0,0,0,0,1,0,9,40.19,3
KG34,STADIUM KAJANG,MRT,1,0,0,0,0,2,0,16,69.35,4
SP7,MASJID JAMEK,PH,20,1,0,0,1,4,2,8,77.58,4
BRT5,SunU-Monash,BRT,16,0,0,0,2,0,0,8,59.86,4
KG25,TAMAN MUTIARA,MRT,5,1,1,0,0,0,0,13,47.13,3
PY37,PUTRA PERMAI,PYL,21,0,0,0,0,0,0,16,42.29,3
KG09,BANDAR UTAMA,MRT,5,0,0,0,0,3,0,10,61.23,4
SP18,SRI PETALING,PH,3,0,0,0,0,0,0,17,52.79,3
KG23,TAMAN PERTAMA,MRT,0,0,0,0,0,0,0,15,52.03,3
KJ13,MASJID JAMEK,KJ,14,0,1,0,0,4,0,8,64.06,4
MR11,TITIWANGSA,MR,1,0,0,0,0,4,0,18,77.03,4
PY07,SRI DAMANSARA SENTRAL,PYL,19,1,0,0,1,0,0,9,40.86,3
SP17,BUKIT JALIL,PH,2,0,0,0,0,2,0,13,55.84,3
AG3,TITIWANGSA,AG,3,1,0,0,0,4,0,14,49.27,3
SP12,CHERAS,PH,5,1,1,0,0,0,0,14,46.2,3
KJ17,ABDULLAH HUKUM,KJ,18,0,0,0,3,3,2,3,100.0,5
SP10,PUDU,PH,22,0,1,0,0,0,0,13,52.02,3
SP5,SULTAN ISMAIL,PH,5,1,1,0,0,0,0,14,37.44,3
PY39,CYBERJAYA UTARA,PYL,16,0,0,0,1,0,1,8,51.72,3
BRT6,SOUTH QUAY-USJ 1,BRT,22,0,0,0,0,0,0,15,36.38,3
BRT4,SUNMED,BRT,2,0,1,0,0,0,0,11,47.32,3
AG7,MASJID JAMEK,AG,1,0,0,0,0,4,0,16,73.41,4
KJ36,SUBANG ALAM,KJ,15,0,1,0,0,0,1,8,49.2,3
SP2,SENTUL,PH,1,0,1,0,0,0,0,16,49.61,3
MR1,KL SENTRAL,MR,23,1,0,0,0,4,0,11,52.5,3
KJ30,SS 18,KJ,4,0,0,0,0,0,0,11,44.91,3
MR1,KL SENTRAL,MR,13,1,0,0,1,4,1,9,70.31,4
PY03,KAMPUNG SELAMAT,PYL,15,0,0,0,0,0,0,10,34.62,3
KG15,MUZIUM NEGARA,MRT,5,1,0,0,0,0,1,11,37.78,3
PY01,KWASA DAMANSARA,PYL,3,0,0,0,0,1,0,10,41.42,3
AG8,PLAZA RAKYAT,AG,15,0,1,0,0,1,0,9,48.23,3
PY18,HOSPITAL KUALA LUMPUR,PYL,0,0,0,0,0,0,0,13,51.16,3
MR5,IMBI,MR,16,0,0,0,2,0,0,7,48.8,3
KG18A,BUKIT BINTANG,MRT,22,0,0,0,0,3,0,14,73.39,4
BRT5,SunU-Monash,BRT,17,1,0,0,1,0,0,12,36.89,3
SP10,PUDU,PH,5,0,0,0,0,0,0,18,57.41,3
KJ7,DATO' KERAMAT,KJ,13,0,0,0,0,0,0,9,40.17,3
AG16,CEMPAKA,AG,21,0,0,0,0,0,0,15,53.07,3
KJ14,PASAR SENI,KJ,2,0,0,0,0,4,0,10,70.04,4
KJ11,KAMPUNG BARU - CBP COOPBANK PERTAMA,KJ,17,0,0,0,3,0,1,3,68.76,4
SP21,ALAM SUTERA,PH,18,0,0,0,3,0,0,5,72.08,4
SP15,BANDAR TASIK SELATAN,PH,23,0,0,0,0,2,0,17,58.02,4
KG25,TAMAN MUTIARA,MRT,4,0,1,0,0,0,0,10,49.46,3
AG1,SENTUL TIMUR,AG,23,1,1,0,0,0,0,15,41.2,3
KG17,MERDEKA,MRT,1,0,1,0,0,1,0,12,68.61,4
MR3,MAHARAJALELA,MR,17,0,1,0,2,0,0,6,57.56,3
PY11,JINJANG,PYL,14,0,0,0,0,0,0,11,41.14,3
SP28,PUCHONG PERDANA,PH,18,0,0,0,2,0,0,7,52.47,3
KJ29,SS 15,KJ,0,1,1,0,0,2,0,16,57.71,3
SP16,SUNGAI BESI,PH,0,0,0,0,0,1,0,13,51.0,3
KG05,KWASA SENTRAL,MRT,14,1,0,0,1,0,0,9,39.82,3
KG23,TAMAN PERTAMA,MRT,3,0,0,0,0,0,0,12,43.87,3
KJ21,ASIA JAYA,KJ,22,0,1,0,0,0,0,11,51.0,3
AG4,PWTC,AG,15,1,0,0,1,0,0,10,28.93,2
MR4,HANG TUAH,MR,12,0,1,0,0,4,0,12,68.31,4
KJ12,DANG WANGI,KJ,15,0,0,0,0,0,0,7,33.79,3
KG05,KWASA SENTRAL,MRT,19,0,0,0,0,0,0,7,35.87,3
BRT6,SOUTH QUAY-USJ 1,BRT,14,1,1,0,1,0,1,9,38.07,3
PY11,JINJANG,PYL,4,0,0,0,0,0,1,13,53.77,3
SP1,SENTUL TIMUR,PH,20,0,1,0,0,0,0,18,59.2,4
KG20,TUN RAZAK EXCHANGE,MRT,19,0,0,0,2,4,1,6,94.25,5
PY22,CONLAY,PYL,2,0,1,0,0,0,0,10,45.54,3
KG08,MUTIARA DAMANSARA,MRT,17,0,0,0,3,0,0,3,69.02,4
MR7,RAJA CHULAN,MR,18,0,0,0,3,0,0,5,59.43,4
PY19,RAJA UDA,PYL,22,0,1,0,0,0,0,16,52.56,3
BRT7,USJ7,BRT,18,0,0,0,3,1,1,8,78.68,4
AG7,MASJID JAMEK,AG,17,0,0,0,2,4,2,7,100.0,5
KJ15,KL SENTRAL - REDONE,KJ,20,0,0,0,0,4,1,10,77.62,4
PY36,TAMAN EQUINE,PYL,1,0,0,0,0,0,0,11,52.32,3
KG30,BATU 11 CHERAS,MRT,4,1,1,0,0,0,0,11,39.17,3
SP31,PUTRA HEIGHTS,PH,21,0,0,0,0,1,0,11,51.47,3
SP13,SALAK SELATAN,PH,12,1,0,0,1,0,0,7,37.27,3
SP3,TITIWANGSA,PH,13,0,0,0,0,4,0,8,58.87,4
SP2,SENTUL,PH,2,0,1,0,0,0,0,14,53.47,3
KJ7,DATO' KERAMAT,KJ,16,1,0,0,1,0,0,10,32.37,3
KJ24,KELANA JAYA,KJ,1,1,0,0,0,0,0,10,31.56,2
KJ37,PUTRA HEIGHTS,KJ,22,0,0,0,0,1,0,15,50.4,3
KJ30,SS 18,KJ,21,0,0,0,0,0,0,11,47.52,3
KJ13,MASJID JAMEK,KJ,20,0,0,0,0,4,1,14,84.69,5
SP25,PUSAT BANDAR PUCHONG,PH,3,0,0,0,0,0,0,16,47.41,3
PY36,TAMAN EQUINE,PYL,18,0,1,0,3,0,0,4,73.11,4
PY32,SERDANG RAYA SELATAN,PYL,1,1,0,0,0,0,0,10,25.74,2
KG33,SUNGAI JERNIH,MRT,4,1,1,0,0,0,0,12,41.65,3
KJ24,KELANA JAYA,KJ,15,0,0,0,0,0,0,7,36.62,3
PY27,KUCHAI,PYL,15,0,0,0,0,0,0,11,46.1,3
KG22,MALURI,MRT,21,0,0,0,0,1,0,10,48.47,3
KG22,MALURI,MRT,23,0,1,0,0,1,0,11,55.09,3
PY04,SUNGAI BULOH,PYL,5,1,0,0,0,0,0,10,27.54,2
KG13,PUSAT BANDAR DAMANSARA,MRT,0,0,0,0,0,0,0,14,49.85,3
KJ31,USJ 7,KJ,21,1,0,0,1,1,0,10,45.72,3
PY19,RAJA UDA,PYL,13,0,0,0,0,0,0,7,28.52,2
MR3,MAHARAJALELA,MR,20,1,0,0,1,0,0,10,32.88,3
SP6,BANDARAYA - UOB,PH,21,0,0,0,0,0,1,14,54.48,3
PY36,TAMAN EQUINE,PYL,22,0,1,0,0,0,0,16,63.6,4
KJ34,USJ 21,KJ,1,0,1,0,0,0,0,14,56.59,3
PY07,SRI DAMANSARA SENTRAL,PYL,17,0,1,0,2,0,0,5,60.83,4
KJ11,KAMPUNG BARU - CBP COOPBANK PERTAMA,KJ,12,0,0,0,0,0,0,9,38.07,3
KG24,TAMAN MIDAH,MRT,12,0,0,0,0,0,0,9,42.45,3
SP14,BANDAR TUN RAZAK,PH,0,0,0,0,0,0,0,13,35.75,3
KJ31,USJ 7,KJ,19,0,1,0,0,1,0,7,52.51,3
SP5,SULTAN ISMAIL,PH,3,0,0,0,0,0,0,16,51.3,3
PY05,DAMANSARA DAMAI,PYL,1,0,0,0,0,0,0,14,52.13,3
PY17,TITIWANGSA,PYL,19,0,0,0,2,4,1,7,100.0,5
KG26,TAMAN CONNAUGHT,MRT,5,0,0,0,0,0,0,16,51.89,3
KG21,COCHRANE,MRT,3,0,0,0,0,0,0,13,43.09,3
PY22,CONLAY,PYL,5,0,0,0,0,0,0,10,43.72,3
PY39,CYBERJAYA UTARA,PYL,5,0,1,0,0,0,0,11,45.94,3
KJ7,DATO' KERAMAT,KJ,1,0,0,0,0,0,0,12,40.25,3
AG3,TITIWANGSA,AG,20,0,0,0,0,4,1,15,73.14,4
KG14,SEMANTAN,MRT,14,1,0,0,1,0,0,10,31.99,2
KJ12,DANG WANGI,KJ,1,1,0,0,0,0,0,12,28.83,2
SP9,HANG TUAH,PH,4,0,0,0,0,4,0,18,71.43,4
SP22,KINRARA,PH,2,0,0,0,0,0,0,11,44.77,3
MR5,IMBI,MR,12,1,0,0,1,0,0,8,24.81,2
KG04,KWASA DAMANSARA,MRT,13,1,0,0,1,1,0,10,48.91,3
KG05,KWASA SENTRAL,MRT,2,1,1,0,0,0,0,11,37.69,3
KJ21,ASIA JAYA,KJ,13,1,0,0,1,0,0,8,28.79,2
PY29,SUNGAI BESI,PYL,23,0,0,0,0,1,0,10,40.13,3
BRT5,SunU-Monash,BRT,2,0,0,1,0,0,0,11,50.4,3
BRT2,MENTARI,BRT,2,1,1,0,0,0,0,14,35.04,3
AG4,PWTC,AG,0,0,1,0,0,0,0,15,47.26,3
KG08,MUTIARA DAMANSARA,MRT,5,0,0,0,0,0,0,11,44.49,3
PY12,SRI DELIMA,PYL,21,0,0,0,0,0,0,12,39.03,3
PY01,KWASA DAMANSARA,PYL,15,0,0,0,0,1,0,10,49.2,3
SP9,HANG TUAH,PH,0,1,1,0,0,4,0,12,49.44,3
SP21,ALAM SUTERA,PH,15,0,0,0,0,0,0,11,39.69,3
KG13,PUSAT BANDAR DAMANSARA,MRT,14,0,0,0,0,0,0,7,31.82,2
KJ33,WAWASAN,KJ,13,1,0,0,1,0,0,8,41.78,3
KJ5,SETIAWANGSA,KJ,13,0,0,0,0,0,0,8,34.82,3
SP7,MASJID JAMEK,PH,1,0,0,0,0,4,0,10,61.72,4
KG21,COCHRANE,MRT,14,1,0,0,1,0,0,10,32.61,3
KJ37,PUTRA HEIGHTS,KJ,4,0,1,0,0,1,0,16,66.17,4
BRT3,SUNWAY LAGOON,BRT,15,0,0,0,0,0,0,11,38.67,3
KG09,BANDAR UTAMA,MRT,5,0,0,0,0,3,0,14,65.8,4
BRT6,SOUTH QUAY-USJ 1,BRT,20,0,0,0,0,0,0,17,44.9,3
MR11,TITIWANGSA,MR,4,0,1,0,0,4,0,18,82.67,5
SP24,IOI PUCHONG JAYA,PH,18,0,0,0,3,0,0,4,51.22,3
KJ9,AMPANG PARK,KJ,20,1,0,0,1,0,0,7,37.97,3
PY28,TAMAN NAGA EMAS,PYL,16,0,1,0,2,0,0,4,55.3,3
MR8,BUKIT NANAS,MR,15,0,0,0,0,0,0,8,36.97,3
AG3,TITIWANGSA,AG,2,0,0,0,0,4,0,18,66.55,4
PY29,SUNGAI BESI,PYL,13,1,1,0,1,1,1,11,57.63,3
PY33,SERDANG JAYA,PYL,0,1,0,0,0,0,0,11,28.04,2
SP24,IOI PUCHONG JAYA,PH,19,1,0,0,1,0,0,11,34.96,3
KJ18,KERINCHI,KJ,17,1,0,0,1,0,0,8,23.78,2
SP25,PUSAT BANDAR PUCHONG,PH,13,0,0,0,0,0,0,9,34.52,3
SP12,CHERAS,PH,23,0,1,0,0,0,0,15,61.81,4
KG13,PUSAT BANDAR DAMANSARA,MRT,0,0,0,0,0,0,0,15,44.75,3
KJ9,AMPANG PARK,KJ,14,1,0,0,1,0,0,10,41.14,3
PY40,CYBERJAYA CITY CENTRE,PYL,16,1,1,0,1,0,0,10,38.25,3
AG6,BANDARAYA - UOB,AG,21,0,0,0,0,0,1,14,48.06,3
AG7,MASJID JAMEK,AG,20,0,0,0,0,4,1,17,78.22,4
SP14,BANDAR TUN RAZAK,PH,22,0,0,0,0,0,0,18,49.04,3
KJ27,CGC GLENMARIE,KJ,4,0,0,0,0,0,0,15,48.66,3
AG5,SULTAN ISMAIL,AG,21,1,0,0,1,0,0,10,33.5,3
SP5,SULTAN ISMAIL,PH,18,0,0,0,3,0,0,4,66.16,4
KG30,BATU 11 CHERAS,MRT,15,0,0,0,0,0,0,8,37.15,3
KG09,BANDAR UTAMA,MRT,4,0,1,0,0,3,0,11,72.24,4
KJ2,TAMAN MELATI,KJ,19,1,0,0,1,0,0,8,31.69,2
SP22,KINRARA,PH,20,0,0,0,0,0,0,11,48.44,3
KJ34,USJ 21,KJ,22,0,0,0,0,0,0,12,48.56,3
PY41,PUTRAJAYA SENTRAL,PYL,3,1,1,0,0,0,0,12,36.91,3
KJ29,SS 15,KJ,13,0,0,0,0,2,0,7,40.15,3
KJ7,DATO' KERAMAT,KJ,22,1,0,0,0,0,0,13,38.99,3
KJ35,ALAM MEGAH,KJ,2,0,1,0,0,0,0,10,43.91,3
MR3,MAHARAJALELA,MR,13,0,0,0,0,0,0,9,28.4,2
BRT4,SUNMED,BRT,0,0,0,0,0,0,0,11,37.51,3
SP4,PWTC,PH,23,1,0,0,0,0,0,13,32.78,3
PY11,JINJANG,PYL,3,0,0,0,0,0,0,15,44.72,3
BRT5,SunU-Monash,BRT,4,1,0,0,0,0,0,13,37.31,3
PY04,SUNGAI BULOH,PYL,15,1,0,0,1,0,0,10,37.53,3
PY40,CYBERJAYA CITY CENTRE,PYL,3,0,0,0,0,0,0,16,46.33,3
PY31,SERDANG RAYA UTARA,PYL,20,0,0,0,0,0,0,12,46.05,3
PY12,SRI DELIMA,PYL,17,0,0,0,2,0,0,5,47.96,3
MR8,BUKIT NANAS,MR,12,0,0,0,0,0,0,10,42.57,3
AG11,CHAN SOW LIN,AG,12,1,1,0,1,1,0,11,48.14,3
SP11,CHAN SOW LIN,PH,20,0,0,0,0,1,0,15,57.52,3
SP8,PLAZA RAKYAT,PH,13,0,1,0,0,1,0,9,54.94,3
KG27,TAMAN SUNTEX,MRT,4,1,0,0,0,0,1,14,49.41,3
SP11,CHAN SOW LIN,PH,20,0,1,0,0,1,0,17,74.52,4
MR1,KL SENTRAL,MR,22,0,0,0,0,4,0,13,70.38,4
PY15,JALAN IPOH,PYL,20,1,0,0,1,0,0,9,39.48,3
PY09,METRO PRIMA,PYL,5,0,1,0,0,0,0,15,62.21,4
KJ24,KELANA JAYA,KJ,18,0,0,0,2,0,0,5,57.23,3
MR1,KL SENTRAL,MR,20,1,0,0,1,4,1,12,76.22,4
KJ25,LEMBAH SUBANG,KJ,1,0,0,0,0,0,0,11,49.87,3
AG13,MALURI,AG,13,0,1,0,0,1,0,10,56.49,3
KJ1,GOMBAK,KJ,4,0,1,1,0,0,0,18,59.92,4
KG18A,BUKIT BINTANG,MRT,17,0,0,0,3,3,1,4,100.0,5
PY31,SERDANG RAYA UTARA,PYL,3,1,0,0,0,0,0,11,33.08,3
SP28,PUCHONG PERDANA,PH,0,0,0,0,0,0,0,12,42.06,3
SP15,BANDAR TASIK SELATAN,PH,1,0,0,0,0,2,1,10,51.19,3
PY24,CHAN SOW LIN,PYL,3,1,0,0,0,1,0,11,42.18,3
MR10,CHOW KIT,MR,14,1,0,0,1,0,0,10,26.43,2
PY37,PUTRA PERMAI,PYL,21,0,0,0,0,0,0,14,37.74,3
MR4,HANG TUAH,MR,3,0,1,0,0,4,1,13,77.76,4
KJ9,AMPANG PARK,KJ,18,0,0,0,3,0,0,3,66.62,4
KG15,MUZIUM NEGARA,MRT,0,0,1,0,0,0,0,11,46.3,3
KG21,COCHRANE,MRT,2,0,1,0,0,0,0,15,49.53,3
PY22,CONLAY,PYL,23,0,1,0,0,0,0,10,43.24,3
KG12,PHILEO DAMANSARA,MRT,0,0,0,0,0,0,0,14,42.07,3
KG23,TAMAN PERTAMA,MRT,0,0,0,0,0,0,0,14,49.38,3
KJ26,ARA DAMANSARA,KJ,23,0,0,0,0,0,0,17,43.11,3
PY05,DAMANSARA DAMAI,PYL,1,0,0,0,0,0,0,14,49.8,3
KJ21,ASIA JAYA,KJ,19,1,0,0,1,0,0,8,32.18,3
KG13,PUSAT BANDAR DAMANSARA,MRT,5,0,0,0,0,0,0,15,47.8,3
KG18A,BUKIT BINTANG,MRT,2,0,0,0,0,3,0,10,70.18,4
PY40,CYBERJAYA CITY CENTRE,PYL,2,1,0,0,0,0,0,14,35.39,3
AG1,SENTUL TIMUR,AG,16,0,0,0,1,0,0,12,54.5,3
KJ13,MASJID JAMEK,KJ,14,1,0,0,1,4,1,7,70.05,4
KJ2,TAMAN MELATI,KJ,22,0,0,0,0,0,0,18,48.49,3
KG29,BANDAR TUN HUSSEIN ONN,MRT,5,0,0,0,0,0,0,13,41.75,3
KJ33,WAWASAN,KJ,18,0,1,0,2,0,0,5,61.21,4
PY41,PUTRAJAYA SENTRAL,PYL,18,0,1,0,3,0,0,4,69.33,4
SP13,SALAK SELATAN,PH,0,0,0,0,0,0,0,14,51.78,3
MR9,MEDAN TUANKU,MR,1,0,0,0,0,0,0,13,44.07,3
KG22,MALURI,MRT,23,0,0,0,0,1,0,14,57.94,3
AG5,SULTAN ISMAIL,AG,17,0,1,0,2,0,0,5,52.92,3
SP24,IOI PUCHONG JAYA,PH,3,0,1,0,0,0,0,10,41.24,3
PY01,KWASA DAMANSARA,PYL,13,1,0,0,1,1,0,8,40.0,3
PY12,SRI DELIMA,PYL,23,1,0,0,0,0,0,12,27.15,2
SP24,IOI PUCHONG JAYA,PH,13,0,1,0,0,0,0,7,32.2,3
AG1,SENTUL TIMUR,AG,3,0,0,0,0,0,0,16,52.45,3
KG33,SUNGAI JERNIH,MRT,5,0,0,0,0,0,0,14,47.04,3
SP14,BANDAR TUN RAZAK,PH,18,0,0,0,2,0,0,5,44.35,3
PY03,KAMPUNG SELAMAT,PYL,5,0,1,0,0,0,0,14,47.52,3
KJ29,SS 15,KJ,2,1,0,0,0,2,0,18,54.93,3
SP18,SRI PETALING,PH,15,0,0,0,0,0,0,9,39.41,3
PY17,TITIWANGSA,PYL,15,0,0,0,0,4,0,7,60.78,4
MR5,IMBI,MR,22,0,0,0,0,0,0,16,49.75,3
PY36,TAMAN EQUINE,PYL,5,0,0,0,0,0,0,10,44.79,3
KJ6,JELATEK,KJ,12,0,1,0,0,0,0,8,46.14,3
KJ22,TAMAN PARAMOUNT,KJ,23,0,0,0,0,0,0,13,51.33,3
KG34,STADIUM KAJANG,MRT,23,1,1,0,0,2,0,11,53.79,3
KG09,BANDAR UTAMA,MRT,3,0,0,0,0,3,0,10,66.24,4
SP1,SENTUL TIMUR,PH,14,0,0,0,0,0,0,11,40.89,3
PY27,KUCHAI,PYL,13,0,0,0,0,0,0,8,37.74,3
PY08,SRI DAMANSARA TIMUR,PYL,12,0,0,0,0,0,0,8,40.57,3
KG09,BANDAR UTAMA,MRT,13,0,0,0,0,3,0,8,58.79,4
KG04,KWASA DAMANSARA,MRT,18,0,0,0,3,1,0,4,73.17,4
PY20,AMPANG PARK,PYL,19,1,1,0,1,0,0,10,41.41,3
MR3,MAHARAJALELA,MR,17,0,0,0,3,0,0,5,60.14,4
KJ23,TAMAN BAHAGIA,KJ,22,0,0,0,0,0,0,12,50.0,3
KG18A,BUKIT BINTANG,MRT,5,0,0,0,0,3,0,16,78.51,4
PY40,CYBERJAYA CITY CENTRE,PYL,19,1,0,0,1,0,0,11,33.08,3
KG04,KWASA DAMANSARA,MRT,0,0,1,0,0,1,0,16,67.7,4
PY15,JALAN IPOH,PYL,19,0,0,0,0,0,0,9,38.84,3
PY05,DAMANSARA DAMAI,PYL,18,1,0,0,1,0,0,11,39.56,3
SP9,HANG TUAH,PH,0,0,0,0,0,4,0,18,70.07,4
PY14,KENTOMEN,PYL,3,1,0,0,0,0,0,11,34.48,3
SP6,BANDARAYA - UOB,PH,19,0,0,0,0,0,0,7,31.79,2
KJ6,JELATEK,KJ,19,1,0,0,1,0,0,10,33.51,3
PY13,KAMPUNG BATU,PYL,18,1,0,0,1,0,1,10,41.47,3
AG14,PANDAN JAYA,AG,22,0,1,0,0,0,0,11,43.91,3
MR9,MEDAN TUANKU,MR,2,0,0,0,0,0,0,10,34.46,3
MR9,MEDAN TUANKU,MR,3,0,1,0,0,0,0,16,54.09,3
KJ18,KERINCHI,KJ,20,0,0,0,0,0,0,12,33.89,3
MR1,KL SENTRAL,MR,19,0,0,0,2,4,2,7,100.0,5
KG14,SEMANTAN,MRT,12,0,0,0,0,0,0,10,41.03,3
SP6,BANDARAYA - UOB,PH,20,0,0,0,0,0,0,11,42.62,3
MR11,TITIWANGSA,MR,21,0,0,0,0,4,1,12,70.64,4
PY20,AMPANG PARK,PYL,5,0,0,0,0,0,1,13,49.8,3
PY10,KEPONG BARU,PYL,20,0,1,0,0,0,0,12,42.69,3
SP14,BANDAR TUN RAZAK,PH,17,0,1,0,3,0,0,5,66.08,4
KJ11,KAMPUNG BARU - CBP COOPBANK PERTAMA,KJ,3,0,0,0,0,0,0,14,44.85,3
PY40,CYBERJAYA CITY CENTRE,PYL,21,0,1,0,0,0,0,11,45.5,3
SP6,BANDARAYA - UOB,PH,15,0,0,0,0,0,0,9,34.79,3
AG4,PWTC,AG,5,0,0,0,0,0,0,12,38.75,3
AG11,CHAN SOW LIN,AG,3,1,1,0,0,1,0,16,48.32,3
PY29,SUNGAI BESI,PYL,15,0,0,0,0,1,0,8,36.96,3
MR8,BUKIT NANAS,MR,12,0,1,0,0,0,0,10,47.17,3
AG12,MIHARJA,AG,22,1,0,0,0,0,0,10,21.59,2
BRT7,USJ7,BRT,23,0,0,0,0,1,1,15,53.59,3
AG2,SENTUL,AG,12,0,1,0,0,0,0,9,44.99,3
AG5,SULTAN ISMAIL,AG,23,0,1,0,0,0,0,10,36.87,3
KJ24,KELANA JAYA,KJ,2,0,0,0,0,0,0,10,45.41,3
PY21,PERSIARAN KLCC,PYL,1,0,0,0,0,3,0,13,57.91,3
SP29,PUCHONG PRIMA,PH,4,1,0,0,0,0,0,18,44.31,3
KG12,PHILEO DAMANSARA,MRT,22,0,0,0,0,0,0,16,47.67,3
PY12,SRI DELIMA,PYL,23,0,0,0,0,0,0,11,37.91,3
AG2,SENTUL,AG,15,0,0,0,0,0,0,8,40.87,3
SP10,PUDU,PH,19,0,0,0,2,0,0,5,48.89,3
KG20,TUN RAZAK EXCHANGE,MRT,20,1,1,0,1,4,1,7,74.56,4
PY32,SERDANG RAYA SELATAN,PYL,0,0,1,0,0,0,0,16,59.0,4
KJ35,ALAM MEGAH,KJ,3,1,0,0,0,0,0,13,27.44,2
PY29,SUNGAI BESI,PYL,12,1,0,0,1,1,0,9,35.3,3
PY37,PUTRA PERMAI,PYL,3,0,0,0,0,0,0,16,39.91,3
KG06,KOTA DAMANSARA,MRT,23,0,1,0,0,0,0,13,54.98,3
PY38,16 SIERRA,PYL,21,0,0,0,0,0,0,10,30.13,2
KG35,KAJANG,MRT,14,0,0,0,0,0,0,7,37.61,3
PY06,SRI DAMANSARA BARAT,PYL,18,1,0,0,1,0,0,9,36.69,3
BRT1,SUNWAY-SETIA JAYA,BRT,20,1,0,0,1,0,1,8,32.41,3
KJ14,PASAR SENI,KJ,17,0,1,0,3,4,1,3,100.0,5
SP13,SALAK SELATAN,PH,2,0,0,0,0,0,0,17,58.43,4
PY09,METRO PRIMA,PYL,2,1,0,0,0,0,0,14,39.38,3
KG21,COCHRANE,MRT,15,0,0,0,0,0,0,9,40.05,3
PY05,DAMANSARA DAMAI,PYL,16,0,0,0,1,0,0,11,51.26,3
MR4,HANG TUAH,MR,12,1,0,0,1,4,1,11,68.47,4
MR9,MEDAN TUANKU,MR,4,0,0,0,0,0,0,14,41.47,3
KJ11,KAMPUNG BARU - CBP COOPBANK PERTAMA,KJ,19,0,0,0,0,0,1,9,51.19,3
PY33,SERDANG JAYA,PYL,1,1,1,0,0,0,0,11,35.65,3
SP2,SENTUL,PH,22,0,0,0,0,0,0,16,48.09,3
KJ10,KLCC,KJ,3,1,0,0,0,3,0,17,60.46,4
SP18,SRI PETALING,PH,2,0,0,0,0,0,0,16,43.18,3
AG6,BANDARAYA - UOB,AG,19,0,0,0,0,0,0,7,33.7,3
KJ13,MASJID JAMEK,KJ,5,0,0,0,0,4,0,14,73.64,4
KJ34,USJ 21,KJ,1,0,0,0,0,0,0,10,47.54,3
MR8,BUKIT NANAS,MR,13,1,1,0,1,0,0,11,38.28,3
KJ5,SETIAWANGSA,KJ,14,0,0,0,0,0,0,9,32.65,3
PY31,SERDANG RAYA UTARA,PYL,1,0,1,0,0,0,0,13,50.15,3
SP17,BUKIT JALIL,PH,12,0,0,0,0,2,0,8,39.52,3
PY10,KEPONG BARU,PYL,3,0,0,0,0,0,0,12,36.7,3
KJ7,DATO' KERAMAT,KJ,5,0,0,0,0,0,1,17,63.83,4
PY12,SRI DELIMA,PYL,22,0,0,0,0,0,0,15,51.13,3
KG07,SURIAN,MRT,4,0,0,0,0,0,0,16,57.32,3
KJ27,CGC GLENMARIE,KJ,19,1,0,0,1,0,0,10,26.23,2
KG35,KAJANG,MRT,12,0,1,0,0,0,0,9,49.09,3
SP3,TITIWANGSA,PH,1,1,0,0,0,4,0,18,59.63,4
KG24,TAMAN MIDAH,MRT,20,1,0,0,1,0,0,7,32.25,3
AG11,CHAN SOW LIN,AG,17,1,1,0,1,1,0,12,49.6,3
KG06,KOTA DAMANSARA,MRT,20,0,0,0,0,0,0,13,47.49,3
KG04,KWASA DAMANSARA,MRT,19,0,0,1,2,1,0,4,65.79,4
PY17,TITIWANGSA,PYL,5,1,1,0,0,4,0,12,66.1,4
KG21,COCHRANE,MRT,18,0,0,0,3,0,0,3,66.56,4
PY31,SERDANG RAYA UTARA,PYL,4,0,1,0,0,0,0,16,61.5,4
SP13,SALAK SELATAN,PH,22,1,0,0,0,0,0,12,31.28,2
MR5,IMBI,MR,22,0,1,0,0,0,0,14,51.7,3
KJ37,PUTRA HEIGHTS,KJ,12,1,1,0,1,1,0,8,48.23,3
KJ32,TAIPAN,KJ,13,0,1,0,0,0,1,8,56.36,3
SP15,BANDAR TASIK SELATAN,PH,0,0,1,0,0,2,0,11,49.64,3
KG17,MERDEKA,MRT,5,1,0,0,0,1,1,13,54.83,3
SP6,BANDARAYA - UOB,PH,21,1,0,0,1,0,0,8,29.06,2
SP27,BANDAR PUTERI,PH,21,1,0,0,1,0,0,8,26.31,2
AG15,PANDAN INDAH,AG,3,0,0,0,0,0,0,17,54.92,3
MR3,MAHARAJALELA,MR,17,0,0,0,2,0,0,6,42.12,3
AG12,MIHARJA,AG,21,0,1,0,0,0,0,13,50.58,3
AG8,PLAZA RAKYAT,AG,15,1,0,0,1,1,0,10,47.68,3
PY09,METRO PRIMA,PYL,4,1,0,0,0,0,0,12,36.34,3
SP17,BUKIT JALIL,PH,12,0,0,0,0,2,0,7,42.21,3
PY15,JALAN IPOH,PYL,4,1,0,0,0,0,0,13,40.44,3
AG2,SENTUL,AG,17,1,0,0,1,0,1,8,43.11,3
MR9,MEDAN TUANKU,MR,20,1,0,0,1,0,0,11,34.94,3
AG5,SULTAN ISMAIL,AG,13,0,1,0,0,0,0,10,36.1,3
PY31,SERDANG RAYA UTARA,PYL,0,0,0,0,0,0,0,14,43.35,3
PY05,DAMANSARA DAMAI,PYL,15,0,1,0,0,0,0,8,47.23,3
BRT6,SOUTH QUAY-USJ 1,BRT,19,0,0,0,2,0,0,7,46.58,3
KG10,TAMAN TUN DR ISMAIL,MRT,2,0,0,0,0,0,0,14,45.27,3
PY33,SERDANG JAYA,PYL,0,1,0,0,0,0,0,11,36.12,3
SP15,BANDAR TASIK SELATAN,PH,1,0,0,0,0,2,0,10,44.2,3
KJ32,TAIPAN,KJ,15,0,0,0,0,0,0,8,44.4,3
AG1,SENTUL TIMUR,AG,22,0,0,0,0,0,0,18,60.07,4
SP26,TAMAN PERINDUSTRIAN PUCHONG,PH,14,1,1,0,1,0,0,10,36.5,3
BRT3,SUNWAY LAGOON,BRT,5,0,0,0,0,0,0,18,55.0,3
KG35,KAJANG,MRT,0,0,1,0,0,0,0,11,55.74,3
SP18,SRI PETALING,PH,20,0,0,0,0,0,0,16,52.34,3
KG22,MALURI,MRT,20,0,0,0,0,1,0,14,59.67,4
KG26,TAMAN CONNAUGHT,MRT,18,0,1,0,3,0,0,4,72.29,4
MR5,IMBI,MR,3,0,0,0,0,0,0,14,41.31,3
KG10,TAMAN TUN DR ISMAIL,MRT,21,0,0,0,0,0,0,15,42.09,3
AG6,BANDARAYA - UOB,AG,13,0,0,0,0,0,0,12,36.87,3
SP26,TAMAN PERINDUSTRIAN PUCHONG,PH,19,0,0,0,0,0,1,9,46.87,3
SP28,PUCHONG PERDANA,PH,14,0,0,0,0,0,0,8,38.04,3
KJ14,PASAR SENI,KJ,20,0,1,0,0,4,1,11,86.57,5
KG35,KAJANG,MRT,16,0,1,0,2,0,0,6,62.32,4
SP6,BANDARAYA - UOB,PH,20,0,0,0,0,0,0,18,56.3,3
AG10,PUDU,AG,19,1,0,0,1,0,0,7,28.12,2
KG30,BATU 11 CHERAS,MRT,19,1,0,0,1,0,0,7,30.46,2
PY23,TUN RAZAK EXCHANGE,PYL,15,0,0,0,0,4,0,10,67.84,4
PY05,DAMANSARA DAMAI,PYL,4,0,0,0,0,0,0,15,48.16,3
PY41,PUTRAJAYA SENTRAL,PYL,23,0,0,0,0,0,0,16,50.34,3
KG18A,BUKIT BINTANG,MRT,5,0,0,0,0,3,0,16,73.86,4
SP26,TAMAN PERINDUSTRIAN PUCHONG,PH,0,0,1,0,0,0,0,14,50.65,3
KJ33,WAWASAN,KJ,4,0,0,0,0,0,0,13,48.72,3
KJ30,SS 18,KJ,13,0,1,0,0,0,0,7,44.38,3
BRT6,SOUTH QUAY-USJ 1,BRT,13,1,0,0,1,0,0,9,18.9,2
PY23,TUN RAZAK EXCHANGE,PYL,13,0,0,0,0,4,0,7,62.82,4
PY36,TAMAN EQUINE,PYL,1,1,0,0,0,0,0,15,46.45,3
KG08,MUTIARA DAMANSARA,MRT,20,1,1,0,1,0,0,7,39.33,3
AG3,TITIWANGSA,AG,13,0,0,0,0,4,0,11,60.18,4
SP6,BANDARAYA - UOB,PH,23,0,1,0,0,0,0,18,59.99,4
PY12,SRI DELIMA,PYL,2,1,1,0,0,0,0,10,37.18,3
SP14,BANDAR TUN RAZAK,PH,2,1,0,0,0,0,0,14,23.42,2
KJ26,ARA DAMANSARA,KJ,22,0,1,0,0,0,0,15,49.21,3
AG4,PWTC,AG,5,1,0,0,0,0,0,16,27.34,2
PY09,METRO PRIMA,PYL,0,1,0,0,0,0,0,16,46.5,3
PY14,KENTOMEN,PYL,18,1,0,0,1,0,0,11,34.59,3
PY19,RAJA UDA,PYL,1,1,0,0,0,0,0,13,23.17,2
KJ32,TAIPAN,KJ,15,0,1,0,0,0,0,9,51.73,3
MR8,BUKIT NANAS,MR,19,0,0,0,2,0,0,8,51.7,3
PY21,PERSIARAN KLCC,PYL,18,1,0,0,1,3,2,9,74.84,4
KG12,PHILEO DAMANSARA,MRT,2,1,0,0,0,0,0,12,30.56,2
BRT1,SUNWAY-SETIA JAYA,BRT,20,0,0,0,0,0,0,13,41.61,3
SP11,CHAN SOW LIN,PH,14,0,1,0,0,1,0,12,61.91,4
PY11,JINJANG,PYL,19,0,0,0,2,0,0,4,50.99,3
SP17,BUKIT JALIL,PH,14,0,0,0,0,2,0,11,45.18,3
PY13,KAMPUNG BATU,PYL,20,1,1,0,1,0,0,11,46.31,3
MR5,IMBI,MR,14,0,0,0,0,0,0,9,36.47,3
SP5,SULTAN ISMAIL,PH,5,0,1,0,0,0,0,18,58.52,4
SP28,PUCHONG PERDANA,PH,15,0,1,0,0,0,0,9,42.7,3
KJ30,SS 18,KJ,16,0,0,0,1,0,0,7,44.43,3
SP27,BANDAR PUTERI,PH,17,0,1,0,2,0,0,6,61.41,4
AG5,SULTAN ISMAIL,AG,12,1,0,0,1,0,0,9,32.06,3
KJ15,KL SENTRAL - REDONE,KJ,17,0,0,0,2,4,1,5,97.95,5
KJ1,GOMBAK,KJ,0,0,1,0,0,0,0,15,52.2,3
KG20,TUN RAZAK EXCHANGE,MRT,1,1,1,0,0,4,0,11,59.21,4
PY24,CHAN SOW LIN,PYL,16,1,1,0,1,1,0,10,57.8,3
SP25,PUSAT BANDAR PUCHONG,PH,16,1,1,0,1,0,0,11,41.2,3
MR6,BUKIT BINTANG,MR,22,0,0,0,0,3,0,17,73.67,4
KJ15,KL SENTRAL - REDONE,KJ,13,1,0,0,1,4,1,9,72.13,4
AG18,AMPANG,AG,14,0,0,0,0,0,0,12,43.2,3
PY38,16 SIERRA,PYL,21,0,0,0,0,0,0,14,38.08,3
PY20,AMPANG PARK,PYL,3,0,0,0,0,0,0,12,42.13,3
KJ6,JELATEK,KJ,5,0,0,0,0,0,0,15,48.01,3
KJ29,SS 15,KJ,0,1,0,0,0,2,0,14,46.87,3
SP15,BANDAR TASIK SELATAN,PH,4,0,0,0,0,2,0,10,46.56,3
KJ28,SUBANG JAYA,KJ,5,0,0,0,0,0,0,11,41.51,3
KJ25,LEMBAH SUBANG,KJ,1,0,0,0,0,0,0,10,48.21,3
SP25,PUSAT BANDAR PUCHONG,PH,1,1,0,0,0,0,0,14,32.23,3
KJ15,KL SENTRAL - REDONE,KJ,0,0,0,0,0,4,0,11,75.07,4
SP22,KINRARA,PH,1,0,0,0,0,0,1,16,60.98,4
PY12,SRI DELIMA,PYL,0,1,0,0,0,0,0,10,28.02,2
KG08,MUTIARA DAMANSARA,MRT,0,0,0,0,0,0,0,15,57.88,3
PY40,CYBERJAYA CITY CENTRE,PYL,17,1,0,0,1,0,0,8,32.5,3
PY11,JINJANG,PYL,20,1,0,0,1,0,0,9,36.22,3
AG2,SENTUL,AG,12,0,0,0,0,0,0,11,49.78,3
KJ23,TAMAN BAHAGIA,KJ,21,1,0,0,1,0,0,10,39.01,3
KJ16,BANK RAKYAT BANGSAR,KJ,23,0,0,0,0,0,0,12,47.53,3
AG11,CHAN SOW LIN,AG,5,1,1,0,0,1,0,18,49.84,3
PY14,KENTOMEN,PYL,22,0,0,0,0,0,0,10,42.19,3
AG6,BANDARAYA - UOB,AG,23,1,0,0,0,0,0,11,21.06,2
SP25,PUSAT BANDAR PUCHONG,PH,17,0,0,0,2,0,0,5,51.16,3
KG28,SRI RAYA,MRT,20,0,0,0,0,0,0,13,56.43,3
KJ24,KELANA JAYA,KJ,16,1,0,0,1,0,0,9,36.37,3
BRT1,SUNWAY-SETIA JAYA,BRT,4,0,0,0,0,0,1,14,55.76,3
KJ21,ASIA JAYA,KJ,15,1,0,0,1,0,0,10,33.78,3
PY27,KUCHAI,PYL,1,0,0,0,0,0,0,15,50.86,3
PY13,KAMPUNG BATU,PYL,21,1,1,0,1,0,0,9,42.77,3
AG13,MALURI,AG,14,0,0,0,0,1,0,7,44.05,3
KJ22,TAMAN PARAMOUNT,KJ,19,0,0,0,2,0,0,6,61.4,4
PY27,KUCHAI,PYL,16,0,0,0,2,0,0,4,57.4,3
AG1,SENTUL TIMUR,AG,14,1,0,0,1,0,1,9,44.13,3
KJ30,SS 18,KJ,4,1,0,0,0,0,0,15,38.35,3
KJ6,JELATEK,KJ,15,0,0,0,0,0,0,8,36.74,3
MR6,BUKIT BINTANG,MR,23,1,0,0,0,3,0,15,54.47,3
SP4,PWTC,PH,23,1,1,0,0,0,0,13,38.29,3
AG8,PLAZA RAKYAT,AG,12,0,0,0,0,1,0,10,52.47,3
AG13,MALURI,AG,19,0,0,0,0,1,0,10,43.98,3
PY37,PUTRA PERMAI,PYL,12,0,0,0,0,0,0,7,23.77,2
KG16,PASAR SENI,MRT,5,0,0,0,0,4,0,11,71.01,4
KG13,PUSAT BANDAR DAMANSARA,MRT,0,1,1,0,0,0,0,16,40.37,3
SP27,BANDAR PUTERI,PH,3,0,0,0,0,0,0,13,37.63,3
KG33,SUNGAI JERNIH,MRT,19,0,0,0,2,0,0,5,53.24,3
SP18,SRI PETALING,PH,1,0,0,0,0,0,0,10,37.53,3
KJ4,SRI RAMPAI,KJ,2,1,1,0,0,0,0,15,40.93,3
PY12,SRI DELIMA,PYL,4,0,1,0,0,0,0,14,50.56,3
KG21,COCHRANE,MRT,14,0,1,0,0,0,0,7,41.07,3
SP21,ALAM SUTERA,PH,20,1,0,0,1,0,0,10,40.52,3
KG34,STADIUM KAJANG,MRT,21,0,0,0,0,2,0,11,58.11,4
AG18,AMPANG,AG,0,0,0,0,0,0,1,14,58.48,4
AG10,PUDU,AG,22,1,1,0,0,0,0,11,31.19,2
SP1,SENTUL TIMUR,PH,22,1,0,0,0,0,0,14,26.13,2
KG07,SURIAN,MRT,1,0,0,0,0,0,0,13,45.36,3
AG3,TITIWANGSA,AG,18,0,1,0,2,4,1,7,90.83,5
AG5,SULTAN ISMAIL,AG,12,0,1,0,0,0,0,11,38.16,3
KJ15,KL SENTRAL - REDONE,KJ,15,1,0,0,1,4,1,9,74.1,4
KG07,SURIAN,MRT,22,0,1,0,0,0,0,11,49.76,3
KJ11,KAMPUNG BARU - CBP COOPBANK PERTAMA,KJ,14,0,0,0,0,0,0,8,33.36,3
SP27,BANDAR PUTERI,PH,0,1,0,0,0,0,0,13,31.32,2
KJ23,TAMAN BAHAGIA,KJ,19,0,1,0,0,0,0,9,43.97,3
PY19,RAJA UDA,PYL,16,0,0,0,2,0,0,6,49.64,3
SP6,BANDARAYA - UOB,PH,0,1,0,0,0,0,0,11,30.32,2
PY37,PUTRA PERMAI,PYL,23,0,0,0,0,0,0,10,36.1,3
KJ18,KERINCHI,KJ,19,0,0,0,0,0,0,8,35.54,3
AG10,PUDU,AG,4,0,0,0,0,0,0,18,43.94,3
PY39,CYBERJAYA UTARA,PYL,14,1,0,0,1,0,0,10,32.15,3
BRT4,SUNMED,BRT,5,1,0,0,0,0,1,12,37.78,3
KJ16,BANK RAKYAT BANGSAR,KJ,3,0,0,0,0,0,0,17,61.98,4
SP2,SENTUL,PH,15,0,0,0,0,0,0,10,33.45,3
MR2,TUN SAMBANTHAN,MR,15,0,0,0,0,0,0,8,26.05,2
KJ4,SRI RAMPAI,KJ,4,0,0,0,0,0,0,18,52.55,3
KG35,KAJANG,MRT,3,1,0,0,0,0,0,10,32.55,3
MR11,TITIWANGSA,MR,4,1,0,0,0,4,0,10,46.26,3
KG25,TAMAN MUTIARA,MRT,12,0,1,0,0,0,0,8,41.98,3
KJ4,SRI RAMPAI,KJ,12,0,0,0,0,0,0,8,36.33,3
KJ12,DANG WANGI,KJ,18,0,1,0,3,0,0,4,65.74,4
MR3,MAHARAJALELA,MR,15,0,0,0,0,0,0,11,35.9,3
PY40,CYBERJAYA CITY CENTRE,PYL,20,0,0,1,0,0,0,15,57.89,3
AG8,PLAZA RAKYAT,AG,15,0,1,0,0,1,0,9,56.58,3
BRT2,MENTARI,BRT,0,0,1,0,0,0,0,12,49.55,3
PY37,PUTRA PERMAI,PYL,5,0,0,0,0,0,0,11,35.34,3
PY07,SRI DAMANSARA SENTRAL,PYL,5,0,1,0,0,0,0,16,57.52,3
PY37,PUTRA PERMAI,PYL,19,0,0,0,0,0,0,9,31.86,2
PY39,CYBERJAYA UTARA,PYL,12,0,0,0,0,0,0,9,31.12,2
KJ20,TAMAN JAYA,KJ,14,1,0,0,1,0,0,7,26.88,2
KJ26,ARA DAMANSARA,KJ,0,1,0,0,0,0,0,14,25.82,2
KG25,TAMAN MUTIARA,MRT,1,1,1,0,0,0,0,12,41.55,3
PY12,SRI DELIMA,PYL,18,0,1,0,2,0,0,6,64.18,4
KG17,MERDEKA,MRT,15,0,0,0,0,1,0,7,53.2,3
PY03,KAMPUNG SELAMAT,PYL,14,1,1,0,1,0,0,9,35.36,3
SP10,PUDU,PH,19,1,0,0,1,0,0,9,39.1,3
SP17,BUKIT JALIL,PH,1,1,0,0,0,2,1,17,58.39,4
KG07,SURIAN,MRT,14,0,1,0,0,0,0,7,41.88,3
PY01,KWASA DAMANSARA,PYL,22,0,0,0,0,1,0,14,54.81,3
SP2,SENTUL,PH,22,0,0,0,0,0,0,10,32.44,3
PY14,KENTOMEN,PYL,3,1,0,0,0,0,0,14,37.25,3
AG6,BANDARAYA - UOB,AG,18,0,1,0,2,0,0,6,55.06,3
AG12,MIHARJA,AG,18,1,0,0,1,0,0,11,30.28,2
PY13,KAMPUNG BATU,PYL,16,0,0,0,1,0,0,10,50.09,3
PY06,SRI DAMANSARA BARAT,PYL,3,0,1,0,0,0,0,16,59.25,4
KJ4,SRI RAMPAI,KJ,17,1,1,0,1,0,0,9,36.75,3
SP13,SALAK SELATAN,PH,1,0,1,0,0,0,0,18,64.11,4
KJ30,SS 18,KJ,20,1,0,0,1,0,0,7,34.51,3
KG20,TUN RAZAK EXCHANGE,MRT,20,0,0,0,0,4,1,15,80.86,4
KJ27,CGC GLENMARIE,KJ,0,0,0,0,0,0,0,10,31.19,2
KJ24,KELANA JAYA,KJ,3,0,0,0,0,0,0,16,59.08,4
SP31,PUTRA HEIGHTS,PH,14,0,0,0,0,1,0,12,58.15,4
KJ20,TAMAN JAYA,KJ,4,0,0,0,0,0,0,12,41.97,3
AG5,SULTAN ISMAIL,AG,18,0,0,0,2,0,1,4,52.3,3
PY39,CYBERJAYA UTARA,PYL,3,0,1,0,0,0,0,16,48.95,3
KG23,TAMAN PERTAMA,MRT,19,0,0,0,2,0,0,5,51.51,3
MR10,CHOW KIT,MR,12,0,0,0,0,0,0,9,32.78,3
MR3,MAHARAJALELA,MR,14,1,0,0,1,0,0,8,21.58,2
PY31,SERDANG RAYA UTARA,PYL,23,1,0,0,0,0,0,16,43.12,3
PY40,CYBERJAYA CITY CENTRE,PYL,12,1,0,0,1,0,0,10,39.96,3
KG08,MUTIARA DAMANSARA,MRT,1,0,1,0,0,0,0,15,58.03,4
PY13,KAMPUNG BATU,PYL,13,1,0,0,1,0,0,9,29.29,2
KG09,BANDAR UTAMA,MRT,1,0,0,0,0,3,0,12,63.45,4
KG13,PUSAT BANDAR DAMANSARA,MRT,16,0,0,0,1,0,0,7,44.95,3
PY10,KEPONG BARU,PYL,23,0,1,0,0,0,0,14,44.99,3
KG09,BANDAR UTAMA,MRT,21,0,1,0,0,3,1,16,85.37,5
KG10,TAMAN TUN DR ISMAIL,MRT,23,0,0,0,0,0,0,12,34.89,3
KG17,MERDEKA,MRT,21,0,0,0,0,1,0,14,64.41,4
SP27,BANDAR PUTERI,PH,13,0,1,0,0,0,0,7,37.49,3
KG30,BATU 11 CHERAS,MRT,0,1,0,0,0,0,0,15,31.39,2
KJ1,GOMBAK,KJ,13,0,0,0,0,0,0,8,29.6,2
KG06,KOTA DAMANSARA,MRT,18,0,0,0,2,0,0,5,51.13,3
KJ33,WAWASAN,KJ,15,1,0,0,1,0,0,9,40.85,3
SP13,SALAK SELATAN,PH,4,1,0,0,0,0,0,14,38.57,3
KJ32,TAIPAN,KJ,15,0,0,0,0,0,0,10,40.29,3
AG9,HANG TUAH,AG,14,0,0,0,0,4,0,12,66.52,4
KG05,KWASA SENTRAL,MRT,15,1,0,0,1,0,0,8,32.15,3
SP21,ALAM SUTERA,PH,0,0,0,0,0,0,0,13,48.95,3
PY03,KAMPUNG SELAMAT,PYL,22,1,0,0,0,0,0,16,39.53,3
SP19,AWAN BESAR,PH,21,0,0,0,0,0,0,16,47.16,3
SP25,PUSAT BANDAR PUCHONG,PH,14,0,1,0,0,0,0,7,31.02,2
PY27,KUCHAI,PYL,22,1,0,0,0,0,0,15,38.33,3
AG9,HANG TUAH,AG,5,0,0,0,0,4,0,12,64.63,4
SP3,TITIWANGSA,PH,3,0,0,0,0,4,0,17,71.42,4
PY29,SUNGAI BESI,PYL,13,0,0,0,0,1,0,11,47.27,3
AG17,CAHAYA,AG,2,0,0,0,0,0,0,17,54.8,3
AG17,CAHAYA,AG,12,1,0,0,1,0,0,12,38.84,3
PY10,KEPONG BARU,PYL,20,0,0,0,0,0,0,14,45.15,3
SP12,CHERAS,PH,12,0,0,0,0,0,0,8,39.07,3
MR8,BUKIT NANAS,MR,14,0,0,0,0,0,0,10,40.66,3
KJ26,ARA DAMANSARA,KJ,4,0,0,0,0,0,0,15,41.29,3
SP2,SENTUL,PH,19,0,1,0,0,0,0,9,39.92,3
AG6,BANDARAYA - UOB,AG,22,1,1,0,0,0,0,11,35.3,3
AG8,PLAZA RAKYAT,AG,20,0,0,0,0,1,0,15,52.17,3
PY08,SRI DAMANSARA TIMUR,PYL,13,0,0,0,0,0,0,10,45.48,3
KJ34,USJ 21,KJ,17,0,0,0,3,0,0,3,70.91,4
KG34,STADIUM KAJANG,MRT,14,1,0,0,1,2,0,8,48.75,3
MR11,TITIWANGSA,MR,23,0,0,0,0,4,1,11,73.8,4
PY41,PUTRAJAYA SENTRAL,PYL,20,0,1,0,0,0,1,13,64.45,4
SP3,TITIWANGSA,PH,3,0,0,0,0,4,0,15,68.53,4
SP16,SUNGAI BESI,PH,13,0,0,0,0,1,0,7,40.32,3
KJ30,SS 18,KJ,20,1,0,0,1,0,0,10,36.02,3
SP3,TITIWANGSA,PH,15,0,0,0,0,4,0,7,57.68,3
PY36,TAMAN EQUINE,PYL,0,0,0,0,0,0,0,16,59.02,4
PY19,RAJA UDA,PYL,12,0,0,0,0,0,0,10,38.15,3
SP31,PUTRA HEIGHTS,PH,13,1,0,0,1,1,0,8,48.66,3
KJ3,WANGSA MAJU,KJ,16,0,0,0,2,2,0,4,64.74,4
PY05,DAMANSARA DAMAI,PYL,20,0,1,0,0,0,0,11,47.86,3
KG08,MUTIARA DAMANSARA,MRT,23,0,1,0,0,0,0,13,55.65,3
PY11,JINJANG,PYL,4,0,1,0,0,0,0,12,49.9,3
KJ25,LEMBAH SUBANG,KJ,12,1,0,0,1,0,0,10,44.62,3
AG6,BANDARAYA - UOB,AG,3,0,0,0,0,0,0,16,50.17,3
BRT6,SOUTH QUAY-USJ 1,BRT,1,1,1,0,0,0,0,11,23.82,2
SP19,AWAN BESAR,PH,13,1,0,0,1,0,0,11,31.82,2
KJ33,WAWASAN,KJ,17,1,0,0,1,0,0,10,37.78,3
KG06,KOTA DAMANSARA,MRT,23,1,0,0,0,0,0,14,32.76,3
PY40,CYBERJAYA CITY CENTRE,PYL,2,0,0,0,0,0,0,11,46.23,3
KG17,MERDEKA,MRT,14,0,0,0,0,1,0,7,52.41,3
AG5,SULTAN ISMAIL,AG,22,0,0,0,0,0,0,15,47.23,3
KG10,TAMAN TUN DR ISMAIL,MRT,22,0,0,0,0,0,0,13,45.68,3
KJ2,TAMAN MELATI,KJ,3,0,0,0,0,0,0,13,43.99,3
KG22,MALURI,MRT,15,0,0,0,0,1,0,10,52.49,3
KJ24,KELANA JAYA,KJ,3,0,0,0,0,0,0,16,59.66,4
KJ4,SRI RAMPAI,KJ,16,1,0,0,1,0,0,8,31.78,2
PY32,SERDANG RAYA SELATAN,PYL,18,1,0,0,1,0,0,9,34.73,3
AG16,CEMPAKA,AG,4,0,0,0,0,0,0,12,40.03,3
KG33,SUNGAI JERNIH,MRT,20,0,0,0,0,0,0,11,43.96,3
SP9,HANG TUAH,PH,1,0,0,0,0,4,0,15,64.31,4
KG14,SEMANTAN,MRT,0,0,0,0,0,0,0,12,41.39,3
PY06,SRI DAMANSARA BARAT,PYL,0,0,0,0,0,0,1,14,55.64,3
AG14,PANDAN JAYA,AG,12,0,0,0,0,0,0,7,38.34,3
KG31,BUKIT DUKUNG,MRT,0,0,0,0,0,0,0,12,39.69,3
MR2,TUN SAMBANTHAN,MR,3,0,0,0,0,0,0,17,46.67,3
PY28,TAMAN NAGA EMAS,PYL,22,1,1,0,0,0,1,16,50.42,3
KJ27,CGC GLENMARIE,KJ,14,0,1,0,0,0,0,8,42.35,3
KJ26,ARA DAMANSARA,KJ,23,0,1,0,0,0,0,10,37.7,3
KJ21,ASIA JAYA,KJ,15,0,1,0,0,0,0,10,42.86,3
PY20,AMPANG PARK,PYL,19,0,0,0,2,0,0,7,56.08,3
SP22,KINRARA,PH,3,0,0,0,0,0,0,13,48.91,3
KJ9,AMPANG PARK,KJ,5,0,1,0,0,0,0,14,61.38,4
MR2,TUN SAMBANTHAN,MR,12,0,0,0,0,0,0,12,34.33,3
KJ5,SETIAWANGSA,KJ,15,1,1,0,1,0,0,10,37.02,3
KG08,MUTIARA DAMANSARA,MRT,4,0,0,0,0,0,1,12,59.48,4
PY10,KEPONG BARU,PYL,21,1,0,0,1,0,0,11,32.13,3
KG23,TAMAN PERTAMA,MRT,14,0,0,0,0,0,0,10,36.33,3
KG18A,BUKIT BINTANG,MRT,22,0,1,0,0,3,0,15,81.07,4
KG08,MUTIARA DAMANSARA,MRT,14,0,0,0,0,0,1,10,52.98,3
KG07,SURIAN,MRT,1,0,0,0,0,0,0,12,43.61,3
KG24,TAMAN MIDAH,MRT,13,0,1,0,0,0,0,8,45.24,3
AG10,PUDU,AG,0,0,0,0,0,0,0,17,48.57,3
KJ37,PUTRA HEIGHTS,KJ,20,0,0,0,0,1,0,15,56.1,3
KG06,KOTA DAMANSARA,MRT,19,0,1,0,0,0,0,10,47.54,3
KJ22,TAMAN PARAMOUNT,KJ,5,0,0,0,0,0,0,17,53.05,3
SP16,SUNGAI BESI,PH,23,0,1,0,0,1,0,15,62.18,4
BRT1,SUNWAY-SETIA JAYA,BRT,17,1,0,0,1,0,0,11,28.69,2
KG35,KAJANG,MRT,17,0,0,0,2,0,0,6,55.74,3
KJ3,WANGSA MAJU,KJ,16,0,0,0,1,2,0,8,53.19,3
BRT7,USJ7,BRT,18,1,1,0,1,1,0,11,42.56,3
SP15,BANDAR TASIK SELATAN,PH,16,0,0,0,2,2,0,5,61.34,4
PY09,METRO PRIMA,PYL,4,0,0,0,0,0,0,11,49.08,3
KG20,TUN RAZAK EXCHANGE,MRT,14,1,0,0,1,4,1,9,69.08,4
BRT3,SUNWAY LAGOON,BRT,14,0,1,0,0,0,0,10,46.82,3
PY37,PUTRA PERMAI,PYL,20,0,1,0,0,0,0,10,39.93,3
PY33,SERDANG JAYA,PYL,16,0,0,0,2,0,0,6,55.55,3
SP2,SENTUL,PH,13,0,1,0,0,0,0,8,41.86,3
MR8,BUKIT NANAS,MR,3,0,0,0,0,0,0,17,53.17,3
PY15,JALAN IPOH,PYL,21,0,0,0,0,0,0,11,41.11,3
BRT3,SUNWAY LAGOON,BRT,21,0,0,0,0,0,0,10,32.46,3
KG08,MUTIARA DAMANSARA,MRT,0,1,0,0,0,0,0,16,44.78,3
SP25,PUSAT BANDAR PUCHONG,PH,14,1,0,0,1,0,1,9,39.31,3
MR9,MEDAN TUANKU,MR,20,0,1,0,0,0,0,11,50.16,3
KG29,BANDAR TUN HUSSEIN ONN,MRT,5,0,0,0,0,0,0,11,35.96,3
SP31,PUTRA HEIGHTS,PH,12,0,1,0,0,1,0,8,55.94,3
AG14,PANDAN JAYA,AG,0,0,1,0,0,0,0,17,57.31,3
PY15,JALAN IPOH,PYL,22,0,0,0,0,0,0,13,43.11,3
AG11,CHAN SOW LIN,AG,16,0,0,0,2,1,0,6,57.57,3
PY01,KWASA DAMANSARA,PYL,13,0,0,0,0,1,1,10,52.52,3
AG7,MASJID JAMEK,AG,5,0,0,0,0,4,0,14,71.73,4
PY06,SRI DAMANSARA BARAT,PYL,14,1,0,0,1,0,1,9,44.88,3
PY11,JINJANG,PYL,0,1,0,0,0,0,0,13,28.12,2
KJ11,KAMPUNG BARU - CBP COOPBANK PERTAMA,KJ,19,0,0,0,2,0,0,6,54.28,3
KJ29,SS 15,KJ,17,1,0,0,1,2,0,9,46.56,3
KG22,MALURI,MRT,23,0,0,0,0,1,0,13,51.29,3
KG33,SUNGAI JERNIH,MRT,14,0,0,0,0,0,1,10,49.04,3
KG35,KAJANG,MRT,4,1,0,0,0,0,0,15,37.99,3
PY31,SERDANG RAYA UTARA,PYL,3,0,0,0,0,0,0,10,40.42,3
PY24,CHAN SOW LIN,PYL,19,0,0,0,2,1,0,6,72.96,4
PY34,UPM,PYL,2,0,1,0,0,0,1,16,68.77,4
KG07,SURIAN,MRT,2,0,0,0,0,0,0,11,46.3,3
KG34,STADIUM KAJANG,MRT,18,0,0,0,2,2,0,6,73.98,4
KG04,KWASA DAMANSARA,MRT,18,0,0,0,2,1,0,4,62.19,4
PY06,SRI DAMANSARA BARAT,PYL,5,0,0,0,0,0,0,12,45.85,3
BRT4,SUNMED,BRT,18,0,0,0,3,0,0,8,66.45,4
PY39,CYBERJAYA UTARA,PYL,22,0,0,0,0,0,0,13,45.58,3
PY36,TAMAN EQUINE,PYL,18,0,0,0,2,0,0,4,52.85,3
KJ33,WAWASAN,KJ,0,1,1,0,0,0,0,12,46.23,3
AG6,BANDARAYA - UOB,AG,13,0,0,0,0,0,0,12,39.54,3
KJ30,SS 18,KJ,19,1,0,0,1,0,0,8,35.4,3
PY14,KENTOMEN,PYL,23,0,0,0,0,0,0,15,49.42,3
KJ7,DATO' KERAMAT,KJ,17,1,1,0,1,0,0,7,37.97,3
MR7,RAJA CHULAN,MR,1,1,0,0,0,0,0,11,26.72,2
KJ32,TAIPAN,KJ,19,0,0,0,2,0,0,6,59.13,4
KJ16,BANK RAKYAT BANGSAR,KJ,20,1,0,0,1,0,0,7,39.82,3
KJ20,TAMAN JAYA,KJ,13,0,1,0,0,0,0,7,39.89,3
SP17,BUKIT JALIL,PH,5,0,0,0,0,2,0,18,65.24,4
KJ14,PASAR SENI,KJ,20,0,0,0,0,4,1,12,82.14,5
PY37,PUTRA PERMAI,PYL,22,0,0,0,0,0,0,16,47.39,3
PY16,SENTUL BARAT,PYL,1,0,0,0,0,0,0,10,39.02,3
KG13,PUSAT BANDAR DAMANSARA,MRT,23,0,1,0,0,0,0,13,51.88,3
PY36,TAMAN EQUINE,PYL,17,1,1,0,1,0,0,10,52.77,3
PY27,KUCHAI,PYL,16,0,1,0,1,0,0,10,61.91,4
KG13,PUSAT BANDAR DAMANSARA,MRT,13,0,0,0,0,0,0,10,39.33,3
KG21,COCHRANE,MRT,12,1,0,0,1,0,0,10,30.5,2
MR2,TUN SAMBANTHAN,MR,20,0,0,0,0,0,0,14,42.91,3
KJ30,SS 18,KJ,14,0,0,0,0,0,0,10,36.49,3
KJ31,USJ 7,KJ,20,1,1,0,1,1,0,7,45.02,3
KJ8,DAMAI,KJ,4,1,0,0,0,0,0,17,46.8,3
MR4,HANG TUAH,MR,1,0,1,0,0,4,0,17,77.47,4
KG18A,BUKIT BINTANG,MRT,19,0,0,0,0,3,1,10,74.27,4
MR9,MEDAN TUANKU,MR,12,1,0,0,1,0,0,10,36.66,3
KG23,TAMAN PERTAMA,MRT,5,0,0,0,0,0,0,12,45.01,3
KG10,TAMAN TUN DR ISMAIL,MRT,12,0,1,0,0,0,0,7,41.17,3
PY37,PUTRA PERMAI,PYL,14,0,0,0,0,0,0,11,32.4,3
AG13,MALURI,AG,23,1,0,0,0,1,0,17,44.25,3
PY40,CYBERJAYA CITY CENTRE,PYL,19,1,0,0,1,0,0,7,28.8,2
KG27,TAMAN SUNTEX,MRT,5,0,0,0,0,0,0,10,41.75,3
KG04,KWASA DAMANSARA,MRT,0,0,1,0,0,1,0,10,52.14,3
PY04,SUNGAI BULOH,PYL,0,1,0,0,0,0,0,10,29.93,2
KJ3,WANGSA MAJU,KJ,2,0,1,0,0,2,0,14,60.16,4
KG09,BANDAR UTAMA,MRT,23,0,0,0,0,3,0,13,69.09,4
PY32,SERDANG RAYA SELATAN,PYL,2,0,1,0,0,0,0,13,48.05,3
AG16,CEMPAKA,AG,22,0,0,0,0,0,0,11,40.66,3
SP13,SALAK SELATAN,PH,1,0,0,0,0,0,0,18,55.23,3
KG16,PASAR SENI,MRT,12,0,0,0,0,4,0,10,71.81,4
SP13,SALAK SELATAN,PH,5,1,0,0,0,0,1,14,49.53,3
KG23,TAMAN PERTAMA,MRT,4,0,0,0,0,0,0,12,47.79,3
MR5,IMBI,MR,23,0,0,0,0,0,0,12,40.39,3
SP15,BANDAR TASIK SELATAN,PH,20,1,0,0,1,2,0,8,39.65,3
KJ25,LEMBAH SUBANG,KJ,16,1,0,0,1,0,1,9,52.84,3
KJ6,JELATEK,KJ,21,0,0,0,0,0,0,15,47.22,3
PY17,TITIWANGSA,PYL,19,0,0,0,0,4,1,7,73.29,4
AG10,PUDU,AG,5,0,1,0,0,0,0,17,55.42,3
PY41,PUTRAJAYA SENTRAL,PYL,3,0,1,0,0,0,0,15,55.45,3
KG10,TAMAN TUN DR ISMAIL,MRT,17,0,0,0,2,0,0,6,55.64,3
KG10,TAMAN TUN DR ISMAIL,MRT,18,0,1,0,3,0,0,3,67.78,4
MR1,KL SENTRAL,MR,3,0,0,0,0,4,0,13,69.54,4
PY28,TAMAN NAGA EMAS,PYL,4,0,0,0,0,0,0,14,38.09,3
KG31,BUKIT DUKUNG,MRT,17,1,0,0,1,0,0,10,32.3,3
KG30,BATU 11 CHERAS,MRT,0,0,0,0,0,0,0,11,37.8,3
SP16,SUNGAI BESI,PH,22,0,0,0,0,1,0,13,53.08,3
AG14,PANDAN JAYA,AG,12,0,1,0,0,0,0,10,40.02,3
PY09,METRO PRIMA,PYL,4,0,0,0,0,0,0,13,48.94,3
PY36,TAMAN EQUINE,PYL,14,0,0,0,0,0,0,8,37.67,3
PY07,SRI DAMANSARA SENTRAL,PYL,15,0,1,0,0,0,0,7,47.8,3
AG15,PANDAN INDAH,AG,22,0,0,0,0,0,0,13,42.57,3
KJ37,PUTRA HEIGHTS,KJ,3,0,0,0,0,1,0,16,60.08,4
SP21,ALAM SUTERA,PH,19,0,1,0,2,0,0,5,66.19,4
AG5,SULTAN ISMAIL,AG,19,1,0,0,1,0,1,11,42.2,3
BRT7,USJ7,BRT,15,0,1,0,0,1,1,8,49.17,3
AG8,PLAZA RAKYAT,AG,1,1,0,0,0,1,0,14,44.11,3
PY10,KEPONG BARU,PYL,2,1,1,0,0,0,0,16,39.81,3
BRT7,USJ7,BRT,16,0,0,0,2,1,0,6,55.33,3
PY18,HOSPITAL KUALA LUMPUR,PYL,16,0,0,0,1,0,0,7,47.94,3
KJ37,PUTRA HEIGHTS,KJ,23,0,1,0,0,1,0,11,54.93,3
KG30,BATU 11 CHERAS,MRT,1,0,0,0,0,0,0,13,46.05,3
PY13,KAMPUNG BATU,PYL,22,0,0,0,0,0,0,12,44.25,3
PY34,UPM,PYL,18,0,0,0,2,0,0,5,52.87,3
KJ32,TAIPAN,KJ,19,1,0,0,1,0,0,8,31.37,2
PY32,SERDANG RAYA SELATAN,PYL,12,0,1,0,0,0,0,8,44.81,3
KG33,SUNGAI JERNIH,MRT,3,1,1,0,0,0,0,15,49.82,3
SP24,IOI PUCHONG JAYA,PH,19,0,0,0,2,0,1,6,55.99,3
KG22,MALURI,MRT,15,0,0,0,0,1,0,8,50.2,3
SP6,BANDARAYA - UOB,PH,22,1,0,0,0,0,0,15,41.47,3
MR4,HANG TUAH,MR,17,0,0,0,3,4,1,5,98.94,5
AG16,CEMPAKA,AG,2,1,0,0,0,0,0,15,33.84,3
AG16,CEMPAKA,AG,23,0,1,0,0,0,0,12,49.4,3
SP12,CHERAS,PH,0,0,1,0,0,0,0,11,45.61,3
KG15,MUZIUM NEGARA,MRT,2,0,0,0,0,0,0,11,42.5,3
MR3,MAHARAJALELA,MR,0,0,0,0,0,0,1,16,55.58,3
AG8,PLAZA RAKYAT,AG,1,1,0,0,0,1,0,13,41.53,3
MR3,MAHARAJALELA,MR,16,0,1,0,1,0,0,12,50.47,3
PY41,PUTRAJAYA SENTRAL,PYL,1,1,1,0,0,0,0,12,42.33,3
PY33,SERDANG JAYA,PYL,14,0,0,0,0,0,0,11,39.65,3
PY33,SERDANG JAYA,PYL,13,1,0,0,1,0,0,9,38.52,3
PY38,16 SIERRA,PYL,14,0,0,0,0,0,0,11,35.81,3
SP2,SENTUL,PH,4,0,1,0,0,0,0,13,46.96,3
KJ31,USJ 7,KJ,17,0,1,0,2,1,0,5,73.71,4
KG14,SEMANTAN,MRT,3,0,0,0,0,0,0,14,43.41,3
PY34,UPM,PYL,19,0,0,0,0,0,0,9,44.65,3
KJ34,USJ 21,KJ,17,0,1,0,3,0,0,3,73.59,4
BRT4,SUNMED,BRT,13,0,0,0,0,0,0,10,42.87,3
KG04,KWASA DAMANSARA,MRT,3,1,1,0,0,1,0,11,47.15,3
KJ19,UNIVERSITI,KJ,21,0,0,0,0,0,1,18,63.72,4
AG11,CHAN SOW LIN,AG,20,1,0,0,1,1,0,10,45.86,3
SP19,AWAN BESAR,PH,5,0,0,0,0,0,1,12,54.05,3
KJ13,MASJID JAMEK,KJ,23,1,1,0,0,4,0,18,77.18,4
PY18,HOSPITAL KUALA LUMPUR,PYL,3,1,0,0,0,0,0,15,41.98,3
PY12,SRI DELIMA,PYL,12,1,0,0,1,0,0,8,29.06,2
AG11,CHAN SOW LIN,AG,18,1,1,0,1,1,0,10,50.03,3
PY41,PUTRAJAYA SENTRAL,PYL,19,0,1,0,2,0,0,5,56.54,3
KJ37,PUTRA HEIGHTS,KJ,17,0,1,0,3,1,0,4,75.28,4
KG06,KOTA DAMANSARA,MRT,15,1,0,0,1,0,0,7,34.35,3
KG26,TAMAN CONNAUGHT,MRT,14,0,1,0,0,0,0,10,48.24,3
KJ14,PASAR SENI,KJ,13,0,0,0,0,4,0,7,58.72,4
PY05,DAMANSARA DAMAI,PYL,0,1,1,0,0,0,0,15,39.69,3
KG34,STADIUM KAJANG,MRT,23,0,0,0,0,2,0,13,57.19,3
SP18,SRI PETALING,PH,20,1,1,0,1,0,0,10,36.35,3
AG10,PUDU,AG,15,0,0,0,0,0,0,8,30.86,2
SP16,SUNGAI BESI,PH,14,1,0,0,1,1,0,7,32.68,3
PY16,SENTUL BARAT,PYL,20,0,0,0,0,0,0,11,44.35,3
KG26,TAMAN CONNAUGHT,MRT,16,0,0,1,2,0,0,6,65.89,4
MR8,BUKIT NANAS,MR,4,0,0,0,0,0,0,18,50.32,3
AG9,HANG TUAH,AG,23,0,0,0,0,4,1,18,82.61,5
MR2,TUN SAMBANTHAN,MR,2,1,0,0,0,0,0,17,28.05,2
KG35,KAJANG,MRT,4,1,1,0,0,0,0,15,49.9,3
MR5,IMBI,MR,17,1,1,0,1,0,0,10,32.55,3
KG14,SEMANTAN,MRT,15,0,0,0,0,0,0,8,39.34,3
PY12,SRI DELIMA,PYL,14,0,1,0,0,0,0,7,40.27,3
KG26,TAMAN CONNAUGHT,MRT,2,1,0,0,0,0,0,15,44.04,3
KJ23,TAMAN BAHAGIA,KJ,15,0,1,0,0,0,0,8,45.22,3
AG4,PWTC,AG,13,0,0,0,0,0,0,7,26.51,2
KJ31,USJ 7,KJ,4,0,1,0,0,1,0,13,67.89,4
MR3,MAHARAJALELA,MR,22,0,1,0,0,0,0,10,36.37,3
KG30,BATU 11 CHERAS,MRT,3,0,0,0,0,0,0,16,52.5,3
KG23,TAMAN PERTAMA,MRT,0,1,0,0,0,0,0,12,30.63,2
SP31,PUTRA HEIGHTS,PH,23,0,0,0,0,1,1,11,61.92,4
KG06,KOTA DAMANSARA,MRT,19,0,1,0,0,0,0,7,41.49,3
PY17,TITIWANGSA,PYL,3,0,0,0,0,4,0,12,67.64,4
KJ10,KLCC,KJ,20,0,0,0,0,3,2,11,78.53,4
SP16,SUNGAI BESI,PH,21,1,0,0,1,1,1,12,51.69,3
KG14,SEMANTAN,MRT,0,0,0,0,0,0,0,16,53.26,3
AG9,HANG TUAH,AG,5,0,0,0,0,4,0,18,78.81,4
KJ14,PASAR SENI,KJ,5,1,1,0,0,4,0,11,61.29,4
PY09,METRO PRIMA,PYL,22,0,1,0,0,0,0,13,55.17,3
KG18A,BUKIT BINTANG,MRT,23,0,1,0,0,3,0,14,84.49,5
PY13,KAMPUNG BATU,PYL,19,0,1,0,0,0,0,7,40.61,3
PY06,SRI DAMANSARA BARAT,PYL,20,0,1,0,0,0,0,12,50.23,3
KG34,STADIUM KAJANG,MRT,4,0,0,0,0,2,1,16,79.87,4
KJ11,KAMPUNG BARU - CBP COOPBANK PERTAMA,KJ,17,1,0,0,1,0,0,7,26.05,2
PY27,KUCHAI,PYL,23,1,0,0,0,0,0,11,31.86,2
KG25,TAMAN MUTIARA,MRT,12,0,0,0,0,0,0,7,37.06,3
PY19,RAJA UDA,PYL,0,0,1,0,0,0,0,14,44.49,3
KJ27,CGC GLENMARIE,KJ,15,0,1,0,0,0,0,10,36.8,3
MR10,CHOW KIT,MR,17,1,0,0,1,0,0,12,36.35,3
KG20,TUN RAZAK EXCHANGE,MRT,14,0,0,0,0,4,0,7,58.39,4
KJ3,WANGSA MAJU,KJ,12,0,0,0,0,2,0,10,47.84,3
PY16,SENTUL BARAT,PYL,17,1,0,0,1,0,0,8,37.95,3
KG31,BUKIT DUKUNG,MRT,0,0,1,0,0,0,0,15,53.34,3
PY03,KAMPUNG SELAMAT,PYL,16,0,0,0,2,0,0,7,53.28,3
SP20,MUHIBBAH,PH,16,0,1,0,1,0,0,10,59.72,4
KG22,MALURI,MRT,16,0,0,0,2,1,0,5,64.7,4
PY27,KUCHAI,PYL,18,0,1,0,3,0,0,5,79.16,4
KJ17,ABDULLAH HUKUM,KJ,4,0,0,0,0,3,0,10,53.77,3
SP8,PLAZA RAKYAT,PH,21,0,0,0,0,1,0,14,58.47,4
SP19,AWAN BESAR,PH,1,0,1,0,0,0,0,16,53.58,3
SP20,MUHIBBAH,PH,3,0,0,0,0,0,0,12,48.3,3
KJ19,UNIVERSITI,KJ,20,0,0,0,0,0,0,16,47.86,3
PY05,DAMANSARA DAMAI,PYL,3,0,0,0,0,0,0,12,47.74,3
KJ22,TAMAN PARAMOUNT,KJ,23,0,0,0,0,0,0,10,47.07,3
PY27,KUCHAI,PYL,2,0,0,0,0,0,0,13,52.75,3
PY10,KEPONG BARU,PYL,0,0,1,0,0,0,0,13,44.42,3
KG07,SURIAN,MRT,23,1,1,0,0,0,0,16,50.59,3
KJ20,TAMAN JAYA,KJ,16,0,0,1,2,0,0,6,57.26,3
KJ29,SS 15,KJ,17,0,1,0,3,2,0,3,84.38,5
KG04,KWASA DAMANSARA,MRT,4,1,0,0,0,1,0,14,47.69,3
AG2,SENTUL,AG,23,0,0,0,0,0,0,18,63.07,4
KJ22,TAMAN PARAMOUNT,KJ,14,1,0,0,1,0,0,9,35.11,3
KJ6,JELATEK,KJ,22,0,0,0,0,0,0,10,44.55,3
KJ37,PUTRA HEIGHTS,KJ,3,0,0,0,0,1,0,12,45.06,3
KG10,TAMAN TUN DR ISMAIL,MRT,13,0,0,0,0,0,0,8,31.08,2
SP29,PUCHONG PRIMA,PH,14,0,0,0,0,0,0,12,47.18,3
KJ35,ALAM MEGAH,KJ,18,0,1,0,3,0,0,4,64.78,4
KJ14,PASAR SENI,KJ,14,1,0,0,1,4,1,9,74.88,4
PY21,PERSIARAN KLCC,PYL,2,0,0,0,0,3,0,15,62.03,4
PY37,PUTRA PERMAI,PYL,13,1,1,0,1,0,0,9,37.32,3
SP11,CHAN SOW LIN,PH,15,0,0,0,0,1,1,10,62.03,4
KJ16,BANK RAKYAT BANGSAR,KJ,23,0,0,0,0,0,0,11,43.65,3
AG16,CEMPAKA,AG,19,0,0,0,2,0,0,6,57.86,3
KG10,TAMAN TUN DR ISMAIL,MRT,1,1,0,0,0,0,0,10,26.96,2
KJ4,SRI RAMPAI,KJ,22,0,0,0,0,0,0,11,40.64,3
MR4,HANG TUAH,MR,17,0,0,0,2,4,1,8,95.68,5
KJ12,DANG WANGI,KJ,2,0,1,0,0,0,0,13,54.85,3
KG08,MUTIARA DAMANSARA,MRT,18,0,0,0,2,0,1,6,70.57,4
KJ32,TAIPAN,KJ,12,1,0,0,1,0,1,9,49.31,3
KG12,PHILEO DAMANSARA,MRT,22,0,0,0,0,0,0,13,41.96,3
KJ29,SS 15,KJ,22,0,0,0,0,2,0,14,53.06,3
AG17,CAHAYA,AG,19,0,0,0,0,0,0,9,45.77,3
SP17,BUKIT JALIL,PH,23,0,0,0,0,2,1,10,64.21,4
KJ4,SRI RAMPAI,KJ,23,0,0,0,0,0,0,10,41.63,3
KG26,TAMAN CONNAUGHT,MRT,14,0,0,0,0,0,1,8,54.71,3
SP11,CHAN SOW LIN,PH,19,1,0,0,1,1,1,10,55.31,3
PY39,CYBERJAYA UTARA,PYL,20,0,0,0,0,0,0,16,47.48,3
BRT7,USJ7,BRT,19,0,0,0,2,1,0,6,59.3,4
KJ30,SS 18,KJ,0,1,1,0,0,0,0,14,46.17,3
KG35,KAJANG,MRT,23,0,0,0,0,0,0,16,55.96,3
KG17,MERDEKA,MRT,16,0,0,0,1,1,0,7,56.56,3
PY21,PERSIARAN KLCC,PYL,4,1,0,0,0,3,0,14,51.14,3
KG18A,BUKIT BINTANG,MRT,17,0,1,0,3,3,1,4,100.0,5
SP22,KINRARA,PH,17,1,0,0,1,0,0,12,39.3,3
PY18,HOSPITAL KUALA LUMPUR,PYL,17,0,0,0,3,0,0,4,65.2,4
BRT4,SUNMED,BRT,14,1,0,0,1,0,0,8,31.87,2
SP17,BUKIT JALIL,PH,21,0,0,0,0,2,0,12,49.84,3
SP8,PLAZA RAKYAT,PH,16,0,0,0,2,1,0,4,69.14,4
PY41,PUTRAJAYA SENTRAL,PYL,17,0,0,0,2,0,0,7,53.24,3
SP2,SENTUL,PH,2,0,0,0,0,0,1,11,44.21,3
SP24,IOI PUCHONG JAYA,PH,1,0,0,0,0,0,0,11,30.19,2
SP18,SRI PETALING,PH,0,0,0,0,0,0,0,10,32.45,3
KG10,TAMAN TUN DR ISMAIL,MRT,20,1,0,0,1,0,0,7,24.08,2
AG3,TITIWANGSA,AG,20,0,0,0,0,4,1,17,79.35,4
PY37,PUTRA PERMAI,PYL,18,0,0,0,3,0,0,4,58.63,4
AG3,TITIWANGSA,AG,4,1,1,0,0,4,0,13,59.77,4
SP25,PUSAT BANDAR PUCHONG,PH,23,1,0,0,0,0,0,16,28.74,2
KJ2,TAMAN MELATI,KJ,17,0,0,0,2,0,0,4,50.65,3
PY08,SRI DAMANSARA TIMUR,PYL,1,1,1,0,0,0,0,12,47.15,3
SP8,PLAZA RAKYAT,PH,18,0,0,0,3,1,0,4,79.2,4
KG20,TUN RAZAK EXCHANGE,MRT,16,0,1,0,2,4,1,4,93.1,5
PY40,CYBERJAYA CITY CENTRE,PYL,12,1,1,0,1,0,0,9,44.09,3
KJ23,TAMAN BAHAGIA,KJ,22,0,1,0,0,0,0,13,53.59,3
KG05,KWASA SENTRAL,MRT,2,1,0,0,0,0,0,14,39.21,3
PY27,KUCHAI,PYL,13,0,0,0,0,0,0,11,45.31,3
KG04,KWASA DAMANSARA,MRT,4,1,0,0,0,1,0,11,37.85,3
PY40,CYBERJAYA CITY CENTRE,PYL,17,1,0,0,1,0,0,11,39.73,3
KG12,PHILEO DAMANSARA,MRT,17,0,0,0,2,0,0,6,54.59,3
MR2,TUN SAMBANTHAN,MR,22,0,0,0,0,0,0,12,33.79,3
KJ9,AMPANG PARK,KJ,15,0,0,0,0,0,1,8,46.85,3
BRT5,SunU-Monash,BRT,16,0,0,0,1,0,0,8,39.97,3
KJ16,BANK RAKYAT BANGSAR,KJ,3,1,0,0,0,0,0,14,41.54,3
PY28,TAMAN NAGA EMAS,PYL,5,0,0,0,0,0,1,11,44.4,3
PY34,UPM,PYL,12,0,1,0,0,0,0,8,49.91,3
AG10,PUDU,AG,16,1,0,0,1,0,0,12,35.41,3
PY39,CYBERJAYA UTARA,PYL,4,0,0,0,0,0,0,16,47.24,3
KJ12,DANG WANGI,KJ,3,1,0,0,0,0,0,10,28.23,2
MR5,IMBI,MR,18,1,0,0,1,0,0,12,37.51,3
KG09,BANDAR UTAMA,MRT,20,0,0,0,0,3,1,15,82.91,5
MR8,BUKIT NANAS,MR,20,0,0,0,0,0,0,10,42.35,3
SP29,PUCHONG PRIMA,PH,14,0,0,0,0,0,0,9,35.18,3
KG06,KOTA DAMANSARA,MRT,18,1,0,0,1,0,0,7,28.61,2
PY27,KUCHAI,PYL,3,0,0,0,0,0,0,10,49.93,3
AG10,PUDU,AG,21,0,0,0,0,0,0,15,42.48,3
KG27,TAMAN SUNTEX,MRT,21,0,0,0,0,0,0,13,47.62,3
KJ9,AMPANG PARK,KJ,17,0,0,0,2,0,0,4,50.71,3
KJ26,ARA DAMANSARA,KJ,1,0,0,0,0,0,0,10,30.4,2
KG31,BUKIT DUKUNG,MRT,21,0,0,0,0,0,0,16,52.22,3
KG12,PHILEO DAMANSARA,MRT,17,0,0,0,2,0,0,5,47.71,3
KG06,KOTA DAMANSARA,MRT,5,0,1,0,0,0,0,16,60.64,4
AG5,SULTAN ISMAIL,AG,19,0,0,0,0,0,0,10,34.0,3
KJ26,ARA DAMANSARA,KJ,3,0,0,0,0,0,0,18,45.07,3
KJ25,LEMBAH SUBANG,KJ,2,0,1,0,0,0,0,16,59.58,4
KG05,KWASA SENTRAL,MRT,13,0,1,0,0,0,1,8,49.49,3
KG13,PUSAT BANDAR DAMANSARA,MRT,4,1,0,0,0,0,0,13,28.18,2
KG33,SUNGAI JERNIH,MRT,4,0,0,0,0,0,0,15,55.8,3
KJ11,KAMPUNG BARU - CBP COOPBANK PERTAMA,KJ,16,1,1,0,1,0,0,7,34.44,3
KJ22,TAMAN PARAMOUNT,KJ,21,0,0,0,0,0,0,10,39.02,3
AG1,SENTUL TIMUR,AG,19,0,0,0,0,0,0,11,40.41,3
KG28,SRI RAYA,MRT,14,0,0,0,0,0,0,7,43.23,3
KG13,PUSAT BANDAR DAMANSARA,MRT,18,1,0,0,1,0,0,9,31.18,2
KJ24,KELANA JAYA,KJ,17,0,0,0,3,0,0,3,63.21,4
KG29,BANDAR TUN HUSSEIN ONN,MRT,15,0,1,0,0,0,1,9,46.01,3
PY21,PERSIARAN KLCC,PYL,23,0,0,0,0,3,0,11,57.58,3
KJ19,UNIVERSITI,KJ,12,0,0,0,0,0,0,7,34.91,3
AG9,HANG TUAH,AG,16,0,0,0,1,4,0,7,66.27,4
KJ24,KELANA JAYA,KJ,1,0,1,0,0,0,0,13,58.41,4
MR9,MEDAN TUANKU,MR,12,1,0,0,1,0,0,11,39.51,3
MR6,BUKIT BINTANG,MR,17,1,0,0,1,3,2,8,69.6,4
KJ10,KLCC,KJ,5,0,0,0,0,3,0,18,73.08,4
PY38,16 SIERRA,PYL,20,0,1,0,0,0,0,14,44.39,3
KJ12,DANG WANGI,KJ,12,0,0,0,0,0,0,9,43.47,3
KJ23,TAMAN BAHAGIA,KJ,4,0,0,0,0,0,1,13,58.15,4
AG1,SENTUL TIMUR,AG,18,0,0,0,3,0,0,4,70.26,4
SP11,CHAN SOW LIN,PH,1,0,0,0,0,1,0,10,52.66,3
AG11,CHAN SOW LIN,AG,18,1,0,0,1,1,0,9,44.32,3
PY41,PUTRAJAYA SENTRAL,PYL,2,0,0,0,0,0,0,15,47.57,3
SP31,PUTRA HEIGHTS,PH,12,0,0,0,0,1,0,9,49.04,3
SP4,PWTC,PH,17,0,0,0,3,0,0,5,62.69,4
PY22,CONLAY,PYL,14,0,0,0,0,0,0,8,33.09,3
PY27,KUCHAI,PYL,0,1,0,0,0,0,0,11,38.77,3
SP26,TAMAN PERINDUSTRIAN PUCHONG,PH,3,0,1,0,0,0,0,16,48.2,3
PY38,16 SIERRA,PYL,5,0,1,0,0,0,0,10,44.27,3
SP7,MASJID JAMEK,PH,4,0,1,0,0,4,0,12,80.59,4
SP24,IOI PUCHONG JAYA,PH,5,1,1,0,0,0,0,15,39.53,3
BRT4,SUNMED,BRT,1,0,0,0,0,0,0,12,40.27,3
PY22,CONLAY,PYL,22,0,0,0,0,0,0,14,43.23,3
AG3,TITIWANGSA,AG,12,0,1,0,0,4,0,10,58.22,4
KJ12,DANG WANGI,KJ,22,0,0,0,0,0,0,14,45.46,3
MR6,BUKIT BINTANG,MR,2,0,1,0,0,3,0,11,69.96,4
KJ26,ARA DAMANSARA,KJ,3,0,0,0,0,0,0,11,39.56,3
SP25,PUSAT BANDAR PUCHONG,PH,0,0,0,0,0,0,0,16,41.5,3
KJ30,SS 18,KJ,20,0,0,0,0,0,0,17,55.22,3
KJ21,ASIA JAYA,KJ,3,0,1,0,0,0,1,12,62.38,4
KG17,MERDEKA,MRT,1,0,0,0,0,1,0,13,62.95,4
KG07,SURIAN,MRT,16,0,1,0,1,0,0,8,50.42,3
MR6,BUKIT BINTANG,MR,19,0,0,0,2,3,1,8,92.02,5
SP5,SULTAN ISMAIL,PH,1,0,0,0,0,0,0,16,50.19,3
PY29,SUNGAI BESI,PYL,12,0,0,0,0,1,0,10,40.84,3
PY07,SRI DAMANSARA SENTRAL,PYL,22,0,1,0,0,0,0,11,56.14,3
AG13,MALURI,AG,12,0,0,0,0,1,0,7,46.51,3
MR10,CHOW KIT,MR,1,0,0,0,0,0,0,18,53.52,3
PY07,SRI DAMANSARA SENTRAL,PYL,23,0,1,0,0,0,0,10,54.02,3
KG16,PASAR SENI,MRT,5,0,0,0,0,4,0,15,72.26,4
SP19,AWAN BESAR,PH,14,0,0,0,0,0,0,8,32.85,3
BRT3,SUNWAY LAGOON,BRT,4,0,0,0,0,0,0,12,43.65,3
PY20,AMPANG PARK,PYL,1,0,0,0,0,0,1,13,50.92,3
KJ5,SETIAWANGSA,KJ,5,0,1,0,0,0,0,10,45.64,3
KG25,TAMAN MUTIARA,MRT,1,1,0,0,0,0,0,13,37.14,3
KJ20,TAMAN JAYA,KJ,13,0,0,0,0,0,0,8,33.92,3
BRT6,SOUTH QUAY-USJ 1,BRT,17,0,0,0,3,0,0,6,51.79,3
KG28,SRI RAYA,MRT,12,1,0,0,1,0,0,10,42.57,3
SP7,MASJID JAMEK,PH,17,0,1,0,3,4,1,5,100.0,5
KG06,KOTA DAMANSARA,MRT,3,0,0,0,0,0,0,10,39.4,3
KG22,MALURI,MRT,2,0,1,0,0,1,0,12,56.08,3
KG33,SUNGAI JERNIH,MRT,4,0,1,0,0,0,1,14,59.65,4
PY23,TUN RAZAK EXCHANGE,PYL,4,0,1,0,0,4,0,12,77.12,4
MR9,MEDAN TUANKU,MR,23,1,0,0,0,0,0,12,32.83,3
BRT7,USJ7,BRT,16,1,0,0,1,1,0,9,28.44,2
MR5,IMBI,MR,4,0,1,0,0,0,0,11,46.05,3
BRT6,SOUTH QUAY-USJ 1,BRT,22,1,1,0,0,0,0,12,28.09,2
KG22,MALURI,MRT,13,1,0,0,1,1,0,9,43.27,3
KG13,PUSAT BANDAR DAMANSARA,MRT,20,1,0,0,1,0,1,7,43.11,3
MR7,RAJA CHULAN,MR,23,0,0,0,0,0,1,17,54.37,3
AG12,MIHARJA,AG,20,0,0,0,0,0,0,11,38.39,3
PY16,SENTUL BARAT,PYL,0,0,0,0,0,0,0,14,49.23,3
BRT5,SunU-Monash,BRT,0,1,0,0,0,0,0,17,45.18,3
PY13,KAMPUNG BATU,PYL,1,0,0,0,0,0,0,12,46.99,3
PY01,KWASA DAMANSARA,PYL,1,0,0,0,0,1,0,12,48.54,3
PY05,DAMANSARA DAMAI,PYL,15,1,0,0,1,0,1,7,41.81,3
SP7,MASJID JAMEK,PH,22,1,0,0,0,4,0,11,54.31,3
KG21,COCHRANE,MRT,17,0,1,0,2,0,0,5,59.09,4
KJ8,DAMAI,KJ,15,0,0,0,0,0,0,7,32.66,3
KG06,KOTA DAMANSARA,MRT,17,0,0,0,2,0,0,4,51.37,3
SP25,PUSAT BANDAR PUCHONG,PH,23,0,0,0,0,0,0,17,42.18,3
KG20,TUN RAZAK EXCHANGE,MRT,1,0,1,0,0,4,0,14,77.14,4
AG7,MASJID JAMEK,AG,18,1,0,0,1,4,1,7,62.31,4
AG14,PANDAN JAYA,AG,16,0,1,0,2,0,0,5,53.69,3
PY03,KAMPUNG SELAMAT,PYL,20,0,0,0,0,0,0,14,42.94,3
KJ20,TAMAN JAYA,KJ,4,1,0,0,0,0,0,14,31.65,2
KJ8,DAMAI,KJ,16,1,0,0,1,0,0,8,39.26,3
PY11,JINJANG,PYL,17,0,1,0,2,0,0,5,52.18,3
SP19,AWAN BESAR,PH,1,1,0,0,0,0,0,15,29.94,2
PY17,TITIWANGSA,PYL,1,0,0,0,0,4,0,15,76.66,4
PY37,PUTRA PERMAI,PYL,5,1,0,0,0,0,0,15,30.29,2
SP19,AWAN BESAR,PH,4,0,0,0,0,0,0,18,54.94,3
SP24,IOI PUCHONG JAYA,PH,23,0,1,0,0,0,0,10,37.7,3
MR11,TITIWANGSA,MR,20,0,0,0,0,4,1,11,72.39,4
SP9,HANG TUAH,PH,16,0,0,0,2,4,1,7,89.63,5
KJ4,SRI RAMPAI,KJ,0,0,0,0,0,0,0,12,41.43,3
MR5,IMBI,MR,16,1,0,0,1,0,0,8,31.75,2
KG05,KWASA SENTRAL,MRT,5,0,0,0,0,0,0,15,52.32,3
SP10,PUDU,PH,15,0,0,0,0,0,0,9,41.92,3
KJ1,GOMBAK,KJ,15,1,0,0,1,0,0,10,34.31,3
KJ8,DAMAI,KJ,15,0,0,0,0,0,0,10,37.28,3
MR3,MAHARAJALELA,MR,22,0,0,0,0,0,0,14,37.27,3
PY06,SRI DAMANSARA BARAT,PYL,23,0,0,0,0,0,0,10,37.46,3
MR3,MAHARAJALELA,MR,13,0,0,0,0,0,0,9,34.79,3
PY10,KEPONG BARU,PYL,12,0,1,0,0,0,0,7,39.81,3
SP18,SRI PETALING,PH,1,0,0,0,0,0,0,16,51.44,3
PY36,TAMAN EQUINE,PYL,16,0,1,0,2,0,0,4,64.31,4
MR8,BUKIT NANAS,MR,21,0,0,0,0,0,1,13,48.33,3
AG15,PANDAN INDAH,AG,5,0,0,0,0,0,0,18,58.81,4
BRT3,SUNWAY LAGOON,BRT,17,0,0,0,3,0,0,7,67.34,4
MR1,KL SENTRAL,MR,22,0,0,0,0,4,0,18,84.6,5
MR4,HANG TUAH,MR,21,1,1,0,1,4,1,9,69.67,4
SP6,BANDARAYA - UOB,PH,2,0,0,0,0,0,0,11,39.62,3
KJ21,ASIA JAYA,KJ,0,1,1,0,0,0,0,13,39.31,3
PY27,KUCHAI,PYL,5,0,1,0,0,0,1,10,57.9,3
PY07,SRI DAMANSARA SENTRAL,PYL,19,0,0,0,2,0,0,5,54.39,3
KG26,TAMAN CONNAUGHT,MRT,4,0,0,0,0,0,1,13,63.75,4
SP24,IOI PUCHONG JAYA,PH,5,0,0,0,0,0,0,11,31.73,2
AG16,CEMPAKA,AG,5,0,0,0,0,0,0,15,46.55,3
KJ10,KLCC,KJ,19,0,1,0,0,3,1,8,65.68,4
PY23,TUN RAZAK EXCHANGE,PYL,3,0,0,0,0,4,0,13,72.85,4
PY28,TAMAN NAGA EMAS,PYL,13,0,0,0,0,0,0,8,32.07,3
KJ25,LEMBAH SUBANG,KJ,2,1,0,0,0,0,0,12,40.34,3
PY24,CHAN SOW LIN,PYL,15,0,0,0,0,1,0,9,51.63,3
SP26,TAMAN PERINDUSTRIAN PUCHONG,PH,16,1,0,0,1,0,0,12,38.19,3
PY15,JALAN IPOH,PYL,4,0,1,0,0,0,0,14,58.67,4
SP8,PLAZA RAKYAT,PH,18,0,1,0,2,1,0,6,75.89,4
KG28,SRI RAYA,MRT,22,0,1,0,0,0,0,11,57.4,3
KG10,TAMAN TUN DR ISMAIL,MRT,19,1,1,0,1,0,0,10,38.67,3
KJ35,ALAM MEGAH,KJ,22,0,1,1,0,0,0,13,51.47,3
KG05,KWASA SENTRAL,MRT,21,1,0,0,1,0,0,7,32.14,3
SP8,PLAZA RAKYAT,PH,16,0,0,0,2,1,0,4,70.03,4
PY29,SUNGAI BESI,PYL,21,0,1,0,0,1,0,14,56.47,3
MR6,BUKIT BINTANG,MR,5,1,1,0,0,3,0,10,55.72,3
KJ26,ARA DAMANSARA,KJ,17,0,0,0,3,0,0,3,55.37,3
AG13,MALURI,AG,14,1,0,0,1,1,0,9,39.75,3
KJ7,DATO' KERAMAT,KJ,3,1,0,0,0,0,0,10,27.93,2
PY16,SENTUL BARAT,PYL,2,0,0,0,0,0,0,10,40.64,3
AG11,CHAN SOW LIN,AG,2,0,0,0,0,1,0,13,47.5,3
KG29,BANDAR TUN HUSSEIN ONN,MRT,18,1,0,0,1,0,1,7,32.0,2
AG3,TITIWANGSA,AG,4,0,1,0,0,4,0,16,70.3,4
KG24,TAMAN MIDAH,MRT,1,0,0,0,0,0,0,16,49.28,3
SP2,SENTUL,PH,16,1,0,0,1,0,0,11,31.81,2
PY22,CONLAY,PYL,14,1,0,0,1,0,0,8,28.12,2
KJ29,SS 15,KJ,3,0,0,0,0,2,0,13,56.75,3
BRT2,MENTARI,BRT,4,0,1,0,0,0,0,16,49.88,3
KG05,KWASA SENTRAL,MRT,23,1,0,0,0,0,0,16,37.73,3
KJ32,TAIPAN,KJ,15,0,1,0,0,0,0,8,42.99,3
MR11,TITIWANGSA,MR,15,1,0,0,1,4,1,11,68.28,4
KJ25,LEMBAH SUBANG,KJ,0,0,0,0,0,0,0,11,44.07,3
KG06,KOTA DAMANSARA,MRT,2,0,1,0,0,0,0,12,46.89,3
PY39,CYBERJAYA UTARA,PYL,18,1,1,0,1,0,0,9,35.71,3
KG18A,BUKIT BINTANG,MRT,13,1,0,0,1,3,2,9,82.3,5
AG4,PWTC,AG,17,0,0,0,2,0,0,5,45.03,3
SP22,KINRARA,PH,13,1,0,0,1,0,0,12,38.9,3
KJ18,KERINCHI,KJ,22,1,1,0,0,0,0,14,33.59,3
PY40,CYBERJAYA CITY CENTRE,PYL,21,0,0,0,0,0,0,13,44.12,3
KG04,KWASA DAMANSARA,MRT,21,1,1,0,1,1,0,9,51.17,3
SP22,KINRARA,PH,5,1,1,0,0,0,0,17,52.79,3
KJ16,BANK RAKYAT BANGSAR,KJ,19,1,1,0,1,0,0,10,44.22,3
AG12,MIHARJA,AG,14,1,0,0,1,0,0,9,34.61,3
KG24,TAMAN MIDAH,MRT,5,1,0,0,0,0,0,10,29.88,2
KJ18,KERINCHI,KJ,2,0,0,0,0,0,0,14,45.55,3
PY38,16 SIERRA,PYL,0,1,1,0,0,0,0,12,35.64,3
KJ4,SRI RAMPAI,KJ,14,1,0,0,1,0,0,10,30.94,2
PY17,TITIWANGSA,PYL,18,1,0,0,1,4,1,11,80.24,4
KJ23,TAMAN BAHAGIA,KJ,13,0,0,0,0,0,0,10,46.96,3
KG16,PASAR SENI,MRT,14,0,1,0,0,4,0,10,71.79,4
BRT5,SunU-Monash,BRT,17,0,1,0,2,0,0,9,70.87,4
PY38,16 SIERRA,PYL,21,1,0,0,1,0,0,10,31.89,2
KJ24,KELANA JAYA,KJ,23,0,0,0,0,0,0,11,45.73,3
PY16,SENTUL BARAT,PYL,18,0,1,0,2,0,0,5,62.06,4
KG18A,BUKIT BINTANG,MRT,20,0,0,0,0,3,1,13,78.68,4
KJ29,SS 15,KJ,15,1,1,0,1,2,0,7,41.53,3
KJ31,USJ 7,KJ,16,1,0,0,1,1,0,9,42.78,3
KJ26,ARA DAMANSARA,KJ,13,0,0,0,0,0,0,7,30.53,2
KG16,PASAR SENI,MRT,23,0,0,0,0,4,0,11,64.32,4
KJ9,AMPANG PARK,KJ,17,0,0,0,3,0,0,4,70.8,4
SP22,KINRARA,PH,0,0,0,0,0,0,0,12,49.23,3
KG33,SUNGAI JERNIH,MRT,1,0,0,0,0,0,0,10,39.97,3
SP31,PUTRA HEIGHTS,PH,12,0,0,0,0,1,0,10,49.76,3
PY38,16 SIERRA,PYL,19,1,0,0,1,0,0,10,29.54,2
PY19,RAJA UDA,PYL,16,0,1,0,2,0,0,7,52.28,3
KG15,MUZIUM NEGARA,MRT,20,1,1,0,1,0,0,8,41.61,3
SP15,BANDAR TASIK SELATAN,PH,20,1,0,0,1,2,0,10,42.7,3
PY18,HOSPITAL KUALA LUMPUR,PYL,13,0,0,0,0,0,0,9,47.3,3
SP9,HANG TUAH,PH,19,0,1,0,2,4,1,7,97.31,5
AG7,MASJID JAMEK,AG,13,1,0,0,1,4,1,11,68.84,4
PY28,TAMAN NAGA EMAS,PYL,22,0,0,0,0,0,0,12,38.68,3
AG10,PUDU,AG,14,0,0,0,0,0,0,7,25.33,2
KG09,BANDAR UTAMA,MRT,2,0,1,0,0,3,0,16,80.46,4
MR8,BUKIT NANAS,MR,2,0,0,0,0,0,1,13,55.82,3
SP10,PUDU,PH,15,0,0,0,0,0,0,8,37.96,3
KG28,SRI RAYA,MRT,22,0,0,0,0,0,0,11,48.36,3
KJ28,SUBANG JAYA,KJ,2,1,0,0,0,0,0,16,33.86,3
KG06,KOTA DAMANSARA,MRT,16,0,0,0,1,0,0,10,46.2,3
MR7,RAJA CHULAN,MR,20,1,0,0,1,0,0,12,35.84,3
KJ9,AMPANG PARK,KJ,15,0,0,0,0,0,0,8,38.38,3
PY31,SERDANG RAYA UTARA,PYL,18,0,0,0,3,0,0,4,59.74,4
KG18A,BUKIT BINTANG,MRT,19,0,0,0,0,3,1,9,76.45,4
KJ30,SS 18,KJ,17,0,0,0,3,0,0,4,68.83,4
SP26,TAMAN PERINDUSTRIAN PUCHONG,PH,0,0,0,0,0,0,0,18,47.39,3
KJ35,ALAM MEGAH,KJ,18,0,0,0,3,0,0,3,52.3,3
KG21,COCHRANE,MRT,2,1,1,0,0,0,1,13,45.04,3
KJ14,PASAR SENI,KJ,22,1,0,0,0,4,0,16,68.76,4
PY07,SRI DAMANSARA SENTRAL,PYL,3,0,0,0,0,0,0,16,56.7,3
PY13,KAMPUNG BATU,PYL,18,0,0,0,3,0,0,4,61.21,4
PY15,JALAN IPOH,PYL,1,0,0,0,0,0,0,12,45.71,3
KJ27,CGC GLENMARIE,KJ,23,1,1,0,0,0,0,13,30.26,2
AG15,PANDAN INDAH,AG,2,0,1,0,0,0,0,10,44.8,3
PY04,SUNGAI BULOH,PYL,12,0,1,0,0,0,0,11,47.56,3
KG35,KAJANG,MRT,14,0,0,0,0,0,0,8,43.82,3
PY12,SRI DELIMA,PYL,17,0,1,0,2,0,0,6,55.41,3
PY29,SUNGAI BESI,PYL,4,1,0,0,0,1,0,16,48.21,3
KJ19,UNIVERSITI,KJ,18,1,0,0,1,0,0,9,26.15,2
SP18,SRI PETALING,PH,13,0,0,0,0,0,0,11,33.97,3
KG07,SURIAN,MRT,14,0,0,0,0,0,0,7,33.12,3
PY07,SRI DAMANSARA SENTRAL,PYL,23,0,0,0,0,0,0,11,45.67,3
KJ37,PUTRA HEIGHTS,KJ,4,0,0,0,0,1,0,10,44.66,3
BRT1,SUNWAY-SETIA JAYA,BRT,3,0,0,0,0,0,1,14,53.43,3
KG05,KWASA SENTRAL,MRT,14,0,1,0,0,0,0,10,44.83,3
KJ13,MASJID JAMEK,KJ,4,1,0,0,0,4,0,18,69.68,4
MR5,IMBI,MR,5,0,0,0,0,0,0,16,47.15,3
PY10,KEPONG BARU,PYL,16,0,1,0,1,0,0,11,56.83,3
MR2,TUN SAMBANTHAN,MR,23,0,0,0,0,0,0,13,32.12,3
AG11,CHAN SOW LIN,AG,16,1,0,0,1,1,0,11,43.88,3
AG12,MIHARJA,AG,22,0,1,0,0,0,0,17,52.01,3
AG3,TITIWANGSA,AG,18,0,0,0,3,4,1,5,98.1,5
MR9,MEDAN TUANKU,MR,2,0,1,0,0,0,0,18,56.66,3
MR1,KL SENTRAL,MR,22,0,0,0,0,4,1,18,88.13,5
KJ17,ABDULLAH HUKUM,KJ,21,0,0,0,0,3,1,10,59.27,4
PY05,DAMANSARA DAMAI,PYL,14,0,1,0,0,0,0,11,46.11,3
SP12,CHERAS,PH,2,0,0,0,0,0,0,10,47.38,3
PY12,SRI DELIMA,PYL,15,0,1,0,0,0,0,9,40.58,3
MR6,BUKIT BINTANG,MR,3,0,1,0,0,3,0,17,71.39,4
MR5,IMBI,MR,15,1,1,0,1,0,0,11,38.52,3
KJ31,USJ 7,KJ,12,0,0,0,0,1,0,9,54.63,3
KJ21,ASIA JAYA,KJ,23,0,1,0,0,0,0,16,61.46,4
AG6,BANDARAYA - UOB,AG,2,0,0,0,0,0,0,14,46.19,3
PY40,CYBERJAYA CITY CENTRE,PYL,16,0,0,0,1,0,0,9,42.63,3
MR5,IMBI,MR,22,0,0,0,0,0,0,14,37.46,3
KJ18,KERINCHI,KJ,12,1,0,0,1,0,0,9,27.82,2
KJ19,UNIVERSITI,KJ,5,1,0,0,0,0,0,14,34.88,3
PY13,KAMPUNG BATU,PYL,5,0,1,0,0,0,0,12,49.2,3
SP13,SALAK SELATAN,PH,16,0,0,0,2,0,0,6,63.13,4
PY12,SRI DELIMA,PYL,21,0,0,0,0,0,0,13,40.27,3
SP4,PWTC,PH,1,1,0,0,0,0,0,11,30.35,2
KG28,SRI RAYA,MRT,13,0,0,0,0,0,0,8,38.81,3
KJ20,TAMAN JAYA,KJ,5,0,0,0,0,0,0,18,56.38,3
SP24,IOI PUCHONG JAYA,PH,18,0,1,0,2,0,0,4,47.57,3
KJ36,SUBANG ALAM,KJ,18,0,0,0,3,0,0,4,61.96,4
KG16,PASAR SENI,MRT,19,0,0,0,2,4,1,5,100.0,5
MR3,MAHARAJALELA,MR,20,0,1,0,0,0,0,14,49.5,3
SP21,ALAM SUTERA,PH,2,0,1,0,0,0,0,18,65.83,4
KJ7,DATO' KERAMAT,KJ,23,1,0,0,0,0,0,12,31.41,2
SP9,HANG TUAH,PH,3,0,0,0,0,4,0,18,72.54,4
PY41,PUTRAJAYA SENTRAL,PYL,2,1,0,0,0,0,0,14,35.92,3
PY38,16 SIERRA,PYL,15,0,1,0,0,0,0,9,43.31,3
KJ37,PUTRA HEIGHTS,KJ,18,0,0,0,2,1,0,4,61.33,4
PY13,KAMPUNG BATU,PYL,16,0,1,0,2,0,0,4,61.15,4
PY23,TUN RAZAK EXCHANGE,PYL,22,1,0,0,0,4,0,16,67.07,4
KG12,PHILEO DAMANSARA,MRT,12,0,0,0,0,0,0,8,35.86,3
KJ27,CGC GLENMARIE,KJ,19,1,1,0,1,0,0,8,34.16,3
SP4,PWTC,PH,23,1,1,0,0,0,0,12,32.81,3
KJ21,ASIA JAYA,KJ,12,0,0,0,0,0,0,8,41.09,3
PY10,KEPONG BARU,PYL,0,0,1,0,0,0,0,13,51.64,3
KJ9,AMPANG PARK,KJ,17,0,0,0,2,0,0,4,52.97,3
KJ5,SETIAWANGSA,KJ,2,0,1,0,0,0,0,15,58.1,4
PY04,SUNGAI BULOH,PYL,15,0,0,0,0,0,0,10,41.8,3
KG27,TAMAN SUNTEX,MRT,13,1,1,0,1,0,0,9,47.54,3
PY16,SENTUL BARAT,PYL,19,0,1,0,0,0,0,9,52.05,3
BRT7,USJ7,BRT,20,1,0,0,1,1,0,12,39.4,3
PY09,METRO PRIMA,PYL,19,1,0,0,1,0,0,8,33.62,3
KG35,KAJANG,MRT,13,0,0,0,0,0,0,7,37.47,3
KG23,TAMAN PERTAMA,MRT,20,1,0,0,1,0,0,8,31.08,2
KJ20,TAMAN JAYA,KJ,2,0,1,0,0,0,0,11,44.67,3
PY33,SERDANG JAYA,PYL,0,0,0,0,0,0,0,14,49.78,3
KG30,BATU 11 CHERAS,MRT,14,1,0,0,1,0,0,9,37.02,3
SP17,BUKIT JALIL,PH,15,0,1,0,0,2,0,7,50.16,3
KG09,BANDAR UTAMA,MRT,16,1,1,0,1,3,2,9,89.12,5
KG08,MUTIARA DAMANSARA,MRT,3,0,0,0,0,0,0,12,44.57,3
KJ4,SRI RAMPAI,KJ,15,1,0,0,1,0,0,7,30.07,2
KJ33,WAWASAN,KJ,4,1,1,0,0,0,0,18,51.18,3
SP13,SALAK SELATAN,PH,4,0,0,0,0,0,0,16,58.32,4
KJ11,KAMPUNG BARU - CBP COOPBANK PERTAMA,KJ,23,0,0,0,0,0,0,12,45.74,3
KJ26,ARA DAMANSARA,KJ,23,0,0,0,0,0,1,13,43.23,3
AG9,HANG TUAH,AG,12,0,1,0,0,4,0,10,70.88,4
SP28,PUCHONG PERDANA,PH,22,0,0,0,0,0,0,12,45.18,3
KJ14,PASAR SENI,KJ,20,1,0,0,1,4,1,10,78.38,4
SP10,PUDU,PH,20,0,1,0,0,0,1,14,61.6,4
PY14,KENTOMEN,PYL,22,0,0,0,0,0,0,12,46.21,3
KJ7,DATO' KERAMAT,KJ,17,0,1,0,2,0,0,5,61.01,4
KJ15,KL SENTRAL - REDONE,KJ,20,0,0,0,0,4,1,16,84.01,5
KJ35,ALAM MEGAH,KJ,19,0,0,0,0,0,0,10,31.41,2
AG5,SULTAN ISMAIL,AG,14,0,1,0,0,0,0,7,32.89,3
PY04,SUNGAI BULOH,PYL,0,0,1,0,0,0,0,14,54.11,3
KG13,PUSAT BANDAR DAMANSARA,MRT,12,1,0,0,1,0,0,10,31.5,2
KJ4,SRI RAMPAI,KJ,18,0,0,0,3,0,0,3,60.79,4
MR10,CHOW KIT,MR,23,0,0,0,0,0,0,13,37.7,3
KG22,MALURI,MRT,18,0,0,0,2,1,0,4,67.2,4
AG18,AMPANG,AG,5,0,0,0,0,0,0,16,57.51,3
AG2,SENTUL,AG,20,0,1,0,0,0,0,13,50.54,3
KG10,TAMAN TUN DR ISMAIL,MRT,17,0,0,0,2,0,0,5,52.62,3
BRT2,MENTARI,BRT,13,0,0,0,0,0,0,8,27.75,2
SP1,SENTUL TIMUR,PH,1,0,0,0,0,0,0,13,44.11,3
KJ32,TAIPAN,KJ,19,0,0,0,0,0,0,9,41.19,3
KG04,KWASA DAMANSARA,MRT,14,0,0,0,0,1,0,10,50.21,3
PY23,TUN RAZAK EXCHANGE,PYL,12,1,1,0,1,4,1,10,83.28,5
MR3,MAHARAJALELA,MR,12,0,1,0,0,0,0,8,33.37,3
KJ14,PASAR SENI,KJ,18,1,0,0,1,4,1,9,72.04,4
SP4,PWTC,PH,2,0,1,0,0,0,0,17,58.53,4
BRT4,SUNMED,BRT,17,0,0,0,2,0,0,7,50.79,3
PY28,TAMAN NAGA EMAS,PYL,16,0,0,0,2,0,0,4,43.21,3
SP15,BANDAR TASIK SELATAN,PH,16,0,1,0,1,2,0,11,65.75,4
SP10,PUDU,PH,19,1,1,0,1,0,0,10,42.34,3
BRT3,SUNWAY LAGOON,BRT,2,0,0,0,0,0,0,10,34.02,3
KG10,TAMAN TUN DR ISMAIL,MRT,23,1,0,0,0,0,0,13,29.35,2
SP31,PUTRA HEIGHTS,PH,13,0,1,0,0,1,0,10,58.79,4
KJ29,SS 15,KJ,16,1,0,0,1,2,0,9,43.82,3
SP28,PUCHONG PERDANA,PH,18,1,0,0,1,0,0,11,37.45,3
SP28,PUCHONG PERDANA,PH,18,1,0,0,1,0,0,8,34.56,3
KG14,SEMANTAN,MRT,13,1,0,0,1,0,0,10,33.59,3
PY20,AMPANG PARK,PYL,5,1,0,0,0,0,0,10,25.78,2
KJ37,PUTRA HEIGHTS,KJ,4,0,0,0,0,1,0,15,56.56,3
KJ12,DANG WANGI,KJ,5,1,1,0,0,0,0,16,46.64,3
KJ31,USJ 7,KJ,17,0,1,0,2,1,0,6,72.03,4
SP21,ALAM SUTERA,PH,2,0,1,0,0,0,0,11,46.67,3
PY37,PUTRA PERMAI,PYL,17,0,0,0,3,0,0,5,63.47,4
SP28,PUCHONG PERDANA,PH,14,1,1,0,1,0,0,8,32.11,3
SP28,PUCHONG PERDANA,PH,1,0,0,0,0,0,0,11,43.56,3
AG5,SULTAN ISMAIL,AG,13,0,0,0,0,0,0,9,30.43,2
KG09,BANDAR UTAMA,MRT,12,0,0,0,0,3,0,10,62.15,4
PY37,PUTRA PERMAI,PYL,13,0,0,0,0,0,0,8,34.65,3
KJ25,LEMBAH SUBANG,KJ,1,0,0,0,0,0,0,14,54.85,3
SP13,SALAK SELATAN,PH,16,0,0,1,1,0,0,9,59.55,4
KJ7,DATO' KERAMAT,KJ,16,0,0,0,2,0,0,4,51.02,3
KG26,TAMAN CONNAUGHT,MRT,5,0,0,0,0,0,0,10,45.26,3
KJ37,PUTRA HEIGHTS,KJ,18,0,1,0,3,1,0,4,73.74,4
KJ24,KELANA JAYA,KJ,14,0,1,0,0,0,0,9,46.54,3
AG6,BANDARAYA - UOB,AG,5,0,0,0,0,0,0,17,47.9,3
PY21,PERSIARAN KLCC,PYL,12,0,1,0,0,3,0,11,68.34,4
KG20,TUN RAZAK EXCHANGE,MRT,0,0,0,0,0,4,0,16,75.46,4
AG6,BANDARAYA - UOB,AG,4,0,1,0,0,0,0,13,48.35,3
AG13,MALURI,AG,19,1,0,0,1,1,0,11,47.82,3
MR11,TITIWANGSA,MR,5,0,0,0,0,4,0,10,55.25,3
PY31,SERDANG RAYA UTARA,PYL,21,0,1,0,0,0,0,14,49.99,3
PY32,SERDANG RAYA SELATAN,PYL,0,0,0,0,0,0,0,10,39.11,3
SP14,BANDAR TUN RAZAK,PH,2,1,0,0,0,0,0,11,22.26,2
PY18,HOSPITAL KUALA LUMPUR,PYL,2,0,1,0,0,0,0,11,51.78,3
SP31,PUTRA HEIGHTS,PH,0,1,1,0,0,1,0,17,56.21,3
KJ18,KERINCHI,KJ,23,0,0,0,0,0,0,10,33.79,3
KJ27,CGC GLENMARIE,KJ,21,1,0,0,1,0,0,8,25.13,2
KG33,SUNGAI JERNIH,MRT,20,1,0,0,1,0,0,10,36.55,3
MR11,TITIWANGSA,MR,13,0,0,0,0,4,0,9,53.17,3
SP2,SENTUL,PH,1,0,0,0,0,0,1,16,54.87,3
KJ27,CGC GLENMARIE,KJ,19,0,0,0,2,0,0,6,52.74,3
BRT6,SOUTH QUAY-USJ 1,BRT,23,0,1,0,0,0,0,11,35.77,3
SP4,PWTC,PH,14,0,0,0,0,0,0,11,39.58,3
SP20,MUHIBBAH,PH,4,0,0,0,0,0,0,10,37.99,3
PY21,PERSIARAN KLCC,PYL,19,1,0,0,1,3,2,9,71.86,4
PY19,RAJA UDA,PYL,0,0,1,0,0,0,0,13,46.14,3
PY11,JINJANG,PYL,17,0,0,0,3,0,0,5,63.41,4
PY23,TUN RAZAK EXCHANGE,PYL,17,0,1,0,3,4,1,4,100.0,5
PY32,SERDANG RAYA SELATAN,PYL,16,0,0,0,2,0,1,7,67.53,4
KG22,MALURI,MRT,0,1,0,0,0,1,0,15,51.03,3
KG31,BUKIT DUKUNG,MRT,1,1,0,0,0,0,0,10,32.3,3
KJ32,TAIPAN,KJ,1,0,0,0,0,0,0,17,51.01,3
KG17,MERDEKA,MRT,0,0,0,0,0,1,0,16,62.23,4
BRT6,SOUTH QUAY-USJ 1,BRT,22,1,0,0,0,0,0,15,19.85,2
KG21,COCHRANE,MRT,2,1,0,0,0,0,0,11,32.33,3
MR4,HANG TUAH,MR,15,1,1,0,1,4,1,11,71.29,4
KG14,SEMANTAN,MRT,19,0,0,0,2,0,0,5,54.77,3
PY40,CYBERJAYA CITY CENTRE,PYL,18,0,0,0,3,0,1,4,69.22,4
SP26,TAMAN PERINDUSTRIAN PUCHONG,PH,22,1,0,0,0,0,0,10,24.51,2
MR9,MEDAN TUANKU,MR,3,0,1,0,0,0,0,10,42.31,3
PY11,JINJANG,PYL,19,0,0,0,0,0,0,9,33.71,3
PY23,TUN RAZAK EXCHANGE,PYL,21,0,1,0,0,4,1,14,90.54,5
PY19,RAJA UDA,PYL,3,0,0,0,0,0,0,16,43.64,3
AG12,MIHARJA,AG,19,0,0,0,0,0,0,10,31.72,2
PY01,KWASA DAMANSARA,PYL,4,0,0,0,0,1,0,10,47.24,3
PY15,JALAN IPOH,PYL,18,1,0,0,1,0,0,11,44.72,3
KG07,SURIAN,MRT,0,1,0,0,0,0,0,15,36.0,3
AG10,PUDU,AG,21,1,0,0,1,0,0,10,29.55,2
PY18,HOSPITAL KUALA LUMPUR,PYL,4,1,0,0,0,0,0,10,37.69,3
MR2,TUN SAMBANTHAN,MR,16,0,0,0,2,0,0,5,44.23,3
KG26,TAMAN CONNAUGHT,MRT,18,0,1,0,2,0,0,6,60.56,4
KG07,SURIAN,MRT,4,0,0,0,0,0,0,10,43.55,3
KG12,PHILEO DAMANSARA,MRT,1,1,0,0,0,0,0,12,34.72,3
SP29,PUCHONG PRIMA,PH,13,0,0,0,0,0,0,9,32.58,3
SP26,TAMAN PERINDUSTRIAN PUCHONG,PH,2,1,0,0,0,0,0,15,36.67,3
KJ30,SS 18,KJ,17,0,1,0,3,0,0,3,73.57,4
PY10,KEPONG BARU,PYL,23,1,1,0,0,0,0,14,37.79,3
KJ17,ABDULLAH HUKUM,KJ,4,0,0,0,0,3,0,16,60.35,4
KG28,SRI RAYA,MRT,13,1,1,0,1,0,0,8,46.98,3
KJ23,TAMAN BAHAGIA,KJ,16,1,1,0,1,0,0,8,39.55,3
PY18,HOSPITAL KUALA LUMPUR,PYL,19,0,1,0,0,0,0,9,47.21,3
SP27,BANDAR PUTERI,PH,15,1,0,0,1,0,0,11,33.29,3
SP13,SALAK SELATAN,PH,19,1,0,0,1,0,0,8,35.82,3
PY29,SUNGAI BESI,PYL,12,0,1,0,0,1,0,10,46.32,3
SP17,BUKIT JALIL,PH,14,0,0,0,0,2,0,12,55.85,3
MR2,TUN SAMBANTHAN,MR,20,0,0,0,0,0,0,10,27.36,2
SP2,SENTUL,PH,18,1,0,0,1,0,1,7,38.71,3
KJ26,ARA DAMANSARA,KJ,14,1,0,0,1,0,0,10,30.87,2
KG10,TAMAN TUN DR ISMAIL,MRT,17,0,1,0,3,0,0,4,61.99,4
KG21,COCHRANE,MRT,17,1,0,0,1,0,0,10,38.4,3
KJ25,LEMBAH SUBANG,KJ,18,0,1,0,3,0,0,4,75.02,4
PY40,CYBERJAYA CITY CENTRE,PYL,22,1,0,0,0,0,0,12,34.66,3
PY15,JALAN IPOH,PYL,0,0,0,0,0,0,0,12,48.43,3
KG25,TAMAN MUTIARA,MRT,2,0,0,0,0,0,0,13,47.7,3
SP5,SULTAN ISMAIL,PH,22,0,0,0,0,0,0,11,43.0,3
PY04,SUNGAI BULOH,PYL,19,0,1,0,2,0,0,7,64.24,4
MR2,TUN SAMBANTHAN,MR,17,0,0,0,2,0,0,6,45.18,3
KJ16,BANK RAKYAT BANGSAR,KJ,14,1,0,0,1,0,0,8,36.13,3
AG16,CEMPAKA,AG,15,0,1,0,0,0,0,8,46.77,3
PY18,HOSPITAL KUALA LUMPUR,PYL,2,1,0,0,0,0,0,11,33.05,3
AG9,HANG TUAH,AG,4,0,0,0,0,4,0,17,79.22,4
BRT1,SUNWAY-SETIA JAYA,BRT,16,0,0,0,2,0,0,6,49.19,3
AG7,MASJID JAMEK,AG,17,0,0,0,2,4,1,6,91.39,5
PY33,SERDANG JAYA,PYL,15,0,0,0,0,0,0,9,42.98,3
SP19,AWAN BESAR,PH,2,0,1,0,0,0,0,15,49.22,3
KJ17,ABDULLAH HUKUM,KJ,14,0,1,0,0,3,0,7,51.98,3
PY27,KUCHAI,PYL,22,0,1,0,0,0,0,13,55.51,3
PY15,JALAN IPOH,PYL,21,0,1,0,0,0,0,11,46.48,3
KJ27,CGC GLENMARIE,KJ,22,0,0,0,0,0,0,14,40.27,3
KG21,COCHRANE,MRT,20,0,0,0,0,0,0,11,42.64,3
KG12,PHILEO DAMANSARA,MRT,20,0,0,0,0,0,0,10,41.91,3
SP2,SENTUL,PH,1,0,1,0,0,0,0,18,59.45,4
PY36,TAMAN EQUINE,PYL,14,0,0,0,0,0,1,8,52.07,3
PY31,SERDANG RAYA UTARA,PYL,13,0,0,0,0,0,0,8,39.91,3
PY23,TUN RAZAK EXCHANGE,PYL,14,1,0,0,1,4,1,7,68.02,4
KJ32,TAIPAN,KJ,22,0,1,0,0,0,0,11,52.7,3
MR1,KL SENTRAL,MR,15,1,0,0,1,4,1,12,84.38,5
KG33,SUNGAI JERNIH,MRT,4,0,0,0,0,0,1,14,53.87,3
SP12,CHERAS,PH,12,0,1,0,0,0,0,10,49.27,3
KJ18,KERINCHI,KJ,21,0,0,0,0,0,0,13,37.68,3
PY16,SENTUL BARAT,PYL,4,1,1,0,0,0,0,15,43.3,3
AG8,PLAZA RAKYAT,AG,1,0,0,0,0,1,0,13,54.06,3
SP19,AWAN BESAR,PH,15,0,0,0,0,0,0,9,38.9,3
BRT1,SUNWAY-SETIA JAYA,BRT,14,0,0,0,0,0,0,8,31.82,2
KJ10,KLCC,KJ,14,0,0,0,0,3,0,7,53.4,3
PY13,KAMPUNG BATU,PYL,23,1,0,0,0,0,0,13,38.12,3
KJ19,UNIVERSITI,KJ,16,0,1,0,1,0,0,9,48.47,3
PY34,UPM,PYL,20,1,0,0,1,0,0,9,39.38,3
PY31,SERDANG RAYA UTARA,PYL,15,0,0,0,0,0,1,10,43.87,3
PY33,SERDANG JAYA,PYL,14,0,1,0,0,0,0,9,42.35,3
PY13,KAMPUNG BATU,PYL,12,1,1,0,1,0,0,8,35.33,3
PY31,SERDANG RAYA UTARA,PYL,19,0,0,0,2,0,0,6,58.88,4
KG35,KAJANG,MRT,1,0,1,0,0,0,0,16,57.92,3
KG21,COCHRANE,MRT,0,1,0,0,0,0,1,15,45.35,3
PY06,SRI DAMANSARA BARAT,PYL,21,1,0,0,1,0,0,9,35.11,3
KJ31,USJ 7,KJ,18,1,0,0,1,1,0,10,48.83,3
PY06,SRI DAMANSARA BARAT,PYL,17,1,0,0,1,0,0,8,39.35,3
KJ24,KELANA JAYA,KJ,23,0,0,0,0,0,0,15,48.84,3
PY09,METRO PRIMA,PYL,17,0,0,0,3,0,0,4,70.18,4
PY12,SRI DELIMA,PYL,21,0,1,0,0,0,0,15,53.4,3
SP21,ALAM SUTERA,PH,4,0,0,0,0,0,0,17,52.7,3
SP26,TAMAN PERINDUSTRIAN PUCHONG,PH,17,0,1,0,3,0,0,5,66.78,4
PY12,SRI DELIMA,PYL,20,0,0,0,0,0,0,10,36.85,3
PY05,DAMANSARA DAMAI,PYL,1,0,1,0,0,0,0,11,49.42,3
PY12,SRI DELIMA,PYL,19,0,0,0,2,0,0,6,55.3,3
KG15,MUZIUM NEGARA,MRT,3,0,0,0,0,0,0,12,50.17,3
MR10,CHOW KIT,MR,15,0,0,1,0,0,0,11,39.48,3
MR10,CHOW KIT,MR,23,1,0,0,0,0,0,10,18.8,2
SP7,MASJID JAMEK,PH,16,0,0,0,2,4,1,4,98.93,5
PY34,UPM,PYL,5,0,0,0,0,0,0,14,54.33,3
KJ36,SUBANG ALAM,KJ,12,0,0,0,0,0,0,7,31.94,2
SP15,BANDAR TASIK SELATAN,PH,12,0,1,0,0,2,0,11,56.26,3
BRT5,SunU-Monash,BRT,15,0,0,0,0,0,0,8,38.87,3
PY10,KEPONG BARU,PYL,21,0,0,0,0,0,0,15,41.72,3
KJ37,PUTRA HEIGHTS,KJ,0,1,0,0,0,1,0,16,48.89,3
PY01,KWASA DAMANSARA,PYL,21,0,0,0,0,1,0,10,43.45,3
PY09,METRO PRIMA,PYL,21,0,1,0,0,0,0,12,55.72,3
KG33,SUNGAI JERNIH,MRT,18,1,0,0,1,0,0,8,31.29,2
KG17,MERDEKA,MRT,20,0,1,0,0,1,0,16,66.59,4
KG12,PHILEO DAMANSARA,MRT,18,0,0,0,2,0,0,4,51.18,3
KG33,SUNGAI JERNIH,MRT,0,0,0,0,0,0,0,11,46.52,3
AG15,PANDAN INDAH,AG,15,0,0,0,0,0,0,10,43.88,3
KG35,KAJANG,MRT,4,0,0,0,0,0,0,16,54.01,3
KG10,TAMAN TUN DR ISMAIL,MRT,0,0,0,0,0,0,0,10,32.63,3
KG35,KAJANG,MRT,14,1,0,0,1,0,0,9,37.75,3
KG35,KAJANG,MRT,13,0,0,0,0,0,0,10,39.56,3
MR5,IMBI,MR,16,0,0,0,2,0,0,7,55.46,3
AG8,PLAZA RAKYAT,AG,20,0,0,0,0,1,0,16,62.36,4
AG13,MALURI,AG,19,1,1,0,1,1,0,11,46.69,3
PY36,TAMAN EQUINE,PYL,1,0,0,0,0,0,0,14,56.02,3
KJ29,SS 15,KJ,16,0,1,0,1,2,0,8,64.22,4
KG27,TAMAN SUNTEX,MRT,2,0,1,0,0,0,0,12,54.24,3
MR3,MAHARAJALELA,MR,21,0,0,0,0,0,0,15,36.28,3
PY20,AMPANG PARK,PYL,1,0,0,0,0,0,0,16,49.19,3
PY38,16 SIERRA,PYL,0,0,1,0,0,0,0,10,40.2,3
AG8,PLAZA RAKYAT,AG,14,1,0,0,1,1,0,11,45.0,3
SP25,PUSAT BANDAR PUCHONG,PH,5,0,0,0,0,0,0,14,37.68,3
SP1,SENTUL TIMUR,PH,2,0,0,0,0,0,0,13,37.06,3
PY34,UPM,PYL,1,1,0,0,0,0,0,15,39.44,3
SP28,PUCHONG PERDANA,PH,22,0,1,0,0,0,0,14,49.29,3
PY18,HOSPITAL KUALA LUMPUR,PYL,13,1,0,0,1,0,0,8,36.48,3
MR3,MAHARAJALELA,MR,1,0,0,0,0,0,0,16,44.12,3
KG31,BUKIT DUKUNG,MRT,5,1,0,0,0,0,0,11,26.02,2
KJ35,ALAM MEGAH,KJ,14,1,0,0,1,0,0,10,29.32,2
KJ1,GOMBAK,KJ,21,0,0,0,0,0,0,18,52.44,3
KJ5,SETIAWANGSA,KJ,0,1,0,0,0,0,0,18,40.56,3
BRT7,USJ7,BRT,19,1,0,0,1,1,0,10,34.27,3
AG15,PANDAN INDAH,AG,1,0,1,0,0,0,0,11,44.2,3
KJ29,SS 15,KJ,18,0,0,0,2,2,0,4,69.26,4
PY32,SERDANG RAYA SELATAN,PYL,17,0,0,0,2,0,1,5,59.42,4
KJ11,KAMPUNG BARU - CBP COOPBANK PERTAMA,KJ,5,1,0,0,0,0,0,12,32.03,3
PY39,CYBERJAYA UTARA,PYL,4,0,0,0,0,0,0,15,49.67,3
PY39,CYBERJAYA UTARA,PYL,18,1,1,0,1,0,0,11,37.26,3
KG18A,BUKIT BINTANG,MRT,16,0,1,0,1,3,0,10,81.36,4
PY37,PUTRA PERMAI,PYL,14,0,0,0,0,0,0,9,27.0,2
KJ19,UNIVERSITI,KJ,12,0,0,0,0,0,0,7,26.39,2
PY05,DAMANSARA DAMAI,PYL,1,0,0,0,0,0,0,16,56.56,3
KJ17,ABDULLAH HUKUM,KJ,0,1,0,0,0,3,0,13,48.54,3
BRT1,SUNWAY-SETIA JAYA,BRT,21,1,0,0,1,0,0,13,37.26,3
KG18A,BUKIT BINTANG,MRT,15,0,0,0,0,3,0,7,62.37,4
PY37,PUTRA PERMAI,PYL,13,0,0,0,0,0,0,8,31.8,2
KJ3,WANGSA MAJU,KJ,2,0,0,0,0,2,0,11,53.8,3
KJ6,JELATEK,KJ,21,1,0,0,1,0,0,7,31.67,2
PY09,METRO PRIMA,PYL,0,0,0,0,0,0,0,13,53.78,3
KJ12,DANG WANGI,KJ,2,0,0,0,0,0,0,15,47.41,3
PY28,TAMAN NAGA EMAS,PYL,16,0,1,0,2,0,0,6,58.02,4
KJ24,KELANA JAYA,KJ,21,0,0,1,0,0,0,14,62.63,4
BRT4,SUNMED,BRT,2,1,0,0,0,0,0,17,36.41,3
PY11,JINJANG,PYL,21,1,0,0,1,0,0,10,34.01,3
SP15,BANDAR TASIK SELATAN,PH,13,0,0,0,0,2,0,11,42.88,3
SP7,MASJID JAMEK,PH,2,0,0,0,0,4,0,16,80.55,4
AG2,SENTUL,AG,15,0,0,0,0,0,0,7,42.8,3
SP31,PUTRA HEIGHTS,PH,16,0,0,0,1,1,0,8,54.44,3
KJ37,PUTRA HEIGHTS,KJ,20,0,0,0,0,1,0,17,62.29,4
KJ19,UNIVERSITI,KJ,18,0,0,0,2,0,0,5,52.04,3
KJ36,SUBANG ALAM,KJ,21,0,0,0,0,0,0,18,50.88,3
PY01,KWASA DAMANSARA,PYL,18,0,0,0,3,1,0,4,70.74,4
SP28,PUCHONG PERDANA,PH,22,0,0,0,0,0,0,11,40.99,3
KJ33,WAWASAN,KJ,14,0,1,0,0,0,0,9,52.36,3
PY24,CHAN SOW LIN,PYL,19,0,0,0,2,1,0,5,71.79,4
KJ35,ALAM MEGAH,KJ,2,1,0,0,0,0,0,18,34.16,3
SP14,BANDAR TUN RAZAK,PH,0,0,0,0,0,0,0,11,29.51,2
SP24,IOI PUCHONG JAYA,PH,17,0,1,0,2,0,0,6,52.77,3
MR6,BUKIT BINTANG,MR,20,0,0,0,0,3,1,13,71.43,4
AG2,SENTUL,AG,12,0,0,0,0,0,0,10,41.04,3
KJ11,KAMPUNG BARU - CBP COOPBANK PERTAMA,KJ,22,0,0,0,0,0,0,10,37.77,3
AG14,PANDAN JAYA,AG,14,0,0,0,0,0,0,11,37.72,3
KG28,SRI RAYA,MRT,13,0,0,0,0,0,0,10,49.27,3
MR11,TITIWANGSA,MR,21,0,0,0,0,4,1,13,72.2,4
MR1,KL SENTRAL,MR,1,1,0,0,0,4,1,13,72.16,4
SP19,AWAN BESAR,PH,2,1,0,0,0,0,0,17,38.75,3
KG05,KWASA SENTRAL,MRT,22,0,0,0,0,0,0,14,51.21,3
KJ12,DANG WANGI,KJ,21,0,0,0,0,0,0,17,53.57,3
PY11,JINJANG,PYL,0,1,0,0,0,0,0,10,29.36,2
PY22,CONLAY,PYL,1,0,0,0,0,0,0,15,46.56,3
KJ19,UNIVERSITI,KJ,5,1,0,0,0,0,0,12,32.66,3
KJ10,KLCC,KJ,15,1,0,0,1,3,2,9,71.13,4
PY33,SERDANG JAYA,PYL,1,0,0,0,0,0,0,12,49.43,3
SP27,BANDAR PUTERI,PH,18,0,1,0,3,0,1,4,75.1,4
KG22,MALURI,MRT,23,0,0,0,0,1,0,11,54.76,3
AG16,CEMPAKA,AG,14,0,1,0,0,0,0,10,48.14,3
MR7,RAJA CHULAN,MR,16,0,0,0,2,0,0,7,50.23,3
KJ32,TAIPAN,KJ,0,0,0,0,0,0,0,11,42.05,3
PY01,KWASA DAMANSARA,PYL,22,0,0,0,0,1,0,12,49.32,3
BRT7,USJ7,BRT,21,0,0,0,0,1,0,18,48.99,3
MR3,MAHARAJALELA,MR,1,0,0,0,0,0,0,10,30.27,2
KJ31,USJ 7,KJ,18,0,1,0,3,1,0,4,81.22,4
KJ10,KLCC,KJ,2,1,0,0,0,3,0,15,54.34,3
PY12,SRI DELIMA,PYL,0,0,1,0,0,0,0,10,45.82,3
PY41,PUTRAJAYA SENTRAL,PYL,2,1,0,0,0,0,1,10,36.49,3
KG27,TAMAN SUNTEX,MRT,13,0,0,0,0,0,0,8,46.97,3
KJ5,SETIAWANGSA,KJ,15,1,0,0,1,0,0,10,39.04,3
SP12,CHERAS,PH,19,1,0,0,1,0,0,10,35.48,3
PY03,KAMPUNG SELAMAT,PYL,18,0,0,0,2,0,0,4,53.28,3
BRT6,SOUTH QUAY-USJ 1,BRT,19,1,0,0,1,0,0,12,27.62,2
SP10,PUDU,PH,23,0,0,0,0,0,0,13,43.53,3
SP31,PUTRA HEIGHTS,PH,17,0,0,0,3,1,0,5,77.84,4
SP14,BANDAR TUN RAZAK,PH,17,0,0,0,3,0,0,5,59.51,4
AG6,BANDARAYA - UOB,AG,4,0,0,0,0,0,0,18,46.53,3
KJ33,WAWASAN,KJ,4,0,1,0,0,0,1,16,67.28,4
PY41,PUTRAJAYA SENTRAL,PYL,16,0,0,0,1,0,0,11,49.51,3
AG3,TITIWANGSA,AG,23,0,0,0,0,4,0,13,63.32,4
BRT1,SUNWAY-SETIA JAYA,BRT,23,1,1,0,0,0,0,10,24.45,2
MR5,IMBI,MR,2,0,0,0,0,0,0,15,48.24,3
MR7,RAJA CHULAN,MR,22,1,0,0,0,0,0,12,24.82,2
KJ18,KERINCHI,KJ,21,0,0,0,0,0,0,14,39.25,3
KJ23,TAMAN BAHAGIA,KJ,5,0,0,0,0,0,0,13,51.97,3
PY24,CHAN SOW LIN,PYL,5,0,0,0,0,1,0,16,62.49,4
KJ12,DANG WANGI,KJ,2,1,1,0,0,0,0,11,33.63,3
KJ36,SUBANG ALAM,KJ,21,1,0,0,1,0,0,9,29.56,2
KJ26,ARA DAMANSARA,KJ,21,0,0,0,0,0,0,13,43.7,3
SP13,SALAK SELATAN,PH,14,0,1,0,0,0,1,10,58.59,4
KG07,SURIAN,MRT,4,1,0,0,0,0,0,15,43.26,3
KJ16,BANK RAKYAT BANGSAR,KJ,18,0,0,0,2,0,0,4,58.63,4
PY31,SERDANG RAYA UTARA,PYL,23,1,1,0,0,0,0,14,36.14,3
KG20,TUN RAZAK EXCHANGE,MRT,21,1,1,0,1,4,1,7,67.71,4
KG20,TUN RAZAK EXCHANGE,MRT,13,0,1,0,0,4,0,9,66.98,4
PY12,SRI DELIMA,PYL,15,0,0,0,0,0,0,9,37.37,3
KG16,PASAR SENI,MRT,19,1,1,0,1,4,1,7,78.99,4
KG24,TAMAN MIDAH,MRT,19,1,1,0,1,0,0,8,35.46,3
AG1,SENTUL TIMUR,AG,4,1,0,0,0,0,0,13,38.62,3
AG18,AMPANG,AG,12,0,1,0,0,0,0,10,54.17,3
SP8,PLAZA RAKYAT,PH,20,1,0,0,1,1,0,12,50.78,3
PY27,KUCHAI,PYL,21,1,0,0,1,0,0,10,45.99,3
KG20,TUN RAZAK EXCHANGE,MRT,12,0,0,0,0,4,0,8,62.23,4
MR7,RAJA CHULAN,MR,0,0,0,0,0,0,0,14,40.44,3
PY17,TITIWANGSA,PYL,12,0,1,0,0,4,0,9,69.88,4
PY03,KAMPUNG SELAMAT,PYL,16,0,0,0,2,0,0,7,54.84,3
KJ5,SETIAWANGSA,KJ,17,0,0,0,3,0,0,3,63.93,4
SP16,SUNGAI BESI,PH,18,0,0,0,3,1,0,5,70.95,4
KJ31,USJ 7,KJ,17,0,0,0,3,1,0,4,76.4,4
SP3,TITIWANGSA,PH,4,0,1,0,0,4,0,12,73.0,4
PY36,TAMAN EQUINE,PYL,0,0,1,0,0,0,0,14,60.67,4
KJ23,TAMAN BAHAGIA,KJ,1,0,0,0,0,0,0,13,45.31,3
KJ34,USJ 21,KJ,22,0,0,0,0,0,0,17,56.56,3
SP27,BANDAR PUTERI,PH,4,0,1,0,0,0,0,10,37.69,3
AG5,SULTAN ISMAIL,AG,3,0,0,0,0,0,0,12,42.38,3
KJ31,USJ 7,KJ,3,1,0,0,0,1,0,17,52.55,3
KG25,TAMAN MUTIARA,MRT,20,0,0,0,0,0,0,11,41.63,3
KG09,BANDAR UTAMA,MRT,16,0,0,0,2,3,1,6,98.23,5
KJ18,KERINCHI,KJ,1,0,0,0,0,0,0,12,42.4,3
PY21,PERSIARAN KLCC,PYL,14,0,0,0,0,3,0,9,59.11,4
SP2,SENTUL,PH,0,0,0,0,0,0,1,15,58.46,4
BRT4,SUNMED,BRT,18,1,1,0,1,0,0,13,44.94,3
KG18A,BUKIT BINTANG,MRT,23,1,0,0,0,3,0,16,61.03,4
SP25,PUSAT BANDAR PUCHONG,PH,14,0,0,0,0,0,0,8,29.25,2
KJ19,UNIVERSITI,KJ,13,0,0,0,0,0,0,7,30.7,2
KG23,TAMAN PERTAMA,MRT,22,0,0,0,0,0,0,13,44.58,3
KJ23,TAMAN BAHAGIA,KJ,15,0,1,0,0,0,0,8,49.52,3
SP3,TITIWANGSA,PH,5,1,0,0,0,4,0,16,59.48,4
KJ23,TAMAN BAHAGIA,KJ,17,0,0,0,3,0,0,4,65.67,4
KJ6,JELATEK,KJ,18,0,1,0,3,0,0,4,66.67,4
PY15,JALAN IPOH,PYL,3,0,0,0,0,0,0,14,53.36,3
AG14,PANDAN JAYA,AG,1,0,0,0,0,0,0,12,41.33,3
KG20,TUN RAZAK EXCHANGE,MRT,22,0,1,0,0,4,0,15,71.33,4
KJ6,JELATEK,KJ,3,0,0,0,0,0,1,17,62.71,4
KJ37,PUTRA HEIGHTS,KJ,2,1,1,0,0,1,0,13,49.78,3
BRT3,SUNWAY LAGOON,BRT,3,1,0,0,0,0,0,13,27.9,2
BRT3,SUNWAY LAGOON,BRT,19,1,0,0,1,0,0,9,33.68,3
PY28,TAMAN NAGA EMAS,PYL,0,0,0,0,0,0,0,16,48.21,3
PY13,KAMPUNG BATU,PYL,14,0,1,0,0,0,1,9,49.44,3
SP1,SENTUL TIMUR,PH,23,0,1,0,0,0,0,13,43.67,3
KJ35,ALAM MEGAH,KJ,22,0,0,0,0,0,0,14,42.02,3
PY32,SERDANG RAYA SELATAN,PYL,20,0,0,0,0,0,0,15,47.41,3
AG10,PUDU,AG,21,0,0,0,0,0,0,11,35.94,3
AG7,MASJID JAMEK,AG,16,0,0,0,2,4,1,7,89.32,5
BRT5,SunU-Monash,BRT,18,0,0,0,3,0,0,6,67.29,4
KJ34,USJ 21,KJ,18,1,0,0,1,0,0,9,42.63,3
KJ33,WAWASAN,KJ,23,0,0,0,0,0,0,15,52.7,3
PY18,HOSPITAL KUALA LUMPUR,PYL,17,0,0,0,3,0,0,4,65.42,4
MR6,BUKIT BINTANG,MR,5,0,1,0,0,3,0,12,66.19,4
AG12,MIHARJA,AG,0,0,0,0,0,0,0,11,33.56,3
PY20,AMPANG PARK,PYL,21,0,1,0,0,0,0,11,43.24,3
SP11,CHAN SOW LIN,PH,22,1,0,0,0,1,0,16,49.55,3
KG21,COCHRANE,MRT,4,0,0,0,0,0,0,12,44.06,3
SP26,TAMAN PERINDUSTRIAN PUCHONG,PH,1,1,0,0,0,0,0,13,27.96,2
AG12,MIHARJA,AG,0,0,0,0,0,0,0,16,48.52,3
SP24,IOI PUCHONG JAYA,PH,13,0,0,0,0,0,0,12,40.24,3
MR2,TUN SAMBANTHAN,MR,14,0,1,0,0,0,0,9,32.09,3
KJ36,SUBANG ALAM,KJ,22,0,0,0,0,0,0,17,50.47,3
SP13,SALAK SELATAN,PH,19,1,1,0,1,0,0,9,46.82,3
SP17,BUKIT JALIL,PH,22,0,0,0,0,2,0,13,52.69,3
PY20,AMPANG PARK,PYL,5,1,0,0,0,0,0,16,32.68,3
KJ35,ALAM MEGAH,KJ,13,0,0,0,0,0,0,9,27.67,2
MR7,RAJA CHULAN,MR,23,1,0,0,0,0,0,15,37.28,3
AG7,MASJID JAMEK,AG,22,0,0,0,0,4,0,17,73.82,4
KJ23,TAMAN BAHAGIA,KJ,14,0,0,0,0,0,0,8,44.38,3
SP22,KINRARA,PH,2,0,0,0,0,0,0,13,49.44,3
PY32,SERDANG RAYA SELATAN,PYL,22,1,0,0,0,0,0,16,34.91,3
KJ20,TAMAN JAYA,KJ,1,0,1,0,0,0,0,16,52.39,3
PY19,RAJA UDA,PYL,1,1,0,0,0,0,0,14,28.44,2
KJ33,WAWASAN,KJ,21,0,1,0,0,0,0,17,61.05,4
SP20,MUHIBBAH,PH,19,0,1,0,0,0,0,11,48.97,3
KG16,PASAR SENI,MRT,17,0,1,0,2,4,1,5,100.0,5
KJ36,SUBANG ALAM,KJ,4,1,0,0,0,0,0,10,26.83,2
AG6,BANDARAYA - UOB,AG,1,1,1,0,0,0,0,12,29.02,2
KG22,MALURI,MRT,22,1,0,0,0,1,1,12,46.01,3
KJ6,JELATEK,KJ,3,0,0,0,0,0,0,16,52.02,3
MR9,MEDAN TUANKU,MR,1,0,0,0,0,0,0,17,48.39,3
KJ20,TAMAN JAYA,KJ,22,1,0,0,0,0,0,10,29.23,2
KJ12,DANG WANGI,KJ,4,0,1,0,0,0,0,12,55.14,3
KG15,MUZIUM NEGARA,MRT,19,1,0,0,1,0,0,10,33.19,3
KJ28,SUBANG JAYA,KJ,5,0,0,0,0,0,0,11,33.4,3
SP20,MUHIBBAH,PH,23,0,0,0,0,0,0,11,44.02,3
MR2,TUN SAMBANTHAN,MR,0,1,1,0,0,0,0,14,29.66,2
MR3,MAHARAJALELA,MR,17,0,0,0,3,0,0,6,57.14,3
KJ36,SUBANG ALAM,KJ,21,0,1,0,0,0,0,10,40.46,3
SP9,HANG TUAH,PH,13,1,0,0,1,4,1,7,59.27,4
KG06,KOTA DAMANSARA,MRT,23,0,0,0,0,0,0,12,48.93,3
KJ1,GOMBAK,KJ,20,1,0,0,1,0,0,8,26.87,2
KJ19,UNIVERSITI,KJ,13,0,0,0,0,0,0,8,36.2,3
KG34,STADIUM KAJANG,MRT,17,1,0,0,1,2,1,8,63.81,4
PY22,CONLAY,PYL,20,1,0,0,1,0,0,8,27.98,2
KG06,KOTA DAMANSARA,MRT,5,1,1,0,0,0,0,10,40.47,3
AG1,SENTUL TIMUR,AG,15,0,0,0,0,0,1,7,41.74,3
KJ10,KLCC,KJ,23,0,0,0,0,3,0,14,62.97,4
AG14,PANDAN JAYA,AG,4,0,1,0,0,0,0,17,61.9,4
KG34,STADIUM KAJANG,MRT,5,1,0,0,0,2,0,10,39.33,3
KJ15,KL SENTRAL - REDONE,KJ,12,0,1,0,0,4,0,10,70.23,4
KG20,TUN RAZAK EXCHANGE,MRT,3,0,0,0,0,4,0,13,65.92,4
PY19,RAJA UDA,PYL,1,0,0,0,0,0,0,10,38.39,3
KJ25,LEMBAH SUBANG,KJ,20,0,0,0,0,0,0,10,47.51,3
KG29,BANDAR TUN HUSSEIN ONN,MRT,15,0,1,0,0,0,0,10,41.39,3
PY27,KUCHAI,PYL,22,0,0,0,0,0,0,12,45.28,3
MR2,TUN SAMBANTHAN,MR,14,0,1,0,0,0,0,10,39.06,3
SP1,SENTUL TIMUR,PH,19,0,0,0,2,0,0,7,50.72,3
KJ7,DATO' KERAMAT,KJ,20,1,0,0,1,0,0,10,38.76,3
PY04,SUNGAI BULOH,PYL,16,0,0,0,2,0,0,6,58.85,4
SP8,PLAZA RAKYAT,PH,15,0,0,0,0,1,0,7,46.83,3
SP31,PUTRA HEIGHTS,PH,19,0,0,0,2,1,0,5,73.57,4
KG34,STADIUM KAJANG,MRT,17,1,0,0,1,2,1,7,58.0,3
SP18,SRI PETALING,PH,21,1,0,0,1,0,1,12,42.47,3
KJ4,SRI RAMPAI,KJ,2,0,0,0,0,0,0,18,56.17,3
PY37,PUTRA PERMAI,PYL,17,1,0,0,1,0,0,7,21.66,2
SP7,MASJID JAMEK,PH,1,1,0,0,0,4,0,10,58.53,4
PY32,SERDANG RAYA SELATAN,PYL,2,0,1,0,0,0,0,12,48.02,3
PY03,KAMPUNG SELAMAT,PYL,23,0,0,0,0,0,1,11,44.64,3
AG16,CEMPAKA,AG,2,1,1,0,0,0,0,11,32.87,3
PY15,JALAN IPOH,PYL,16,1,0,0,1,0,0,11,38.0,3
MR7,RAJA CHULAN,MR,23,0,0,0,0,0,0,17,50.75,3
SP21,ALAM SUTERA,PH,14,0,0,0,0,0,0,9,42.81,3
MR6,BUKIT BINTANG,MR,12,0,1,0,0,3,0,12,71.01,4
PY27,KUCHAI,PYL,17,0,0,0,3,0,0,4,68.75,4
SP10,PUDU,PH,3,0,0,0,0,0,0,11,41.55,3
KJ5,SETIAWANGSA,KJ,14,0,0,0,0,0,0,10,35.77,3
PY05,DAMANSARA DAMAI,PYL,5,0,1,0,0,0,0,16,53.08,3
PY32,SERDANG RAYA SELATAN,PYL,3,0,1,0,0,0,0,14,53.08,3
PY41,PUTRAJAYA SENTRAL,PYL,4,0,0,0,0,0,0,13,43.14,3
PY15,JALAN IPOH,PYL,0,1,0,0,0,0,0,10,32.07,3
BRT2,MENTARI,BRT,14,0,1,0,0,0,0,13,50.67,3
KG26,TAMAN CONNAUGHT,MRT,17,1,0,0,1,0,0,10,37.69,3
PY13,KAMPUNG BATU,PYL,2,0,1,0,0,0,0,14,53.63,3
PY12,SRI DELIMA,PYL,18,1,0,0,1,0,0,11,40.38,3
MR2,TUN SAMBANTHAN,MR,12,0,0,0,0,0,0,11,33.17,3
PY08,SRI DAMANSARA TIMUR,PYL,3,1,1,0,0,0,1,12,50.95,3
PY32,SERDANG RAYA SELATAN,PYL,22,0,0,0,0,0,0,10,37.62,3
SP17,BUKIT JALIL,PH,23,0,0,0,0,2,0,18,59.43,4
AG9,HANG TUAH,AG,0,0,0,0,0,4,0,13,65.42,4
KJ3,WANGSA MAJU,KJ,18,0,0,0,3,2,0,3,73.53,4
KJ22,TAMAN PARAMOUNT,KJ,14,0,0,0,0,0,0,9,44.61,3
PY22,CONLAY,PYL,23,0,0,0,0,0,0,11,37.59,3
MR7,RAJA CHULAN,MR,12,1,0,0,1,0,0,9,34.58,3
KG17,MERDEKA,MRT,3,0,0,0,0,1,1,14,67.25,4
SP31,PUTRA HEIGHTS,PH,16,0,0,0,1,1,1,9,69.06,4
PY10,KEPONG BARU,PYL,19,0,0,0,2,0,0,6,49.91,3
SP26,TAMAN PERINDUSTRIAN PUCHONG,PH,22,0,0,0,0,0,0,18,53.69,3
SP8,PLAZA RAKYAT,PH,0,0,0,0,0,1,0,11,54.93,3
AG16,CEMPAKA,AG,3,0,1,0,0,0,0,12,53.73,3
AG2,SENTUL,AG,21,0,0,0,0,0,0,15,50.83,3
PY41,PUTRAJAYA SENTRAL,PYL,19,1,0,0,1,0,1,11,47.68,3
SP20,MUHIBBAH,PH,12,0,0,0,0,0,0,11,39.57,3
KJ5,SETIAWANGSA,KJ,14,0,0,0,0,0,0,7,30.72,2
KJ22,TAMAN PARAMOUNT,KJ,21,1,0,0,1,0,0,9,40.67,3
KJ35,ALAM MEGAH,KJ,22,0,1,0,0,0,1,13,57.46,3
PY36,TAMAN EQUINE,PYL,16,0,1,0,2,0,0,5,67.48,4
KG15,MUZIUM NEGARA,MRT,20,0,0,0,0,0,0,14,49.73,3
KG34,STADIUM KAJANG,MRT,15,0,0,0,0,2,0,9,54.79,3
KG34,STADIUM KAJANG,MRT,19,0,0,0,0,2,0,9,50.86,3
PY23,TUN RAZAK EXCHANGE,PYL,21,1,0,0,1,4,1,8,65.95,4
BRT1,SUNWAY-SETIA JAYA,BRT,2,0,0,0,0,0,1,10,39.67,3
KJ2,TAMAN MELATI,KJ,14,0,0,0,0,0,0,9,33.31,3
PY07,SRI DAMANSARA SENTRAL,PYL,21,0,0,0,0,0,0,13,49.75,3
PY21,PERSIARAN KLCC,PYL,17,0,1,0,3,3,1,5,100.0,5
AG5,SULTAN ISMAIL,AG,3,0,1,0,0,0,0,12,46.64,3
PY08,SRI DAMANSARA TIMUR,PYL,4,0,0,0,0,0,0,10,42.98,3
SP3,TITIWANGSA,PH,21,1,0,0,1,4,1,11,71.64,4
KJ22,TAMAN PARAMOUNT,KJ,12,0,0,0,0,0,0,9,43.02,3
KG24,TAMAN MIDAH,MRT,17,0,0,0,3,0,0,3,61.11,4
SP28,PUCHONG PERDANA,PH,14,0,1,0,0,0,0,8,37.62,3
SP27,BANDAR PUTERI,PH,0,0,1,0,0,0,0,13,49.71,3
PY11,JINJANG,PYL,17,0,1,0,3,0,0,4,65.69,4
PY13,KAMPUNG BATU,PYL,1,0,0,0,0,0,0,16,49.4,3
SP1,SENTUL TIMUR,PH,21,0,0,0,0,0,0,18,48.22,3
AG14,PANDAN JAYA,AG,13,1,0,0,1,0,0,8,30.13,2
BRT2,MENTARI,BRT,17,0,0,0,3,0,0,7,63.33,4
KJ24,KELANA JAYA,KJ,20,0,1,0,0,0,0,17,67.81,4
SP15,BANDAR TASIK SELATAN,PH,3,0,0,0,0,2,0,15,52.6,3
AG14,PANDAN JAYA,AG,16,0,0,0,1,0,0,10,44.55,3
KJ13,MASJID JAMEK,KJ,18,0,0,0,3,4,1,3,100.0,5
SP2,SENTUL,PH,13,0,0,0,0,0,0,7,35.99,3
MR11,TITIWANGSA,MR,22,0,0,0,0,4,0,18,69.5,4
BRT3,SUNWAY LAGOON,BRT,21,0,1,0,0,0,0,16,51.99,3
KG28,SRI RAYA,MRT,16,1,1,0,1,0,0,7,44.61,3
SP17,BUKIT JALIL,PH,0,0,0,0,0,2,1,12,60.36,4
KG31,BUKIT DUKUNG,MRT,3,0,0,0,0,0,0,16,47.19,3
KG10,TAMAN TUN DR ISMAIL,MRT,15,1,0,0,1,0,0,8,28.74,2
KG28,SRI RAYA,MRT,5,0,0,0,0,0,0,14,57.13,3
PY31,SERDANG RAYA UTARA,PYL,4,1,1,0,0,0,0,11,39.07,3
KJ16,BANK RAKYAT BANGSAR,KJ,18,0,0,0,3,0,0,4,65.75,4
KG07,SURIAN,MRT,22,1,0,0,0,0,0,10,36.03,3
KG14,SEMANTAN,MRT,20,1,0,0,1,0,0,10,37.3,3
PY03,KAMPUNG SELAMAT,PYL,13,1,0,0,1,0,1,9,44.66,3
SP18,SRI PETALING,PH,17,1,1,0,1,0,1,8,44.03,3
PY29,SUNGAI BESI,PYL,4,1,1,0,0,1,1,16,56.78,3
SP25,PUSAT BANDAR PUCHONG,PH,16,0,0,1,2,0,0,6,54.87,3
AG13,MALURI,AG,16,0,0,0,1,1,0,11,61.51,4
KG15,MUZIUM NEGARA,MRT,20,0,1,0,0,0,0,11,53.84,3
KJ19,UNIVERSITI,KJ,17,0,0,0,3,0,0,3,59.03,4
PY06,SRI DAMANSARA BARAT,PYL,22,0,0,0,0,0,0,12,44.54,3
KJ8,DAMAI,KJ,17,0,0,0,2,0,0,6,54.94,3
PY34,UPM,PYL,14,1,0,0,1,0,0,10,35.08,3
KJ37,PUTRA HEIGHTS,KJ,20,0,0,0,0,1,0,11,44.46,3
SP14,BANDAR TUN RAZAK,PH,4,0,0,0,0,0,0,15,36.04,3
PY03,KAMPUNG SELAMAT,PYL,15,1,0,0,1,0,0,7,32.21,3
SP2,SENTUL,PH,15,1,0,0,1,0,0,7,28.86,2
SP11,CHAN SOW LIN,PH,13,0,0,0,0,1,0,10,49.7,3
PY12,SRI DELIMA,PYL,21,0,1,0,0,0,0,10,45.77,3
KJ24,KELANA JAYA,KJ,22,1,1,0,0,0,0,12,39.14,3
SP16,SUNGAI BESI,PH,16,0,0,0,1,1,0,11,55.68,3
KG35,KAJANG,MRT,3,0,0,0,0,0,0,13,52.67,3
KJ11,KAMPUNG BARU - CBP COOPBANK PERTAMA,KJ,0,0,0,0,0,0,0,17,55.52,3
KJ6,JELATEK,KJ,18,1,0,0,1,0,1,9,44.32,3
KJ36,SUBANG ALAM,KJ,1,0,0,0,0,0,0,18,51.23,3
SP22,KINRARA,PH,22,1,0,0,0,0,0,14,37.28,3
PY33,SERDANG JAYA,PYL,14,0,0,0,0,0,0,11,42.0,3
KJ2,TAMAN MELATI,KJ,1,0,1,0,0,0,0,13,46.04,3
KG20,TUN RAZAK EXCHANGE,MRT,2,0,0,0,0,4,0,15,69.2,4
SP16,SUNGAI BESI,PH,20,1,1,0,1,1,0,12,45.46,3
KJ33,WAWASAN,KJ,4,0,0,0,0,0,0,16,55.13,3
AG16,CEMPAKA,AG,18,1,0,0,1,0,0,10,41.68,3
MR9,MEDAN TUANKU,MR,23,0,0,0,0,0,0,13,45.71,3
KG23,TAMAN PERTAMA,MRT,0,1,0,0,0,0,0,10,24.81,2
BRT4,SUNMED,BRT,5,0,0,0,0,0,0,11,44.74,3
SP8,PLAZA RAKYAT,PH,5,0,0,0,0,1,0,14,65.84,4
MR11,TITIWANGSA,MR,18,0,0,0,3,4,1,6,100.0,5
AG18,AMPANG,AG,3,0,0,0,0,0,0,13,52.1,3
MR8,BUKIT NANAS,MR,14,1,1,0,1,0,0,12,39.32,3
SP27,BANDAR PUTERI,PH,1,1,0,0,0,0,0,12,29.63,2
PY34,UPM,PYL,14,0,1,0,0,0,0,10,52.92,3
KG22,MALURI,MRT,14,0,0,0,0,1,1,9,54.74,3
PY01,KWASA DAMANSARA,PYL,22,0,0,0,0,1,0,12,46.91,3
PY18,HOSPITAL KUALA LUMPUR,PYL,1,0,1,0,0,0,0,10,48.28,3
PY14,KENTOMEN,PYL,1,1,1,0,0,0,0,15,42.2,3
KJ16,BANK RAKYAT BANGSAR,KJ,14,1,0,0,1,0,0,9,44.37,3
KG35,KAJANG,MRT,14,0,1,0,0,0,0,8,45.25,3
AG4,PWTC,AG,21,0,1,0,0,0,0,16,52.64,3
KJ35,ALAM MEGAH,KJ,1,1,0,0,0,0,1,16,43.18,3
SP16,SUNGAI BESI,PH,1,0,0,0,0,1,0,14,50.56,3
PY24,CHAN SOW LIN,PYL,19,1,1,0,1,1,0,11,57.04,3
KJ25,LEMBAH SUBANG,KJ,23,0,1,0,0,0,0,10,53.12,3
KJ6,JELATEK,KJ,18,0,1,0,2,0,0,6,57.62,3
KG17,MERDEKA,MRT,13,1,0,0,1,1,0,8,46.15,3
AG2,SENTUL,AG,12,0,0,0,0,0,0,7,36.24,3
AG13,MALURI,AG,3,0,0,0,0,1,0,17,64.54,4
SP26,TAMAN PERINDUSTRIAN PUCHONG,PH,22,0,0,0,0,0,0,17,45.65,3
SP9,HANG TUAH,PH,4,0,1,0,0,4,0,14,67.95,4
AG10,PUDU,AG,22,0,1,0,0,0,0,13,44.57,3
PY10,KEPONG BARU,PYL,3,0,0,0,0,0,0,14,47.8,3
AG13,MALURI,AG,20,1,0,0,1,1,0,11,42.73,3
SP12,CHERAS,PH,2,1,1,0,0,0,1,18,62.26,4
KG26,TAMAN CONNAUGHT,MRT,0,0,0,0,0,0,0,15,50.86,3
PY22,CONLAY,PYL,2,1,0,0,0,0,0,11,31.17,2
KJ2,TAMAN MELATI,KJ,0,0,0,0,0,0,0,15,39.98,3
KJ27,CGC GLENMARIE,KJ,12,0,0,0,0,0,0,8,35.13,3
AG1,SENTUL TIMUR,AG,3,1,0,0,0,0,0,14,42.45,3
KG08,MUTIARA DAMANSARA,MRT,15,0,1,0,0,0,0,10,50.51,3
PY23,TUN RAZAK EXCHANGE,PYL,21,1,1,0,1,4,1,9,72.96,4
KG29,BANDAR TUN HUSSEIN ONN,MRT,21,0,1,0,0,0,0,16,56.29,3
BRT5,SunU-Monash,BRT,0,1,0,0,0,0,0,18,39.14,3
SP4,PWTC,PH,5,1,0,0,0,0,0,16,33.84,3
PY34,UPM,PYL,17,1,1,0,1,0,0,10,48.13,3
AG9,HANG TUAH,AG,22,0,0,0,0,4,0,17,76.17,4
PY17,TITIWANGSA,PYL,19,1,0,0,1,4,1,7,72.73,4
AG1,SENTUL TIMUR,AG,18,0,0,0,2,0,1,6,65.56,4
AG10,PUDU,AG,15,0,1,0,0,0,0,11,42.61,3
KG08,MUTIARA DAMANSARA,MRT,1,0,0,0,0,0,1,15,65.02,4
KG09,BANDAR UTAMA,MRT,4,1,0,0,0,3,0,12,55.57,3
PY08,SRI DAMANSARA TIMUR,PYL,4,1,1,0,0,0,1,15,61.24,4
KG15,MUZIUM NEGARA,MRT,21,0,0,0,0,0,0,12,49.1,3
BRT2,MENTARI,BRT,18,0,0,0,2,0,0,9,51.63,3
KJ26,ARA DAMANSARA,KJ,0,0,1,0,0,0,0,18,55.23,3
KG04,KWASA DAMANSARA,MRT,2,0,0,0,0,1,0,12,57.08,3
KG27,TAMAN SUNTEX,MRT,23,0,0,0,0,0,0,12,47.31,3
SP11,CHAN SOW LIN,PH,12,0,0,0,0,1,0,11,57.55,3
SP10,PUDU,PH,12,0,0,0,0,0,0,7,32.92,3
PY07,SRI DAMANSARA SENTRAL,PYL,19,0,0,0,0,0,0,7,42.49,3
SP20,MUHIBBAH,PH,2,0,0,0,0,0,0,15,49.46,3
KG06,KOTA DAMANSARA,MRT,0,0,0,0,0,0,0,11,39.62,3
KG24,TAMAN MIDAH,MRT,2,1,0,0,0,0,0,15,41.08,3
KG24,TAMAN MIDAH,MRT,13,0,0,0,0,0,0,9,40.97,3
KG29,BANDAR TUN HUSSEIN ONN,MRT,12,1,1,0,1,0,0,10,33.72,3
PY39,CYBERJAYA UTARA,PYL,18,0,0,0,2,0,0,6,48.69,3
SP28,PUCHONG PERDANA,PH,2,0,0,0,0,0,0,17,45.41,3
KG08,MUTIARA DAMANSARA,MRT,23,0,1,0,0,0,0,11,55.34,3
SP19,AWAN BESAR,PH,22,1,0,0,0,0,0,13,33.65,3
BRT1,SUNWAY-SETIA JAYA,BRT,17,0,0,0,3,0,0,6,62.55,4
SP9,HANG TUAH,PH,2,0,0,0,0,4,0,15,61.86,4
KG16,PASAR SENI,MRT,2,0,0,0,0,4,1,13,83.2,5
KJ24,KELANA JAYA,KJ,23,1,0,0,0,0,0,15,38.48,3
KJ17,ABDULLAH HUKUM,KJ,14,0,0,0,0,3,0,10,51.44,3
AG7,MASJID JAMEK,AG,4,1,0,0,0,4,0,16,55.5,3
KJ27,CGC GLENMARIE,KJ,20,0,1,0,0,0,0,17,56.46,3
PY39,CYBERJAYA UTARA,PYL,15,1,0,0,1,0,0,8,30.48,2
KJ24,KELANA JAYA,KJ,14,0,1,0,0,0,0,10,54.65,3
AG13,MALURI,AG,22,1,0,0,0,1,0,18,50.3,3
KG17,MERDEKA,MRT,21,1,0,0,1,1,0,7,42.72,3
PY36,TAMAN EQUINE,PYL,20,0,0,0,0,0,0,10,43.21,3
KJ26,ARA DAMANSARA,KJ,22,0,0,0,0,0,1,18,61.42,4
SP31,PUTRA HEIGHTS,PH,14,1,1,0,1,1,0,12,62.1,4
PY07,SRI DAMANSARA SENTRAL,PYL,20,0,0,0,0,0,0,15,50.46,3
PY08,SRI DAMANSARA TIMUR,PYL,21,0,1,0,0,0,0,16,66.01,4
SP15,BANDAR TASIK SELATAN,PH,18,0,0,0,2,2,0,5,60.25,4
KJ5,SETIAWANGSA,KJ,14,0,1,0,0,0,0,8,40.31,3
SP14,BANDAR TUN RAZAK,PH,3,1,0,0,0,0,0,16,34.27,3
KG34,STADIUM KAJANG,MRT,16,0,0,0,1,2,0,10,67.38,4
KJ11,KAMPUNG BARU - CBP COOPBANK PERTAMA,KJ,23,0,0,0,0,0,0,10,43.98,3
PY04,SUNGAI BULOH,PYL,21,1,0,0,1,0,0,8,28.13,2
KJ15,KL SENTRAL - REDONE,KJ,2,1,0,0,0,4,0,18,73.46,4
KJ16,BANK RAKYAT BANGSAR,KJ,14,0,1,0,0,0,0,7,50.66,3
PY27,KUCHAI,PYL,23,0,0,0,0,0,0,10,45.84,3
KJ13,MASJID JAMEK,KJ,22,0,0,0,0,4,0,15,77.73,4
SP13,SALAK SELATAN,PH,0,0,0,0,0,0,1,10,54.47,3
KG30,BATU 11 CHERAS,MRT,0,1,0,0,0,0,0,11,31.47,2
KG31,BUKIT DUKUNG,MRT,20,0,1,0,0,0,0,14,49.15,3
KG09,BANDAR UTAMA,MRT,23,1,0,0,0,3,0,12,58.55,4
PY10,KEPONG BARU,PYL,3,0,0,0,0,0,0,10,32.91,3
AG17,CAHAYA,AG,0,0,0,0,0,0,0,11,47.04,3
KJ1,GOMBAK,KJ,1,1,1,0,0,0,0,12,29.06,2
PY37,PUTRA PERMAI,PYL,12,1,0,0,1,0,1,11,44.59,3
SP2,SENTUL,PH,15,1,0,0,1,0,0,12,36.87,3
PY14,KENTOMEN,PYL,0,0,0,0,0,0,0,12,42.2,3
KJ1,GOMBAK,KJ,5,0,0,0,0,0,0,18,47.85,3
BRT6,SOUTH QUAY-USJ 1,BRT,2,0,0,0,0,0,0,13,35.57,3
PY40,CYBERJAYA CITY CENTRE,PYL,2,0,0,0,0,0,0,14,49.12,3
KG14,SEMANTAN,MRT,13,0,0,0,0,0,0,8,34.6,3
AG4,PWTC,AG,12,0,1,0,0,0,0,7,31.99,2
PY41,PUTRAJAYA SENTRAL,PYL,21,0,0,0,0,0,0,11,38.24,3
PY27,KUCHAI,PYL,23,0,0,0,0,0,0,15,50.69,3
KG17,MERDEKA,MRT,15,0,0,0,0,1,0,7,51.38,3
KJ35,ALAM MEGAH,KJ,0,1,1,0,0,0,0,10,23.13,2
AG11,CHAN SOW LIN,AG,5,1,0,0,0,1,0,10,29.24,2
KG23,TAMAN PERTAMA,MRT,3,0,0,0,0,0,0,16,47.58,3
PY41,PUTRAJAYA SENTRAL,PYL,18,0,0,0,2,0,0,4,54.39,3
KJ9,AMPANG PARK,KJ,17,0,1,0,2,0,0,6,62.1,4
KJ28,SUBANG JAYA,KJ,0,0,0,0,0,0,0,18,50.37,3
PY27,KUCHAI,PYL,3,0,1,0,0,0,0,14,60.22,4
AG2,SENTUL,AG,17,0,1,0,3,0,0,4,68.44,4
AG4,PWTC,AG,21,1,1,0,1,0,0,9,29.09,2
PY36,TAMAN EQUINE,PYL,13,1,0,0,1,0,0,8,37.33,3
KJ22,TAMAN PARAMOUNT,KJ,22,0,0,0,0,0,0,14,52.62,3
SP18,SRI PETALING,PH,4,0,0,0,0,0,0,10,35.67,3
KJ16,BANK RAKYAT BANGSAR,KJ,12,0,0,0,0,0,0,7,43.12,3
SP5,SULTAN ISMAIL,PH,13,1,1,0,1,0,0,7,41.08,3
MR8,BUKIT NANAS,MR,13,0,0,0,0,0,0,8,32.02,3
KJ20,TAMAN JAYA,KJ,0,0,0,0,0,0,0,13,45.36,3
MR4,HANG TUAH,MR,23,1,0,0,0,4,0,13,47.15,3
AG8,PLAZA RAKYAT,AG,17,0,0,0,2,1,0,6,63.68,4
KG21,COCHRANE,MRT,22,0,0,0,0,0,0,12,44.22,3
PY39,CYBERJAYA UTARA,PYL,23,0,0,0,0,0,0,10,35.82,3
AG2,SENTUL,AG,17,1,0,0,1,0,0,8,34.75,3
MR3,MAHARAJALELA,MR,20,0,0,0,0,0,0,13,39.61,3
MR2,TUN SAMBANTHAN,MR,12,1,1,0,1,0,0,8,30.89,2
PY20,AMPANG PARK,PYL,20,0,0,0,0,0,0,14,45.36,3
PY39,CYBERJAYA UTARA,PYL,5,1,1,0,0,0,0,11,32.56,3
PY31,SERDANG RAYA UTARA,PYL,0,0,0,0,0,0,0,11,41.26,3
AG7,MASJID JAMEK,AG,19,0,0,0,0,4,1,9,65.19,4
KJ10,KLCC,KJ,18,0,0,0,2,3,1,5,88.43,5
KG10,TAMAN TUN DR ISMAIL,MRT,22,1,1,0,0,0,0,10,32.11,3
PY16,SENTUL BARAT,PYL,15,0,0,0,0,0,0,7,39.06,3
KG31,BUKIT DUKUNG,MRT,3,1,0,0,0,0,0,11,28.45,2
KJ35,ALAM MEGAH,KJ,4,0,0,0,0,0,0,11,40.16,3
SP27,BANDAR PUTERI,PH,13,0,0,0,0,0,0,10,32.55,3
PY31,SERDANG RAYA UTARA,PYL,16,0,0,0,1,0,0,7,37.51,3
KG28,SRI RAYA,MRT,5,0,1,0,0,0,0,16,62.75,4
SP11,CHAN SOW LIN,PH,13,0,1,0,0,1,0,9,55.32,3
PY29,SUNGAI BESI,PYL,20,0,0,0,0,1,0,15,58.08,4
AG1,SENTUL TIMUR,AG,23,1,0,0,0,0,0,12,38.06,3
BRT2,MENTARI,BRT,3,0,1,0,0,0,0,14,45.49,3
KJ28,SUBANG JAYA,KJ,22,1,0,0,0,0,0,10,25.07,2
PY04,SUNGAI BULOH,PYL,0,0,0,0,0,0,1,14,57.02,3
KG17,MERDEKA,MRT,22,0,1,0,0,1,0,10,56.32,3
AG18,AMPANG,AG,20,0,0,0,0,0,0,10,47.1,3
SP4,PWTC,PH,19,0,0,0,0,0,0,10,43.66,3
AG3,TITIWANGSA,AG,2,0,0,0,0,4,0,10,60.19,4
KG30,BATU 11 CHERAS,MRT,4,0,0,0,0,0,0,13,47.65,3
BRT5,SunU-Monash,BRT,5,0,1,0,0,0,0,15,59.2,4
KJ1,GOMBAK,KJ,0,0,1,0,0,0,0,15,44.32,3
PY10,KEPONG BARU,PYL,12,0,0,0,0,0,0,10,35.44,3
SP14,BANDAR TUN RAZAK,PH,1,0,1,0,0,0,0,14,42.9,3
AG2,SENTUL,AG,22,1,0,0,0,0,0,18,51.05,3
KG30,BATU 11 CHERAS,MRT,20,1,0,0,1,0,0,8,29.87,2
KJ1,GOMBAK,KJ,18,1,0,0,1,0,0,9,27.52,2
AG13,MALURI,AG,4,0,0,0,0,1,0,11,52.63,3
KJ27,CGC GLENMARIE,KJ,0,0,1,0,0,0,1,14,58.03,4
KG23,TAMAN PERTAMA,MRT,16,0,0,0,1,0,0,9,50.3,3
SP7,MASJID JAMEK,PH,15,1,0,0,1,4,1,11,81.24,4
SP19,AWAN BESAR,PH,22,1,0,0,0,0,0,10,28.52,2
KJ32,TAIPAN,KJ,23,0,0,0,0,0,0,13,46.74,3
KG16,PASAR SENI,MRT,16,1,0,0,1,4,2,7,79.88,4
AG14,PANDAN JAYA,AG,14,1,0,0,1,0,0,10,39.72,3
AG16,CEMPAKA,AG,15,0,0,0,0,0,0,12,42.28,3
SP26,TAMAN PERINDUSTRIAN PUCHONG,PH,19,1,0,0,1,0,0,12,32.44,3
PY37,PUTRA PERMAI,PYL,12,0,1,0,0,0,0,9,41.28,3
KJ7,DATO' KERAMAT,KJ,2,0,0,0,0,0,0,16,50.21,3
SP11,CHAN SOW LIN,PH,1,0,0,0,0,1,0,12,54.34,3
KJ22,TAMAN PARAMOUNT,KJ,12,0,0,0,0,0,0,7,41.03,3
KJ10,KLCC,KJ,12,1,0,0,1,3,2,8,74.66,4
PY39,CYBERJAYA UTARA,PYL,19,0,0,0,2,0,0,5,51.97,3
PY01,KWASA DAMANSARA,PYL,1,0,0,0,0,1,0,16,57.09,3
SP31,PUTRA HEIGHTS,PH,4,0,1,0,0,1,1,17,83.92,5
AG1,SENTUL TIMUR,AG,13,1,0,0,1,0,0,10,34.23,3
AG6,BANDARAYA - UOB,AG,17,1,1,0,1,0,0,8,36.94,3
KJ4,SRI RAMPAI,KJ,5,0,0,0,0,0,0,10,38.52,3
KJ25,LEMBAH SUBANG,KJ,20,0,0,0,0,0,0,15,50.34,3
PY04,SUNGAI BULOH,PYL,0,1,0,0,0,0,0,14,39.49,3
SP7,MASJID JAMEK,PH,1,0,0,0,0,4,0,14,71.5,4
PY28,TAMAN NAGA EMAS,PYL,15,1,0,0,1,0,0,10,33.65,3
PY03,KAMPUNG SELAMAT,PYL,16,0,1,0,1,0,0,7,47.75,3
BRT6,SOUTH QUAY-USJ 1,BRT,14,0,0,0,0,0,0,11,33.83,3
KG22,MALURI,MRT,3,1,0,0,0,1,0,14,46.55,3
KJ21,ASIA JAYA,KJ,23,1,1,0,0,0,0,12,43.14,3
KJ33,WAWASAN,KJ,0,0,0,0,0,0,1,11,55.07,3
BRT3,SUNWAY LAGOON,BRT,5,0,0,0,0,0,0,12,42.78,3
BRT3,SUNWAY LAGOON,BRT,1,0,0,0,0,0,0,16,45.58,3
PY34,UPM,PYL,19,1,0,0,1,0,0,9,36.36,3
KG29,BANDAR TUN HUSSEIN ONN,MRT,15,0,0,0,0,0,0,9,30.65,2
AG4,PWTC,AG,0,1,0,0,0,0,0,16,29.74,2
AG3,TITIWANGSA,AG,2,0,1,0,0,4,1,13,75.72,4
KJ19,UNIVERSITI,KJ,2,1,0,0,0,0,0,12,31.85,2
PY29,SUNGAI BESI,PYL,13,1,0,0,1,1,0,8,38.79,3
PY27,KUCHAI,PYL,12,0,1,0,0,0,0,9,50.19,3
PY07,SRI DAMANSARA SENTRAL,PYL,12,1,0,0,1,0,0,11,40.58,3
PY09,METRO PRIMA,PYL,22,0,0,0,0,0,0,10,49.28,3
KG26,TAMAN CONNAUGHT,MRT,19,0,1,0,0,0,0,10,55.0,3
AG14,PANDAN JAYA,AG,12,1,0,0,1,0,0,7,29.14,2
AG7,MASJID JAMEK,AG,14,0,0,0,0,4,0,8,60.6,4
AG12,MIHARJA,AG,5,0,0,0,0,0,0,12,37.0,3
SP4,PWTC,PH,19,0,1,0,2,0,1,6,63.95,4
KJ4,SRI RAMPAI,KJ,15,0,1,0,0,0,0,8,42.12,3
PY37,PUTRA PERMAI,PYL,0,0,0,0,0,0,0,14,39.98,3
PY16,SENTUL BARAT,PYL,4,0,0,0,0,0,0,12,44.35,3
SP3,TITIWANGSA,PH,12,1,0,0,1,4,1,8,64.47,4
AG18,AMPANG,AG,19,0,1,0,2,0,0,5,64.42,4
SP1,SENTUL TIMUR,PH,21,0,0,0,0,0,0,14,46.42,3
KJ5,SETIAWANGSA,KJ,13,0,0,0,0,0,0,9,35.27,3
SP31,PUTRA HEIGHTS,PH,13,0,0,0,0,1,0,7,50.35,3
PY12,SRI DELIMA,PYL,18,0,1,0,3,0,0,5,69.08,4
PY22,CONLAY,PYL,12,0,0,0,0,0,0,11,41.12,3
MR5,IMBI,MR,3,1,1,0,0,0,0,17,40.95,3
PY40,CYBERJAYA CITY CENTRE,PYL,17,1,1,0,1,0,0,10,41.86,3
KG20,TUN RAZAK EXCHANGE,MRT,1,1,0,0,0,4,0,15,53.58,3
SP7,MASJID JAMEK,PH,19,0,0,0,2,4,1,5,98.42,5
KJ15,KL SENTRAL - REDONE,KJ,4,0,1,0,0,4,0,15,86.16,5
MR7,RAJA CHULAN,MR,19,0,0,0,2,0,0,5,46.48,3
SP1,SENTUL TIMUR,PH,19,1,0,0,1,0,0,11,32.13,3
SP21,ALAM SUTERA,PH,23,1,0,0,0,0,0,14,34.66,3
KJ18,KERINCHI,KJ,1,0,0,0,0,0,0,14,45.1,3
KJ11,KAMPUNG BARU - CBP COOPBANK PERTAMA,KJ,23,0,0,0,0,0,0,11,40.0,3
KG23,TAMAN PERTAMA,MRT,3,0,0,0,0,0,0,14,50.61,3
PY23,TUN RAZAK EXCHANGE,PYL,19,1,1,0,1,4,1,10,85.46,5
KJ11,KAMPUNG BARU - CBP COOPBANK PERTAMA,KJ,22,0,0,0,0,0,0,15,44.82,3
PY32,SERDANG RAYA SELATAN,PYL,12,0,0,0,0,0,0,10,41.19,3
MR6,BUKIT BINTANG,MR,12,0,1,0,0,3,0,11,68.13,4
KJ27,CGC GLENMARIE,KJ,21,1,1,0,1,0,0,7,35.38,3
PY34,UPM,PYL,3,0,0,0,0,0,0,14,50.44,3
AG4,PWTC,AG,13,0,0,0,0,0,0,9,34.13,3
BRT5,SunU-Monash,BRT,18,0,0,0,2,0,0,8,57.74,3
KJ36,SUBANG ALAM,KJ,19,1,1,0,1,0,0,9,36.39,3
KJ1,GOMBAK,KJ,16,0,0,0,2,0,1,4,51.38,3
PY09,METRO PRIMA,PYL,19,1,1,0,1,0,0,8,46.17,3
SP7,MASJID JAMEK,PH,2,0,0,0,0,4,0,10,69.36,4
KG26,TAMAN CONNAUGHT,MRT,17,0,0,0,2,0,1,6,69.12,4
PY21,PERSIARAN KLCC,PYL,4,1,0,0,0,3,0,13,45.07,3
MR10,CHOW KIT,MR,22,0,0,0,0,0,0,15,42.42,3
KG15,MUZIUM NEGARA,MRT,19,1,0,0,1,0,0,10,37.16,3
KJ36,SUBANG ALAM,KJ,13,0,0,0,0,0,0,10,32.8,3
KG23,TAMAN PERTAMA,MRT,14,0,0,0,0,0,0,9,39.41,3
KJ5,SETIAWANGSA,KJ,16,0,0,0,2,0,0,6,56.82,3
KJ27,CGC GLENMARIE,KJ,13,1,0,0,1,0,0,7,30.28,2
PY09,METRO PRIMA,PYL,5,0,0,0,0,0,0,10,41.23,3
KJ31,USJ 7,KJ,22,0,0,0,0,1,0,13,53.91,3
KG08,MUTIARA DAMANSARA,MRT,19,0,0,0,2,0,0,5,55.8,3
AG17,CAHAYA,AG,23,0,0,0,0,0,0,12,48.02,3
KJ26,ARA DAMANSARA,KJ,20,0,0,0,0,0,0,16,45.46,3
PY27,KUCHAI,PYL,14,0,0,0,0,0,1,10,54.29,3
SP6,BANDARAYA - UOB,PH,15,0,0,0,0,0,0,8,40.27,3
KG13,PUSAT BANDAR DAMANSARA,MRT,13,0,0,0,0,0,0,9,34.89,3
AG9,HANG TUAH,AG,23,0,0,0,0,4,0,11,67.17,4
KG29,BANDAR TUN HUSSEIN ONN,MRT,3,1,1,0,0,0,0,16,41.05,3
SP31,PUTRA HEIGHTS,PH,3,0,0,0,0,1,0,11,55.8,3
PY06,SRI DAMANSARA BARAT,PYL,14,0,1,0,0,0,0,9,41.64,3
KG23,TAMAN PERTAMA,MRT,14,1,0,0,1,0,0,10,33.57,3
KG27,TAMAN SUNTEX,MRT,18,0,0,1,2,0,0,5,65.22,4
KJ22,TAMAN PARAMOUNT,KJ,1,0,1,0,0,0,0,10,46.45,3
SP29,PUCHONG PRIMA,PH,13,0,0,0,0,0,0,10,37.82,3
SP12,CHERAS,PH,2,1,1,0,0,0,0,17,53.8,3
SP8,PLAZA RAKYAT,PH,0,0,0,0,0,1,0,17,69.27,4
KJ10,KLCC,KJ,0,0,0,0,0,3,0,12,56.75,3
SP16,SUNGAI BESI,PH,23,0,0,0,0,1,0,11,48.33,3
KJ36,SUBANG ALAM,KJ,3,0,0,0,0,0,0,12,35.96,3
KG23,TAMAN PERTAMA,MRT,18,0,0,0,3,0,0,3,62.2,4
KJ31,USJ 7,KJ,16,0,0,0,2,1,0,6,71.44,4
PY28,TAMAN NAGA EMAS,PYL,0,0,0,0,0,0,0,10,34.51,3
KJ20,TAMAN JAYA,KJ,21,0,0,0,0,0,0,11,38.4,3
PY14,KENTOMEN,PYL,16,1,1,0,1,0,0,7,34.22,3
KJ37,PUTRA HEIGHTS,KJ,15,0,0,0,0,1,0,7,37.94,3
KJ36,SUBANG ALAM,KJ,12,0,0,0,0,0,0,7,32.72,3
KG04,KWASA DAMANSARA,MRT,18,0,0,0,2,1,0,4,63.28,4
KG25,TAMAN MUTIARA,MRT,4,0,0,0,0,0,0,16,58.4,4
PY19,RAJA UDA,PYL,13,0,0,0,0,0,0,8,32.13,3
MR3,MAHARAJALELA,MR,13,1,1,0,1,0,0,11,40.04,3
AG2,SENTUL,AG,5,0,0,0,0,0,0,16,56.05,3
SP17,BUKIT JALIL,PH,19,0,0,0,0,2,0,8,48.34,3
SP17,BUKIT JALIL,PH,3,0,0,0,0,2,0,12,53.79,3
SP20,MUHIBBAH,PH,18,0,1,0,3,0,0,5,70.17,4
PY33,SERDANG JAYA,PYL,4,0,0,0,0,0,0,14,48.56,3
PY20,AMPANG PARK,PYL,23,0,0,0,0,0,0,10,33.85,3
AG4,PWTC,AG,1,0,1,0,0,0,0,11,44.47,3
PY17,TITIWANGSA,PYL,15,0,0,0,0,4,0,11,73.11,4
BRT5,SunU-Monash,BRT,2,0,0,0,0,0,0,12,38.82,3
SP29,PUCHONG PRIMA,PH,4,1,1,0,0,0,0,18,50.0,3
KJ18,KERINCHI,KJ,23,0,0,0,0,0,0,16,44.17,3
PY41,PUTRAJAYA SENTRAL,PYL,0,1,0,0,0,0,0,12,35.37,3
KG05,KWASA SENTRAL,MRT,20,0,1,0,0,0,0,16,58.18,4
MR9,MEDAN TUANKU,MR,13,0,0,0,0,0,0,12,44.45,3
KG14,SEMANTAN,MRT,20,0,1,0,0,0,0,14,50.94,3
MR11,TITIWANGSA,MR,17,0,0,0,2,4,1,5,92.65,5
KJ1,GOMBAK,KJ,18,1,0,0,1,0,0,7,27.16,2
KJ13,MASJID JAMEK,KJ,2,1,1,0,0,4,0,15,69.7,4
SP1,SENTUL TIMUR,PH,17,0,0,0,3,0,0,4,56.19,3
BRT2,MENTARI,BRT,1,1,1,0,0,0,0,10,29.42,2
MR10,CHOW KIT,MR,0,1,1,0,0,0,0,10,25.06,2
SP29,PUCHONG PRIMA,PH,15,1,0,0,1,0,0,10,38.62,3
AG14,PANDAN JAYA,AG,22,0,1,0,0,0,0,11,45.22,3
KJ20,TAMAN JAYA,KJ,0,0,0,0,0,0,0,10,37.02,3
KJ27,CGC GLENMARIE,KJ,22,0,1,0,0,0,0,16,56.37,3
SP15,BANDAR TASIK SELATAN,PH,15,0,0,0,0,2,0,11,42.45,3
PY13,KAMPUNG BATU,PYL,18,0,0,0,2,0,0,5,50.31,3
KG06,KOTA DAMANSARA,MRT,21,0,0,0,0,0,0,14,44.79,3
KG09,BANDAR UTAMA,MRT,13,0,1,0,0,3,0,10,70.14,4
KG04,KWASA DAMANSARA,MRT,17,1,0,0,1,1,0,8,41.24,3
AG2,SENTUL,AG,5,0,1,0,0,0,0,15,58.28,4
KG17,MERDEKA,MRT,5,0,0,0,0,1,1,15,68.01,4
BRT4,SUNMED,BRT,13,0,0,0,0,0,0,8,34.62,3
KJ13,MASJID JAMEK,KJ,3,0,0,0,0,4,0,18,85.14,5
PY27,KUCHAI,PYL,23,0,0,0,0,0,0,11,42.85,3
SP15,BANDAR TASIK SELATAN,PH,0,0,0,0,0,2,0,15,53.47,3
PY09,METRO PRIMA,PYL,21,0,1,0,0,0,0,10,50.14,3
KG33,SUNGAI JERNIH,MRT,17,1,0,0,1,0,0,10,42.22,3
PY11,JINJANG,PYL,17,1,0,0,1,0,0,11,30.84,2
KJ16,BANK RAKYAT BANGSAR,KJ,1,1,0,0,0,0,0,10,38.6,3
PY03,KAMPUNG SELAMAT,PYL,16,0,0,0,2,0,0,4,52.35,3
KG08,MUTIARA DAMANSARA,MRT,15,0,0,0,0,0,0,9,37.97,3
KJ21,ASIA JAYA,KJ,22,0,0,0,0,0,0,14,48.94,3
KJ33,WAWASAN,KJ,3,0,0,0,0,0,0,18,54.38,3
SP20,MUHIBBAH,PH,14,0,0,0,0,0,0,11,48.1,3
SP6,BANDARAYA - UOB,PH,3,0,0,0,0,0,0,11,46.34,3
MR5,IMBI,MR,12,1,0,0,1,0,0,11,36.75,3
KG18A,BUKIT BINTANG,MRT,14,0,0,0,0,3,0,9,62.08,4
KG25,TAMAN MUTIARA,MRT,19,0,1,0,0,0,0,9,48.23,3
KG08,MUTIARA DAMANSARA,MRT,15,1,1,0,1,0,0,9,41.25,3
PY10,KEPONG BARU,PYL,1,0,1,0,0,0,0,13,50.8,3
SP1,SENTUL TIMUR,PH,0,0,1,0,0,0,0,12,46.61,3
AG16,CEMPAKA,AG,21,0,0,0,0,0,0,18,60.24,4
BRT4,SUNMED,BRT,18,0,0,0,3,0,0,8,69.95,4
SP2,SENTUL,PH,1,1,1,0,0,0,1,10,41.91,3
PY41,PUTRAJAYA SENTRAL,PYL,20,1,0,0,1,0,0,7,36.31,3
PY01,KWASA DAMANSARA,PYL,21,0,0,0,0,1,0,10,45.71,3
MR1,KL SENTRAL,MR,13,0,0,0,0,4,0,11,73.33,4
MR3,MAHARAJALELA,MR,5,0,1,0,0,0,0,14,45.6,3
PY07,SRI DAMANSARA SENTRAL,PYL,19,0,0,0,0,0,0,8,43.22,3
MR5,IMBI,MR,3,1,0,0,0,0,0,11,28.54,2
PY33,SERDANG JAYA,PYL,14,0,0,0,0,0,0,8,39.6,3
PY08,SRI DAMANSARA TIMUR,PYL,13,1,0,0,1,0,0,11,46.83,3
PY22,CONLAY,PYL,4,1,1,0,0,0,0,15,38.98,3
BRT5,SunU-Monash,BRT,16,0,0,0,2,0,0,7,53.17,3
KJ26,ARA DAMANSARA,KJ,12,0,1,0,0,0,0,9,34.07,3
PY17,TITIWANGSA,PYL,17,0,0,0,3,4,1,5,100.0,5
KJ26,ARA DAMANSARA,KJ,17,1,0,0,1,0,0,10,25.06,2
PY15,JALAN IPOH,PYL,20,0,1,0,0,0,0,14,53.78,3
MR6,BUKIT BINTANG,MR,0,0,0,0,0,3,0,16,66.15,4
SP10,PUDU,PH,5,1,0,0,0,0,1,13,40.26,3
PY01,KWASA DAMANSARA,PYL,13,0,0,0,0,1,0,8,47.45,3
MR9,MEDAN TUANKU,MR,1,0,0,0,0,0,0,11,40.25,3
SP3,TITIWANGSA,PH,3,1,0,0,0,4,0,11,52.46,3
KJ18,KERINCHI,KJ,0,0,0,0,0,0,0,11,34.13,3
PY21,PERSIARAN KLCC,PYL,16,1,1,0,1,3,2,8,73.44,4
KJ2,TAMAN MELATI,KJ,12,0,1,0,0,0,0,7,39.7,3
MR10,CHOW KIT,MR,21,0,0,0,0,0,0,11,37.36,3
PY09,METRO PRIMA,PYL,4,0,1,0,0,0,0,10,54.68,3
PY06,SRI DAMANSARA BARAT,PYL,3,1,0,0,0,0,0,15,34.85,3
PY36,TAMAN EQUINE,PYL,21,0,0,0,0,0,0,15,50.22,3
SP1,SENTUL TIMUR,PH,5,0,0,1,0,0,0,12,40.97,3
BRT3,SUNWAY LAGOON,BRT,21,1,0,0,1,0,1,9,44.0,3
SP3,TITIWANGSA,PH,17,0,0,0,2,4,1,7,96.56,5
PY41,PUTRAJAYA SENTRAL,PYL,22,0,0,0,0,0,0,14,48.7,3
KJ32,TAIPAN,KJ,13,1,0,0,1,0,0,7,32.27,3
SP20,MUHIBBAH,PH,19,0,0,0,2,0,0,5,56.62,3
KG27,TAMAN SUNTEX,MRT,14,1,1,0,1,0,0,7,40.71,3
BRT1,SUNWAY-SETIA JAYA,BRT,3,0,0,0,0,0,0,18,51.93,3
SP13,SALAK SELATAN,PH,17,0,0,0,3,0,0,4,63.0,4
SP19,AWAN BESAR,PH,19,0,0,0,0,0,0,7,27.89,2
SP22,KINRARA,PH,20,0,1,0,0,0,0,14,53.79,3
KJ29,SS 15,KJ,17,0,0,0,3,2,0,4,77.91,4
PY05,DAMANSARA DAMAI,PYL,19,0,0,0,2,0,0,6,53.95,3
MR11,TITIWANGSA,MR,15,0,0,0,0,4,0,11,64.23,4
KJ31,USJ 7,KJ,19,1,1,0,1,1,0,7,48.05,3
KJ17,ABDULLAH HUKUM,KJ,18,0,0,0,2,3,1,4,81.54,4
KG28,SRI RAYA,MRT,16,1,0,0,1,0,0,10,44.13,3
SP25,PUSAT BANDAR PUCHONG,PH,18,1,0,0,1,0,0,12,33.05,3
KG28,SRI RAYA,MRT,0,1,0,0,0,0,1,16,54.12,3
PY22,CONLAY,PYL,14,0,0,0,0,0,0,11,37.27,3
AG16,CEMPAKA,AG,3,0,0,0,0,0,1,11,50.93,3
PY31,SERDANG RAYA UTARA,PYL,21,0,0,0,0,0,0,10,34.86,3
PY41,PUTRAJAYA SENTRAL,PYL,2,1,0,0,0,0,1,13,45.51,3
SP14,BANDAR TUN RAZAK,PH,23,0,1,0,0,0,0,15,46.24,3
AG12,MIHARJA,AG,21,1,1,0,1,0,0,9,40.33,3
SP6,BANDARAYA - UOB,PH,16,0,1,0,2,0,0,5,55.93,3
PY39,CYBERJAYA UTARA,PYL,22,0,0,0,0,0,0,11,37.3,3
SP20,MUHIBBAH,PH,17,0,0,0,2,0,0,6,60.94,4
SP5,SULTAN ISMAIL,PH,18,1,0,0,1,0,0,8,28.83,2
SP13,SALAK SELATAN,PH,22,0,0,0,0,0,0,14,46.47,3
PY09,METRO PRIMA,PYL,20,0,0,0,0,0,0,12,51.8,3
KG31,BUKIT DUKUNG,MRT,3,0,1,0,0,0,0,15,59.45,4
KJ27,CGC GLENMARIE,KJ,12,1,0,0,1,0,0,10,32.82,3
SP29,PUCHONG PRIMA,PH,3,1,0,0,0,0,0,13,29.83,2
KJ29,SS 15,KJ,0,0,1,0,0,2,0,18,70.19,4
KG24,TAMAN MIDAH,MRT,3,0,0,0,0,0,0,15,51.43,3
AG9,HANG TUAH,AG,17,1,0,0,1,4,1,12,77.95,4
AG17,CAHAYA,AG,22,1,0,0,0,0,0,12,31.87,2
KJ13,MASJID JAMEK,KJ,22,1,0,0,0,4,0,11,56.15,3
MR9,MEDAN TUANKU,MR,14,1,0,0,1,0,0,11,35.45,3
KG25,TAMAN MUTIARA,MRT,21,1,0,0,1,0,1,9,44.02,3
AG5,SULTAN ISMAIL,AG,12,1,0,0,1,0,0,12,29.46,2
SP25,PUSAT BANDAR PUCHONG,PH,23,0,0,0,0,0,0,10,35.62,3
SP9,HANG TUAH,PH,19,0,0,0,0,4,1,11,66.16,4
PY31,SERDANG RAYA UTARA,PYL,21,0,0,0,0,0,0,14,47.68,3
PY08,SRI DAMANSARA TIMUR,PYL,13,0,0,0,0,0,0,11,42.01,3
KJ33,WAWASAN,KJ,1,0,0,0,0,0,0,17,59.01,4
KJ19,UNIVERSITI,KJ,22,0,0,0,0,0,0,18,53.08,3
MR5,IMBI,MR,21,0,1,0,0,0,0,18,56.29,3
SP21,ALAM SUTERA,PH,0,1,1,0,0,0,0,11,34.91,3
KG07,SURIAN,MRT,12,0,1,0,0,0,0,8,50.04,3
SP16,SUNGAI BESI,PH,0,0,0,0,0,1,0,18,62.84,4
KG23,TAMAN PERTAMA,MRT,2,0,0,0,0,0,0,11,39.36,3
AG1,SENTUL TIMUR,AG,3,1,0,0,0,0,0,16,37.55,3
AG16,CEMPAKA,AG,12,0,0,0,0,0,0,10,37.62,3
SP11,CHAN SOW LIN,PH,20,0,0,0,0,1,0,14,54.22,3
KJ15,KL SENTRAL - REDONE,KJ,12,0,0,0,0,4,0,7,64.1,4
AG4,PWTC,AG,14,0,0,0,0,0,0,11,36.22,3
KG30,BATU 11 CHERAS,MRT,20,0,0,0,0,0,0,16,50.96,3
KG04,KWASA DAMANSARA,MRT,5,0,0,0,0,1,1,13,67.35,4
PY03,KAMPUNG SELAMAT,PYL,1,0,0,0,0,0,0,12,46.72,3
SP20,MUHIBBAH,PH,15,0,1,0,0,0,0,12,46.46,3
PY10,KEPONG BARU,PYL,17,0,1,0,3,0,0,5,71.36,4
KJ3,WANGSA MAJU,KJ,3,0,1,0,0,2,0,13,64.47,4
AG1,SENTUL TIMUR,AG,15,0,0,0,0,0,0,11,42.09,3
SP29,PUCHONG PRIMA,PH,4,0,0,0,0,0,0,18,56.0,3
PY10,KEPONG BARU,PYL,12,0,0,0,0,0,0,11,40.26,3
SP15,BANDAR TASIK SELATAN,PH,17,0,0,0,3,2,0,4,74.48,4
SP1,SENTUL TIMUR,PH,12,0,0,0,0,0,0,7,29.72,2
SP7,MASJID JAMEK,PH,3,0,1,0,0,4,0,16,80.21,4
PY16,SENTUL BARAT,PYL,3,0,0,0,0,0,0,15,53.35,3
KG12,PHILEO DAMANSARA,MRT,3,1,0,0,0,0,0,12,29.55,2
SP4,PWTC,PH,12,0,0,0,0,0,0,9,41.98,3
SP12,CHERAS,PH,5,0,0,0,0,0,0,15,55.95,3
BRT1,SUNWAY-SETIA JAYA,BRT,15,0,0,0,0,0,0,8,31.01,2
PY16,SENTUL BARAT,PYL,3,1,0,0,0,0,0,13,37.82,3
BRT2,MENTARI,BRT,12,0,0,0,0,0,0,9,32.2,3
SP26,TAMAN PERINDUSTRIAN PUCHONG,PH,17,1,0,0,1,0,0,8,28.83,2
PY22,CONLAY,PYL,13,1,1,0,1,0,0,9,42.21,3
MR11,TITIWANGSA,MR,1,0,0,0,0,4,0,14,65.53,4
AG3,TITIWANGSA,AG,16,0,0,0,1,4,0,11,66.02,4
MR11,TITIWANGSA,MR,5,0,0,0,0,4,1,10,64.23,4
PY01,KWASA DAMANSARA,PYL,19,1,1,0,1,1,0,8,41.71,3
KG14,SEMANTAN,MRT,14,1,0,0,1,0,0,9,38.87,3
KJ25,LEMBAH SUBANG,KJ,4,0,0,0,0,0,0,18,57.03,3
KJ21,ASIA JAYA,KJ,15,1,1,0,1,0,1,7,45.49,3
SP1,SENTUL TIMUR,PH,19,0,0,0,2,0,0,6,54.63,3
SP7,MASJID JAMEK,PH,4,0,1,0,0,4,0,10,73.7,4
PY18,HOSPITAL KUALA LUMPUR,PYL,2,1,0,0,0,0,0,13,35.01,3
AG3,TITIWANGSA,AG,18,0,0,0,2,4,1,7,84.93,5
SP16,SUNGAI BESI,PH,23,0,1,0,0,1,0,16,61.94,4
AG12,MIHARJA,AG,14,1,0,0,1,0,0,12,32.07,3
PY32,SERDANG RAYA SELATAN,PYL,20,0,0,0,0,0,0,11,45.91,3
KG16,PASAR SENI,MRT,13,0,0,0,0,4,0,8,67.25,4
PY05,DAMANSARA DAMAI,PYL,1,1,1,0,0,0,1,16,50.96,3
BRT5,SunU-Monash,BRT,13,0,1,0,0,0,0,10,48.91,3
BRT4,SUNMED,BRT,3,0,1,0,0,0,0,15,56.35,3
SP27,BANDAR PUTERI,PH,22,0,1,0,0,0,0,14,46.93,3
MR10,CHOW KIT,MR,21,1,0,0,1,0,0,10,34.11,3
KG18A,BUKIT BINTANG,MRT,13,0,0,0,0,3,0,10,61.79,4
PY09,METRO PRIMA,PYL,23,1,0,0,0,0,1,12,50.31,3
SP1,SENTUL TIMUR,PH,23,1,0,0,0,0,0,13,27.63,2
SP4,PWTC,PH,20,0,0,0,0,0,0,15,46.34,3
PY14,KENTOMEN,PYL,15,0,1,0,0,0,0,9,44.69,3
KJ4,SRI RAMPAI,KJ,3,0,0,0,0,0,0,12,43.29,3
AG11,CHAN SOW LIN,AG,4,0,0,0,0,1,0,15,50.47,3
PY28,TAMAN NAGA EMAS,PYL,20,0,1,0,0,0,1,10,52.69,3
KG04,KWASA DAMANSARA,MRT,2,0,0,0,0,1,1,10,59.61,4
AG13,MALURI,AG,19,0,0,0,2,1,1,7,70.94,4
KG26,TAMAN CONNAUGHT,MRT,5,0,0,0,0,0,0,11,44.35,3
KJ22,TAMAN PARAMOUNT,KJ,3,0,1,0,0,0,0,11,51.67,3
KG27,TAMAN SUNTEX,MRT,19,1,0,0,1,0,0,7,31.31,2
PY06,SRI DAMANSARA BARAT,PYL,4,0,0,0,0,0,0,16,55.19,3
KG27,TAMAN SUNTEX,MRT,18,0,0,0,3,0,0,4,68.2,4
SP29,PUCHONG PRIMA,PH,4,1,0,0,0,0,1,17,44.6,3
PY13,KAMPUNG BATU,PYL,23,0,1,0,0,0,0,10,50.11,3
SP21,ALAM SUTERA,PH,18,0,1,0,3,0,0,4,67.28,4
MR8,BUKIT NANAS,MR,23,1,0,0,0,0,0,11,22.83,2
KJ8,DAMAI,KJ,4,1,1,0,0,0,0,14,39.04,3
SP1,SENTUL TIMUR,PH,2,0,0,0,0,0,0,12,43.6,3
MR1,KL SENTRAL,MR,22,0,0,0,0,4,0,12,65.86,4
MR7,RAJA CHULAN,MR,4,1,0,0,0,0,0,10,26.24,2
MR9,MEDAN TUANKU,MR,16,0,0,0,1,0,0,8,44.07,3
PY12,SRI DELIMA,PYL,21,0,0,0,0,0,0,13,44.01,3
KG12,PHILEO DAMANSARA,MRT,23,1,1,0,0,0,0,12,36.81,3
MR3,MAHARAJALELA,MR,22,0,1,0,0,0,0,16,51.39,3
KG21,COCHRANE,MRT,20,1,1,0,1,0,0,7,30.73,2
KJ1,GOMBAK,KJ,19,0,1,0,0,0,0,9,34.06,3
PY41,PUTRAJAYA SENTRAL,PYL,0,0,1,0,0,0,0,14,56.22,3
KG18A,BUKIT BINTANG,MRT,22,1,0,0,0,3,0,10,56.77,3
AG17,CAHAYA,AG,4,0,0,0,0,0,0,10,41.16,3
AG10,PUDU,AG,12,0,0,0,0,0,0,8,25.74,2
KG08,MUTIARA DAMANSARA,MRT,17,0,0,0,3,0,0,3,65.42,4
KJ4,SRI RAMPAI,KJ,15,0,0,0,0,0,1,10,44.63,3
SP15,BANDAR TASIK SELATAN,PH,0,0,1,0,0,2,0,16,59.92,4
MR9,MEDAN TUANKU,MR,22,0,1,0,0,0,0,12,51.77,3
KG16,PASAR SENI,MRT,18,0,0,0,2,4,1,5,100.0,5
AG15,PANDAN INDAH,AG,2,0,0,0,0,0,0,15,52.62,3
KJ12,DANG WANGI,KJ,13,1,1,0,1,0,0,8,35.39,3
SP26,TAMAN PERINDUSTRIAN PUCHONG,PH,0,1,0,0,0,0,0,11,25.42,2
PY27,KUCHAI,PYL,5,1,0,0,0,0,0,10,36.53,3
PY31,SERDANG RAYA UTARA,PYL,23,0,0,0,0,0,0,10,42.1,3
KJ33,WAWASAN,KJ,15,0,0,0,0,0,0,7,38.02,3
PY36,TAMAN EQUINE,PYL,4,0,0,0,0,0,0,11,47.39,3
SP25,PUSAT BANDAR PUCHONG,PH,23,0,0,0,0,0,0,12,37.89,3
SP19,AWAN BESAR,PH,0,0,0,0,0,0,0,14,48.66,3
BRT7,USJ7,BRT,1,1,0,0,0,1,0,10,22.54,2
SP12,CHERAS,PH,20,0,1,0,0,0,0,13,50.35,3
KG20,TUN RAZAK EXCHANGE,MRT,21,1,1,0,1,4,1,9,73.95,4
KG13,PUSAT BANDAR DAMANSARA,MRT,13,0,1,0,0,0,0,9,44.57,3
KG31,BUKIT DUKUNG,MRT,5,0,1,0,0,0,0,10,41.88,3
SP5,SULTAN ISMAIL,PH,4,0,0,0,0,0,0,13,49.12,3
KG13,PUSAT BANDAR DAMANSARA,MRT,15,1,0,0,1,0,1,7,36.64,3
KG30,BATU 11 CHERAS,MRT,1,0,1,0,0,0,0,10,43.47,3
MR9,MEDAN TUANKU,MR,5,0,0,0,0,0,0,13,48.95,3
PY12,SRI DELIMA,PYL,15,0,0,0,0,0,0,11,40.77,3
KG13,PUSAT BANDAR DAMANSARA,MRT,3,0,1,0,0,0,0,14,48.7,3
BRT1,SUNWAY-SETIA JAYA,BRT,20,0,0,0,0,0,0,12,39.42,3
PY39,CYBERJAYA UTARA,PYL,2,0,1,0,0,0,0,15,51.61,3
KJ24,KELANA JAYA,KJ,17,1,1,0,1,0,0,8,47.39,3
PY07,SRI DAMANSARA SENTRAL,PYL,5,0,1,0,0,0,0,12,57.69,3
PY06,SRI DAMANSARA BARAT,PYL,17,0,0,0,3,0,0,4,64.23,4
MR8,BUKIT NANAS,MR,1,0,0,0,0,0,0,15,45.62,3
KJ30,SS 18,KJ,20,0,0,0,0,0,0,10,40.41,3
PY10,KEPONG BARU,PYL,23,1,0,0,0,0,0,15,30.45,2
PY06,SRI DAMANSARA BARAT,PYL,5,1,0,0,0,0,0,13,32.5,3
KG24,TAMAN MIDAH,MRT,1,0,0,0,0,0,0,12,50.29,3
KJ2,TAMAN MELATI,KJ,16,0,1,0,1,0,0,9,51.61,3
SP13,SALAK SELATAN,PH,19,0,0,0,0,0,0,11,49.1,3
SP5,SULTAN ISMAIL,PH,4,1,0,0,0,0,1,11,41.4,3
PY04,SUNGAI BULOH,PYL,22,0,0,0,0,0,0,10,41.38,3
SP17,BUKIT JALIL,PH,17,0,1,0,3,2,0,4,86.47,5
KJ26,ARA DAMANSARA,KJ,0,1,0,0,0,0,0,18,33.56,3
KJ17,ABDULLAH HUKUM,KJ,23,0,1,0,0,3,0,11,55.39,3
MR11,TITIWANGSA,MR,13,0,0,0,0,4,0,10,58.3,4
PY19,RAJA UDA,PYL,17,1,0,0,1,0,0,10,28.11,2
PY16,SENTUL BARAT,PYL,21,0,0,0,0,0,0,15,50.76,3
KG33,SUNGAI JERNIH,MRT,22,0,0,0,0,0,0,16,50.51,3
MR6,BUKIT BINTANG,MR,13,1,0,0,1,3,2,9,78.86,4
KG12,PHILEO DAMANSARA,MRT,0,0,0,0,0,0,0,15,51.48,3
SP17,BUKIT JALIL,PH,20,1,1,0,1,2,0,10,50.36,3
KJ35,ALAM MEGAH,KJ,18,0,0,0,3,0,0,4,53.82,3
KJ16,BANK RAKYAT BANGSAR,KJ,15,1,0,0,1,0,0,9,42.77,3
SP20,MUHIBBAH,PH,21,1,0,0,1,0,1,9,40.13,3
KJ21,ASIA JAYA,KJ,12,0,1,0,0,0,0,8,47.81,3
KG08,MUTIARA DAMANSARA,MRT,19,0,0,0,2,0,0,4,55.13,3
PY05,DAMANSARA DAMAI,PYL,15,1,1,0,1,0,0,7,32.9,3
SP8,PLAZA RAKYAT,PH,2,0,0,0,0,1,0,12,53.82,3
KG09,BANDAR UTAMA,MRT,18,0,0,0,3,3,1,4,100.0,5
KG35,KAJANG,MRT,21,0,0,0,0,0,0,14,54.58,3
KJ20,TAMAN JAYA,KJ,14,0,1,0,0,0,0,8,45.9,3
AG15,PANDAN INDAH,AG,13,0,0,0,0,0,0,8,33.83,3
PY13,KAMPUNG BATU,PYL,15,0,0,0,0,0,0,9,37.07,3
KG30,BATU 11 CHERAS,MRT,5,0,1,0,0,0,0,16,50.67,3
SP4,PWTC,PH,18,0,1,0,3,0,0,4,63.45,4
MR2,TUN SAMBANTHAN,MR,13,0,0,0,0,0,0,9,28.84,2
KG26,TAMAN CONNAUGHT,MRT,1,1,0,0,0,0,0,15,44.87,3
KG30,BATU 11 CHERAS,MRT,16,1,0,0,1,0,0,7,31.69,2
KJ10,KLCC,KJ,17,0,0,0,2,3,1,5,89.53,5
AG17,CAHAYA,AG,2,0,0,0,0,0,0,12,46.38,3
MR8,BUKIT NANAS,MR,5,1,0,0,0,0,0,17,41.44,3
KJ7,DATO' KERAMAT,KJ,18,0,0,0,3,0,0,3,68.3,4
KG17,MERDEKA,MRT,1,0,0,0,0,1,0,11,58.19,4
KG29,BANDAR TUN HUSSEIN ONN,MRT,13,0,0,0,0,0,0,9,36.53,3
KJ11,KAMPUNG BARU - CBP COOPBANK PERTAMA,KJ,18,0,1,0,2,0,0,4,57.07,3
AG17,CAHAYA,AG,17,0,0,0,3,0,0,5,63.06,4
KG28,SRI RAYA,MRT,14,1,0,0,1,0,0,8,42.5,3
KG33,SUNGAI JERNIH,MRT,4,0,1,0,0,0,0,13,49.4,3
SP8,PLAZA RAKYAT,PH,12,0,0,0,0,1,0,11,56.92,3
KG27,TAMAN SUNTEX,MRT,3,0,0,0,0,0,0,15,53.95,3
KJ21,ASIA JAYA,KJ,21,0,0,0,0,0,0,17,56.14,3
KG13,PUSAT BANDAR DAMANSARA,MRT,23,0,0,0,0,0,1,11,54.92,3
PY33,SERDANG JAYA,PYL,2,1,0,0,0,0,0,11,30.46,2
SP15,BANDAR TASIK SELATAN,PH,0,0,0,0,0,2,0,10,43.77,3
SP29,PUCHONG PRIMA,PH,23,1,0,0,0,0,0,13,35.73,3
SP5,SULTAN ISMAIL,PH,14,0,0,0,0,0,0,12,39.95,3
AG6,BANDARAYA - UOB,AG,17,0,0,0,2,0,0,5,43.46,3
KJ33,WAWASAN,KJ,12,1,0,0,1,0,0,9,35.28,3
BRT1,SUNWAY-SETIA JAYA,BRT,17,1,0,0,1,0,0,10,32.64,3
KJ13,MASJID JAMEK,KJ,14,0,0,0,0,4,0,9,67.31,4
AG3,TITIWANGSA,AG,19,0,0,0,0,4,1,12,70.0,4
MR2,TUN SAMBANTHAN,MR,16,0,1,0,1,0,0,10,43.1,3
KJ23,TAMAN BAHAGIA,KJ,3,1,0,0,0,0,0,13,37.71,3
PY15,JALAN IPOH,PYL,14,1,0,0,1,0,0,7,35.91,3
AG13,MALURI,AG,0,0,0,0,0,1,0,11,50.83,3
SP9,HANG TUAH,PH,2,0,0,0,0,4,0,14,58.73,4
KG33,SUNGAI JERNIH,MRT,22,0,0,0,0,0,0,14,48.24,3
PY40,CYBERJAYA CITY CENTRE,PYL,15,0,1,0,0,0,1,10,51.96,3
KG23,TAMAN PERTAMA,MRT,14,0,0,0,0,0,0,8,33.52,3
SP9,HANG TUAH,PH,5,0,0,0,0,4,0,18,70.55,4
PY21,PERSIARAN KLCC,PYL,12,0,0,0,0,3,0,8,57.41,3
SP17,BUKIT JALIL,PH,20,0,1,1,0,2,0,16,68.49,4
KG29,BANDAR TUN HUSSEIN ONN,MRT,13,0,0,0,0,0,0,9,29.82,2
KG10,TAMAN TUN DR ISMAIL,MRT,4,0,1,0,0,0,0,16,48.04,3
KJ8,DAMAI,KJ,17,0,0,0,3,0,0,4,68.4,4
KJ26,ARA DAMANSARA,KJ,5,0,1,0,0,0,0,18,53.84,3
KJ31,USJ 7,KJ,12,0,0,0,0,1,0,9,51.12,3
SP21,ALAM SUTERA,PH,20,1,0,0,1,0,0,8,33.86,3
KJ7,DATO' KERAMAT,KJ,4,0,0,0,0,0,0,16,49.24,3
KJ33,WAWASAN,KJ,22,0,1,0,0,0,0,16,66.15,4
SP15,BANDAR TASIK SELATAN,PH,0,0,0,0,0,2,0,15,50.37,3
MR5,IMBI,MR,19,1,1,0,1,0,0,11,40.39,3
KG26,TAMAN CONNAUGHT,MRT,18,0,1,0,2,0,0,5,65.14,4
PY09,METRO PRIMA,PYL,22,0,0,0,0,0,0,14,54.21,3
SP14,BANDAR TUN RAZAK,PH,19,0,0,0,2,0,0,7,49.97,3
KJ18,KERINCHI,KJ,19,0,1,0,2,0,0,5,56.45,3
KJ31,USJ 7,KJ,21,0,1,0,0,1,0,11,58.96,4
SP25,PUSAT BANDAR PUCHONG,PH,22,0,0,0,0,0,0,14,39.16,3
PY15,JALAN IPOH,PYL,22,1,0,0,0,0,0,12,28.97,2
SP14,BANDAR TUN RAZAK,PH,1,0,1,0,0,0,0,16,44.88,3
PY22,CONLAY,PYL,23,1,0,0,0,0,0,16,42.42,3
SP2,SENTUL,PH,21,0,1,0,0,0,0,10,47.58,3
SP17,BUKIT JALIL,PH,1,1,0,0,0,2,0,17,50.62,3
PY22,CONLAY,PYL,20,0,0,0,0,0,0,12,44.7,3
PY05,DAMANSARA DAMAI,PYL,19,0,0,0,0,0,0,8,32.77,3
AG11,CHAN SOW LIN,AG,20,0,0,0,0,1,0,16,60.49,4
KG17,MERDEKA,MRT,22,1,1,0,0,1,0,15,61.15,4
KG06,KOTA DAMANSARA,MRT,2,0,0,0,0,0,0,16,51.73,3
MR1,KL SENTRAL,MR,17,0,0,0,3,4,1,6,100.0,5
SP13,SALAK SELATAN,PH,16,1,1,0,1,0,0,8,46.64,3
KJ20,TAMAN JAYA,KJ,18,0,0,0,3,0,0,4,61.97,4
KJ11,KAMPUNG BARU - CBP COOPBANK PERTAMA,KJ,3,0,0,0,0,0,0,10,43.65,3
KJ29,SS 15,KJ,0,1,0,0,0,2,0,12,36.33,3
KJ18,KERINCHI,KJ,20,0,0,0,0,0,0,13,41.96,3
AG13,MALURI,AG,22,0,0,0,0,1,0,18,64.61,4
MR9,MEDAN TUANKU,MR,12,0,1,0,0,0,0,10,47.31,3
KG16,PASAR SENI,MRT,21,0,0,0,0,4,2,11,90.86,5
BRT5,SunU-Monash,BRT,14,0,0,0,0,0,0,10,36.68,3
AG18,AMPANG,AG,23,0,0,0,0,0,0,18,61.14,4
MR11,TITIWANGSA,MR,0,0,0,0,0,4,0,14,66.02,4
KJ5,SETIAWANGSA,KJ,15,0,0,0,0,0,0,8,31.99,2
KG14,SEMANTAN,MRT,1,0,0,0,0,0,0,10,37.14,3
PY01,KWASA DAMANSARA,PYL,2,0,1,0,0,1,0,10,49.39,3
KJ19,UNIVERSITI,KJ,15,0,1,0,0,0,0,10,45.03,3
MR11,TITIWANGSA,MR,5,0,0,0,0,4,0,17,73.3,4
KJ7,DATO' KERAMAT,KJ,19,0,0,0,0,0,0,9,40.62,3
KG35,KAJANG,MRT,3,0,1,0,0,0,0,14,58.16,4
KJ20,TAMAN JAYA,KJ,14,0,1,0,0,0,0,8,37.67,3
SP1,SENTUL TIMUR,PH,15,0,0,0,0,0,0,12,41.97,3
AG13,MALURI,AG,15,0,1,0,0,1,0,8,48.13,3
MR3,MAHARAJALELA,MR,15,1,0,0,1,0,0,10,29.61,2
SP10,PUDU,PH,2,0,0,0,0,0,0,17,51.01,3
KJ20,TAMAN JAYA,KJ,2,0,0,0,0,0,0,12,47.66,3
AG4,PWTC,AG,18,1,0,0,1,0,0,10,25.54,2
PY20,AMPANG PARK,PYL,1,0,0,0,0,0,1,11,44.76,3
SP24,IOI PUCHONG JAYA,PH,19,0,0,0,0,0,0,12,34.15,3
PY32,SERDANG RAYA SELATAN,PYL,1,1,0,0,0,0,0,13,35.13,3
BRT2,MENTARI,BRT,0,0,1,0,0,0,0,10,38.39,3
PY17,TITIWANGSA,PYL,4,1,0,0,0,4,1,14,71.96,4
SP28,PUCHONG PERDANA,PH,3,0,0,0,0,0,0,17,48.31,3
AG18,AMPANG,AG,22,0,1,0,0,0,0,14,58.94,4
KG26,TAMAN CONNAUGHT,MRT,19,0,0,0,2,0,0,5,53.42,3
KG25,TAMAN MUTIARA,MRT,14,0,0,0,0,0,0,10,40.02,3
AG14,PANDAN JAYA,AG,20,0,1,0,0,0,0,16,57.59,3
KJ20,TAMAN JAYA,KJ,17,0,0,0,2,0,0,6,56.96,3
SP1,SENTUL TIMUR,PH,23,0,0,0,0,0,0,17,51.77,3
AG13,MALURI,AG,13,0,0,0,0,1,0,11,53.82,3
AG12,MIHARJA,AG,15,0,0,0,0,0,0,9,35.94,3
MR4,HANG TUAH,MR,13,1,0,0,1,4,1,10,64.09,4
PY14,KENTOMEN,PYL,21,1,0,0,1,0,0,10,38.35,3
KG35,KAJANG,MRT,19,0,1,0,0,0,0,10,50.14,3
KG24,TAMAN MIDAH,MRT,18,0,1,0,3,0,0,4,69.69,4
BRT4,SUNMED,BRT,1,0,0,0,0,0,0,12,38.71,3
KJ27,CGC GLENMARIE,KJ,3,0,0,0,0,0,1,16,51.98,3
KG18A,BUKIT BINTANG,MRT,19,0,0,0,0,3,1,10,72.73,4
KJ17,ABDULLAH HUKUM,KJ,1,0,0,0,0,3,0,14,60.64,4
KG27,TAMAN SUNTEX,MRT,16,0,1,0,2,0,0,6,66.54,4
SP8,PLAZA RAKYAT,PH,12,1,1,0,1,1,0,7,47.63,3
PY41,PUTRAJAYA SENTRAL,PYL,4,0,1,0,0,0,0,16,55.04,3
KG21,COCHRANE,MRT,3,1,0,0,0,0,0,16,33.93,3
BRT2,MENTARI,BRT,20,0,0,0,0,0,0,15,45.58,3
PY11,JINJANG,PYL,16,0,0,0,1,0,0,7,36.04,3
SP2,SENTUL,PH,13,1,1,0,1,0,0,10,36.69,3
KJ31,USJ 7,KJ,1,0,0,0,0,1,0,16,59.78,4
PY31,SERDANG RAYA UTARA,PYL,14,0,0,0,0,0,0,9,38.21,3
MR7,RAJA CHULAN,MR,17,0,0,0,3,0,0,6,66.35,4
KG09,BANDAR UTAMA,MRT,16,0,1,0,1,3,0,8,73.12,4
KG16,PASAR SENI,MRT,16,1,1,0,1,4,1,8,74.77,4
AG8,PLAZA RAKYAT,AG,20,0,0,0,0,1,0,11,47.41,3
PY24,CHAN SOW LIN,PYL,13,1,0,0,1,1,0,7,38.7,3
SP28,PUCHONG PERDANA,PH,1,1,0,0,0,0,0,14,33.75,3
PY38,16 SIERRA,PYL,0,0,0,0,0,0,0,14,37.4,3
KJ11,KAMPUNG BARU - CBP COOPBANK PERTAMA,KJ,16,1,0,0,1,0,0,8,34.26,3
AG7,MASJID JAMEK,AG,18,1,1,0,1,4,1,9,71.73,4
MR9,MEDAN TUANKU,MR,3,0,0,0,0,0,0,12,40.5,3
PY39,CYBERJAYA UTARA,PYL,22,0,0,1,0,0,1,14,60.29,4
PY06,SRI DAMANSARA BARAT,PYL,0,1,0,0,0,0,0,10,25.8,2
MR9,MEDAN TUANKU,MR,16,0,0,0,2,0,0,6,57.58,3
KG26,TAMAN CONNAUGHT,MRT,12,0,1,0,0,0,0,10,52.13,3
KG34,STADIUM KAJANG,MRT,14,0,0,0,0,2,0,9,54.75,3
SP4,PWTC,PH,17,0,0,0,3,0,0,5,64.52,4
KG06,KOTA DAMANSARA,MRT,3,0,1,0,0,0,0,11,46.81,3
KJ12,DANG WANGI,KJ,1,0,0,0,0,0,0,13,44.89,3
KG28,SRI RAYA,MRT,3,0,0,0,0,0,0,16,59.96,4
AG14,PANDAN JAYA,AG,14,0,0,0,0,0,0,10,41.56,3
MR2,TUN SAMBANTHAN,MR,1,0,0,0,0,0,1,18,50.2,3
KJ22,TAMAN PARAMOUNT,KJ,3,0,1,0,0,0,0,16,55.17,3
PY31,SERDANG RAYA UTARA,PYL,2,0,0,0,0,0,0,16,50.93,3
KJ18,KERINCHI,KJ,20,0,0,0,0,0,0,10,39.91,3
KG18A,BUKIT BINTANG,MRT,17,0,0,0,3,3,2,4,100.0,5
KG24,TAMAN MIDAH,MRT,18,1,0,0,1,0,0,10,35.04,3
SP28,PUCHONG PERDANA,PH,0,1,0,0,0,0,0,16,37.88,3
AG11,CHAN SOW LIN,AG,15,0,0,0,0,1,0,11,42.42,3
KJ22,TAMAN PARAMOUNT,KJ,14,0,0,0,0,0,0,9,36.03,3
PY12,SRI DELIMA,PYL,17,0,1,0,2,0,0,7,59.27,4
PY29,SUNGAI BESI,PYL,12,0,0,0,0,1,0,9,42.26,3
BRT2,MENTARI,BRT,23,0,0,0,0,0,0,14,39.53,3
PY18,HOSPITAL KUALA LUMPUR,PYL,20,0,0,0,0,0,1,12,55.46,3
SP19,AWAN BESAR,PH,12,0,0,0,0,0,0,11,39.94,3
KJ21,ASIA JAYA,KJ,20,0,0,0,0,0,0,18,58.46,4
AG11,CHAN SOW LIN,AG,0,0,0,0,0,1,1,12,56.98,3
PY17,TITIWANGSA,PYL,17,0,0,0,3,4,1,4,100.0,5
SP10,PUDU,PH,21,1,0,0,1,0,0,7,33.5,3
AG1,SENTUL TIMUR,AG,12,1,0,0,1,0,0,7,31.5,2
KJ31,USJ 7,KJ,12,1,1,0,1,1,0,10,51.82,3
KG06,KOTA DAMANSARA,MRT,18,1,0,0,1,0,0,8,38.65,3
PY14,KENTOMEN,PYL,18,0,1,0,3,0,0,4,72.0,4
MR7,RAJA CHULAN,MR,17,0,0,0,3,0,0,6,65.05,4
AG13,MALURI,AG,18,0,0,0,2,1,0,5,66.05,4
SP1,SENTUL TIMUR,PH,20,1,0,0,1,0,0,10,35.54,3
AG13,MALURI,AG,2,0,0,0,0,1,0,10,43.11,3
SP4,PWTC,PH,23,0,0,0,0,0,0,10,36.31,3
KJ29,SS 15,KJ,21,0,0,0,0,2,1,16,69.04,4
KJ6,JELATEK,KJ,12,0,0,0,0,0,0,9,34.65,3
AG18,AMPANG,AG,1,0,0,0,0,0,0,15,53.91,3
PY11,JINJANG,PYL,14,0,0,0,0,0,0,8,30.64,2
KG27,TAMAN SUNTEX,MRT,5,1,1,0,0,0,1,15,59.2,4
PY12,SRI DELIMA,PYL,5,0,0,0,0,0,0,13,42.04,3
KJ27,CGC GLENMARIE,KJ,19,0,0,0,0,0,0,9,29.91,2
KJ14,PASAR SENI,KJ,22,0,1,0,0,4,0,12,74.87,4
KJ8,DAMAI,KJ,2,0,0,0,0,0,0,10,37.23,3
KJ18,KERINCHI,KJ,1,1,1,0,0,0,0,11,35.09,3
PY20,AMPANG PARK,PYL,1,1,0,0,0,0,0,13,33.52,3
PY41,PUTRAJAYA SENTRAL,PYL,12,0,1,0,0,0,0,9,47.32,3
KJ35,ALAM MEGAH,KJ,19,1,1,0,1,0,0,8,34.01,3
KJ7,DATO' KERAMAT,KJ,19,0,0,0,0,0,1,9,48.09,3
SP28,PUCHONG PERDANA,PH,15,0,1,0,0,0,0,11,49.12,3
AG4,PWTC,AG,20,0,1,0,0,0,0,14,43.89,3
KJ13,MASJID JAMEK,KJ,18,0,1,0,3,4,1,4,100.0,5
PY39,CYBERJAYA UTARA,PYL,20,0,0,0,0,0,0,10,34.76,3
KJ3,WANGSA MAJU,KJ,15,0,1,0,0,2,0,8,45.97,3
KJ14,PASAR SENI,KJ,13,0,1,0,0,4,0,8,69.01,4
AG9,HANG TUAH,AG,23,0,0,0,0,4,0,12,65.87,4
AG18,AMPANG,AG,14,0,0,0,0,0,0,11,41.28,3
KG25,TAMAN MUTIARA,MRT,12,0,1,0,0,0,0,10,46.04,3
AG8,PLAZA RAKYAT,AG,0,0,0,0,0,1,0,15,60.12,4
KJ1,GOMBAK,KJ,19,0,1,0,2,0,0,6,50.1,3
PY34,UPM,PYL,2,1,0,0,0,0,0,12,32.79,3
MR5,IMBI,MR,3,0,0,0,0,0,0,12,38.92,3
MR9,MEDAN TUANKU,MR,3,0,1,0,0,0,0,12,49.68,3
SP18,SRI PETALING,PH,17,0,0,0,2,0,0,6,46.93,3
SP20,MUHIBBAH,PH,5,0,1,0,0,0,0,18,60.2,4
KJ13,MASJID JAMEK,KJ,5,0,0,0,0,4,0,15,71.84,4
BRT4,SUNMED,BRT,16,0,0,0,1,0,0,9,46.31,3
MR7,RAJA CHULAN,MR,13,1,0,0,1,0,0,12,38.64,3
SP2,SENTUL,PH,15,0,0,0,0,0,0,10,34.89,3
SP17,BUKIT JALIL,PH,13,0,0,0,0,2,0,11,44.71,3
KG16,PASAR SENI,MRT,15,0,0,0,0,4,0,7,65.0,4
KJ3,WANGSA MAJU,KJ,12,0,0,0,0,2,0,10,52.19,3
PY18,HOSPITAL KUALA LUMPUR,PYL,19,1,0,0,1,0,0,9,44.25,3
KG04,KWASA DAMANSARA,MRT,21,0,0,0,0,1,0,16,64.14,4
PY37,PUTRA PERMAI,PYL,13,1,1,0,1,0,0,7,27.5,2
PY31,SERDANG RAYA UTARA,PYL,16,1,0,0,1,0,0,11,35.06,3
PY27,KUCHAI,PYL,12,1,1,0,1,0,0,11,44.71,3
AG14,PANDAN JAYA,AG,0,0,1,0,0,0,0,10,43.7,3
KG17,MERDEKA,MRT,16,1,0,0,1,1,0,9,44.49,3
KJ33,WAWASAN,KJ,13,0,0,0,0,0,0,10,49.21,3
AG12,MIHARJA,AG,19,1,1,0,1,0,0,12,44.64,3
KG10,TAMAN TUN DR ISMAIL,MRT,22,0,0,0,0,0,0,16,47.13,3
SP17,BUKIT JALIL,PH,20,0,0,0,0,2,0,11,46.63,3
PY09,METRO PRIMA,PYL,4,0,0,0,0,0,0,16,52.61,3
PY31,SERDANG RAYA UTARA,PYL,2,0,0,0,0,0,0,11,39.59,3
PY18,HOSPITAL KUALA LUMPUR,PYL,17,0,0,0,3,0,1,5,76.86,4
PY01,KWASA DAMANSARA,PYL,15,0,1,0,0,1,0,11,53.01,3
KJ17,ABDULLAH HUKUM,KJ,18,0,0,0,2,3,1,4,79.27,4
SP10,PUDU,PH,16,0,0,0,2,0,1,7,67.46,4
BRT5,SunU-Monash,BRT,19,0,0,0,2,0,0,9,60.68,4
MR1,KL SENTRAL,MR,2,1,0,0,0,4,0,10,56.4,3
PY33,SERDANG JAYA,PYL,22,0,0,0,0,0,0,16,49.58,3
SP22,KINRARA,PH,17,0,1,0,3,0,0,5,71.57,4
BRT4,SUNMED,BRT,21,0,1,0,0,0,0,16,51.17,3
KG05,KWASA SENTRAL,MRT,15,0,0,0,0,0,0,9,38.1,3
KJ21,ASIA JAYA,KJ,18,0,1,0,2,0,0,6,56.81,3
PY27,KUCHAI,PYL,5,0,1,0,0,0,0,13,53.54,3
PY33,SERDANG JAYA,PYL,2,0,0,0,0,0,0,13,43.76,3
SP19,AWAN BESAR,PH,19,1,1,0,1,0,0,10,40.55,3
AG3,TITIWANGSA,AG,14,0,1,0,0,4,0,12,69.0,4
SP31,PUTRA HEIGHTS,PH,5,0,1,0,0,1,0,14,71.38,4
PY33,SERDANG JAYA,PYL,21,0,0,0,0,0,1,10,54.76,3
KJ15,KL SENTRAL - REDONE,KJ,19,1,0,0,1,4,1,10,74.83,4
KJ22,TAMAN PARAMOUNT,KJ,23,1,0,0,0,0,0,18,49.2,3
KG09,BANDAR UTAMA,MRT,2,1,0,0,0,3,0,12,57.96,3
AG17,CAHAYA,AG,20,0,0,0,0,0,0,11,44.47,3
KG34,STADIUM KAJANG,MRT,14,1,0,0,1,2,0,8,49.92,3
KJ1,GOMBAK,KJ,20,0,0,0,0,0,0,14,36.94,3
AG11,CHAN SOW LIN,AG,5,0,0,0,0,1,1,15,60.33,4
SP6,BANDARAYA - UOB,PH,16,0,1,0,2,0,0,5,58.89,4
KG23,TAMAN PERTAMA,MRT,21,0,0,0,0,0,0,16,48.93,3
BRT4,SUNMED,BRT,4,1,0,0,0,0,0,12,25.27,2
KJ25,LEMBAH SUBANG,KJ,5,1,0,0,0,0,0,14,37.0,3
KJ10,KLCC,KJ,21,0,0,0,0,3,1,18,81.43,4
AG7,MASJID JAMEK,AG,14,0,0,0,0,4,0,12,68.44,4
KG16,PASAR SENI,MRT,21,0,0,0,0,4,1,15,87.55,5
PY21,PERSIARAN KLCC,PYL,17,0,0,0,3,3,1,4,94.63,5
MR3,MAHARAJALELA,MR,14,0,0,0,0,0,0,10,27.14,2
SP8,PLAZA RAKYAT,PH,23,0,0,0,0,1,0,10,49.15,3
KJ31,USJ 7,KJ,13,0,1,0,0,1,0,7,52.55,3
KG18A,BUKIT BINTANG,MRT,17,0,0,0,3,3,1,3,100.0,5
AG17,CAHAYA,AG,19,0,0,0,2,0,0,7,61.41,4
AG9,HANG TUAH,AG,18,0,0,0,2,4,1,4,86.3,5
PY19,RAJA UDA,PYL,19,0,1,0,0,0,0,8,34.54,3
SP15,BANDAR TASIK SELATAN,PH,5,1,0,0,0,2,0,11,31.7,2
AG17,CAHAYA,AG,15,0,1,0,0,0,0,11,53.53,3
SP15,BANDAR TASIK SELATAN,PH,13,0,0,0,0,2,0,10,41.43,3
KG09,BANDAR UTAMA,MRT,21,0,0,0,0,3,1,12,78.63,4
KG07,SURIAN,MRT,2,0,1,0,0,0,0,10,48.94,3
AG10,PUDU,AG,21,0,1,0,0,0,0,12,47.05,3
KJ30,SS 18,KJ,1,1,0,0,0,0,0,16,34.95,3
KJ6,JELATEK,KJ,23,0,0,0,0,0,0,12,47.94,3
AG13,MALURI,AG,21,0,0,0,0,1,0,17,64.23,4
MR4,HANG TUAH,MR,5,1,0,0,0,4,0,15,52.36,3
KJ12,DANG WANGI,KJ,1,0,0,0,0,0,0,14,50.4,3
AG15,PANDAN INDAH,AG,1,1,0,0,0,0,0,15,38.04,3
KJ8,DAMAI,KJ,17,1,1,0,1,0,0,7,37.0,3
PY41,PUTRAJAYA SENTRAL,PYL,3,0,0,0,0,0,0,13,51.33,3
KJ27,CGC GLENMARIE,KJ,12,0,0,0,0,0,0,10,37.91,3
PY34,UPM,PYL,16,0,1,0,2,0,0,4,64.68,4
PY31,SERDANG RAYA UTARA,PYL,21,0,0,0,0,0,0,15,46.11,3
SP13,SALAK SELATAN,PH,2,0,1,0,0,0,0,12,49.26,3
KJ3,WANGSA MAJU,KJ,4,0,0,0,0,2,0,18,66.93,4
KG33,SUNGAI JERNIH,MRT,1,1,1,0,0,0,0,11,35.59,3
KJ22,TAMAN PARAMOUNT,KJ,16,0,0,0,2,0,1,6,62.58,4
KJ12,DANG WANGI,KJ,13,0,0,0,0,0,0,8,39.54,3
AG11,CHAN SOW LIN,AG,3,0,1,0,0,1,0,12,58.66,4
MR1,KL SENTRAL,MR,20,0,0,1,0,4,1,10,77.41,4
AG13,MALURI,AG,13,1,1,0,1,1,0,12,58.34,4
PY16,SENTUL BARAT,PYL,2,1,1,0,0,0,0,14,47.28,3
SP16,SUNGAI BESI,PH,2,0,1,0,0,1,0,10,51.0,3
BRT6,SOUTH QUAY-USJ 1,BRT,1,0,1,0,0,0,0,13,43.54,3
SP19,AWAN BESAR,PH,12,0,0,0,0,0,0,12,42.58,3
MR7,RAJA CHULAN,MR,12,1,0,0,1,0,0,8,33.63,3
SP11,CHAN SOW LIN,PH,14,0,0,0,0,1,0,7,50.21,3
SP20,MUHIBBAH,PH,21,0,1,0,0,0,0,11,51.43,3
KJ17,ABDULLAH HUKUM,KJ,3,1,1,0,0,3,0,15,50.72,3
SP25,PUSAT BANDAR PUCHONG,PH,18,1,1,0,1,0,0,11,42.63,3
KJ32,TAIPAN,KJ,5,0,0,0,0,0,0,10,39.08,3
KG34,STADIUM KAJANG,MRT,22,0,0,0,0,2,0,12,57.55,3
SP18,SRI PETALING,PH,21,1,0,0,1,0,0,10,31.92,2
KG17,MERDEKA,MRT,4,0,1,0,0,1,0,15,71.61,4
KG15,MUZIUM NEGARA,MRT,12,0,1,0,0,0,0,8,45.93,3
PY34,UPM,PYL,21,1,1,0,1,0,0,8,37.14,3
KJ7,DATO' KERAMAT,KJ,3,1,1,0,0,0,0,12,38.28,3
MR1,KL SENTRAL,MR,23,0,0,0,0,4,1,13,79.64,4
PY16,SENTUL BARAT,PYL,5,1,1,0,0,0,0,16,48.8,3
KG15,MUZIUM NEGARA,MRT,19,1,0,0,1,0,0,7,33.88,3
SP4,PWTC,PH,18,0,1,0,3,0,0,5,66.14,4
AG17,CAHAYA,AG,15,1,1,0,1,0,0,10,43.68,3
AG5,SULTAN ISMAIL,AG,1,0,1,0,0,0,0,11,37.3,3
KG25,TAMAN MUTIARA,MRT,1,0,0,0,0,0,0,13,44.29,3
BRT5,SunU-Monash,BRT,5,1,0,0,0,0,1,15,40.92,3
PY09,METRO PRIMA,PYL,19,0,0,0,0,0,0,9,42.12,3
AG3,TITIWANGSA,AG,20,1,1,0,1,4,1,10,70.99,4
KJ11,KAMPUNG BARU - CBP COOPBANK PERTAMA,KJ,20,0,0,0,0,0,0,11,39.93,3
AG10,PUDU,AG,14,0,0,0,0,0,0,8,35.24,3
KJ32,TAIPAN,KJ,1,0,1,0,0,0,0,16,56.03,3
PY04,SUNGAI BULOH,PYL,0,0,0,0,0,0,0,15,50.59,3
PY17,TITIWANGSA,PYL,0,1,0,0,0,4,0,13,65.47,4
MR7,RAJA CHULAN,MR,18,1,0,0,1,0,0,9,34.56,3
KJ24,KELANA JAYA,KJ,15,0,0,0,0,0,0,10,44.71,3
KJ23,TAMAN BAHAGIA,KJ,20,0,0,0,0,0,0,12,47.78,3
SP6,BANDARAYA - UOB,PH,19,0,1,0,2,0,1,4,70.66,4
KJ30,SS 18,KJ,14,1,0,0,1,0,0,9,38.84,3
KG35,KAJANG,MRT,4,0,0,0,0,0,0,16,53.98,3
KG20,TUN RAZAK EXCHANGE,MRT,1,0,0,0,0,4,0,16,69.53,4
MR1,KL SENTRAL,MR,18,0,0,0,2,4,1,8,100.0,5
KJ24,KELANA JAYA,KJ,20,0,0,0,0,0,0,11,48.11,3
SP27,BANDAR PUTERI,PH,23,1,0,0,0,0,0,17,34.69,3
PY09,METRO PRIMA,PYL,20,1,0,0,1,0,0,9,40.0,3
PY31,SERDANG RAYA UTARA,PYL,0,0,1,0,0,0,0,14,56.01,3
PY41,PUTRAJAYA SENTRAL,PYL,17,0,1,0,3,0,0,5,75.47,4
KG04,KWASA DAMANSARA,MRT,0,0,1,0,0,1,0,12,56.16,3
KJ25,LEMBAH SUBANG,KJ,0,0,0,0,0,0,0,16,52.11,3
SP27,BANDAR PUTERI,PH,13,0,1,0,0,0,1,10,48.02,3
SP7,MASJID JAMEK,PH,13,0,1,0,0,4,0,8,64.62,4
KG33,SUNGAI JERNIH,MRT,15,0,0,0,0,0,0,7,32.4,3
KJ24,KELANA JAYA,KJ,5,0,0,0,0,0,1,11,52.81,3
PY29,SUNGAI BESI,PYL,2,0,0,0,0,1,0,14,51.35,3
KG05,KWASA SENTRAL,MRT,17,1,0,0,1,0,0,9,36.84,3
SP28,PUCHONG PERDANA,PH,4,0,0,0,0,0,0,14,48.45,3
SP5,SULTAN ISMAIL,PH,13,0,0,0,0,0,0,12,40.0,3
KG34,STADIUM KAJANG,MRT,19,1,0,0,1,2,0,7,41.03,3
KG23,TAMAN PERTAMA,MRT,13,1,0,0,1,0,0,7,31.12,2
PY19,RAJA UDA,PYL,4,0,1,0,0,0,0,13,41.26,3
AG16,CEMPAKA,AG,13,1,0,0,1,0,0,8,30.1,2
KG33,SUNGAI JERNIH,MRT,17,0,0,0,3,0,0,3,65.05,4
KJ13,MASJID JAMEK,KJ,15,0,0,0,0,4,0,7,57.62,3
KJ27,CGC GLENMARIE,KJ,5,0,0,0,0,0,0,15,43.66,3
PY31,SERDANG RAYA UTARA,PYL,5,0,0,0,0,0,0,12,40.34,3
KG14,SEMANTAN,MRT,17,0,1,0,3,0,0,4,70.85,4
MR6,BUKIT BINTANG,MR,17,1,0,0,1,3,2,11,80.06,4
AG14,PANDAN JAYA,AG,15,1,0,0,1,0,0,11,38.7,3
KJ17,ABDULLAH HUKUM,KJ,18,0,0,0,3,3,1,3,88.89,5
AG6,BANDARAYA - UOB,AG,2,0,0,0,0,0,0,12,37.88,3
AG10,PUDU,AG,5,0,1,0,0,0,0,18,57.27,3
KG21,COCHRANE,MRT,23,1,0,0,0,0,0,14,37.26,3
SP18,SRI PETALING,PH,20,0,0,0,0,0,0,13,37.24,3
KJ30,SS 18,KJ,2,0,0,1,0,0,0,11,51.94,3
KJ33,WAWASAN,KJ,22,0,1,0,0,0,0,11,51.17,3
MR11,TITIWANGSA,MR,12,0,0,0,0,4,0,9,55.11,3
SP28,PUCHONG PERDANA,PH,19,0,0,0,0,0,0,7,30.66,2
KG09,BANDAR UTAMA,MRT,21,1,0,0,1,3,2,8,75.91,4
SP2,SENTUL,PH,16,0,0,0,1,0,0,8,41.52,3
KJ35,ALAM MEGAH,KJ,2,0,0,0,0,0,0,17,50.48,3
KJ37,PUTRA HEIGHTS,KJ,2,0,1,0,0,1,0,17,64.87,4
KJ6,JELATEK,KJ,21,0,0,0,0,0,1,10,51.42,3
SP24,IOI PUCHONG JAYA,PH,0,0,0,0,0,0,0,14,43.07,3
PY11,JINJANG,PYL,18,0,0,0,3,0,0,5,58.81,4
MR1,KL SENTRAL,MR,15,1,1,0,1,4,1,12,86.04,5
MR10,CHOW KIT,MR,21,1,0,0,1,0,0,9,28.41,2
AG7,MASJID JAMEK,AG,2,0,0,0,0,4,1,18,79.16,4
KG28,SRI RAYA,MRT,15,1,0,0,1,0,0,9,43.06,3
KG27,TAMAN SUNTEX,MRT,4,0,0,0,0,0,0,16,58.92,4
PY39,CYBERJAYA UTARA,PYL,1,1,0,0,0,0,0,16,33.0,3
AG3,TITIWANGSA,AG,16,1,1,0,1,4,1,12,79.32,4
KG34,STADIUM KAJANG,MRT,14,0,0,0,0,2,0,9,50.48,3
SP11,CHAN SOW LIN,PH,17,0,0,0,3,1,0,4,74.78,4
PY39,CYBERJAYA UTARA,PYL,13,0,0,0,0,0,0,7,33.77,3
PY36,TAMAN EQUINE,PYL,13,0,0,0,0,0,0,7,42.34,3
MR2,TUN SAMBANTHAN,MR,22,1,1,0,0,0,0,18,43.64,3
SP25,PUSAT BANDAR PUCHONG,PH,1,0,1,0,0,0,0,11,46.57,3
KJ36,SUBANG ALAM,KJ,15,0,0,0,0,0,0,9,30.12,2
KJ35,ALAM MEGAH,KJ,15,0,0,0,0,0,0,10,33.8,3
KJ5,SETIAWANGSA,KJ,21,0,0,0,0,0,0,10,36.01,3
PY38,16 SIERRA,PYL,1,0,1,0,0,0,0,13,48.9,3
KG13,PUSAT BANDAR DAMANSARA,MRT,23,0,1,0,0,0,0,15,51.07,3
KG05,KWASA SENTRAL,MRT,3,0,0,0,0,0,0,13,45.46,3
KG09,BANDAR UTAMA,MRT,2,0,1,0,0,3,0,11,72.57,4
SP10,PUDU,PH,2,0,1,0,0,0,0,18,57.93,3
MR3,MAHARAJALELA,MR,2,1,0,0,0,0,0,13,26.25,2
KG26,TAMAN CONNAUGHT,MRT,5,1,1,0,0,0,0,14,48.55,3
AG12,MIHARJA,AG,21,0,0,0,0,0,0,11,34.01,3
SP10,PUDU,PH,3,0,0,0,0,0,0,10,44.42,3
BRT3,SUNWAY LAGOON,BRT,23,0,0,0,0,0,0,15,48.25,3
AG17,CAHAYA,AG,23,0,1,0,0,0,0,12,49.74,3
KJ25,LEMBAH SUBANG,KJ,22,0,1,0,0,0,0,12,56.03,3
PY13,KAMPUNG BATU,PYL,22,0,0,0,0,0,0,14,42.33,3
MR9,MEDAN TUANKU,MR,19,0,1,0,0,0,0,12,51.09,3
SP11,CHAN SOW LIN,PH,2,0,0,0,0,1,0,13,53.07,3
KG21,COCHRANE,MRT,14,0,0,0,0,0,0,7,36.22,3
KJ11,KAMPUNG BARU - CBP COOPBANK PERTAMA,KJ,4,1,0,0,0,0,0,16,34.19,3
PY10,KEPONG BARU,PYL,16,1,0,0,1,0,0,8,28.14,2
KG23,TAMAN PERTAMA,MRT,20,1,0,0,1,0,0,9,36.23,3
SP31,PUTRA HEIGHTS,PH,18,0,0,0,2,1,0,7,70.41,4
AG1,SENTUL TIMUR,AG,14,0,0,0,0,0,0,7,33.9,3
SP10,PUDU,PH,2,1,0,0,0,0,0,10,24.86,2
BRT2,MENTARI,BRT,18,0,0,1,3,0,0,6,70.2,4
KJ25,LEMBAH SUBANG,KJ,12,0,0,0,0,0,0,8,46.19,3
KJ8,DAMAI,KJ,22,0,1,0,0,0,1,13,61.18,4
AG2,SENTUL,AG,18,0,0,0,3,0,0,4,63.14,4
KJ12,DANG WANGI,KJ,20,1,0,0,1,0,0,7,28.86,2
PY03,KAMPUNG SELAMAT,PYL,13,0,0,0,0,0,0,8,36.24,3
KJ17,ABDULLAH HUKUM,KJ,0,0,0,0,0,3,0,12,56.32,3
KG13,PUSAT BANDAR DAMANSARA,MRT,12,1,0,0,1,0,0,8,28.22,2
KJ22,TAMAN PARAMOUNT,KJ,21,0,1,0,0,0,0,17,63.6,4
SP24,IOI PUCHONG JAYA,PH,19,1,0,0,1,0,0,8,29.91,2
KG09,BANDAR UTAMA,MRT,22,0,0,0,0,3,0,13,67.09,4
MR3,MAHARAJALELA,MR,0,0,0,0,0,0,0,14,40.61,3
SP15,BANDAR TASIK SELATAN,PH,15,0,0,0,0,2,0,11,43.12,3
MR9,MEDAN TUANKU,MR,3,1,1,0,0,0,0,13,40.83,3
KG12,PHILEO DAMANSARA,MRT,16,1,0,0,1,0,0,8,32.48,3
PY33,SERDANG JAYA,PYL,17,0,0,0,3,0,0,4,67.41,4
SP29,PUCHONG PRIMA,PH,2,0,0,0,0,0,0,10,39.71,3
KG21,COCHRANE,MRT,12,1,1,0,1,0,0,9,34.21,3
KG23,TAMAN PERTAMA,MRT,2,0,0,0,0,0,0,12,42.95,3
KJ34,USJ 21,KJ,21,0,0,0,0,0,0,11,45.6,3
AG4,PWTC,AG,15,0,0,0,0,0,0,8,27.01,2
SP25,PUSAT BANDAR PUCHONG,PH,18,0,0,0,3,0,0,4,62.11,4
PY31,SERDANG RAYA UTARA,PYL,22,0,0,0,0,0,0,15,47.01,3
SP1,SENTUL TIMUR,PH,2,0,1,0,0,0,0,10,39.43,3
SP1,SENTUL TIMUR,PH,14,0,0,0,0,0,0,11,34.18,3
KG35,KAJANG,MRT,22,1,1,0,0,0,0,14,44.9,3
BRT7,USJ7,BRT,4,0,0,0,0,1,0,14,50.8,3
KJ24,KELANA JAYA,KJ,13,1,0,0,1,0,0,9,41.15,3
PY39,CYBERJAYA UTARA,PYL,12,0,0,0,0,0,0,10,38.31,3
PY22,CONLAY,PYL,17,0,1,0,2,0,0,6,59.58,4
KG12,PHILEO DAMANSARA,MRT,0,0,0,0,0,0,0,16,50.58,3
KJ34,USJ 21,KJ,18,0,0,0,2,0,0,6,57.19,3
KG27,TAMAN SUNTEX,MRT,19,0,0,0,2,0,0,5,60.89,4
SP5,SULTAN ISMAIL,PH,0,1,0,0,0,0,0,12,32.32,3
KG29,BANDAR TUN HUSSEIN ONN,MRT,21,0,1,0,0,0,0,16,56.06,3
KG22,MALURI,MRT,21,0,0,0,0,1,0,14,51.91,3
AG12,MIHARJA,AG,16,1,1,0,1,0,0,7,29.54,2
PY01,KWASA DAMANSARA,PYL,21,1,0,0,1,1,0,7,41.43,3
MR10,CHOW KIT,MR,23,0,1,0,0,0,0,10,35.59,3
KJ14,PASAR SENI,KJ,3,1,0,0,0,4,0,13,58.26,4
KG33,SUNGAI JERNIH,MRT,0,0,1,0,0,0,0,10,43.87,3
SP21,ALAM SUTERA,PH,17,1,1,0,1,0,0,7,43.52,3
KG16,PASAR SENI,MRT,14,0,1,0,0,4,0,10,69.31,4
PY07,SRI DAMANSARA SENTRAL,PYL,4,1,0,0,0,0,0,13,34.61,3
PY38,16 SIERRA,PYL,19,1,1,0,1,0,0,10,33.73,3
KJ23,TAMAN BAHAGIA,KJ,3,0,0,0,0,0,0,13,50.53,3
KG34,STADIUM KAJANG,MRT,23,0,0,0,0,2,0,16,67.17,4
KJ26,ARA DAMANSARA,KJ,3,0,0,0,0,0,1,11,43.49,3
KJ24,KELANA JAYA,KJ,20,0,0,1,0,0,0,12,53.84,3
MR7,RAJA CHULAN,MR,18,0,0,0,2,0,0,5,49.02,3
KG35,KAJANG,MRT,21,0,0,0,0,0,0,10,47.59,3
PY09,METRO PRIMA,PYL,3,0,0,0,0,0,0,14,53.5,3
AG14,PANDAN JAYA,AG,14,0,0,0,0,0,0,9,39.17,3
AG2,SENTUL,AG,0,0,0,0,0,0,0,14,53.71,3
BRT2,MENTARI,BRT,14,1,1,0,1,0,0,10,41.16,3
PY31,SERDANG RAYA UTARA,PYL,17,1,1,0,1,0,0,7,33.06,3
KJ29,SS 15,KJ,12,1,0,0,1,2,0,8,40.98,3
SP16,SUNGAI BESI,PH,21,0,0,0,0,1,0,16,57.34,3
KJ22,TAMAN PARAMOUNT,KJ,6,1,0,0,0,0,0,9,29.66,2
KJ33,WAWASAN,KJ,21,0,1,0,0,0,0,13,54.21,3
SP21,ALAM SUTERA,PH,5,0,0,0,0,0,0,13,47.77,3
BRT2,MENTARI,BRT,16,0,0,0,2,0,0,9,58.77,4
KJ29,SS 15,KJ,15,1,0,0,1,2,0,9,40.72,3
AG5,SULTAN ISMAIL,AG,17,1,0,0,1,0,0,12,38.43,3
KJ8,DAMAI,KJ,16,1,0,0,1,0,0,8,36.39,3
MR7,RAJA CHULAN,MR,22,0,0,0,0,0,0,11,37.28,3
KJ3,WANGSA MAJU,KJ,3,0,0,0,0,2,0,10,52.58,3
KG18A,BUKIT BINTANG,MRT,14,1,0,0,1,3,2,7,75.11,4
PY36,TAMAN EQUINE,PYL,19,0,0,0,0,0,0,11,46.45,3
KJ28,SUBANG JAYA,KJ,18,0,0,0,2,0,0,5,53.19,3
KJ13,MASJID JAMEK,KJ,22,0,1,0,0,4,0,18,84.06,5
AG15,PANDAN INDAH,AG,14,1,0,0,1,0,0,10,35.91,3
KG09,BANDAR UTAMA,MRT,1,0,0,0,0,3,0,16,74.15,4
SP18,SRI PETALING,PH,21,0,1,0,0,0,0,18,56.52,3
SP8,PLAZA RAKYAT,PH,16,1,1,0,1,1,0,12,60.38,4
AG3,TITIWANGSA,AG,14,1,1,0,1,4,1,9,71.8,4
KG24,TAMAN MIDAH,MRT,13,0,0,0,0,0,0,10,46.87,3
AG15,PANDAN INDAH,AG,19,0,0,0,2,0,0,4,54.84,3
SP6,BANDARAYA - UOB,PH,1,0,0,0,0,0,0,10,39.02,3
SP14,BANDAR TUN RAZAK,PH,3,0,0,0,0,0,0,17,39.7,3
MR8,BUKIT NANAS,MR,0,0,1,0,0,0,0,12,48.38,3
AG12,MIHARJA,AG,23,0,0,0,0,0,0,18,54.39,3
BRT3,SUNWAY LAGOON,BRT,12,0,1,0,0,0,0,9,40.79,3
KJ35,ALAM MEGAH,KJ,23,1,0,0,0,0,0,17,36.78,3
AG10,PUDU,AG,16,0,0,0,1,0,0,8,37.65,3
KJ28,SUBANG JAYA,KJ,5,0,0,0,0,0,0,13,46.32,3
BRT5,SunU-Monash,BRT,22,0,0,0,0,0,1,10,44.93,3
MR1,KL SENTRAL,MR,16,1,1,0,1,4,1,9,76.64,4
KJ6,JELATEK,KJ,12,0,1,0,0,0,0,8,46.79,3
KJ23,TAMAN BAHAGIA,KJ,12,1,0,0,1,0,0,8,38.92,3
KG17,MERDEKA,MRT,3,1,0,0,0,1,0,13,47.82,3
AG10,PUDU,AG,17,1,1,0,1,0,0,7,29.24,2
SP8,PLAZA RAKYAT,PH,4,0,0,0,0,1,0,12,61.41,4
PY33,SERDANG JAYA,PYL,20,0,1,0,0,0,0,10,44.34,3
AG5,SULTAN ISMAIL,AG,1,0,0,0,0,0,0,10,31.24,2
PY34,UPM,PYL,12,0,0,0,0,0,0,7,37.54,3
PY01,KWASA DAMANSARA,PYL,13,0,0,0,0,1,0,8,44.11,3
KJ29,SS 15,KJ,20,1,0,0,1,2,0,7,41.61,3
AG13,MALURI,AG,1,1,0,0,0,1,0,15,49.31,3
KG28,SRI RAYA,MRT,15,0,1,0,0,0,0,7,46.63,3
SP21,ALAM SUTERA,PH,2,0,0,0,0,0,0,11,41.11,3
PY20,AMPANG PARK,PYL,17,0,1,0,3,0,0,4,70.01,4
KJ16,BANK RAKYAT BANGSAR,KJ,2,1,1,0,0,0,0,12,48.34,3
PY07,SRI DAMANSARA SENTRAL,PYL,21,0,1,0,0,0,0,14,55.41,3
SP9,HANG TUAH,PH,21,0,0,0,0,4,1,17,81.4,4
BRT3,SUNWAY LAGOON,BRT,5,1,0,0,0,0,0,12,26.98,2
MR3,MAHARAJALELA,MR,16,0,1,0,1,0,0,9,48.77,3
PY17,TITIWANGSA,PYL,23,0,1,0,0,4,0,14,81.31,4
AG7,MASJID JAMEK,AG,17,0,0,0,2,4,1,6,89.82,5
KJ34,USJ 21,KJ,20,0,0,0,0,0,0,16,54.16,3
BRT3,SUNWAY LAGOON,BRT,12,0,0,0,0,0,0,10,39.2,3
KJ17,ABDULLAH HUKUM,KJ,17,0,0,0,2,3,1,6,82.07,5
KG09,BANDAR UTAMA,MRT,15,0,1,0,0,3,0,10,68.71,4
KG31,BUKIT DUKUNG,MRT,22,0,1,0,0,0,0,13,52.04,3
SP3,TITIWANGSA,PH,16,0,0,0,2,4,1,6,94.27,5
PY24,CHAN SOW LIN,PYL,0,0,0,1,0,1,1,11,70.05,4
MR7,RAJA CHULAN,MR,0,1,0,0,0,0,0,16,34.77,3
BRT1,SUNWAY-SETIA JAYA,BRT,16,0,1,0,2,0,0,7,58.48,4
SP25,PUSAT BANDAR PUCHONG,PH,12,0,1,0,0,0,0,12,43.57,3
PY01,KWASA DAMANSARA,PYL,13,1,0,0,1,1,0,8,37.32,3
PY11,JINJANG,PYL,20,1,1,0,1,0,0,7,34.23,3
KJ19,UNIVERSITI,KJ,22,0,0,0,0,0,0,13,46.36,3
SP24,IOI PUCHONG JAYA,PH,1,0,0,0,0,0,0,11,32.7,3
AG4,PWTC,AG,15,0,0,0,0,0,0,12,39.07,3
AG9,HANG TUAH,AG,20,0,0,0,0,4,1,10,75.71,4
SP15,BANDAR TASIK SELATAN,PH,23,0,1,0,0,2,0,17,61.81,4
SP5,SULTAN ISMAIL,PH,12,0,1,0,0,0,0,11,47.35,3
KJ36,SUBANG ALAM,KJ,17,1,1,0,1,0,0,8,31.37,2
AG11,CHAN SOW LIN,AG,1,0,0,0,0,1,0,13,46.11,3
PY24,CHAN SOW LIN,PYL,16,0,0,0,1,1,0,9,59.99,4
SP29,PUCHONG PRIMA,PH,1,1,0,0,0,0,1,18,54.61,3
AG17,CAHAYA,AG,18,0,0,0,2,0,0,4,53.54,3
MR11,TITIWANGSA,MR,5,0,0,0,0,4,0,18,73.31,4
KJ4,SRI RAMPAI,KJ,1,0,0,0,0,0,0,14,48.1,3
AG10,PUDU,AG,22,0,0,0,0,0,0,11,38.11,3
KJ34,USJ 21,KJ,3,0,1,0,0,0,0,15,64.3,4
BRT7,USJ7,BRT,4,1,0,0,0,1,0,12,26.33,2
KJ8,DAMAI,KJ,22,1,1,0,0,0,0,12,44.46,3
KG17,MERDEKA,MRT,19,0,0,0,2,1,0,6,73.42,4
SP21,ALAM SUTERA,PH,13,0,1,0,0,0,0,8,42.98,3
KG28,SRI RAYA,MRT,20,0,0,0,0,0,0,13,50.07,3
SP26,TAMAN PERINDUSTRIAN PUCHONG,PH,21,1,0,0,1,0,0,11,32.36,3
KG12,PHILEO DAMANSARA,MRT,22,1,0,0,0,0,0,10,28.32,2
PY20,AMPANG PARK,PYL,19,0,0,0,0,0,0,10,38.7,3
SP13,SALAK SELATAN,PH,18,0,0,0,2,0,0,5,60.44,4
SP21,ALAM SUTERA,PH,3,1,0,0,0,0,0,14,33.17,3
BRT1,SUNWAY-SETIA JAYA,BRT,18,1,1,0,1,0,0,13,38.19,3
BRT7,USJ7,BRT,15,0,1,0,0,1,0,11,48.49,3
KJ18,KERINCHI,KJ,2,0,0,0,0,0,0,17,42.63,3
KJ26,ARA DAMANSARA,KJ,22,1,0,0,0,0,0,14,27.19,2
KJ32,TAIPAN,KJ,12,1,0,0,1,0,1,8,45.84,3
SP10,PUDU,PH,0,0,0,0,0,0,0,13,46.49,3
MR8,BUKIT NANAS,MR,0,0,0,0,0,0,0,13,43.54,3
SP10,PUDU,PH,17,1,0,0,1,0,0,12,42.24,3
PY13,KAMPUNG BATU,PYL,13,0,1,0,0,0,0,11,49.58,3
BRT6,SOUTH QUAY-USJ 1,BRT,17,0,0,1,3,0,0,6,64.27,4
KJ15,KL SENTRAL - REDONE,KJ,16,1,1,0,1,4,2,10,91.6,5
AG14,PANDAN JAYA,AG,13,1,1,0,1,0,0,10,40.87,3
PY32,SERDANG RAYA SELATAN,PYL,12,1,0,0,1,0,0,8,28.81,2
KG09,BANDAR UTAMA,MRT,3,0,0,0,0,3,0,15,76.46,4
KJ26,ARA DAMANSARA,KJ,22,0,1,0,0,0,0,12,46.51,3
MR4,HANG TUAH,MR,2,0,0,0,0,4,0,18,67.07,4
KG22,MALURI,MRT,17,0,1,0,3,1,0,4,77.12,4
PY16,SENTUL BARAT,PYL,0,0,1,0,0,0,0,13,56.58,3
PY21,PERSIARAN KLCC,PYL,21,0,0,0,0,3,1,15,76.58,4
AG6,BANDARAYA - UOB,AG,12,0,0,0,0,0,0,12,42.95,3
BRT3,SUNWAY LAGOON,BRT,3,0,0,0,0,0,0,15,48.69,3
SP18,SRI PETALING,PH,16,0,0,0,1,0,0,10,40.92,3
PY04,SUNGAI BULOH,PYL,22,0,0,0,0,0,0,10,38.43,3
AG12,MIHARJA,AG,17,0,0,0,3,0,0,4,58.54,4
SP13,SALAK SELATAN,PH,16,0,1,0,1,0,0,10,53.28,3
AG5,SULTAN ISMAIL,AG,22,1,0,0,0,0,0,10,20.91,2
KG13,PUSAT BANDAR DAMANSARA,MRT,13,0,0,0,0,0,0,10,37.26,3
AG11,CHAN SOW LIN,AG,12,0,1,0,0,1,0,11,48.64,3
KG09,BANDAR UTAMA,MRT,4,0,0,0,0,3,0,11,64.05,4
AG14,PANDAN JAYA,AG,21,1,1,0,1,0,0,10,43.57,3
SP16,SUNGAI BESI,PH,18,0,0,0,2,1,0,5,63.89,4
AG2,SENTUL,AG,12,0,1,0,0,0,0,10,48.29,3
PY28,TAMAN NAGA EMAS,PYL,20,1,0,0,1,0,0,11,36.12,3
AG3,TITIWANGSA,AG,20,0,0,0,0,4,1,14,76.26,4
KJ12,DANG WANGI,KJ,3,1,0,0,0,0,0,11,32.98,3
SP22,KINRARA,PH,18,1,0,0,1,0,0,9,40.62,3
MR9,MEDAN TUANKU,MR,0,1,1,0,0,0,0,15,38.69,3
PY28,TAMAN NAGA EMAS,PYL,14,1,0,0,1,0,0,7,21.75,2
PY04,SUNGAI BULOH,PYL,16,0,1,0,1,0,0,7,47.88,3
KJ29,SS 15,KJ,1,1,0,0,0,2,0,10,33.71,3
KJ9,AMPANG PARK,KJ,3,0,0,0,0,0,0,15,56.95,3
AG10,PUDU,AG,15,1,0,0,1,0,0,7,24.03,2
BRT7,USJ7,BRT,16,0,0,0,2,1,0,6,54.53,3
KG26,TAMAN CONNAUGHT,MRT,20,0,1,0,0,0,0,12,53.42,3
KJ21,ASIA JAYA,KJ,17,1,0,0,1,0,0,7,33.4,3
KJ34,USJ 21,KJ,15,0,1,0,0,0,0,7,47.13,3
BRT3,SUNWAY LAGOON,BRT,13,0,0,0,0,0,0,13,47.17,3
PY03,KAMPUNG SELAMAT,PYL,23,0,0,0,0,0,0,14,43.15,3
KJ35,ALAM MEGAH,KJ,14,1,0,0,1,0,0,10,30.27,2
AG10,PUDU,AG,15,0,0,0,0,0,1,12,48.74,3
PY21,PERSIARAN KLCC,PYL,3,0,1,0,0,3,0,16,74.82,4
SP15,BANDAR TASIK SELATAN,PH,0,1,0,0,0,2,0,13,35.57,3
KG16,PASAR SENI,MRT,14,0,0,0,0,4,0,10,65.09,4
AG2,SENTUL,AG,12,0,1,0,0,0,0,8,49.35,3
PY17,TITIWANGSA,PYL,0,0,1,0,0,4,0,11,77.62,4
KG21,COCHRANE,MRT,12,1,0,0,1,0,0,8,28.18,2
KG27,TAMAN SUNTEX,MRT,2,1,0,0,0,0,0,13,40.17,3
KJ13,MASJID JAMEK,KJ,0,0,1,0,0,4,0,14,79.35,4
BRT1,SUNWAY-SETIA JAYA,BRT,13,1,0,0,1,0,0,13,36.23,3
KJ35,ALAM MEGAH,KJ,3,0,0,0,0,0,0,12,41.37,3
AG6,BANDARAYA - UOB,AG,15,0,0,0,0,0,0,11,32.89,3
SP12,CHERAS,PH,2,0,1,0,0,0,0,14,60.65,4
KJ1,GOMBAK,KJ,1,1,0,0,0,0,0,12,29.54,2
PY28,TAMAN NAGA EMAS,PYL,15,1,1,0,1,0,1,10,48.67,3
PY32,SERDANG RAYA SELATAN,PYL,4,0,0,0,0,0,0,13,41.68,3
PY13,KAMPUNG BATU,PYL,23,1,0,0,0,0,0,16,33.95,3
SP28,PUCHONG PERDANA,PH,0,0,0,0,0,0,0,14,40.85,3
AG18,AMPANG,AG,14,0,0,0,0,0,0,8,44.18,3
KJ23,TAMAN BAHAGIA,KJ,16,0,0,0,2,0,0,4,53.88,3
PY07,SRI DAMANSARA SENTRAL,PYL,18,0,0,0,3,0,0,5,71.7,4
AG12,MIHARJA,AG,4,1,0,0,0,0,0,18,40.62,3
MR1,KL SENTRAL,MR,17,0,0,0,2,4,1,8,100.0,5
KJ26,ARA DAMANSARA,KJ,15,0,0,0,0,0,0,8,26.24,2
KJ10,KLCC,KJ,14,0,0,0,0,3,0,9,58.22,4
SP24,IOI PUCHONG JAYA,PH,3,0,0,0,0,0,0,16,39.14,3
SP29,PUCHONG PRIMA,PH,19,1,0,0,1,0,0,11,38.82,3
KG35,KAJANG,MRT,16,0,0,0,1,0,0,8,45.12,3
KJ11,KAMPUNG BARU - CBP COOPBANK PERTAMA,KJ,21,0,0,0,0,0,0,12,45.59,3
SP2,SENTUL,PH,12,0,0,0,0,0,0,7,29.5,2
KJ27,CGC GLENMARIE,KJ,19,1,1,0,1,0,0,7,28.42,2
PY15,JALAN IPOH,PYL,0,0,0,0,0,0,0,14,51.43,3
KJ30,SS 18,KJ,14,1,1,0,1,0,0,8,37.81,3
PY18,HOSPITAL KUALA LUMPUR,PYL,13,0,0,0,0,0,0,11,47.86,3
KG12,PHILEO DAMANSARA,MRT,15,0,0,0,0,0,0,7,31.3,2
SP10,PUDU,PH,20,0,0,0,0,0,0,11,46.87,3
KG33,SUNGAI JERNIH,MRT,21,0,0,0,0,0,0,13,49.88,3
SP18,SRI PETALING,PH,12,0,0,0,0,0,0,12,38.45,3
PY09,METRO PRIMA,PYL,15,0,1,0,0,0,0,10,48.73,3
SP1,SENTUL TIMUR,PH,5,1,0,0,0,0,0,12,24.01,2
KG09,BANDAR UTAMA,MRT,12,0,0,0,0,3,0,7,57.04,3
KG13,PUSAT BANDAR DAMANSARA,MRT,2,0,0,0,0,0,0,15,48.1,3
PY32,SERDANG RAYA SELATAN,PYL,21,0,0,0,0,0,0,13,44.62,3
MR1,KL SENTRAL,MR,14,1,1,0,1,4,2,10,91.5,5
KJ24,KELANA JAYA,KJ,5,0,0,0,0,0,0,18,61.87,4
PY06,SRI DAMANSARA BARAT,PYL,13,0,1,0,0,0,0,9,42.11,3
MR5,IMBI,MR,21,0,1,0,0,0,0,14,51.22,3
KJ20,TAMAN JAYA,KJ,13,1,0,0,1,0,1,7,35.84,3
KG33,SUNGAI JERNIH,MRT,13,0,0,0,0,0,1,7,45.73,3
KJ14,PASAR SENI,KJ,19,0,0,0,2,4,1,4,95.13,5
KJ17,ABDULLAH HUKUM,KJ,23,0,0,0,0,3,0,14,55.54,3
KJ1,GOMBAK,KJ,16,0,1,0,2,0,0,5,55.11,3
SP1,SENTUL TIMUR,PH,12,1,1,0,1,0,0,9,38.07,3
KJ1,GOMBAK,KJ,5,0,0,0,0,0,0,17,47.36,3
SP18,SRI PETALING,PH,14,1,0,0,1,0,0,8,29.55,2
KG07,SURIAN,MRT,18,0,0,0,2,0,0,5,54.38,3
AG2,SENTUL,AG,23,0,0,0,0,0,0,17,54.39,3
PY33,SERDANG JAYA,PYL,19,1,0,0,1,0,1,11,46.51,3
AG13,MALURI,AG,19,1,0,0,1,1,0,7,34.8,3
PY10,KEPONG BARU,PYL,0,0,0,0,0,0,0,15,48.92,3
AG3,TITIWANGSA,AG,22,0,0,0,0,4,0,12,57.72,3
KJ25,LEMBAH SUBANG,KJ,5,1,1,0,0,0,0,10,37.07,3
SP15,BANDAR TASIK SELATAN,PH,15,0,0,0,0,2,0,10,44.6,3
SP27,BANDAR PUTERI,PH,2,0,0,0,0,0,0,16,49.78,3
PY37,PUTRA PERMAI,PYL,0,1,1,0,0,0,0,15,33.09,3
SP26,TAMAN PERINDUSTRIAN PUCHONG,PH,13,0,0,0,0,0,0,9,29.66,2
PY07,SRI DAMANSARA SENTRAL,PYL,22,0,0,0,0,0,0,13,44.11,3
SP7,MASJID JAMEK,PH,12,0,0,0,0,4,0,8,62.59,4
PY23,TUN RAZAK EXCHANGE,PYL,13,0,1,0,0,4,1,8,78.4,4
MR6,BUKIT BINTANG,MR,0,1,0,0,0,3,0,11,46.12,3
PY39,CYBERJAYA UTARA,PYL,3,0,0,0,0,0,0,16,43.47,3
MR5,IMBI,MR,18,1,0,0,1,0,0,12,34.49,3
AG14,PANDAN JAYA,AG,16,1,1,0,1,0,0,12,41.04,3
PY21,PERSIARAN KLCC,PYL,15,1,0,0,1,3,2,8,75.84,4
KJ13,MASJID JAMEK,KJ,4,0,0,0,0,4,0,16,75.16,4
KJ23,TAMAN BAHAGIA,KJ,12,0,0,0,0,0,0,9,44.7,3
PY14,KENTOMEN,PYL,19,0,1,0,2,0,0,7,62.81,4
KJ33,WAWASAN,KJ,23,0,0,0,0,0,1,18,68.41,4
AG2,SENTUL,AG,15,0,1,0,0,0,0,9,48.83,3
KJ35,ALAM MEGAH,KJ,4,0,0,0,0,0,0,16,41.28,3
SP11,CHAN SOW LIN,PH,13,0,0,0,0,1,0,8,48.05,3
KG20,TUN RAZAK EXCHANGE,MRT,14,0,1,0,0,4,0,10,69.01,4
KG27,TAMAN SUNTEX,MRT,5,0,0,0,0,0,0,14,56.58,3
SP10,PUDU,PH,1,0,0,0,0,0,0,18,56.04,3
KG04,KWASA DAMANSARA,MRT,1,1,0,0,0,1,0,13,38.07,3
PY01,KWASA DAMANSARA,PYL,4,0,1,0,0,1,0,11,51.19,3
KG17,MERDEKA,MRT,12,0,0,0,0,1,0,8,48.04,3
PY33,SERDANG JAYA,PYL,16,1,0,0,1,0,0,7,30.23,2
KJ33,WAWASAN,KJ,16,0,0,0,1,0,0,10,56.22,3
KJ12,DANG WANGI,KJ,19,0,0,0,0,0,0,10,40.42,3
KG04,KWASA DAMANSARA,MRT,0,0,0,0,0,1,0,11,47.4,3
KJ37,PUTRA HEIGHTS,KJ,4,1,0,0,0,1,0,10,32.77,3
SP7,MASJID JAMEK,PH,13,0,0,0,0,4,0,12,67.43,4
KJ24,KELANA JAYA,KJ,21,0,1,0,0,0,0,18,65.37,4
KG05,KWASA SENTRAL,MRT,20,0,0,0,0,0,0,10,42.31,3
KG05,KWASA SENTRAL,MRT,1,0,1,0,0,0,0,12,53.91,3
KG31,BUKIT DUKUNG,MRT,12,0,1,0,0,0,0,10,48.79,3
PY40,CYBERJAYA CITY CENTRE,PYL,3,0,1,0,0,0,0,16,56.1,3
PY14,KENTOMEN,PYL,4,0,0,0,0,0,0,12,47.64,3
SP31,PUTRA HEIGHTS,PH,18,0,0,0,2,1,0,7,73.15,4
KJ29,SS 15,KJ,22,0,0,0,0,2,0,16,64.74,4
AG14,PANDAN JAYA,AG,16,1,0,0,1,0,0,10,32.19,3
PY29,SUNGAI BESI,PYL,23,1,1,0,0,1,0,13,43.06,3
KG22,MALURI,MRT,1,0,0,0,0,1,0,13,59.62,4
KG35,KAJANG,MRT,4,0,0,0,0,0,0,14,50.28,3
KJ30,SS 18,KJ,0,0,1,0,0,0,0,11,47.56,3
MR3,MAHARAJALELA,MR,12,1,0,0,1,0,0,9,27.03,2
MR7,RAJA CHULAN,MR,15,0,1,0,0,0,0,11,48.07,3
KJ2,TAMAN MELATI,KJ,0,0,1,0,0,0,0,15,50.45,3
SP9,HANG TUAH,PH,14,0,0,0,0,4,0,11,53.75,3
AG8,PLAZA RAKYAT,AG,5,0,1,0,0,1,0,12,53.17,3
BRT7,USJ7,BRT,12,0,0,0,0,1,1,8,41.68,3
KJ3,WANGSA MAJU,KJ,21,0,0,0,0,2,0,10,50.25,3
KJ2,TAMAN MELATI,KJ,12,0,0,0,0,0,0,9,28.46,2
KG12,PHILEO DAMANSARA,MRT,1,0,0,0,0,0,0,11,44.91,3
AG16,CEMPAKA,AG,1,0,0,0,0,0,0,10,42.15,3
SP8,PLAZA RAKYAT,PH,17,0,0,0,2,1,0,5,67.96,4
PY15,JALAN IPOH,PYL,2,1,0,0,0,0,1,13,43.96,3
BRT2,MENTARI,BRT,1,0,0,0,0,0,0,14,40.14,3
AG17,CAHAYA,AG,1,0,0,0,0,0,1,14,59.94,4
SP10,PUDU,PH,3,0,0,0,0,0,0,16,51.54,3
PY07,SRI DAMANSARA SENTRAL,PYL,18,0,0,0,3,0,0,5,69.54,4
KJ36,SUBANG ALAM,KJ,20,0,0,0,0,0,0,14,37.47,3
KG23,TAMAN PERTAMA,MRT,22,0,0,0,0,0,0,12,47.91,3
MR10,CHOW KIT,MR,20,0,0,0,0,0,0,10,30.5,2
MR6,BUKIT BINTANG,MR,14,0,1,0,0,3,0,12,68.05,4
MR1,KL SENTRAL,MR,17,0,0,0,2,4,1,6,99.99,5
PY24,CHAN SOW LIN,PYL,15,0,0,0,0,1,0,7,44.79,3
AG3,TITIWANGSA,AG,23,0,0,0,0,4,0,18,68.43,4
KG26,TAMAN CONNAUGHT,MRT,19,0,1,0,0,0,0,8,50.12,3
KJ23,TAMAN BAHAGIA,KJ,20,1,0,0,1,0,0,10,39.21,3
KG27,TAMAN SUNTEX,MRT,12,0,0,0,0,0,0,8,46.57,3
AG8,PLAZA RAKYAT,AG,18,0,0,0,2,1,0,4,59.74,4
PY23,TUN RAZAK EXCHANGE,PYL,23,0,0,0,0,4,0,15,76.82,4
PY17,TITIWANGSA,PYL,13,0,0,0,0,4,0,7,59.54,4
AG11,CHAN SOW LIN,AG,5,1,0,0,0,1,0,17,47.51,3
PY08,SRI DAMANSARA TIMUR,PYL,13,0,1,0,0,0,0,9,48.82,3
AG7,MASJID JAMEK,AG,12,0,0,0,0,4,0,8,57.82,3
KJ36,SUBANG ALAM,KJ,3,0,1,0,0,0,0,16,48.51,3
KG05,KWASA SENTRAL,MRT,5,1,0,0,0,0,0,13,30.17,2
SP28,PUCHONG PERDANA,PH,17,1,0,0,1,0,0,8,28.51,2
PY16,SENTUL BARAT,PYL,4,1,0,0,0,0,0,10,27.83,2
PY09,METRO PRIMA,PYL,23,1,0,0,0,0,0,12,41.82,3
KG26,TAMAN CONNAUGHT,MRT,0,0,0,0,0,0,0,11,41.74,3
PY31,SERDANG RAYA UTARA,PYL,19,0,0,0,2,0,0,4,52.75,3
KG15,MUZIUM NEGARA,MRT,20,1,1,0,1,0,0,8,35.67,3
PY04,SUNGAI BULOH,PYL,4,0,0,0,0,0,0,15,49.69,3
KG16,PASAR SENI,MRT,2,1,0,0,0,4,0,11,60.49,4
PY36,TAMAN EQUINE,PYL,1,0,0,0,0,0,0,10,50.71,3
KJ14,PASAR SENI,KJ,1,0,0,0,0,4,0,16,74.6,4
AG16,CEMPAKA,AG,4,0,1,0,0,0,0,14,54.94,3
KG35,KAJANG,MRT,2,0,1,0,0,0,0,11,52.37,3
KG08,MUTIARA DAMANSARA,MRT,23,0,1,0,0,0,0,12,57.32,3
PY05,DAMANSARA DAMAI,PYL,20,0,1,0,0,0,0,14,53.2,3
KJ3,WANGSA MAJU,KJ,15,1,0,0,1,2,0,10,43.49,3
KJ22,TAMAN PARAMOUNT,KJ,4,1,0,0,0,0,1,13,43.97,3
PY16,SENTUL BARAT,PYL,14,0,0,0,0,0,0,9,43.22,3
SP11,CHAN SOW LIN,PH,18,0,0,0,2,1,0,6,67.25,4
BRT6,SOUTH QUAY-USJ 1,BRT,0,0,0,0,0,0,0,15,37.43,3
AG8,PLAZA RAKYAT,AG,14,0,0,0,0,1,1,9,57.88,3
SP6,BANDARAYA - UOB,PH,4,1,0,0,0,0,0,11,28.87,2
MR2,TUN SAMBANTHAN,MR,22,1,0,0,0,0,0,12,20.29,2
PY13,KAMPUNG BATU,PYL,21,1,0,0,1,0,0,9,35.67,3
KJ5,SETIAWANGSA,KJ,12,0,0,0,0,0,0,10,34.87,3
SP5,SULTAN ISMAIL,PH,12,1,0,0,1,0,0,9,31.43,2
MR7,RAJA CHULAN,MR,1,0,1,0,0,0,0,12,47.81,3
SP8,PLAZA RAKYAT,PH,16,0,0,0,2,1,0,5,67.04,4
KJ1,GOMBAK,KJ,20,1,0,0,1,0,0,10,27.26,2
SP18,SRI PETALING,PH,16,0,1,0,1,0,0,8,44.96,3
PY20,AMPANG PARK,PYL,22,0,0,0,0,0,0,14,47.47,3
BRT2,MENTARI,BRT,2,0,0,0,0,0,0,18,46.43,3
MR8,BUKIT NANAS,MR,13,0,1,0,0,0,0,8,37.85,3
PY29,SUNGAI BESI,PYL,23,0,1,0,0,1,0,15,56.66,3
AG10,PUDU,AG,2,1,0,0,0,0,0,17,39.39,3
AG13,MALURI,AG,1,1,0,0,0,1,0,11,33.92,3
KG10,TAMAN TUN DR ISMAIL,MRT,17,1,1,0,1,0,0,10,36.97,3
KJ35,ALAM MEGAH,KJ,21,0,1,0,0,0,0,12,42.29,3
KJ29,SS 15,KJ,17,0,0,0,3,2,0,3,78.2,4
SP2,SENTUL,PH,21,0,1,0,0,0,0,14,49.86,3
BRT3,SUNWAY LAGOON,BRT,2,1,0,0,0,0,0,16,38.39,3
SP16,SUNGAI BESI,PH,3,1,0,0,0,1,1,10,40.32,3
SP11,CHAN SOW LIN,PH,23,1,1,0,0,1,0,11,51.76,3
KG06,KOTA DAMANSARA,MRT,18,1,0,0,1,0,0,10,40.76,3
KJ18,KERINCHI,KJ,21,0,0,0,0,0,0,11,33.75,3
KJ14,PASAR SENI,KJ,21,0,0,0,0,4,1,17,90.57,5
KG34,STADIUM KAJANG,MRT,21,0,0,0,0,2,0,16,66.63,4
KJ21,ASIA JAYA,KJ,4,0,0,0,0,0,0,13,41.78,3
KJ19,UNIVERSITI,KJ,12,0,1,0,0,0,0,9,41.18,3
SP21,ALAM SUTERA,PH,3,0,1,0,0,0,0,12,56.14,3
AG18,AMPANG,AG,13,0,0,0,0,0,0,10,48.06,3
PY03,KAMPUNG SELAMAT,PYL,12,0,0,0,0,0,0,11,41.42,3
KJ18,KERINCHI,KJ,1,1,0,0,0,0,0,14,30.22,2
KJ37,PUTRA HEIGHTS,KJ,12,0,0,0,0,1,1,8,49.79,3
BRT2,MENTARI,BRT,4,0,0,0,0,0,1,11,46.86,3
SP21,ALAM SUTERA,PH,23,0,0,0,0,0,0,15,54.47,3
KG04,KWASA DAMANSARA,MRT,3,0,0,0,0,1,0,11,54.23,3
KG04,KWASA DAMANSARA,MRT,20,0,0,0,0,1,0,11,49.43,3
PY18,HOSPITAL KUALA LUMPUR,PYL,5,1,0,0,0,0,0,16,46.15,3
KJ28,SUBANG JAYA,KJ,2,0,0,0,0,0,0,14,41.57,3
PY24,CHAN SOW LIN,PYL,3,0,0,0,0,1,0,13,57.36,3
PY33,SERDANG JAYA,PYL,14,0,0,0,0,0,0,11,39.72,3
SP12,CHERAS,PH,3,1,0,0,0,0,0,11,33.98,3
MR5,IMBI,MR,20,1,1,0,1,0,0,10,34.24,3
AG4,PWTC,AG,22,0,0,0,0,0,0,10,32.11,3
PY10,KEPONG BARU,PYL,0,0,1,0,0,0,0,16,51.44,3
KG23,TAMAN PERTAMA,MRT,0,0,0,0,0,0,0,10,35.82,3
SP5,SULTAN ISMAIL,PH,20,0,0,0,0,0,0,17,53.64,3
SP22,KINRARA,PH,21,0,0,0,0,0,0,16,53.5,3
KJ26,ARA DAMANSARA,KJ,22,1,1,0,0,0,0,15,36.13,3
KJ8,DAMAI,KJ,17,1,0,0,1,0,0,9,40.27,3
KG28,SRI RAYA,MRT,3,1,1,0,0,0,0,16,53.13,3
PY03,KAMPUNG SELAMAT,PYL,5,0,0,0,0,0,0,10,40.23,3
BRT4,SUNMED,BRT,21,0,0,0,0,0,0,16,49.49,3
PY07,SRI DAMANSARA SENTRAL,PYL,0,0,1,0,0,0,0,13,57.58,3
KG05,KWASA SENTRAL,MRT,6,0,0,0,1,0,1,10,56.89,3
SP24,IOI PUCHONG JAYA,PH,21,1,0,0,1,0,0,11,27.21,2
PY20,AMPANG PARK,PYL,0,0,0,0,0,0,0,12,44.7,3
KG22,MALURI,MRT,22,0,0,0,0,1,0,14,53.35,3
AG12,MIHARJA,AG,21,0,0,0,0,0,0,13,40.58,3
SP26,TAMAN PERINDUSTRIAN PUCHONG,PH,20,0,1,0,0,0,0,18,53.48,3
SP25,PUSAT BANDAR PUCHONG,PH,2,0,0,0,0,0,0,11,40.36,3
KJ7,DATO' KERAMAT,KJ,5,1,0,0,0,0,0,13,32.59,3
PY13,KAMPUNG BATU,PYL,1,0,0,0,0,0,0,11,45.84,3
AG10,PUDU,AG,16,0,1,0,2,0,0,6,59.57,4
SP13,SALAK SELATAN,PH,15,0,1,0,0,0,0,11,46.77,3
BRT1,SUNWAY-SETIA JAYA,BRT,20,0,0,0,0,0,0,15,41.43,3
BRT2,MENTARI,BRT,19,1,0,0,1,0,0,12,38.41,3
BRT7,USJ7,BRT,21,1,0,0,1,1,0,11,34.68,3
SP31,PUTRA HEIGHTS,PH,12,0,1,0,0,1,0,12,63.95,4
SP27,BANDAR PUTERI,PH,5,0,1,0,0,0,0,18,58.42,4
AG15,PANDAN INDAH,AG,22,0,0,0,0,0,0,12,39.77,3
SP29,PUCHONG PRIMA,PH,15,1,0,0,1,0,0,12,37.62,3
SP18,SRI PETALING,PH,19,1,0,0,1,0,0,9,34.95,3
MR3,MAHARAJALELA,MR,20,0,0,0,0,0,0,14,36.07,3
AG1,SENTUL TIMUR,AG,16,1,0,0,1,0,0,7,35.09,3
MR1,KL SENTRAL,MR,1,1,0,0,0,4,0,10,53.57,3
AG4,PWTC,AG,19,1,0,0,1,0,0,9,25.91,2
AG3,TITIWANGSA,AG,17,0,1,0,3,4,1,4,100.0,5
SP14,BANDAR TUN RAZAK,PH,20,1,0,0,1,0,0,9,23.2,2
AG14,PANDAN JAYA,AG,21,0,0,0,0,0,0,12,44.0,3
MR9,MEDAN TUANKU,MR,21,0,0,0,0,0,0,12,41.03,3
AG11,CHAN SOW LIN,AG,20,0,1,0,0,1,0,14,55.34,3
KJ30,SS 18,KJ,5,1,1,0,0,0,0,12,36.68,3
KJ37,PUTRA HEIGHTS,KJ,22,1,0,0,0,1,0,18,46.98,3
PY17,TITIWANGSA,PYL,5,1,1,0,0,4,0,16,72.19,4
KG22,MALURI,MRT,0,0,0,0,0,1,0,16,57.53,3
KG16,PASAR SENI,MRT,19,0,0,0,2,4,1,4,98.88,5
KJ35,ALAM MEGAH,KJ,12,0,0,0,0,0,0,8,25.66,2
AG14,PANDAN JAYA,AG,1,0,0,1,0,0,0,11,46.23,3
KG04,KWASA DAMANSARA,MRT,20,0,0,0,0,1,0,10,47.62,3
PY04,SUNGAI BULOH,PYL,12,0,0,0,0,0,0,9,39.84,3
SP21,ALAM SUTERA,PH,17,1,0,0,1,0,0,7,32.16,3
KG12,PHILEO DAMANSARA,MRT,18,0,1,0,3,0,0,3,68.46,4
PY31,SERDANG RAYA UTARA,PYL,20,0,0,0,0,0,0,10,36.65,3
AG3,TITIWANGSA,AG,2,0,0,0,0,4,0,13,62.63,4
KJ1,GOMBAK,KJ,22,0,0,0,0,0,0,10,28.82,2
SP8,PLAZA RAKYAT,PH,0,1,0,0,0,1,0,11,42.37,3
KG28,SRI RAYA,MRT,19,0,0,0,0,0,0,10,42.44,3
MR2,TUN SAMBANTHAN,MR,21,0,0,0,0,0,0,12,31.67,2
KJ27,CGC GLENMARIE,KJ,18,0,0,0,3,0,0,3,54.03,3
MR6,BUKIT BINTANG,MR,15,0,0,0,0,3,0,8,51.85,3
MR4,HANG TUAH,MR,15,0,0,0,0,4,0,8,56.42,3
KG09,BANDAR UTAMA,MRT,20,1,0,0,1,3,2,7,81.4,4
PY15,JALAN IPOH,PYL,16,1,0,0,1,0,0,9,33.17,3
PY20,AMPANG PARK,PYL,16,0,1,0,2,0,0,5,56.94,3
SP8,PLAZA RAKYAT,PH,14,0,1,0,0,1,0,12,64.65,4
KG20,TUN RAZAK EXCHANGE,MRT,22,0,0,0,0,4,0,15,70.67,4
PY13,KAMPUNG BATU,PYL,17,0,0,0,2,0,0,5,51.15,3
KG14,SEMANTAN,MRT,23,0,0,0,0,0,0,14,44.55,3
KG15,MUZIUM NEGARA,MRT,13,0,0,0,0,0,0,10,39.21,3
PY29,SUNGAI BESI,PYL,3,0,0,0,0,1,0,11,42.02,3
AG16,CEMPAKA,AG,22,1,0,0,0,0,0,13,35.5,3
PY41,PUTRAJAYA SENTRAL,PYL,1,1,1,0,0,0,0,11,33.23,3
PY11,JINJANG,PYL,13,0,0,0,0,0,0,8,38.51,3
PY41,PUTRAJAYA SENTRAL,PYL,21,1,0,0,1,0,0,10,36.13,3
SP16,SUNGAI BESI,PH,19,0,1,0,2,1,0,4,59.34,4
KJ24,KELANA JAYA,KJ,5,1,0,0,0,0,0,16,42.33,3
KG28,SRI RAYA,MRT,15,0,0,0,0,0,0,9,40.64,3
KG16,PASAR SENI,MRT,0,0,0,0,0,4,0,16,82.1,5
PY27,KUCHAI,PYL,18,1,0,0,1,0,1,10,51.94,3
PY05,DAMANSARA DAMAI,PYL,13,0,0,0,0,0,0,8,34.05,3
SP18,SRI PETALING,PH,18,1,1,0,1,0,0,12,38.58,3
AG10,PUDU,AG,1,0,0,0,0,0,0,15,46.79,3
KG16,PASAR SENI,MRT,4,0,0,0,0,4,0,13,76.36,4
PY28,TAMAN NAGA EMAS,PYL,22,1,0,0,0,0,0,13,28.04,2
KJ10,KLCC,KJ,21,0,1,0,0,3,1,11,71.41,4
MR3,MAHARAJALELA,MR,5,0,1,0,0,0,0,17,50.21,3
AG10,PUDU,AG,18,1,0,0,1,0,0,8,25.34,2
PY37,PUTRA PERMAI,PYL,4,1,1,0,0,0,0,14,35.3,3
BRT6,SOUTH QUAY-USJ 1,BRT,15,0,0,0,0,0,1,9,37.74,3
KG30,BATU 11 CHERAS,MRT,1,0,1,0,0,0,0,15,51.1,3
AG8,PLAZA RAKYAT,AG,17,1,0,0,1,1,0,7,37.35,3
PY04,SUNGAI BULOH,PYL,22,0,1,0,0,0,0,16,56.8,3
KG33,SUNGAI JERNIH,MRT,2,0,0,0,0,0,0,16,49.32,3
AG4,PWTC,AG,13,0,0,0,0,0,0,10,36.17,3
SP10,PUDU,PH,23,0,1,0,0,0,0,16,52.23,3
PY33,SERDANG JAYA,PYL,12,1,0,0,1,0,0,7,34.77,3
MR5,IMBI,MR,19,1,0,0,1,0,0,10,34.31,3
SP24,IOI PUCHONG JAYA,PH,5,0,0,0,0,0,0,14,40.88,3
AG5,SULTAN ISMAIL,AG,23,1,1,0,0,0,0,11,34.08,3
KJ10,KLCC,KJ,4,0,0,0,0,3,0,10,52.37,3
KJ37,PUTRA HEIGHTS,KJ,17,0,0,0,3,1,0,3,72.81,4
AG4,PWTC,AG,13,0,0,0,0,0,0,12,38.95,3
KJ27,CGC GLENMARIE,KJ,3,0,0,0,0,0,0,11,35.29,3
MR6,BUKIT BINTANG,MR,13,0,1,0,0,3,0,10,60.51,4
SP5,SULTAN ISMAIL,PH,2,0,0,0,0,0,0,14,46.98,3
KJ9,AMPANG PARK,KJ,4,1,1,0,0,0,0,11,43.42,3
PY36,TAMAN EQUINE,PYL,19,1,0,0,1,0,0,10,42.29,3
AG18,AMPANG,AG,4,0,0,0,0,0,0,11,44.65,3
SP26,TAMAN PERINDUSTRIAN PUCHONG,PH,12,0,0,0,0,0,0,7,29.36,2
KG06,KOTA DAMANSARA,MRT,13,0,0,0,0,0,1,10,47.13,3
SP16,SUNGAI BESI,PH,14,0,0,0,0,1,0,11,48.36,3
PY37,PUTRA PERMAI,PYL,23,0,0,0,0,0,0,10,35.99,3
AG16,CEMPAKA,AG,12,1,0,0,1,0,0,12,41.39,3
SP20,MUHIBBAH,PH,16,0,0,0,2,0,0,6,53.67,3
KJ16,BANK RAKYAT BANGSAR,KJ,13,0,0,0,0,0,0,8,38.14,3
PY23,TUN RAZAK EXCHANGE,PYL,12,1,1,0,1,4,1,9,83.49,5
PY09,METRO PRIMA,PYL,14,1,0,0,1,0,0,8,33.26,3
PY34,UPM,PYL,23,1,0,0,0,0,0,13,39.34,3
PY10,KEPONG BARU,PYL,12,0,0,0,0,0,0,7,32.18,3
AG7,MASJID JAMEK,AG,19,1,0,0,1,4,1,9,68.06,4
KJ16,BANK RAKYAT BANGSAR,KJ,12,1,0,0,1,0,1,7,45.75,3
SP15,BANDAR TASIK SELATAN,PH,14,0,0,0,0,2,0,12,48.17,3
KJ12,DANG WANGI,KJ,0,1,0,0,0,0,0,11,27.01,2
PY31,SERDANG RAYA UTARA,PYL,1,1,1,0,0,0,0,15,42.84,3
MR7,RAJA CHULAN,MR,5,0,0,0,0,0,0,11,35.06,3
AG4,PWTC,AG,1,0,0,0,0,0,0,14,41.95,3
PY27,KUCHAI,PYL,4,0,0,0,0,0,0,16,58.52,4
PY14,KENTOMEN,PYL,2,0,0,0,0,0,0,15,54.03,3
KG09,BANDAR UTAMA,MRT,14,0,0,0,0,3,0,10,62.1,4
PY01,KWASA DAMANSARA,PYL,15,0,0,0,0,1,0,10,46.44,3
KJ15,KL SENTRAL - REDONE,KJ,20,0,1,0,0,4,1,15,89.12,5
KJ26,ARA DAMANSARA,KJ,1,1,0,0,0,0,0,13,30.0,2
SP3,TITIWANGSA,PH,0,0,0,0,0,4,0,14,66.44,4
SP3,TITIWANGSA,PH,5,0,1,0,0,4,0,17,82.12,5
PY07,SRI DAMANSARA SENTRAL,PYL,2,0,0,0,0,0,0,10,39.23,3
KJ37,PUTRA HEIGHTS,KJ,2,0,1,0,0,1,0,12,54.99,3
AG16,CEMPAKA,AG,4,1,0,0,0,0,0,13,36.49,3
PY19,RAJA UDA,PYL,19,0,0,0,2,0,0,5,44.01,3
KJ27,CGC GLENMARIE,KJ,13,1,1,0,1,0,0,7,32.6,3
KG06,KOTA DAMANSARA,MRT,17,1,0,0,1,0,0,10,35.42,3
PY32,SERDANG RAYA SELATAN,PYL,16,0,0,0,1,0,0,8,48.52,3
AG14,PANDAN JAYA,AG,23,1,0,0,0,0,1,12,42.77,3
PY04,SUNGAI BULOH,PYL,18,0,0,0,2,0,0,7,56.79,3
KJ21,ASIA JAYA,KJ,0,0,0,0,0,0,0,10,36.39,3
AG17,CAHAYA,AG,1,0,0,0,0,0,0,11,42.44,3
MR4,HANG TUAH,MR,5,0,1,0,0,4,0,15,70.0,4
KG16,PASAR SENI,MRT,2,0,0,0,0,4,0,10,70.99,4
KG31,BUKIT DUKUNG,MRT,19,0,0,0,2,0,0,4,49.61,3
KG33,SUNGAI JERNIH,MRT,5,0,0,0,0,0,0,10,42.89,3
PY38,16 SIERRA,PYL,22,1,0,0,0,0,0,15,27.04,2
KJ32,TAIPAN,KJ,12,0,1,0,0,0,0,8,44.16,3
KJ25,LEMBAH SUBANG,KJ,19,1,0,0,1,0,0,8,39.45,3
AG4,PWTC,AG,22,0,0,0,0,0,0,17,44.77,3
BRT5,SunU-Monash,BRT,16,0,1,0,2,0,0,6,60.72,4
BRT4,SUNMED,BRT,1,0,0,0,0,0,0,15,51.13,3
SP17,BUKIT JALIL,PH,15,0,0,0,0,2,0,10,50.87,3
KJ7,DATO' KERAMAT,KJ,22,0,0,0,0,0,0,11,38.16,3
KJ8,DAMAI,KJ,12,0,0,0,0,0,0,7,40.42,3
PY10,KEPONG BARU,PYL,23,1,0,0,0,0,0,11,21.95,2
SP2,SENTUL,PH,20,1,0,0,1,0,0,10,37.59,3
MR1,KL SENTRAL,MR,5,0,0,0,0,4,0,17,78.67,4
KG04,KWASA DAMANSARA,MRT,14,0,0,0,0,1,0,8,45.09,3
KJ15,KL SENTRAL - REDONE,KJ,12,0,0,0,0,4,0,7,59.08,4
MR9,MEDAN TUANKU,MR,0,0,0,0,0,0,0,12,39.64,3
PY10,KEPONG BARU,PYL,15,0,0,0,0,0,0,11,39.99,3
KG30,BATU 11 CHERAS,MRT,17,1,0,0,1,0,1,9,38.29,3
SP11,CHAN SOW LIN,PH,12,0,1,0,0,1,0,11,56.62,3
KJ34,USJ 21,KJ,12,0,1,0,0,0,0,10,51.6,3
KG18A,BUKIT BINTANG,MRT,19,0,0,0,2,3,1,4,93.09,5
KG29,BANDAR TUN HUSSEIN ONN,MRT,12,0,0,0,0,0,0,9,28.29,2
BRT1,SUNWAY-SETIA JAYA,BRT,20,0,0,0,0,0,0,16,44.1,3
SP12,CHERAS,PH,23,0,1,0,0,0,0,15,61.27,4
KJ8,DAMAI,KJ,3,0,0,0,0,0,0,11,47.42,3
KJ31,USJ 7,KJ,16,0,1,0,2,1,0,4,66.44,4
SP25,PUSAT BANDAR PUCHONG,PH,21,0,0,0,0,0,0,18,53.08,3
SP14,BANDAR TUN RAZAK,PH,14,1,0,0,1,0,1,12,37.73,3
AG13,MALURI,AG,1,1,1,0,0,1,0,12,43.8,3
AG12,MIHARJA,AG,13,1,0,0,1,0,0,9,27.51,2
AG14,PANDAN JAYA,AG,18,0,0,0,2,0,0,5,51.08,3
KG35,KAJANG,MRT,2,0,0,0,0,0,0,10,39.54,3
PY29,SUNGAI BESI,PYL,23,0,0,0,0,1,0,16,52.53,3
MR6,BUKIT BINTANG,MR,16,0,1,0,2,3,1,8,95.63,5
PY20,AMPANG PARK,PYL,20,1,0,0,1,0,0,7,31.07,2
KJ24,KELANA JAYA,KJ,17,0,0,0,2,0,0,5,59.38,4
PY28,TAMAN NAGA EMAS,PYL,4,0,0,0,0,0,0,16,41.68,3
SP8,PLAZA RAKYAT,PH,21,0,1,0,0,1,0,11,59.41,4
PY09,METRO PRIMA,PYL,12,0,0,0,0,0,0,11,44.59,3
KJ22,TAMAN PARAMOUNT,KJ,23,1,0,0,0,0,0,13,37.21,3
KJ9,AMPANG PARK,KJ,12,0,0,0,0,0,0,10,40.56,3
MR8,BUKIT NANAS,MR,20,1,0,0,1,0,0,11,35.53,3
PY38,16 SIERRA,PYL,5,0,0,0,0,0,0,11,33.39,3
SP9,HANG TUAH,PH,12,0,0,0,0,4,0,9,51.44,3
PY10,KEPONG BARU,PYL,19,0,0,0,2,0,0,6,49.19,3
AG7,MASJID JAMEK,AG,4,0,1,0,0,4,0,17,75.85,4
AG11,CHAN SOW LIN,AG,15,0,0,0,0,1,0,11,49.78,3
SP16,SUNGAI BESI,PH,15,0,1,0,0,1,0,8,50.05,3
SP21,ALAM SUTERA,PH,21,0,0,0,0,0,0,10,40.02,3
AG16,CEMPAKA,AG,16,1,0,0,1,0,1,7,39.54,3
KG13,PUSAT BANDAR DAMANSARA,MRT,5,0,0,0,0,0,0,11,45.99,3
BRT7,USJ7,BRT,23,0,1,0,0,1,0,17,58.57,4
KJ14,PASAR SENI,KJ,22,1,0,0,0,4,0,15,61.28,4
KG04,KWASA DAMANSARA,MRT,1,0,0,0,0,1,0,12,58.14,4
KG23,TAMAN PERTAMA,MRT,18,0,0,0,2,0,0,4,52.51,3
MR5,IMBI,MR,0,0,0,0,0,0,0,10,34.64,3
PY28,TAMAN NAGA EMAS,PYL,13,1,0,0,1,0,0,9,25.93,2
BRT3,SUNWAY LAGOON,BRT,16,0,0,0,2,0,0,6,53.05,3
KJ35,ALAM MEGAH,KJ,3,0,0,0,0,0,0,15,46.09,3
KJ33,WAWASAN,KJ,22,0,0,0,0,0,0,16,51.76,3
KG28,SRI RAYA,MRT,2,0,0,0,0,0,0,12,49.25,3
KG15,MUZIUM NEGARA,MRT,3,0,0,0,0,0,0,13,49.59,3
KG23,TAMAN PERTAMA,MRT,16,0,0,0,2,0,0,5,49.09,3
KJ2,TAMAN MELATI,KJ,2,0,0,0,0,0,0,16,42.4,3
SP20,MUHIBBAH,PH,4,1,0,0,0,0,0,16,37.6,3
KJ15,KL SENTRAL - REDONE,KJ,19,0,0,0,0,4,1,7,70.31,4
AG17,CAHAYA,AG,19,1,0,0,1,0,0,8,39.18,3
KG12,PHILEO DAMANSARA,MRT,16,0,1,0,2,0,0,4,60.12,4
KJ10,KLCC,KJ,22,1,0,0,0,3,0,18,63.57,4
KJ31,USJ 7,KJ,18,1,0,0,1,1,0,8,40.17,3
MR2,TUN SAMBANTHAN,MR,22,1,0,0,0,0,0,12,22.93,2
KJ15,KL SENTRAL - REDONE,KJ,22,0,1,0,0,4,0,15,83.02,5
PY19,RAJA UDA,PYL,3,1,0,0,0,0,0,10,24.28,2
SP31,PUTRA HEIGHTS,PH,23,0,1,0,0,1,0,13,66.67,4
KJ18,KERINCHI,KJ,18,0,0,0,2,0,0,4,48.06,3
KG21,COCHRANE,MRT,14,1,1,0,1,0,0,9,33.76,3
KG17,MERDEKA,MRT,2,0,0,0,0,1,0,13,63.83,4
KJ5,SETIAWANGSA,KJ,3,0,0,0,0,0,0,18,49.12,3
PY09,METRO PRIMA,PYL,3,0,1,0,0,0,0,11,56.8,3
KG20,TUN RAZAK EXCHANGE,MRT,2,0,0,0,0,4,0,10,64.07,4
PY13,KAMPUNG BATU,PYL,15,0,0,0,0,0,0,7,32.99,3
SP15,BANDAR TASIK SELATAN,PH,15,0,1,0,0,2,0,9,52.7,3
SP29,PUCHONG PRIMA,PH,3,1,0,0,0,0,0,14,32.38,3
AG11,CHAN SOW LIN,AG,1,0,1,0,0,1,0,18,63.24,4
PY28,TAMAN NAGA EMAS,PYL,4,1,1,0,0,0,1,15,44.26,3
AG6,BANDARAYA - UOB,AG,19,1,0,0,1,0,0,7,23.38,2
AG4,PWTC,AG,5,0,0,0,0,0,0,14,39.28,3
PY17,TITIWANGSA,PYL,18,0,0,0,2,4,1,5,96.0,5
PY08,SRI DAMANSARA TIMUR,PYL,13,0,1,0,0,0,0,11,54.05,3
PY14,KENTOMEN,PYL,3,1,0,0,0,0,0,11,28.25,2
MR4,HANG TUAH,MR,2,0,0,0,0,4,0,11,56.35,3
SP11,CHAN SOW LIN,PH,18,1,1,0,1,1,0,11,57.6,3
BRT2,MENTARI,BRT,17,1,1,0,1,0,0,11,37.22,3
AG11,CHAN SOW LIN,AG,12,0,0,0,0,1,0,12,53.38,3
PY22,CONLAY,PYL,17,0,1,0,2,0,0,6,62.08,4
PY09,METRO PRIMA,PYL,0,0,1,0,0,0,0,10,49.37,3
KG04,KWASA DAMANSARA,MRT,4,1,0,0,0,1,0,13,40.41,3
SP14,BANDAR TUN RAZAK,PH,5,0,0,0,0,0,0,15,36.84,3
KJ10,KLCC,KJ,5,1,0,0,0,3,0,11,47.62,3
SP7,MASJID JAMEK,PH,18,0,0,0,2,4,1,7,96.62,5
MR9,MEDAN TUANKU,MR,19,0,0,0,0,0,0,11,40.28,3
BRT3,SUNWAY LAGOON,BRT,15,0,0,0,0,0,0,13,45.35,3
PY31,SERDANG RAYA UTARA,PYL,16,1,1,0,1,0,0,11,42.14,3
KG06,KOTA DAMANSARA,MRT,17,0,0,0,2,0,0,5,55.44,3
AG15,PANDAN INDAH,AG,18,0,1,0,3,0,0,5,73.67,4
AG3,TITIWANGSA,AG,1,0,0,0,0,4,0,14,64.67,4
AG9,HANG TUAH,AG,20,0,0,0,0,4,1,17,83.84,5
KJ10,KLCC,KJ,20,1,1,0,1,3,2,10,84.39,5
KJ3,WANGSA MAJU,KJ,2,1,1,0,0,2,0,11,45.01,3
PY40,CYBERJAYA CITY CENTRE,PYL,16,0,0,0,2,0,0,7,51.67,3
KJ19,UNIVERSITI,KJ,19,1,0,0,1,0,0,10,36.47,3
KJ10,KLCC,KJ,12,0,0,0,0,3,0,7,48.98,3
KJ11,KAMPUNG BARU - CBP COOPBANK PERTAMA,KJ,22,0,0,0,0,0,0,11,44.26,3
SP18,SRI PETALING,PH,1,1,0,0,0,0,1,11,37.01,3
KG23,TAMAN PERTAMA,MRT,4,0,0,0,0,0,0,10,36.24,3
KJ21,ASIA JAYA,KJ,17,0,0,0,2,0,0,4,48.02,3
PY15,JALAN IPOH,PYL,1,0,1,0,0,0,0,14,52.33,3
BRT5,SunU-Monash,BRT,2,0,0,0,0,0,0,16,52.12,3
PY22,CONLAY,PYL,15,1,0,0,1,0,0,11,39.16,3
SP18,SRI PETALING,PH,20,0,0,0,0,0,0,10,34.76,3
KG14,SEMANTAN,MRT,14,0,1,0,0,0,0,10,49.71,3
PY06,SRI DAMANSARA BARAT,PYL,13,0,1,0,0,0,0,7,47.75,3
AG11,CHAN SOW LIN,AG,3,0,1,0,0,1,0,15,59.46,4
KJ17,ABDULLAH HUKUM,KJ,16,0,0,0,2,3,1,5,84.61,5
MR11,TITIWANGSA,MR,18,1,0,0,1,4,1,11,67.43,4
SP22,KINRARA,PH,16,0,0,0,2,0,0,4,50.89,3
KJ1,GOMBAK,KJ,4,0,0,0,0,0,1,10,38.94,3
KG35,KAJANG,MRT,5,0,1,0,0,0,1,12,59.89,4
KG24,TAMAN MIDAH,MRT,17,1,0,0,1,0,0,10,42.21,3
KJ16,BANK RAKYAT BANGSAR,KJ,14,0,0,0,0,0,0,7,42.94,3
AG3,TITIWANGSA,AG,4,0,0,0,0,4,0,15,67.3,4
MR3,MAHARAJALELA,MR,19,0,1,0,2,0,0,6,54.6,3
SP20,MUHIBBAH,PH,2,0,0,0,0,0,0,13,47.84,3
KG20,TUN RAZAK EXCHANGE,MRT,19,0,0,0,2,4,1,5,94.29,5
AG9,HANG TUAH,AG,0,1,0,0,0,4,0,14,61.52,4
PY07,SRI DAMANSARA SENTRAL,PYL,0,1,0,0,0,0,0,11,35.27,3
PY03,KAMPUNG SELAMAT,PYL,4,0,0,0,0,0,0,14,46.78,3
MR1,KL SENTRAL,MR,2,0,1,0,0,4,0,14,78.18,4
BRT7,USJ7,BRT,17,0,0,0,3,1,0,6,72.75,4
PY20,AMPANG PARK,PYL,17,0,0,0,2,0,0,4,50.11,3
PY09,METRO PRIMA,PYL,20,0,0,0,0,0,0,13,47.56,3
KJ25,LEMBAH SUBANG,KJ,4,0,0,0,0,0,0,12,51.43,3
PY17,TITIWANGSA,PYL,23,0,0,0,0,4,0,10,67.79,4
PY33,SERDANG JAYA,PYL,3,1,1,0,0,0,1,13,47.52,3
PY09,METRO PRIMA,PYL,5,1,0,0,0,0,0,15,40.06,3
KJ29,SS 15,KJ,0,1,1,0,0,2,0,12,49.35,3
KJ23,TAMAN BAHAGIA,KJ,13,0,0,0,0,0,0,7,37.12,3
KJ17,ABDULLAH HUKUM,KJ,22,0,0,0,0,3,0,11,57.52,3
KG04,KWASA DAMANSARA,MRT,20,0,1,0,0,1,0,14,66.53,4
KJ23,TAMAN BAHAGIA,KJ,5,0,0,0,0,0,0,15,47.47,3
SP24,IOI PUCHONG JAYA,PH,15,0,0,0,0,0,0,7,23.78,2
PY34,UPM,PYL,3,0,0,0,0,0,0,14,53.63,3
KJ26,ARA DAMANSARA,KJ,20,0,0,0,0,0,0,11,39.57,3
PY19,RAJA UDA,PYL,19,0,0,0,0,0,0,9,36.9,3
SP5,SULTAN ISMAIL,PH,4,1,0,0,0,0,0,11,31.67,2
BRT1,SUNWAY-SETIA JAYA,BRT,23,0,0,0,0,0,0,12,41.09,3
SP21,ALAM SUTERA,PH,4,1,0,0,0,0,0,16,43.51,3
PY10,KEPONG BARU,PYL,16,0,1,0,1,0,0,9,45.74,3
PY41,PUTRAJAYA SENTRAL,PYL,3,0,1,0,0,0,0,15,59.23,4
KG30,BATU 11 CHERAS,MRT,5,0,0,0,0,0,0,16,47.26,3
KJ25,LEMBAH SUBANG,KJ,1,0,1,0,0,0,0,12,55.52,3
KG29,BANDAR TUN HUSSEIN ONN,MRT,16,0,1,0,2,0,0,6,55.99,3
KJ13,MASJID JAMEK,KJ,21,0,0,0,0,4,1,18,88.41,5
SP27,BANDAR PUTERI,PH,4,0,0,0,0,0,0,14,40.56,3
KJ18,KERINCHI,KJ,12,0,0,0,0,0,0,8,31.94,2
KJ6,JELATEK,KJ,15,0,1,0,0,0,0,7,41.18,3
KJ7,DATO' KERAMAT,KJ,12,0,0,0,0,0,0,9,40.29,3
PY22,CONLAY,PYL,5,1,0,0,0,0,0,14,38.74,3
PY08,SRI DAMANSARA TIMUR,PYL,19,1,0,0,1,0,0,10,39.65,3
AG3,TITIWANGSA,AG,15,0,0,0,0,4,0,7,45.78,3
SP21,ALAM SUTERA,PH,19,0,1,0,0,0,0,10,45.72,3
KJ24,KELANA JAYA,KJ,17,1,0,0,1,0,1,10,49.1,3
PY41,PUTRAJAYA SENTRAL,PYL,21,1,1,0,1,0,0,10,45.0,3
SP7,MASJID JAMEK,PH,16,0,1,0,1,4,0,11,85.8,5
BRT4,SUNMED,BRT,5,0,1,0,0,0,0,17,53.23,3
MR8,BUKIT NANAS,MR,18,0,0,0,2,0,0,7,50.37,3
PY32,SERDANG RAYA SELATAN,PYL,5,0,1,0,0,0,0,12,48.21,3
KG27,TAMAN SUNTEX,MRT,20,0,1,0,0,0,1,14,71.68,4
PY11,JINJANG,PYL,13,0,1,0,0,0,1,9,48.84,3
AG13,MALURI,AG,19,0,0,0,2,1,0,5,62.64,4
KJ32,TAIPAN,KJ,1,0,0,0,0,0,0,12,49.95,3
PY11,JINJANG,PYL,14,0,0,0,0,0,0,9,38.62,3
KG10,TAMAN TUN DR ISMAIL,MRT,4,0,1,0,0,0,0,16,54.62,3
KJ16,BANK RAKYAT BANGSAR,KJ,19,0,0,0,2,0,0,6,57.32,3
MR4,HANG TUAH,MR,20,0,0,0,0,4,1,16,79.61,4
KJ18,KERINCHI,KJ,20,0,1,0,0,0,0,18,59.08,4
MR6,BUKIT BINTANG,MR,19,0,0,0,2,3,1,5,80.82,4
BRT3,SUNWAY LAGOON,BRT,1,0,0,0,0,0,0,15,42.24,3
SP27,BANDAR PUTERI,PH,0,0,0,0,0,0,0,18,54.6,3
KG17,MERDEKA,MRT,14,0,0,0,0,1,0,10,49.89,3
KJ10,KLCC,KJ,19,1,1,0,1,3,3,10,87.76,5
KJ30,SS 18,KJ,20,0,0,0,0,0,0,18,58.21,4
MR4,HANG TUAH,MR,22,0,1,0,0,4,0,12,63.76,4
MR2,TUN SAMBANTHAN,MR,16,1,0,0,1,0,0,8,22.68,2
KJ11,KAMPUNG BARU - CBP COOPBANK PERTAMA,KJ,2,1,0,0,0,0,0,15,36.41,3
PY09,METRO PRIMA,PYL,16,1,1,0,1,0,0,10,47.24,3
KJ33,WAWASAN,KJ,4,0,0,0,0,0,0,17,60.34,4
KJ21,ASIA JAYA,KJ,14,0,0,0,0,0,0,9,40.7,3
KJ27,CGC GLENMARIE,KJ,13,0,0,0,0,0,0,8,30.86,2
PY17,TITIWANGSA,PYL,21,0,0,0,0,4,1,16,91.24,5
PY21,PERSIARAN KLCC,PYL,15,1,0,0,1,3,2,9,77.52,4
AG14,PANDAN JAYA,AG,14,0,0,0,0,0,0,11,40.25,3
KG33,SUNGAI JERNIH,MRT,3,0,0,0,0,0,0,11,45.32,3
KG35,KAJANG,MRT,4,0,1,0,0,0,0,14,61.11,4
AG17,CAHAYA,AG,16,0,0,0,2,0,0,5,53.02,3
KJ28,SUBANG JAYA,KJ,21,1,1,0,1,0,1,9,46.95,3
PY08,SRI DAMANSARA TIMUR,PYL,22,0,0,0,0,0,0,16,57.17,3
PY05,DAMANSARA DAMAI,PYL,4,0,0,0,0,0,0,16,46.93,3
AG18,AMPANG,AG,15,0,0,0,0,0,0,7,34.1,3
KJ17,ABDULLAH HUKUM,KJ,20,0,0,0,0,3,1,16,67.38,4
SP24,IOI PUCHONG JAYA,PH,13,0,0,0,0,0,0,9,36.14,3
BRT5,SunU-Monash,BRT,2,0,0,0,0,0,0,17,55.28,3
KJ24,KELANA JAYA,KJ,16,0,0,0,2,0,0,5,56.85,3
BRT6,SOUTH QUAY-USJ 1,BRT,16,0,0,0,1,0,0,13,40.82,3
SP2,SENTUL,PH,17,0,0,0,2,0,0,7,53.68,3
KG17,MERDEKA,MRT,5,0,0,0,0,1,0,13,58.23,4
SP24,IOI PUCHONG JAYA,PH,18,0,0,0,2,0,0,6,49.98,3
KJ14,PASAR SENI,KJ,23,0,0,0,0,4,0,12,70.96,4
KJ27,CGC GLENMARIE,KJ,5,0,1,0,0,0,0,13,47.63,3
PY08,SRI DAMANSARA TIMUR,PYL,1,1,1,0,0,0,0,11,44.16,3
PY40,CYBERJAYA CITY CENTRE,PYL,17,1,0,0,1,0,0,8,29.33,2
SP21,ALAM SUTERA,PH,3,1,0,0,0,0,0,15,36.28,3
PY16,SENTUL BARAT,PYL,20,0,1,0,0,0,0,14,54.22,3
KG05,KWASA SENTRAL,MRT,0,1,0,0,0,0,0,13,35.65,3
MR1,KL SENTRAL,MR,12,0,0,0,0,4,0,11,67.74,4
PY29,SUNGAI BESI,PYL,20,0,1,0,0,1,1,12,59.36,4
KG29,BANDAR TUN HUSSEIN ONN,MRT,1,1,0,0,0,0,0,13,30.92,2
PY40,CYBERJAYA CITY CENTRE,PYL,3,0,1,0,0,0,0,14,55.76,3
MR11,TITIWANGSA,MR,0,0,1,0,0,4,0,15,73.04,4
SP3,TITIWANGSA,PH,4,0,0,0,0,4,0,11,67.77,4
SP12,CHERAS,PH,19,0,0,0,0,0,0,7,35.97,3
KJ7,DATO' KERAMAT,KJ,0,0,0,0,0,0,1,11,52.68,3
KJ32,TAIPAN,KJ,3,0,0,0,0,0,0,10,48.33,3
PY40,CYBERJAYA CITY CENTRE,PYL,21,1,0,0,1,0,0,11,42.42,3
KG25,TAMAN MUTIARA,MRT,0,0,0,0,0,0,0,14,50.03,3
KJ16,BANK RAKYAT BANGSAR,KJ,4,0,0,0,0,0,0,12,45.03,3
KJ33,WAWASAN,KJ,14,0,1,0,0,0,0,7,43.16,3
PY01,KWASA DAMANSARA,PYL,23,0,1,0,0,1,0,12,54.42,3
AG5,SULTAN ISMAIL,AG,19,1,1,0,1,0,0,9,32.37,3
PY15,JALAN IPOH,PYL,12,1,0,0,1,0,0,7,33.97,3
PY04,SUNGAI BULOH,PYL,12,0,0,0,0,0,0,10,38.87,3
PY10,KEPONG BARU,PYL,20,0,0,0,0,0,0,16,47.58,3
KG28,SRI RAYA,MRT,2,0,0,0,0,0,0,14,51.67,3
KG20,TUN RAZAK EXCHANGE,MRT,16,1,0,0,1,4,2,7,70.03,4
KG05,KWASA SENTRAL,MRT,17,0,0,0,2,0,0,4,47.59,3
PY38,16 SIERRA,PYL,1,0,0,0,0,0,0,15,40.23,3
PY41,PUTRAJAYA SENTRAL,PYL,16,0,0,0,1,0,0,7,44.93,3
PY29,SUNGAI BESI,PYL,17,0,0,0,3,1,0,5,77.55,4
AG16,CEMPAKA,AG,23,0,1,0,0,0,0,11,51.66,3
AG11,CHAN SOW LIN,AG,22,0,0,0,0,1,0,15,54.32,3
KG13,PUSAT BANDAR DAMANSARA,MRT,15,1,0,0,1,0,0,7,25.67,2
SP8,PLAZA RAKYAT,PH,15,1,0,0,1,1,0,11,51.53,3
KG12,PHILEO DAMANSARA,MRT,23,0,0,0,0,0,0,14,44.1,3
KJ29,SS 15,KJ,0,0,0,0,0,2,0,18,67.65,4
SP7,MASJID JAMEK,PH,1,1,0,0,0,4,0,10,57.66,3
AG3,TITIWANGSA,AG,12,1,1,0,1,4,2,8,74.82,4
PY07,SRI DAMANSARA SENTRAL,PYL,18,0,0,0,3,0,0,5,72.95,4
PY01,KWASA DAMANSARA,PYL,19,0,0,0,0,1,0,7,42.15,3
SP2,SENTUL,PH,19,1,0,0,1,0,0,8,24.35,2
MR7,RAJA CHULAN,MR,18,1,0,0,1,0,0,12,36.32,3
PY33,SERDANG JAYA,PYL,13,0,0,0,0,0,0,10,44.17,3
SP28,PUCHONG PERDANA,PH,22,0,1,0,0,0,0,10,42.97,3
KG12,PHILEO DAMANSARA,MRT,1,1,0,0,0,0,0,10,29.39,2
KG30,BATU 11 CHERAS,MRT,18,1,0,0,1,0,0,9,34.25,3
PY14,KENTOMEN,PYL,3,0,0,0,0,0,0,14,43.37,3
KJ37,PUTRA HEIGHTS,KJ,21,1,0,0,1,1,0,9,42.7,3
SP14,BANDAR TUN RAZAK,PH,20,1,1,0,1,0,0,7,26.0,2
SP15,BANDAR TASIK SELATAN,PH,4,1,1,0,0,2,0,18,50.79,3
MR1,KL SENTRAL,MR,3,0,0,0,0,4,0,10,70.0,4
KJ37,PUTRA HEIGHTS,KJ,22,0,0,0,0,1,0,10,49.28,3
KJ2,TAMAN MELATI,KJ,13,0,0,0,0,0,0,10,38.35,3
KJ37,PUTRA HEIGHTS,KJ,1,0,0,0,0,1,0,18,62.24,4
KG21,COCHRANE,MRT,0,0,0,0,0,0,0,16,45.31,3
KJ10,KLCC,KJ,22,0,1,0,0,3,0,18,77.14,4
PY09,METRO PRIMA,PYL,20,0,0,0,0,0,0,13,52.59,3
PY31,SERDANG RAYA UTARA,PYL,17,0,0,0,3,0,0,5,69.54,4
KJ25,LEMBAH SUBANG,KJ,19,0,0,0,2,0,0,4,54.31,3
SP5,SULTAN ISMAIL,PH,3,0,0,0,0,0,0,15,50.2,3
KG21,COCHRANE,MRT,13,0,0,0,0,0,0,10,43.05,3
BRT5,SunU-Monash,BRT,3,0,0,0,0,0,1,16,61.44,4
KG21,COCHRANE,MRT,15,0,0,0,0,0,0,7,35.9,3
SP29,PUCHONG PRIMA,PH,16,1,0,0,1,0,0,10,33.56,3
KJ34,USJ 21,KJ,18,0,0,0,3,0,0,3,70.11,4
PY12,SRI DELIMA,PYL,16,0,0,0,2,0,0,4,50.46,3
KG34,STADIUM KAJANG,MRT,13,0,1,0,0,2,0,10,64.04,4
AG18,AMPANG,AG,19,0,0,0,2,0,0,5,61.02,4
KG17,MERDEKA,MRT,13,0,0,0,0,1,0,8,48.85,3
SP24,IOI PUCHONG JAYA,PH,14,1,0,0,1,0,0,12,32.8,3
KJ2,TAMAN MELATI,KJ,4,0,0,0,0,0,0,10,32.75,3
KG34,STADIUM KAJANG,MRT,20,0,1,0,0,2,0,12,68.5,4
PY12,SRI DELIMA,PYL,22,0,0,0,0,0,0,13,48.87,3
PY24,CHAN SOW LIN,PYL,18,0,1,0,2,1,0,4,69.85,4
SP2,SENTUL,PH,17,0,0,0,3,0,0,5,65.91,4
PY03,KAMPUNG SELAMAT,PYL,1,0,1,0,0,0,0,15,50.66,3
KJ3,WANGSA MAJU,KJ,3,1,0,0,0,2,0,18,53.81,3
KJ8,DAMAI,KJ,15,0,0,0,0,0,0,9,42.78,3
KG24,TAMAN MIDAH,MRT,18,0,0,0,2,0,0,6,60.18,4
KJ10,KLCC,KJ,22,1,1,0,0,3,0,15,63.35,4
SP11,CHAN SOW LIN,PH,3,0,1,0,0,1,0,14,61.78,4
SP26,TAMAN PERINDUSTRIAN PUCHONG,PH,17,0,0,0,3,0,0,5,55.43,3
SP14,BANDAR TUN RAZAK,PH,5,1,0,0,0,0,0,11,22.67,2
AG8,PLAZA RAKYAT,AG,14,0,0,0,0,1,0,12,53.28,3
KJ3,WANGSA MAJU,KJ,20,0,0,0,0,2,0,11,49.29,3
KJ24,KELANA JAYA,KJ,12,0,0,0,0,0,0,8,41.17,3
SP7,MASJID JAMEK,PH,14,1,0,0,1,4,1,10,79.4,4
SP2,SENTUL,PH,4,1,1,0,0,0,0,14,39.29,3
KG35,KAJANG,MRT,20,0,0,0,0,0,0,13,51.37,3
KG05,KWASA SENTRAL,MRT,16,1,0,0,1,0,1,7,43.7,3
KJ22,TAMAN PARAMOUNT,KJ,4,0,0,0,0,0,1,13,54.58,3
KG07,SURIAN,MRT,23,0,0,0,0,0,0,10,44.84,3
KG07,SURIAN,MRT,19,1,1,0,1,0,0,8,44.26,3
SP28,PUCHONG PERDANA,PH,22,0,1,0,0,0,0,14,52.94,3
PY23,TUN RAZAK EXCHANGE,PYL,0,0,0,0,0,4,0,14,70.57,4
KJ2,TAMAN MELATI,KJ,22,0,1,0,0,0,1,17,60.69,4
MR8,BUKIT NANAS,MR,19,0,0,0,2,0,0,7,51.12,3
KG17,MERDEKA,MRT,18,0,0,0,2,1,0,6,73.7,4
KJ7,DATO' KERAMAT,KJ,20,0,0,0,0,0,0,11,44.34,3
PY03,KAMPUNG SELAMAT,PYL,1,0,0,0,0,0,0,12,43.48,3
KG09,BANDAR UTAMA,MRT,23,1,1,0,0,3,0,15,68.15,4
SP6,BANDARAYA - UOB,PH,16,0,0,0,1,0,0,9,46.6,3
SP21,ALAM SUTERA,PH,2,0,0,0,0,0,0,17,57.4,3
KJ17,ABDULLAH HUKUM,KJ,2,1,0,0,0,3,0,15,53.75,3
PY36,TAMAN EQUINE,PYL,23,1,0,0,0,0,0,16,43.62,3
KG10,TAMAN TUN DR ISMAIL,MRT,5,0,0,0,0,0,0,10,31.78,2
KJ8,DAMAI,KJ,5,1,0,0,0,0,0,17,45.3,3
MR6,BUKIT BINTANG,MR,21,0,1,0,0,3,1,12,80.64,4
KJ33,WAWASAN,KJ,2,0,0,0,0,0,0,15,54.38,3
KJ15,KL SENTRAL - REDONE,KJ,12,1,0,0,1,4,1,10,77.62,4
KJ18,KERINCHI,KJ,23,0,0,0,0,0,1,15,56.79,3
MR1,KL SENTRAL,MR,13,0,0,0,0,4,0,11,64.88,4
PY40,CYBERJAYA CITY CENTRE,PYL,23,0,0,0,0,0,1,11,53.61,3
KG06,KOTA DAMANSARA,MRT,23,0,1,0,0,0,0,10,49.04,3
KJ32,TAIPAN,KJ,14,1,0,0,1,0,0,10,38.45,3
KJ12,DANG WANGI,KJ,14,0,0,0,0,0,0,10,43.69,3
AG8,PLAZA RAKYAT,AG,21,0,0,0,0,1,0,10,49.44,3
PY16,SENTUL BARAT,PYL,22,0,0,0,0,0,0,16,52.85,3
KG20,TUN RAZAK EXCHANGE,MRT,5,0,1,0,0,4,0,11,73.49,4
PY06,SRI DAMANSARA BARAT,PYL,14,0,0,0,0,0,0,7,33.21,3
PY32,SERDANG RAYA SELATAN,PYL,13,0,0,0,0,0,0,7,38.7,3
KG12,PHILEO DAMANSARA,MRT,0,0,1,0,0,0,0,12,51.67,3
MR4,HANG TUAH,MR,2,0,0,0,0,4,0,12,64.23,4
SP29,PUCHONG PRIMA,PH,20,0,0,0,0,0,0,17,56.24,3
SP4,PWTC,PH,21,0,0,0,0,0,0,12,41.35,3
KJ34,USJ 21,KJ,20,1,1,0,1,0,0,9,41.85,3
MR5,IMBI,MR,15,0,0,0,0,0,0,10,30.84,2
KG34,STADIUM KAJANG,MRT,12,1,0,0,1,2,0,10,51.33,3
KG04,KWASA DAMANSARA,MRT,21,0,0,0,0,1,0,13,56.71,3
KG23,TAMAN PERTAMA,MRT,3,0,0,0,0,0,0,11,40.84,3
AG7,MASJID JAMEK,AG,2,0,1,0,0,4,0,13,76.11,4
AG11,CHAN SOW LIN,AG,5,0,0,0,0,1,0,14,52.29,3
PY23,TUN RAZAK EXCHANGE,PYL,5,0,0,0,0,4,0,10,69.71,4
KJ15,KL SENTRAL - REDONE,KJ,15,1,1,0,1,4,1,7,79.03,4
PY23,TUN RAZAK EXCHANGE,PYL,3,0,0,0,0,4,1,13,75.87,4
KJ26,ARA DAMANSARA,KJ,13,0,0,0,0,0,0,9,28.03,2
MR7,RAJA CHULAN,MR,22,0,1,0,0,0,0,12,45.27,3
KJ3,WANGSA MAJU,KJ,19,0,0,0,2,2,0,5,63.19,4
SP20,MUHIBBAH,PH,3,1,1,0,0,0,0,13,41.89,3
AG14,PANDAN JAYA,AG,21,1,0,0,1,0,0,11,38.99,3
PY24,CHAN SOW LIN,PYL,5,0,0,0,0,1,0,15,66.18,4
SP22,KINRARA,PH,4,1,0,0,0,0,0,15,41.39,3
KG04,KWASA DAMANSARA,MRT,17,0,1,0,2,1,0,4,68.42,4
KG25,TAMAN MUTIARA,MRT,19,1,1,0,1,0,0,10,47.49,3
KJ6,JELATEK,KJ,17,1,1,0,1,0,0,10,42.51,3
AG15,PANDAN INDAH,AG,13,1,0,0,1,0,0,7,27.22,2
SP25,PUSAT BANDAR PUCHONG,PH,23,1,0,0,0,0,0,18,39.88,3
KG30,BATU 11 CHERAS,MRT,4,0,0,0,0,0,0,16,47.46,3
BRT4,SUNMED,BRT,20,0,0,0,0,0,0,13,46.71,3
KJ7,DATO' KERAMAT,KJ,5,1,1,0,0,0,0,10,39.07,3
BRT5,SunU-Monash,BRT,12,0,1,0,0,0,0,10,45.93,3
SP5,SULTAN ISMAIL,PH,14,0,0,0,0,0,1,9,50.48,3
SP25,PUSAT BANDAR PUCHONG,PH,2,1,0,0,0,0,0,17,36.79,3
KG30,BATU 11 CHERAS,MRT,18,0,0,0,2,0,0,6,51.23,3
KG13,PUSAT BANDAR DAMANSARA,MRT,18,0,0,0,3,0,1,4,72.21,4
KJ14,PASAR SENI,KJ,12,0,0,0,0,4,0,10,67.99,4
KG08,MUTIARA DAMANSARA,MRT,12,0,0,0,0,0,0,10,48.06,3
PY11,JINJANG,PYL,5,0,0,0,0,0,0,12,45.42,3
SP20,MUHIBBAH,PH,15,0,0,0,0,0,0,7,37.39,3
PY20,AMPANG PARK,PYL,22,0,1,0,0,0,0,14,53.51,3
PY15,JALAN IPOH,PYL,14,1,0,0,1,0,1,9,41.56,3
AG1,SENTUL TIMUR,AG,12,0,0,0,0,0,0,11,42.43,3
PY12,SRI DELIMA,PYL,23,1,1,0,0,0,0,12,35.07,3
KJ6,JELATEK,KJ,20,0,0,0,0,0,0,15,51.98,3
KJ3,WANGSA MAJU,KJ,14,0,0,0,0,2,0,7,42.64,3
SP18,SRI PETALING,PH,17,0,0,0,3,0,0,5,60.78,4
PY18,HOSPITAL KUALA LUMPUR,PYL,13,0,0,0,0,0,0,10,47.63,3
KG35,KAJANG,MRT,13,0,1,0,0,0,1,7,56.58,3
SP19,AWAN BESAR,PH,13,1,0,0,1,0,0,9,34.42,3
AG11,CHAN SOW LIN,AG,16,0,0,0,2,1,0,5,64.62,4
SP9,HANG TUAH,PH,16,1,1,0,1,4,1,10,74.62,4
PY21,PERSIARAN KLCC,PYL,15,0,0,0,0,3,0,11,57.15,3
AG2,SENTUL,AG,23,0,0,0,0,0,0,12,46.16,3
PY29,SUNGAI BESI,PYL,0,0,0,0,0,1,0,13,46.1,3
BRT4,SUNMED,BRT,15,1,1,0,1,0,0,9,39.34,3
PY07,SRI DAMANSARA SENTRAL,PYL,0,1,0,0,0,0,0,15,44.56,3
KJ27,CGC GLENMARIE,KJ,0,0,1,0,0,0,1,13,50.92,3
KG16,PASAR SENI,MRT,22,0,1,0,0,4,0,13,81.74,4
AG16,CEMPAKA,AG,17,1,0,0,1,0,0,8,35.6,3
AG1,SENTUL TIMUR,AG,18,0,1,0,3,0,0,5,71.83,4
KG15,MUZIUM NEGARA,MRT,20,0,1,0,0,0,0,13,55.55,3
AG4,PWTC,AG,17,0,0,0,2,0,0,6,45.67,3
PY22,CONLAY,PYL,19,1,1,0,1,0,1,11,55.43,3
KJ2,TAMAN MELATI,KJ,18,1,0,0,1,0,0,7,23.84,2
PY13,KAMPUNG BATU,PYL,20,0,0,0,0,0,0,13,45.77,3
PY08,SRI DAMANSARA TIMUR,PYL,13,1,0,0,1,0,0,7,36.99,3
AG2,SENTUL,AG,1,1,1,0,0,0,0,17,45.74,3
BRT6,SOUTH QUAY-USJ 1,BRT,19,0,0,0,2,0,0,7,48.91,3
SP18,SRI PETALING,PH,1,0,0,0,0,0,0,17,45.79,3
PY36,TAMAN EQUINE,PYL,23,1,0,0,0,0,0,16,41.18,3
KJ32,TAIPAN,KJ,18,0,0,0,3,0,0,3,66.34,4
SP18,SRI PETALING,PH,20,1,1,0,1,0,0,8,37.6,3
SP1,SENTUL TIMUR,PH,14,1,0,0,1,0,0,7,28.02,2
KG26,TAMAN CONNAUGHT,MRT,14,0,0,0,0,0,0,7,35.47,3
KG21,COCHRANE,MRT,5,1,0,0,0,0,0,12,28.67,2
KJ23,TAMAN BAHAGIA,KJ,17,1,0,0,1,0,0,7,29.56,2
KJ22,TAMAN PARAMOUNT,KJ,16,0,0,0,2,0,0,6,52.18,3
KG04,KWASA DAMANSARA,MRT,0,0,0,0,0,1,0,12,50.96,3
AG5,SULTAN ISMAIL,AG,17,1,0,0,1,0,0,9,26.32,2
SP1,SENTUL TIMUR,PH,23,1,1,0,0,0,1,18,57.32,3
KG16,PASAR SENI,MRT,22,0,0,1,0,4,0,15,83.64,5
PY09,METRO PRIMA,PYL,3,0,1,0,0,0,0,14,55.54,3
KG14,SEMANTAN,MRT,14,0,1,0,0,0,0,9,45.0,3
KG04,KWASA DAMANSARA,MRT,16,0,1,0,1,1,0,7,59.85,4
PY29,SUNGAI BESI,PYL,14,1,1,0,1,1,0,9,40.94,3
KG13,PUSAT BANDAR DAMANSARA,MRT,2,0,0,0,0,0,0,15,47.13,3
KJ15,KL SENTRAL - REDONE,KJ,1,1,0,0,0,4,0,14,64.55,4
KG31,BUKIT DUKUNG,MRT,14,0,0,0,0,0,0,7,32.64,3
SP4,PWTC,PH,18,0,0,0,3,0,0,5,67.42,4
SP25,PUSAT BANDAR PUCHONG,PH,15,0,0,0,0,0,0,7,32.84,3
PY19,RAJA UDA,PYL,15,1,0,0,1,0,0,9,32.15,3
KJ3,WANGSA MAJU,KJ,15,1,1,0,1,2,0,10,46.5,3
SP24,IOI PUCHONG JAYA,PH,13,0,0,0,0,0,0,8,27.4,2
SP18,SRI PETALING,PH,14,0,0,0,0,0,0,12,39.54,3
PY18,HOSPITAL KUALA LUMPUR,PYL,0,0,0,0,0,0,0,15,52.86,3
SP4,PWTC,PH,19,1,0,0,1,0,0,11,36.75,3
SP25,PUSAT BANDAR PUCHONG,PH,17,0,0,0,3,0,0,5,61.73,4
KJ31,USJ 7,KJ,13,1,0,0,1,1,0,8,45.73,3
SP17,BUKIT JALIL,PH,22,0,0,0,0,2,0,14,50.85,3
PY20,AMPANG PARK,PYL,16,0,0,0,2,0,0,6,47.29,3
AG8,PLAZA RAKYAT,AG,18,0,1,0,2,1,0,6,74.39,4
PY03,KAMPUNG SELAMAT,PYL,1,0,0,0,0,0,0,10,35.81,3
SP24,IOI PUCHONG JAYA,PH,4,1,0,0,0,0,0,14,32.43,3
SP4,PWTC,PH,2,0,0,0,0,0,0,11,45.24,3
KG08,MUTIARA DAMANSARA,MRT,15,0,0,0,0,0,0,7,36.59,3
KJ37,PUTRA HEIGHTS,KJ,5,0,1,0,0,1,0,14,55.66,3
SP27,BANDAR PUTERI,PH,22,0,0,0,0,0,0,14,43.28,3
KJ31,USJ 7,KJ,0,0,0,0,0,1,0,15,62.36,4
PY06,SRI DAMANSARA BARAT,PYL,14,0,0,0,0,0,1,9,46.89,3
SP22,KINRARA,PH,0,1,0,0,0,0,0,14,38.65,3
KJ15,KL SENTRAL - REDONE,KJ,20,0,1,0,0,4,1,10,84.35,5
SP5,SULTAN ISMAIL,PH,16,1,0,0,1,0,0,12,37.92,3
KG17,MERDEKA,MRT,13,1,1,0,1,1,0,9,52.78,3
AG5,SULTAN ISMAIL,AG,20,1,0,0,1,0,0,11,31.93,2
KG16,PASAR SENI,MRT,4,1,0,0,0,4,1,16,78.63,4
SP17,BUKIT JALIL,PH,23,1,0,0,0,2,0,16,47.07,3
KJ24,KELANA JAYA,KJ,23,0,0,0,0,0,0,12,51.11,3
KJ7,DATO' KERAMAT,KJ,13,1,0,0,1,0,0,10,33.98,3
PY33,SERDANG JAYA,PYL,22,0,1,0,0,0,0,12,50.2,3
SP4,PWTC,PH,23,0,1,0,0,0,0,14,48.21,3
KG26,TAMAN CONNAUGHT,MRT,20,0,0,0,0,0,0,15,54.1,3
MR3,MAHARAJALELA,MR,15,0,1,0,0,0,0,8,32.64,3
BRT1,SUNWAY-SETIA JAYA,BRT,4,1,1,0,0,0,0,11,33.99,3
PY24,CHAN SOW LIN,PYL,3,0,0,0,0,1,0,16,62.99,4
SP20,MUHIBBAH,PH,4,0,1,0,0,0,0,14,59.06,4
MR8,BUKIT NANAS,MR,3,0,0,0,0,0,0,15,50.56,3
KG13,PUSAT BANDAR DAMANSARA,MRT,22,0,0,0,0,0,0,13,47.71,3
BRT2,MENTARI,BRT,3,0,1,0,0,0,1,15,64.23,4
KJ8,DAMAI,KJ,22,1,0,0,0,0,0,14,41.72,3
AG9,HANG TUAH,AG,14,1,0,0,1,4,1,9,69.78,4
KG10,TAMAN TUN DR ISMAIL,MRT,17,0,0,0,3,0,0,3,64.01,4
PY04,SUNGAI BULOH,PYL,5,0,0,0,0,0,0,13,41.54,3
BRT2,MENTARI,BRT,12,1,0,0,1,0,1,11,40.37,3
KG13,PUSAT BANDAR DAMANSARA,MRT,5,1,0,0,0,0,0,10,25.49,2
AG6,BANDARAYA - UOB,AG,12,0,0,0,0,0,0,12,40.52,3
SP22,KINRARA,PH,15,1,1,0,1,0,0,8,44.13,3
PY08,SRI DAMANSARA TIMUR,PYL,13,0,0,0,0,0,0,7,34.64,3
KJ26,ARA DAMANSARA,KJ,16,0,1,0,1,0,0,8,45.2,3
PY24,CHAN SOW LIN,PYL,13,1,0,0,1,1,0,11,47.07,3
KJ25,LEMBAH SUBANG,KJ,17,0,1,0,2,0,1,6,75.83,4
PY04,SUNGAI BULOH,PYL,14,0,0,0,0,0,0,11,44.77,3
KJ9,AMPANG PARK,KJ,16,1,0,0,1,0,1,7,44.61,3
MR5,IMBI,MR,17,1,0,0,1,0,0,11,31.99,2
PY38,16 SIERRA,PYL,5,0,0,0,0,0,0,11,40.04,3
SP6,BANDARAYA - UOB,PH,2,0,0,0,0,0,0,17,50.54,3
KG30,BATU 11 CHERAS,MRT,23,0,0,0,0,0,0,14,42.83,3
AG16,CEMPAKA,AG,22,0,0,0,0,0,0,18,58.4,4
SP2,SENTUL,PH,18,0,0,0,2,0,0,6,52.48,3
KG34,STADIUM KAJANG,MRT,15,0,1,0,0,2,0,9,60.04,4
PY11,JINJANG,PYL,13,0,0,0,0,0,0,7,35.68,3
KJ5,SETIAWANGSA,KJ,14,0,1,0,0,0,0,9,42.11,3
KJ8,DAMAI,KJ,18,1,0,0,1,0,1,8,47.86,3
BRT5,SunU-Monash,BRT,4,1,0,0,0,0,0,12,26.56,2
AG17,CAHAYA,AG,18,0,0,0,3,0,0,5,70.18,4
KJ1,GOMBAK,KJ,14,0,0,0,0,0,0,7,30.17,2
KG04,KWASA DAMANSARA,MRT,14,0,0,0,0,1,0,8,49.4,3
KG06,KOTA DAMANSARA,MRT,20,0,0,0,0,0,0,16,48.83,3
KJ21,ASIA JAYA,KJ,4,1,0,0,0,0,1,14,43.57,3
AG15,PANDAN INDAH,AG,4,0,0,0,0,0,1,18,68.54,4
AG18,AMPANG,AG,12,1,1,0,1,0,0,10,47.11,3
KJ15,KL SENTRAL - REDONE,KJ,13,0,1,0,0,4,0,10,71.75,4
KG33,SUNGAI JERNIH,MRT,20,0,0,0,0,0,0,10,37.27,3
SP19,AWAN BESAR,PH,20,0,0,0,0,0,0,13,48.06,3
PY27,KUCHAI,PYL,21,0,0,0,0,0,0,15,53.93,3
KJ23,TAMAN BAHAGIA,KJ,17,0,0,0,3,0,0,3,65.19,4
PY37,PUTRA PERMAI,PYL,17,1,1,0,1,0,0,9,35.32,3
AG6,BANDARAYA - UOB,AG,0,0,1,0,0,0,0,14,43.99,3
MR5,IMBI,MR,15,0,0,0,0,0,1,8,36.64,3
BRT3,SUNWAY LAGOON,BRT,18,1,0,0,1,0,0,10,29.42,2
PY36,TAMAN EQUINE,PYL,0,0,0,0,0,0,0,10,44.17,3
PY05,DAMANSARA DAMAI,PYL,16,0,0,0,2,0,0,5,51.18,3
KG12,PHILEO DAMANSARA,MRT,13,0,0,0,0,0,0,7,33.84,3
MR5,IMBI,MR,23,0,1,0,0,0,0,16,52.31,3
SP12,CHERAS,PH,20,0,0,0,0,0,0,12,49.19,3
KJ20,TAMAN JAYA,KJ,12,0,1,0,0,0,0,10,42.71,3
BRT1,SUNWAY-SETIA JAYA,BRT,15,0,0,0,0,0,0,8,28.66,2
BRT1,SUNWAY-SETIA JAYA,BRT,2,1,0,0,0,0,0,16,35.59,3
SP4,PWTC,PH,2,0,1,0,0,0,0,13,52.1,3
PY04,SUNGAI BULOH,PYL,17,1,1,0,1,0,0,7,40.13,3
SP16,SUNGAI BESI,PH,2,1,1,0,0,1,0,12,44.14,3
MR4,HANG TUAH,MR,1,0,0,0,0,4,0,18,72.12,4
KJ1,GOMBAK,KJ,3,1,1,0,0,0,0,11,26.58,2
AG9,HANG TUAH,AG,2,0,0,0,0,4,1,18,87.73,5
KJ32,TAIPAN,KJ,19,1,1,0,1,0,0,8,39.95,3
KG08,MUTIARA DAMANSARA,MRT,5,0,0,0,0,0,0,12,47.14,3
SP17,BUKIT JALIL,PH,21,0,1,0,0,2,1,16,75.73,4
KJ29,SS 15,KJ,13,1,0,0,1,2,0,8,37.85,3
KJ9,AMPANG PARK,KJ,17,0,0,0,3,0,0,3,66.18,4
PY20,AMPANG PARK,PYL,21,0,1,0,0,0,0,10,40.62,3
PY15,JALAN IPOH,PYL,21,0,0,0,0,0,0,14,48.9,3
SP25,PUSAT BANDAR PUCHONG,PH,22,1,0,0,0,0,0,16,35.48,3
SP28,PUCHONG PERDANA,PH,3,1,0,0,0,0,0,14,28.71,2
MR6,BUKIT BINTANG,MR,22,0,0,0,0,3,0,15,63.94,4
AG8,PLAZA RAKYAT,AG,12,0,0,0,0,1,0,10,45.21,3
AG18,AMPANG,AG,5,0,0,0,0,0,0,14,50.07,3
BRT7,USJ7,BRT,19,1,0,0,1,1,0,10,30.21,2
KJ25,LEMBAH SUBANG,KJ,20,1,0,0,1,0,0,10,44.55,3
SP5,SULTAN ISMAIL,PH,13,0,1,0,0,0,0,7,40.47,3
SP9,HANG TUAH,PH,17,0,1,0,2,4,2,7,100.0,5
AG10,PUDU,AG,3,0,0,0,0,0,1,13,50.14,3
KJ33,WAWASAN,KJ,20,0,1,0,0,0,0,10,50.04,3
KG05,KWASA SENTRAL,MRT,3,0,1,0,0,0,0,13,55.52,3
AG18,AMPANG,AG,5,0,0,0,0,0,0,14,46.86,3
MR1,KL SENTRAL,MR,16,1,1,0,1,4,1,12,84.43,5
SP15,BANDAR TASIK SELATAN,PH,16,0,0,0,1,2,0,8,48.69,3
KG06,KOTA DAMANSARA,MRT,5,0,1,0,0,0,0,11,53.87,3
AG6,BANDARAYA - UOB,AG,0,0,0,0,0,0,1,13,51.99,3
KG07,SURIAN,MRT,14,0,0,0,0,0,0,10,40.36,3
SP16,SUNGAI BESI,PH,20,0,0,0,0,1,0,14,51.47,3
KG18A,BUKIT BINTANG,MRT,23,0,0,0,0,3,0,12,73.46,4
MR4,HANG TUAH,MR,19,0,1,0,2,4,1,8,100.0,5
MR7,RAJA CHULAN,MR,15,1,1,0,1,0,0,9,34.73,3
KG33,SUNGAI JERNIH,MRT,2,0,0,0,0,0,0,13,46.8,3
AG17,CAHAYA,AG,5,0,0,0,0,0,0,17,58.93,4
KJ34,USJ 21,KJ,1,0,0,0,0,0,0,12,47.79,3
MR8,BUKIT NANAS,MR,12,0,1,0,0,0,0,10,42.93,3
PY01,KWASA DAMANSARA,PYL,12,0,0,0,0,1,0,9,46.03,3
SP31,PUTRA HEIGHTS,PH,19,0,0,0,0,1,0,8,51.19,3
KJ15,KL SENTRAL - REDONE,KJ,1,0,0,0,0,4,1,18,96.86,5
MR9,MEDAN TUANKU,MR,1,0,0,0,0,0,0,10,37.49,3
SP3,TITIWANGSA,PH,0,0,0,0,0,4,0,11,66.44,4
KG07,SURIAN,MRT,4,1,0,0,0,0,0,13,32.3,3
SP2,SENTUL,PH,23,0,1,0,0,0,0,18,52.82,3
BRT5,SunU-Monash,BRT,23,0,1,0,0,0,0,18,56.6,3
KG30,BATU 11 CHERAS,MRT,20,0,0,0,0,0,0,14,41.11,3
SP14,BANDAR TUN RAZAK,PH,17,0,1,0,3,0,0,4,56.74,3
KJ21,ASIA JAYA,KJ,21,1,1,0,1,0,0,10,47.49,3
KJ17,ABDULLAH HUKUM,KJ,16,0,0,0,1,3,0,9,63.25,4
AG9,HANG TUAH,AG,1,0,0,0,0,4,0,18,77.87,4
KG15,MUZIUM NEGARA,MRT,16,0,0,0,2,0,0,5,58.22,4
KG10,TAMAN TUN DR ISMAIL,MRT,17,0,0,0,3,0,0,3,62.48,4
KG20,TUN RAZAK EXCHANGE,MRT,16,0,0,0,2,4,1,5,92.28,5
PY08,SRI DAMANSARA TIMUR,PYL,23,1,0,0,0,0,0,10,31.74,2
PY18,HOSPITAL KUALA LUMPUR,PYL,22,0,0,0,0,0,0,16,57.37,3
AG9,HANG TUAH,AG,22,1,1,0,0,4,0,18,67.89,4
SP5,SULTAN ISMAIL,PH,17,0,0,0,2,0,0,7,60.68,4
KJ16,BANK RAKYAT BANGSAR,KJ,21,0,0,0,0,0,0,12,53.76,3
KJ33,WAWASAN,KJ,16,0,1,0,1,0,0,9,59.4,4
KJ18,KERINCHI,KJ,16,0,0,0,1,0,0,7,41.32,3
KG08,MUTIARA DAMANSARA,MRT,20,0,0,0,0,0,0,13,47.38,3
SP25,PUSAT BANDAR PUCHONG,PH,13,0,0,0,0,0,0,7,32.21,3
KJ34,USJ 21,KJ,18,0,0,0,3,0,0,3,71.71,4
MR7,RAJA CHULAN,MR,0,0,0,0,0,0,0,10,33.52,3
MR1,KL SENTRAL,MR,2,0,1,0,0,4,0,14,84.55,5
KJ15,KL SENTRAL - REDONE,KJ,0,0,0,0,0,4,0,16,78.35,4
AG14,PANDAN JAYA,AG,1,0,0,0,0,0,0,18,56.36,3
KG25,TAMAN MUTIARA,MRT,19,0,0,0,0,0,0,10,42.88,3
KJ13,MASJID JAMEK,KJ,15,1,0,0,1,4,1,9,79.17,4
SP19,AWAN BESAR,PH,18,0,0,0,2,0,0,5,48.35,3
PY15,JALAN IPOH,PYL,3,0,1,0,0,0,0,13,58.23,4
PY16,SENTUL BARAT,PYL,23,1,0,0,0,0,0,12,33.93,3
PY18,HOSPITAL KUALA LUMPUR,PYL,16,0,1,0,2,0,0,6,68.9,4
KG22,MALURI,MRT,23,0,0,0,0,1,0,12,52.18,3
KJ18,KERINCHI,KJ,13,0,1,0,0,0,1,9,53.14,3
SP14,BANDAR TUN RAZAK,PH,13,0,1,0,0,0,0,8,37.19,3
AG2,SENTUL,AG,14,1,0,0,1,0,0,7,31.12,2
PY12,SRI DELIMA,PYL,16,1,0,0,1,0,0,9,29.29,2
AG1,SENTUL TIMUR,AG,2,0,1,0,0,0,0,10,49.1,3
KG15,MUZIUM NEGARA,MRT,14,0,0,0,0,0,0,8,38.3,3
PY10,KEPONG BARU,PYL,23,0,0,0,0,0,0,14,45.71,3
KJ36,SUBANG ALAM,KJ,19,0,0,0,0,0,0,9,37.05,3
AG17,CAHAYA,AG,2,1,0,0,0,0,0,14,39.9,3
KG12,PHILEO DAMANSARA,MRT,0,0,0,0,0,0,0,13,38.91,3
PY15,JALAN IPOH,PYL,1,0,0,0,0,0,0,15,51.49,3
AG1,SENTUL TIMUR,AG,23,0,1,0,0,0,0,14,52.77,3
PY16,SENTUL BARAT,PYL,23,1,1,0,0,0,0,14,41.02,3
SP14,BANDAR TUN RAZAK,PH,2,0,0,0,0,0,0,11,32.82,3
PY09,METRO PRIMA,PYL,17,1,0,0,1,0,0,9,35.09,3
KG34,STADIUM KAJANG,MRT,5,0,0,0,0,2,1,10,71.63,4
MR7,RAJA CHULAN,MR,16,0,1,0,2,0,0,5,57.66,3
KJ27,CGC GLENMARIE,KJ,19,0,1,0,2,0,0,6,51.75,3
PY04,SUNGAI BULOH,PYL,1,0,0,0,0,0,0,11,41.76,3
SP20,MUHIBBAH,PH,20,0,1,0,0,0,0,10,48.94,3
PY04,SUNGAI BULOH,PYL,16,1,0,0,1,0,0,7,28.7,2
KG22,MALURI,MRT,19,0,1,0,0,1,0,8,48.33,3
SP12,CHERAS,PH,4,0,0,0,0,0,0,17,56.68,3
SP5,SULTAN ISMAIL,PH,22,0,0,0,0,0,0,14,47.37,3
PY03,KAMPUNG SELAMAT,PYL,19,1,0,0,1,0,0,9,28.27,2
KG06,KOTA DAMANSARA,MRT,2,0,0,0,0,0,0,12,43.79,3
PY11,JINJANG,PYL,0,1,0,0,0,0,0,14,29.37,2
AG2,SENTUL,AG,3,0,1,0,0,0,0,13,50.4,3
MR1,KL SENTRAL,MR,12,0,0,0,0,4,0,12,70.11,4
SP10,PUDU,PH,3,0,0,0,0,0,0,12,40.58,3
KJ11,KAMPUNG BARU - CBP COOPBANK PERTAMA,KJ,19,0,0,0,2,0,0,5,53.76,3
KG27,TAMAN SUNTEX,MRT,19,0,0,0,2,0,0,5,56.81,3
PY28,TAMAN NAGA EMAS,PYL,3,0,0,0,0,0,0,14,43.97,3
KJ12,DANG WANGI,KJ,20,0,0,0,0,0,0,12,44.02,3
KJ19,UNIVERSITI,KJ,2,0,0,0,0,0,0,15,49.88,3
SP17,BUKIT JALIL,PH,4,0,0,0,0,2,1,12,59.82,4
KG34,STADIUM KAJANG,MRT,17,0,0,0,2,2,0,4,65.48,4
PY34,UPM,PYL,21,0,0,0,0,0,0,11,46.92,3
SP5,SULTAN ISMAIL,PH,13,0,0,0,0,0,0,12,48.68,3
PY28,TAMAN NAGA EMAS,PYL,17,1,1,0,1,0,0,8,34.51,3
SP17,BUKIT JALIL,PH,14,1,0,0,1,2,0,8,39.47,3
SP5,SULTAN ISMAIL,PH,19,0,0,0,2,0,0,5,50.31,3
PY24,CHAN SOW LIN,PYL,12,0,0,0,0,1,0,8,48.73,3
SP7,MASJID JAMEK,PH,12,1,0,0,1,4,1,12,76.25,4
KJ20,TAMAN JAYA,KJ,22,1,0,0,0,0,0,10,29.92,2
SP16,SUNGAI BESI,PH,5,1,1,0,0,1,0,14,48.22,3
KJ33,WAWASAN,KJ,21,0,0,0,0,0,0,10,44.12,3
SP19,AWAN BESAR,PH,0,0,0,0,0,0,0,15,44.65,3
KJ14,PASAR SENI,KJ,15,0,0,0,0,4,0,10,62.71,4
KJ20,TAMAN JAYA,KJ,19,0,0,0,2,0,0,6,54.76,3
SP31,PUTRA HEIGHTS,PH,4,0,0,0,0,1,0,16,63.24,4
KJ33,WAWASAN,KJ,13,1,1,0,1,0,0,9,43.97,3
SP12,CHERAS,PH,17,0,0,0,3,0,1,4,79.71,4
AG18,AMPANG,AG,23,0,0,0,0,0,0,11,48.66,3
PY19,RAJA UDA,PYL,17,0,0,0,3,0,0,4,55.16,3
AG15,PANDAN INDAH,AG,5,0,0,0,0,0,0,12,40.29,3
KG31,BUKIT DUKUNG,MRT,13,1,0,0,1,0,0,8,31.09,2
SP20,MUHIBBAH,PH,19,1,0,0,1,0,0,7,34.28,3
KJ12,DANG WANGI,KJ,1,0,0,0,0,0,0,15,46.96,3
PY17,TITIWANGSA,PYL,19,0,0,0,2,4,1,4,94.65,5
PY15,JALAN IPOH,PYL,21,0,0,0,0,0,0,11,41.46,3
PY23,TUN RAZAK EXCHANGE,PYL,3,0,0,0,0,4,0,10,65.85,4
MR1,KL SENTRAL,MR,18,0,0,0,2,4,2,5,100.0,5
KG18A,BUKIT BINTANG,MRT,4,0,1,0,0,3,0,11,73.38,4
KJ32,TAIPAN,KJ,18,0,1,0,3,0,0,4,68.71,4
KG21,COCHRANE,MRT,12,0,1,0,0,0,0,7,43.57,3
KG17,MERDEKA,MRT,5,0,0,0,0,1,0,15,62.45,4
KG20,TUN RAZAK EXCHANGE,MRT,1,0,0,0,0,4,0,15,72.3,4
AG15,PANDAN INDAH,AG,17,0,0,0,3,0,0,5,62.68,4
AG10,PUDU,AG,21,1,0,0,1,0,0,9,29.21,2
AG5,SULTAN ISMAIL,AG,16,0,0,0,2,0,0,7,50.78,3
PY41,PUTRAJAYA SENTRAL,PYL,20,1,0,0,1,0,0,8,33.28,3
KG30,BATU 11 CHERAS,MRT,4,0,0,0,0,0,0,10,38.6,3
KJ17,ABDULLAH HUKUM,KJ,17,0,0,0,2,3,1,4,82.48,5
PY08,SRI DAMANSARA TIMUR,PYL,5,1,0,0,0,0,0,10,33.24,3
MR3,MAHARAJALELA,MR,5,1,1,0,0,0,0,10,25.32,2
PY18,HOSPITAL KUALA LUMPUR,PYL,3,0,0,0,0,0,0,10,42.87,3
KG35,KAJANG,MRT,20,0,1,0,0,0,0,13,59.74,4
KG08,MUTIARA DAMANSARA,MRT,0,0,1,0,0,0,0,15,56.78,3
KJ14,PASAR SENI,KJ,3,0,0,0,0,4,0,16,81.03,4
SP27,BANDAR PUTERI,PH,3,0,0,0,0,0,0,17,45.05,3
KG25,TAMAN MUTIARA,MRT,16,0,0,0,2,0,0,4,58.24,4
PY33,SERDANG JAYA,PYL,15,1,0,0,1,0,0,7,30.96,2
SP29,PUCHONG PRIMA,PH,19,1,0,0,1,0,0,10,37.89,3
SP11,CHAN SOW LIN,PH,1,0,0,0,0,1,0,18,69.11,4
AG15,PANDAN INDAH,AG,0,0,0,0,0,0,0,14,44.99,3
PY07,SRI DAMANSARA SENTRAL,PYL,13,0,0,0,0,0,0,9,41.51,3
AG12,MIHARJA,AG,16,0,0,0,1,0,0,10,48.46,3
KJ21,ASIA JAYA,KJ,1,0,0,0,0,0,0,15,46.77,3
PY18,HOSPITAL KUALA LUMPUR,PYL,15,0,0,0,0,0,0,10,46.27,3
PY41,PUTRAJAYA SENTRAL,PYL,5,0,1,0,0,0,0,14,51.93,3
KJ34,USJ 21,KJ,15,0,0,0,0,0,0,10,41.66,3
SP28,PUCHONG PERDANA,PH,13,0,0,0,0,0,0,11,37.66,3
PY01,KWASA DAMANSARA,PYL,4,0,0,0,0,1,0,11,51.94,3
BRT1,SUNWAY-SETIA JAYA,BRT,17,0,1,0,3,0,0,7,66.56,4
PY28,TAMAN NAGA EMAS,PYL,13,0,1,0,0,0,0,10,40.23,3
AG11,CHAN SOW LIN,AG,23,0,0,0,0,1,1,16,63.98,4
PY20,AMPANG PARK,PYL,18,0,1,0,3,0,0,4,70.58,4
KG25,TAMAN MUTIARA,MRT,21,0,0,0,0,0,0,12,48.52,3
KJ23,TAMAN BAHAGIA,KJ,17,0,1,0,2,0,0,4,65.37,4
SP13,SALAK SELATAN,PH,21,0,1,0,0,0,0,11,51.31,3
PY34,UPM,PYL,17,1,0,0,1,0,0,8,31.19,2
PY19,RAJA UDA,PYL,2,0,0,0,0,0,0,12,32.98,3
KJ12,DANG WANGI,KJ,16,1,0,0,1,0,0,10,36.53,3
KG18A,BUKIT BINTANG,MRT,20,0,1,0,0,3,1,10,77.32,4
SP17,BUKIT JALIL,PH,5,0,0,0,0,2,0,11,49.16,3
MR10,CHOW KIT,MR,1,0,0,0,0,0,0,14,42.25,3
KG22,MALURI,MRT,22,0,0,0,0,1,0,10,44.72,3
KG25,TAMAN MUTIARA,MRT,14,0,0,0,0,0,0,10,40.89,3
PY17,TITIWANGSA,PYL,19,0,1,0,2,4,1,6,100.0,5
PY15,JALAN IPOH,PYL,20,0,0,0,0,0,0,11,42.84,3
SP28,PUCHONG PERDANA,PH,21,0,0,0,0,0,0,11,38.64,3
KG07,SURIAN,MRT,23,0,0,0,0,0,1,16,64.8,4
MR11,TITIWANGSA,MR,23,0,0,0,0,4,0,13,68.68,4
PY08,SRI DAMANSARA TIMUR,PYL,17,0,0,0,2,0,0,7,59.99,4
KG08,MUTIARA DAMANSARA,MRT,17,0,0,0,2,0,0,5,55.84,3
BRT5,SunU-Monash,BRT,15,0,0,0,0,0,0,10,40.01,3
SP28,PUCHONG PERDANA,PH,17,1,0,0,1,0,0,11,36.72,3
PY34,UPM,PYL,23,1,0,0,0,0,0,11,31.03,2
AG3,TITIWANGSA,AG,18,0,1,0,2,4,1,7,92.49,5
KJ20,TAMAN JAYA,KJ,22,0,1,0,0,0,0,11,43.57,3
KG08,MUTIARA DAMANSARA,MRT,4,0,0,0,0,0,0,15,57.02,3
PY40,CYBERJAYA CITY CENTRE,PYL,16,0,0,0,1,0,0,11,51.28,3
KJ35,ALAM MEGAH,KJ,22,0,1,0,0,0,0,16,46.78,3
KG35,KAJANG,MRT,15,0,0,0,0,0,0,7,42.78,3
AG2,SENTUL,AG,1,1,0,0,0,0,0,12,33.86,3
PY28,TAMAN NAGA EMAS,PYL,2,0,0,0,0,0,0,14,44.26,3
SP18,SRI PETALING,PH,14,0,0,0,0,0,0,12,41.3,3
AG8,PLAZA RAKYAT,AG,20,0,0,0,0,1,0,18,60.0,4
KJ31,USJ 7,KJ,5,0,1,0,0,1,0,17,75.38,4
PY23,TUN RAZAK EXCHANGE,PYL,12,1,1,0,1,4,1,8,73.21,4
PY10,KEPONG BARU,PYL,15,0,0,0,0,0,0,9,32.84,3
KG16,PASAR SENI,MRT,0,1,0,0,0,4,1,13,70.8,4
PY31,SERDANG RAYA UTARA,PYL,15,0,0,0,0,0,0,10,38.11,3
KJ25,LEMBAH SUBANG,KJ,13,1,0,0,1,0,0,7,33.76,3
AG10,PUDU,AG,1,0,0,0,0,0,1,13,47.76,3
AG1,SENTUL TIMUR,AG,19,0,0,0,2,0,0,6,59.03,4
AG8,PLAZA RAKYAT,AG,23,0,0,0,0,1,0,10,43.91,3
KJ25,LEMBAH SUBANG,KJ,13,0,0,0,0,0,0,8,41.42,3
KJ8,DAMAI,KJ,2,0,0,0,0,0,1,16,62.54,4
PY01,KWASA DAMANSARA,PYL,1,0,0,0,0,1,0,10,50.86,3
PY19,RAJA UDA,PYL,16,0,0,0,2,0,0,6,53.28,3
KG05,KWASA SENTRAL,MRT,4,0,0,0,0,0,0,12,41.81,3
AG5,SULTAN ISMAIL,AG,15,0,1,0,0,0,0,12,45.95,3
PY27,KUCHAI,PYL,12,1,0,0,1,0,0,9,39.57,3
KJ9,AMPANG PARK,KJ,23,0,1,0,0,0,0,12,54.26,3
KG35,KAJANG,MRT,5,0,0,0,0,0,0,13,50.2,3
AG4,PWTC,AG,17,0,1,1,3,0,0,5,68.47,4
PY33,SERDANG JAYA,PYL,13,1,0,0,1,0,0,9,38.49,3
KJ29,SS 15,KJ,13,0,1,0,0,2,0,8,50.19,3
BRT2,MENTARI,BRT,0,1,0,0,0,0,0,16,34.33,3
AG2,SENTUL,AG,19,0,0,0,2,0,0,6,55.36,3
PY31,SERDANG RAYA UTARA,PYL,0,1,0,0,0,0,1,13,46.03,3
KJ37,PUTRA HEIGHTS,KJ,4,0,1,0,0,1,0,12,58.94,4
SP1,SENTUL TIMUR,PH,15,1,0,0,1,0,0,8,24.9,2
KG21,COCHRANE,MRT,5,0,0,0,0,0,1,14,53.96,3
KJ29,SS 15,KJ,15,0,0,0,0,2,0,10,45.76,3
SP1,SENTUL TIMUR,PH,19,0,0,0,0,0,0,12,37.79,3
AG16,CEMPAKA,AG,22,1,1,0,0,0,1,17,56.49,3
KJ12,DANG WANGI,KJ,21,1,0,0,1,0,1,7,39.67,3
PY41,PUTRAJAYA SENTRAL,PYL,22,1,0,0,0,0,0,16,42.34,3
SP5,SULTAN ISMAIL,PH,18,0,1,0,2,0,0,5,56.13,3
SP9,HANG TUAH,PH,15,0,0,0,0,4,0,7,47.95,3
KJ1,GOMBAK,KJ,13,1,0,0,1,0,0,7,28.82,2
PY18,HOSPITAL KUALA LUMPUR,PYL,1,0,0,0,0,0,0,16,56.08,3
AG14,PANDAN JAYA,AG,0,0,1,0,0,0,0,12,46.91,3
KJ5,SETIAWANGSA,KJ,16,0,0,0,1,0,0,8,47.81,3
PY15,JALAN IPOH,PYL,15,0,1,0,0,0,0,10,47.97,3
SP13,SALAK SELATAN,PH,3,0,0,0,0,0,0,14,50.0,3
SP8,PLAZA RAKYAT,PH,22,0,0,0,0,1,0,15,61.6,4
AG11,CHAN SOW LIN,AG,21,0,0,0,0,1,0,16,56.19,3
KJ13,MASJID JAMEK,KJ,0,0,1,0,0,4,0,12,73.63,4
SP25,PUSAT BANDAR PUCHONG,PH,18,1,0,0,1,0,0,7,19.91,2
PY08,SRI DAMANSARA TIMUR,PYL,0,1,0,0,0,0,0,12,37.03,3
SP21,ALAM SUTERA,PH,21,0,0,0,0,0,0,16,48.64,3
SP13,SALAK SELATAN,PH,19,0,1,0,0,0,0,12,48.87,3
KJ17,ABDULLAH HUKUM,KJ,13,0,0,0,0,3,0,10,47.71,3
MR4,HANG TUAH,MR,12,0,1,0,0,4,0,12,62.33,4
SP11,CHAN SOW LIN,PH,3,1,0,0,0,1,0,11,39.86,3
KJ10,KLCC,KJ,15,0,0,0,0,3,0,10,56.18,3
KG13,PUSAT BANDAR DAMANSARA,MRT,15,0,1,0,0,0,0,7,45.18,3
MR5,IMBI,MR,16,0,0,0,1,0,0,12,47.68,3
KJ29,SS 15,KJ,14,0,0,0,0,2,0,9,52.36,3
AG15,PANDAN INDAH,AG,19,0,0,0,0,0,0,12,42.67,3
SP15,BANDAR TASIK SELATAN,PH,3,0,1,0,0,2,0,14,62.18,4
SP14,BANDAR TUN RAZAK,PH,18,1,0,0,1,0,0,12,35.37,3
KG16,PASAR SENI,MRT,4,0,0,0,0,4,0,15,80.97,4
KG22,MALURI,MRT,3,1,0,0,0,1,0,10,38.7,3
KG28,SRI RAYA,MRT,20,0,0,0,0,0,0,15,53.76,3
KG18A,BUKIT BINTANG,MRT,23,1,0,0,0,3,0,13,61.11,4
SP3,TITIWANGSA,PH,21,1,1,0,1,4,1,11,73.01,4
AG6,BANDARAYA - UOB,AG,18,0,0,0,3,0,0,4,61.46,4
KJ26,ARA DAMANSARA,KJ,21,1,0,0,1,0,0,8,31.19,2
PY11,JINJANG,PYL,20,1,0,0,1,0,0,11,32.71,3
KG26,TAMAN CONNAUGHT,MRT,3,0,0,0,0,0,0,15,56.7,3
KG23,TAMAN PERTAMA,MRT,14,0,0,0,0,0,0,7,33.22,3
PY22,CONLAY,PYL,21,1,1,0,1,0,0,8,42.24,3
KJ36,SUBANG ALAM,KJ,17,0,1,0,2,0,0,4,56.75,3
KG08,MUTIARA DAMANSARA,MRT,20,0,0,0,0,0,1,12,60.01,4
MR11,TITIWANGSA,MR,3,0,1,0,0,4,0,16,78.32,4
PY18,HOSPITAL KUALA LUMPUR,PYL,12,0,1,0,0,0,0,9,53.19,3
KG08,MUTIARA DAMANSARA,MRT,2,0,1,0,0,0,0,10,54.23,3
KG34,STADIUM KAJANG,MRT,3,1,1,0,0,2,0,16,58.05,4
AG17,CAHAYA,AG,13,0,1,0,0,0,0,11,52.51,3
SP19,AWAN BESAR,PH,16,0,0,0,2,0,0,4,52.25,3
KG06,KOTA DAMANSARA,MRT,4,1,1,0,0,0,0,11,36.01,3
SP14,BANDAR TUN RAZAK,PH,23,0,0,0,0,0,0,16,46.41,3
SP31,PUTRA HEIGHTS,PH,14,0,0,0,0,1,1,12,70.2,4
AG9,HANG TUAH,AG,14,0,1,0,0,4,0,12,73.08,4
SP15,BANDAR TASIK SELATAN,PH,2,0,0,0,0,2,0,14,47.56,3
AG16,CEMPAKA,AG,22,1,1,0,0,0,0,13,38.52,3
KJ21,ASIA JAYA,KJ,18,0,1,0,2,0,0,5,63.94,4
PY21,PERSIARAN KLCC,PYL,17,1,1,0,1,3,2,10,80.07,4
KG20,TUN RAZAK EXCHANGE,MRT,15,0,1,0,0,4,0,8,59.78,4
AG15,PANDAN INDAH,AG,23,1,0,0,0,0,0,11,25.93,2
AG6,BANDARAYA - UOB,AG,15,0,0,0,0,0,1,11,47.32,3
KG34,STADIUM KAJANG,MRT,16,1,0,0,1,2,0,9,50.34,3
KJ25,LEMBAH SUBANG,KJ,17,0,0,0,3,0,0,3,73.87,4
KJ18,KERINCHI,KJ,15,0,1,0,0,0,0,9,39.43,3
AG11,CHAN SOW LIN,AG,5,1,0,0,0,1,0,14,42.16,3
SP14,BANDAR TUN RAZAK,PH,23,0,1,0,0,0,0,10,40.79,3
PY03,KAMPUNG SELAMAT,PYL,12,1,0,0,1,0,0,11,38.33,3
SP12,CHERAS,PH,0,0,0,0,0,0,0,10,46.01,3
PY28,TAMAN NAGA EMAS,PYL,1,1,0,0,0,0,0,14,32.38,3
KG16,PASAR SENI,MRT,18,0,0,0,3,4,1,4,100.0,5
KG07,SURIAN,MRT,2,0,0,0,0,0,0,10,47.84,3
KJ32,TAIPAN,KJ,0,0,0,0,0,0,0,18,58.41,4
KG34,STADIUM KAJANG,MRT,14,1,0,0,1,2,0,8,44.05,3
KJ16,BANK RAKYAT BANGSAR,KJ,5,0,1,0,0,0,0,14,58.39,4
PY36,TAMAN EQUINE,PYL,16,0,0,0,2,0,0,7,64.78,4
KJ22,TAMAN PARAMOUNT,KJ,17,0,0,0,3,0,0,3,64.4,4
KG06,KOTA DAMANSARA,MRT,19,0,0,0,0,0,0,10,41.0,3
KG10,TAMAN TUN DR ISMAIL,MRT,18,0,0,0,3,0,0,3,61.69,4
KJ22,TAMAN PARAMOUNT,KJ,3,0,0,0,0,0,0,14,51.51,3
MR5,IMBI,MR,3,1,0,0,0,0,0,11,22.27,2
AG16,CEMPAKA,AG,23,0,0,0,0,0,0,12,44.0,3
AG14,PANDAN JAYA,AG,19,0,0,0,0,0,0,10,43.71,3
KJ20,TAMAN JAYA,KJ,17,1,0,0,1,0,0,9,38.25,3
KJ14,PASAR SENI,KJ,15,1,0,0,1,4,1,8,71.7,4
KJ23,TAMAN BAHAGIA,KJ,19,0,0,0,0,0,0,9,43.35,3
PY08,SRI DAMANSARA TIMUR,PYL,5,0,0,0,0,0,0,10,45.61,3
PY05,DAMANSARA DAMAI,PYL,1,0,0,0,0,0,0,11,47.49,3
MR4,HANG TUAH,MR,14,0,1,0,0,4,0,8,61.12,4
PY13,KAMPUNG BATU,PYL,23,0,0,0,0,0,0,12,44.98,3
AG6,BANDARAYA - UOB,AG,19,1,0,0,1,0,0,11,30.14,2
AG16,CEMPAKA,AG,3,1,0,0,0,0,0,10,29.84,2
AG9,HANG TUAH,AG,16,0,0,0,1,4,0,7,67.01,4
PY39,CYBERJAYA UTARA,PYL,21,0,1,0,0,0,0,13,50.73,3
AG17,CAHAYA,AG,16,1,0,0,1,0,0,9,38.93,3
SP18,SRI PETALING,PH,2,0,0,0,0,0,0,15,43.15,3
SP27,BANDAR PUTERI,PH,17,0,0,0,3,0,0,4,64.61,4
PY21,PERSIARAN KLCC,PYL,18,0,0,0,3,3,1,4,97.8,5
AG12,MIHARJA,AG,16,1,0,0,1,0,1,12,48.84,3
SP8,PLAZA RAKYAT,PH,23,1,0,0,0,1,0,14,50.97,3
KJ34,USJ 21,KJ,0,0,0,0,0,0,0,16,58.72,4
SP12,CHERAS,PH,0,1,1,0,0,0,0,17,51.38,3
AG3,TITIWANGSA,AG,3,0,1,0,0,4,0,11,59.85,4
SP3,TITIWANGSA,PH,19,1,0,0,1,4,1,12,72.79,4
KJ23,TAMAN BAHAGIA,KJ,20,0,0,0,0,0,0,14,47.34,3
SP6,BANDARAYA - UOB,PH,22,0,0,0,0,0,0,18,52.82,3
KJ1,GOMBAK,KJ,0,0,0,0,0,0,0,15,46.39,3
PY27,KUCHAI,PYL,12,0,0,0,0,0,0,8,41.35,3
KJ36,SUBANG ALAM,KJ,21,0,0,0,0,0,0,11,40.08,3
KJ6,JELATEK,KJ,12,0,0,0,0,0,0,7,37.76,3
PY19,RAJA UDA,PYL,13,0,0,0,0,0,0,7,28.28,2
SP18,SRI PETALING,PH,2,1,1,0,0,0,0,16,38.98,3
MR5,IMBI,MR,3,0,0,0,0,0,0,13,35.4,3
SP18,SRI PETALING,PH,18,0,0,0,3,0,0,5,65.33,4
PY27,KUCHAI,PYL,13,0,0,0,0,0,0,9,48.7,3
KG28,SRI RAYA,MRT,14,0,0,0,0,0,1,10,55.38,3
AG6,BANDARAYA - UOB,AG,12,0,0,0,0,0,0,9,31.02,2
KJ4,SRI RAMPAI,KJ,2,0,1,0,0,0,0,18,61.08,4
SP11,CHAN SOW LIN,PH,0,0,0,0,0,1,1,10,61.55,4
PY03,KAMPUNG SELAMAT,PYL,5,0,0,0,0,0,0,15,51.04,3
SP11,CHAN SOW LIN,PH,18,0,1,0,2,1,0,5,77.15,4
AG1,SENTUL TIMUR,AG,5,1,0,0,0,0,0,10,33.92,3
SP21,ALAM SUTERA,PH,5,1,1,0,0,0,0,18,53.77,3
PY39,CYBERJAYA UTARA,PYL,13,0,0,0,0,0,0,10,38.71,3
SP19,AWAN BESAR,PH,0,0,0,0,0,0,0,10,38.51,3
PY34,UPM,PYL,21,0,1,0,0,0,0,15,60.32,4
PY27,KUCHAI,PYL,20,1,0,0,1,0,0,8,39.36,3
KJ7,DATO' KERAMAT,KJ,14,1,0,0,1,0,0,9,34.15,3
PY13,KAMPUNG BATU,PYL,16,0,0,0,2,0,0,4,53.73,3
PY33,SERDANG JAYA,PYL,13,0,0,0,0,0,0,10,41.97,3
KJ8,DAMAI,KJ,4,0,0,0,0,0,0,12,41.41,3
PY11,JINJANG,PYL,17,1,0,0,1,0,0,8,26.05,2
MR7,RAJA CHULAN,MR,21,1,1,0,1,0,0,11,37.83,3
AG11,CHAN SOW LIN,AG,4,1,0,0,0,1,0,10,35.72,3
KJ13,MASJID JAMEK,KJ,3,0,0,0,0,4,0,12,67.52,4
PY01,KWASA DAMANSARA,PYL,14,0,1,0,0,1,0,11,51.0,3
SP5,SULTAN ISMAIL,PH,5,0,0,0,0,0,0,13,44.59,3
PY04,SUNGAI BULOH,PYL,23,0,1,0,0,0,0,11,52.53,3
KG13,PUSAT BANDAR DAMANSARA,MRT,12,0,0,0,0,0,0,8,35.65,3
KJ11,KAMPUNG BARU - CBP COOPBANK PERTAMA,KJ,0,0,0,0,0,0,0,11,36.95,3
KJ13,MASJID JAMEK,KJ,14,1,0,0,1,4,1,7,65.87,4
SP2,SENTUL,PH,1,0,1,0,0,0,1,10,48.64,3
PY14,KENTOMEN,PYL,21,1,1,0,1,0,0,8,41.23,3
SP4,PWTC,PH,12,0,0,0,0,0,0,9,35.87,3
SP5,SULTAN ISMAIL,PH,3,0,0,0,0,0,0,18,55.86,3
AG12,MIHARJA,AG,15,0,0,0,0,0,0,12,41.62,3
MR3,MAHARAJALELA,MR,2,0,0,0,0,0,0,16,43.2,3
SP31,PUTRA HEIGHTS,PH,20,1,0,0,1,1,0,9,50.28,3
KG16,PASAR SENI,MRT,18,0,0,0,3,4,1,3,100.0,5
KG21,COCHRANE,MRT,20,0,0,0,0,0,0,15,50.64,3
KG31,BUKIT DUKUNG,MRT,16,0,0,0,1,0,0,9,48.06,3
KG13,PUSAT BANDAR DAMANSARA,MRT,12,0,0,0,0,0,0,8,37.03,3
SP28,PUCHONG PERDANA,PH,15,0,0,0,0,0,0,8,35.98,3
BRT3,SUNWAY LAGOON,BRT,18,0,1,0,2,0,0,8,64.38,4
PY07,SRI DAMANSARA SENTRAL,PYL,18,0,1,0,3,0,0,4,68.88,4
AG11,CHAN SOW LIN,AG,16,1,0,0,1,1,0,11,42.25,3
AG18,AMPANG,AG,15,0,0,0,0,0,0,10,39.74,3
KJ3,WANGSA MAJU,KJ,12,1,1,0,1,2,0,9,50.64,3
BRT5,SunU-Monash,BRT,5,1,0,0,0,0,0,12,34.97,3
MR5,IMBI,MR,1,0,0,0,0,0,0,16,42.62,3
PY13,KAMPUNG BATU,PYL,23,0,0,0,0,0,0,14,48.04,3
SP28,PUCHONG PERDANA,PH,21,1,1,0,1,0,0,9,40.88,3
KJ27,CGC GLENMARIE,KJ,18,0,0,0,2,0,0,4,41.94,3
AG6,BANDARAYA - UOB,AG,14,0,1,0,0,0,0,7,31.16,2
KG17,MERDEKA,MRT,15,0,0,0,0,1,0,8,49.31,3
MR7,RAJA CHULAN,MR,15,1,0,0,1,0,0,9,35.47,3
KG34,STADIUM KAJANG,MRT,13,1,1,0,1,2,0,7,51.06,3
MR8,BUKIT NANAS,MR,2,0,1,0,0,0,0,14,51.69,3
PY10,KEPONG BARU,PYL,5,1,0,0,0,0,1,15,38.74,3
KJ32,TAIPAN,KJ,15,0,0,0,0,0,0,8,41.44,3
PY34,UPM,PYL,18,0,0,0,3,0,0,5,71.35,4
SP28,PUCHONG PERDANA,PH,5,1,1,0,0,0,0,16,40.53,3
MR11,TITIWANGSA,MR,12,0,1,0,0,4,0,11,70.55,4
KJ23,TAMAN BAHAGIA,KJ,16,0,0,0,1,0,0,10,54.33,3
KJ14,PASAR SENI,KJ,15,0,0,0,0,4,0,9,61.91,4
SP17,BUKIT JALIL,PH,19,0,0,0,0,2,1,7,54.53,3
PY13,KAMPUNG BATU,PYL,20,0,0,0,0,0,0,14,51.22,3
SP1,SENTUL TIMUR,PH,22,1,1,0,0,0,0,15,33.83,3
PY03,KAMPUNG SELAMAT,PYL,19,0,1,0,2,0,0,5,60.07,4
AG6,BANDARAYA - UOB,AG,22,0,0,0,0,0,0,16,44.0,3
SP26,TAMAN PERINDUSTRIAN PUCHONG,PH,0,0,0,0,0,0,0,13,39.38,3
PY39,CYBERJAYA UTARA,PYL,19,0,0,0,0,0,0,7,32.66,3
MR7,RAJA CHULAN,MR,22,0,0,0,0,0,0,18,46.65,3
KJ37,PUTRA HEIGHTS,KJ,20,0,0,0,0,1,0,10,50.25,3
SP20,MUHIBBAH,PH,4,0,0,0,0,0,0,14,48.2,3
SP2,SENTUL,PH,3,1,1,0,0,0,0,15,35.04,3
KJ15,KL SENTRAL - REDONE,KJ,17,0,0,0,2,4,1,5,100.0,5
AG9,HANG TUAH,AG,4,0,0,0,0,4,0,15,72.21,4
KJ11,KAMPUNG BARU - CBP COOPBANK PERTAMA,KJ,23,0,1,0,0,0,0,16,51.61,3
KJ12,DANG WANGI,KJ,19,0,0,0,0,0,0,7,32.27,3
KJ5,SETIAWANGSA,KJ,14,0,0,0,0,0,0,7,28.89,2
KJ29,SS 15,KJ,18,0,0,0,3,2,1,3,91.71,5
SP14,BANDAR TUN RAZAK,PH,17,1,0,0,1,0,0,11,27.55,2
SP16,SUNGAI BESI,PH,2,0,0,0,0,1,0,15,48.56,3
MR1,KL SENTRAL,MR,2,1,1,0,0,4,0,13,69.53,4
SP18,SRI PETALING,PH,12,0,1,0,0,0,0,12,46.12,3
PY23,TUN RAZAK EXCHANGE,PYL,13,1,0,0,1,4,1,8,72.37,4
KG34,STADIUM KAJANG,MRT,0,0,0,0,0,2,1,14,78.47,4
MR11,TITIWANGSA,MR,14,0,0,0,0,4,0,11,57.24,3
SP21,ALAM SUTERA,PH,23,1,1,0,0,0,0,14,44.56,3
KG22,MALURI,MRT,4,0,0,0,0,1,0,16,58.05,4
AG5,SULTAN ISMAIL,AG,23,1,0,0,0,0,0,17,34.76,3
PY37,PUTRA PERMAI,PYL,18,1,1,0,1,0,0,11,32.67,3
PY01,KWASA DAMANSARA,PYL,3,0,0,0,0,1,1,11,61.05,4
KG13,PUSAT BANDAR DAMANSARA,MRT,4,1,1,0,0,0,0,13,39.92,3
MR2,TUN SAMBANTHAN,MR,3,1,0,0,0,0,0,12,18.5,2
SP12,CHERAS,PH,4,0,0,0,0,0,0,11,46.07,3
KG13,PUSAT BANDAR DAMANSARA,MRT,22,0,0,0,0,0,0,11,38.36,3
KG27,TAMAN SUNTEX,MRT,18,0,0,0,3,0,0,4,69.61,4
KG14,SEMANTAN,MRT,16,1,1,0,1,0,0,9,44.16,3
KJ6,JELATEK,KJ,16,0,0,0,1,0,0,7,45.86,3
SP2,SENTUL,PH,17,0,1,0,2,0,0,4,58.47,4
MR1,KL SENTRAL,MR,18,0,1,0,2,4,1,5,100.0,5
PY08,SRI DAMANSARA TIMUR,PYL,13,1,0,0,1,0,0,7,39.61,3
SP13,SALAK SELATAN,PH,5,0,1,0,0,0,0,16,64.0,4
SP1,SENTUL TIMUR,PH,3,0,0,0,0,0,0,14,37.98,3
SP12,CHERAS,PH,22,0,0,0,0,0,0,14,50.46,3
KJ9,AMPANG PARK,KJ,18,0,0,0,3,0,0,4,69.89,4
PY31,SERDANG RAYA UTARA,PYL,16,0,1,0,1,0,1,9,59.4,4
PY10,KEPONG BARU,PYL,12,0,0,0,0,0,0,9,35.11,3
AG2,SENTUL,AG,21,0,0,0,0,0,0,14,47.43,3
SP29,PUCHONG PRIMA,PH,5,0,0,0,0,0,0,17,55.68,3
KG26,TAMAN CONNAUGHT,MRT,23,0,0,0,0,0,0,13,48.86,3
MR7,RAJA CHULAN,MR,3,0,0,0,0,0,0,10,32.76,3
KJ27,CGC GLENMARIE,KJ,1,0,0,0,0,0,0,17,52.49,3
MR4,HANG TUAH,MR,13,1,0,0,1,4,1,11,65.29,4
PY14,KENTOMEN,PYL,3,0,0,0,0,0,0,16,53.99,3
PY01,KWASA DAMANSARA,PYL,5,0,1,0,0,1,0,11,51.7,3
PY01,KWASA DAMANSARA,PYL,12,1,0,0,1,1,1,10,51.03,3
AG3,TITIWANGSA,AG,17,1,0,0,1,4,1,12,69.31,4
KJ29,SS 15,KJ,0,0,0,0,0,2,0,17,66.52,4
KG34,STADIUM KAJANG,MRT,1,0,1,0,0,2,0,11,61.4,4
KJ6,JELATEK,KJ,17,1,1,0,1,0,0,9,41.0,3
AG8,PLAZA RAKYAT,AG,0,1,0,0,0,1,0,15,47.53,3
AG11,CHAN SOW LIN,AG,18,0,0,0,3,1,0,4,74.28,4
KG29,BANDAR TUN HUSSEIN ONN,MRT,2,1,1,0,0,0,0,10,27.09,2
SP3,TITIWANGSA,PH,20,1,1,0,1,4,1,12,83.58,5
KG10,TAMAN TUN DR ISMAIL,MRT,3,0,1,0,0,0,0,12,49.76,3
KJ12,DANG WANGI,KJ,2,1,0,0,0,0,0,11,28.61,2
AG16,CEMPAKA,AG,12,0,0,0,0,0,0,9,41.55,3
KG31,BUKIT DUKUNG,MRT,15,0,0,0,0,0,0,8,37.89,3
KJ30,SS 18,KJ,1,0,0,0,0,0,0,18,51.87,3
BRT6,SOUTH QUAY-USJ 1,BRT,14,0,0,0,0,0,0,13,33.37,3
PY31,SERDANG RAYA UTARA,PYL,5,0,0,0,0,0,0,11,45.22,3
KG22,MALURI,MRT,18,0,0,0,2,1,0,5,67.71,4
KJ4,SRI RAMPAI,KJ,13,0,0,0,0,0,0,9,39.27,3
PY06,SRI DAMANSARA BARAT,PYL,20,0,0,0,0,0,0,11,46.49,3
PY28,TAMAN NAGA EMAS,PYL,1,0,0,0,0,0,0,11,36.99,3
KG33,SUNGAI JERNIH,MRT,2,0,0,0,0,0,1,15,60.57,4
KG28,SRI RAYA,MRT,5,0,1,0,0,0,0,12,55.06,3
SP12,CHERAS,PH,13,0,0,0,0,0,0,7,42.07,3
PY12,SRI DELIMA,PYL,14,1,0,0,1,0,0,7,29.52,2
SP1,SENTUL TIMUR,PH,14,0,0,0,0,0,0,11,36.67,3
KG13,PUSAT BANDAR DAMANSARA,MRT,14,1,1,0,1,0,0,8,40.17,3
MR7,RAJA CHULAN,MR,18,1,1,0,1,0,0,9,35.96,3
BRT7,USJ7,BRT,4,0,0,0,0,1,0,11,38.37,3
KJ21,ASIA JAYA,KJ,5,0,0,0,0,0,0,16,47.62,3
KJ27,CGC GLENMARIE,KJ,1,0,0,0,0,0,0,14,40.73,3
PY18,HOSPITAL KUALA LUMPUR,PYL,21,0,1,0,0,0,0,16,63.72,4
PY22,CONLAY,PYL,2,0,0,0,0,0,0,16,48.03,3
KJ24,KELANA JAYA,KJ,15,0,0,0,0,0,0,10,39.88,3
AG15,PANDAN INDAH,AG,4,0,1,0,0,0,0,13,49.54,3
SP24,IOI PUCHONG JAYA,PH,14,0,0,0,0,0,0,9,34.34,3
PY05,DAMANSARA DAMAI,PYL,3,0,0,0,0,0,0,16,56.13,3
PY34,UPM,PYL,4,1,0,0,0,0,0,11,29.36,2
SP17,BUKIT JALIL,PH,1,0,0,0,0,2,0,16,62.98,4
KJ11,KAMPUNG BARU - CBP COOPBANK PERTAMA,KJ,1,1,0,0,0,0,0,10,32.33,3
KG35,KAJANG,MRT,2,0,1,0,0,0,0,14,55.81,3
SP13,SALAK SELATAN,PH,16,0,0,0,1,0,0,7,51.21,3
PY38,16 SIERRA,PYL,17,0,0,0,2,0,0,7,49.16,3
PY17,TITIWANGSA,PYL,22,0,0,0,0,4,0,16,77.93,4
AG12,MIHARJA,AG,15,1,0,0,1,0,0,11,37.92,3
KG09,BANDAR UTAMA,MRT,0,0,0,0,0,3,0,10,64.41,4
KJ1,GOMBAK,KJ,13,0,0,0,0,0,0,10,34.36,3
KJ20,TAMAN JAYA,KJ,15,0,0,0,0,0,0,8,37.19,3
KG31,BUKIT DUKUNG,MRT,5,0,0,0,0,0,0,15,49.46,3
PY10,KEPONG BARU,PYL,0,1,0,0,0,0,0,13,31.2,2
MR9,MEDAN TUANKU,MR,21,0,0,0,0,0,0,12,39.82,3
KJ21,ASIA JAYA,KJ,19,0,0,0,2,0,0,6,51.72,3
PY37,PUTRA PERMAI,PYL,20,1,0,0,1,0,0,8,30.87,2
KG27,TAMAN SUNTEX,MRT,5,1,0,0,0,0,0,14,42.62,3
PY21,PERSIARAN KLCC,PYL,5,0,0,0,0,3,0,11,61.29,4
KJ19,UNIVERSITI,KJ,13,0,1,0,0,0,0,9,41.19,3
MR10,CHOW KIT,MR,12,0,0,0,0,0,0,10,31.07,2
SP3,TITIWANGSA,PH,14,0,0,0,0,4,0,8,60.83,4
PY04,SUNGAI BULOH,PYL,17,0,0,0,3,0,0,5,64.41,4
PY37,PUTRA PERMAI,PYL,14,1,0,0,1,0,0,11,30.85,2
KG35,KAJANG,MRT,20,1,0,0,1,0,1,7,44.85,3
KJ11,KAMPUNG BARU - CBP COOPBANK PERTAMA,KJ,12,1,0,0,1,0,0,9,30.79,2
PY27,KUCHAI,PYL,1,0,1,0,0,0,0,15,63.91,4
PY03,KAMPUNG SELAMAT,PYL,18,1,1,0,1,0,0,7,32.44,3
KG06,KOTA DAMANSARA,MRT,20,1,0,0,1,0,0,8,36.89,3
PY05,DAMANSARA DAMAI,PYL,14,0,1,0,0,0,0,11,49.84,3
BRT5,SunU-Monash,BRT,13,1,1,0,1,0,1,10,54.06,3
SP26,TAMAN PERINDUSTRIAN PUCHONG,PH,20,0,0,0,0,0,0,11,35.63,3
PY23,TUN RAZAK EXCHANGE,PYL,13,1,0,0,1,4,1,11,81.19,4
MR5,IMBI,MR,22,0,0,0,0,0,1,16,50.38,3
KG27,TAMAN SUNTEX,MRT,23,0,1,0,0,0,0,15,57.33,3
MR11,TITIWANGSA,MR,17,0,0,0,2,4,2,7,100.0,5
SP29,PUCHONG PRIMA,PH,2,0,0,0,0,0,0,15,52.15,3
PY13,KAMPUNG BATU,PYL,23,0,0,0,0,0,0,10,35.99,3
KJ4,SRI RAMPAI,KJ,2,0,0,0,0,0,0,13,44.05,3
KG27,TAMAN SUNTEX,MRT,17,0,0,0,2,0,0,6,58.8,4
PY33,SERDANG JAYA,PYL,12,1,0,0,1,0,0,7,28.15,2
PY38,16 SIERRA,PYL,14,1,0,0,1,0,0,10,34.62,3
SP21,ALAM SUTERA,PH,23,0,0,0,0,0,1,16,60.14,4
PY29,SUNGAI BESI,PYL,0,0,1,0,0,1,0,16,61.73,4
PY08,SRI DAMANSARA TIMUR,PYL,18,1,0,0,1,0,0,9,41.15,3
PY36,TAMAN EQUINE,PYL,17,1,0,0,1,0,0,9,44.72,3
BRT3,SUNWAY LAGOON,BRT,18,0,0,0,3,0,0,7,69.54,4
KJ19,UNIVERSITI,KJ,19,0,1,0,2,0,0,5,50.44,3
MR11,TITIWANGSA,MR,15,0,1,0,0,4,0,12,71.45,4
PY38,16 SIERRA,PYL,17,1,0,0,1,0,0,9,27.53,2
AG15,PANDAN INDAH,AG,15,0,0,0,0,0,0,7,37.53,3
PY23,TUN RAZAK EXCHANGE,PYL,5,0,1,0,0,4,0,15,80.34,4
PY03,KAMPUNG SELAMAT,PYL,23,0,0,0,0,0,0,13,45.01,3
KJ30,SS 18,KJ,13,0,0,0,0,0,0,7,35.35,3
PY17,TITIWANGSA,PYL,4,0,0,0,0,4,0,10,70.82,4
MR6,BUKIT BINTANG,MR,0,0,0,0,0,3,0,10,55.74,3
AG3,TITIWANGSA,AG,1,0,0,0,0,4,0,18,69.72,4
SP19,AWAN BESAR,PH,23,0,0,0,0,0,0,17,48.21,3
PY09,METRO PRIMA,PYL,17,0,0,0,2,0,0,5,62.31,4
KG14,SEMANTAN,MRT,14,0,0,1,0,0,0,10,44.44,3
KJ4,SRI RAMPAI,KJ,1,0,1,0,0,0,1,14,62.78,4
AG9,HANG TUAH,AG,3,0,1,0,0,4,0,10,68.83,4
PY40,CYBERJAYA CITY CENTRE,PYL,19,1,0,0,1,0,1,9,43.92,3
PY18,HOSPITAL KUALA LUMPUR,PYL,14,0,0,0,0,0,1,7,48.67,3
KJ21,ASIA JAYA,KJ,23,0,0,0,0,0,0,15,47.7,3
PY21,PERSIARAN KLCC,PYL,23,0,0,0,0,3,1,12,70.89,4
SP7,MASJID JAMEK,PH,0,0,1,0,0,4,0,10,74.86,4
PY39,CYBERJAYA UTARA,PYL,19,0,0,0,0,0,0,7,32.17,3
SP1,SENTUL TIMUR,PH,2,0,0,0,0,0,0,16,50.42,3
KJ10,KLCC,KJ,2,1,1,0,0,3,0,15,60.58,4
SP20,MUHIBBAH,PH,20,0,1,0,0,0,0,13,56.89,3
KJ18,KERINCHI,KJ,16,1,0,0,1,0,0,7,25.49,2
AG8,PLAZA RAKYAT,AG,4,0,0,0,0,1,0,15,52.99,3
AG16,CEMPAKA,AG,16,0,1,0,2,0,0,7,64.28,4
PY41,PUTRAJAYA SENTRAL,PYL,20,0,0,0,0,0,0,11,45.86,3
KJ13,MASJID JAMEK,KJ,13,0,0,0,0,4,0,10,70.5,4
KJ37,PUTRA HEIGHTS,KJ,20,1,0,0,1,1,0,9,41.6,3
PY22,CONLAY,PYL,13,0,0,0,0,0,0,10,40.34,3
PY32,SERDANG RAYA SELATAN,PYL,17,0,0,0,2,0,0,4,51.48,3
PY36,TAMAN EQUINE,PYL,13,0,1,0,0,0,0,9,53.89,3
SP12,CHERAS,PH,19,1,0,0,1,0,0,8,39.72,3
AG17,CAHAYA,AG,18,0,1,0,2,0,0,6,59.95,4
SP29,PUCHONG PRIMA,PH,4,1,0,0,0,0,0,10,30.99,2
SP26,TAMAN PERINDUSTRIAN PUCHONG,PH,17,0,1,0,3,0,0,4,68.7,4
MR1,KL SENTRAL,MR,17,0,1,0,3,4,1,5,100.0,5
SP22,KINRARA,PH,2,0,0,0,0,0,0,10,46.84,3
PY18,HOSPITAL KUALA LUMPUR,PYL,0,0,1,0,0,0,0,15,61.89,4
KJ10,KLCC,KJ,12,0,0,0,0,3,0,8,50.0,3
PY40,CYBERJAYA CITY CENTRE,PYL,4,0,0,0,0,0,0,14,43.26,3
AG6,BANDARAYA - UOB,AG,13,0,1,0,0,0,0,11,40.58,3
AG6,BANDARAYA - UOB,AG,18,0,0,0,2,0,0,5,52.55,3
MR1,KL SENTRAL,MR,14,1,0,0,1,4,1,12,84.81,5
KG18A,BUKIT BINTANG,MRT,19,0,0,0,2,3,1,4,91.35,5
BRT4,SUNMED,BRT,0,0,1,0,0,0,0,18,62.7,4
PY11,JINJANG,PYL,21,1,1,0,1,0,0,7,34.04,3
KG28,SRI RAYA,MRT,18,0,0,0,2,0,0,6,64.43,4
BRT3,SUNWAY LAGOON,BRT,19,1,1,0,1,0,0,12,39.24,3
PY08,SRI DAMANSARA TIMUR,PYL,19,0,0,0,2,0,0,7,60.08,4
KJ5,SETIAWANGSA,KJ,20,1,0,0,1,0,0,7,33.05,3
KJ36,SUBANG ALAM,KJ,5,0,0,0,0,0,0,14,41.27,3
KJ28,SUBANG JAYA,KJ,22,0,0,0,0,0,0,16,47.96,3
MR10,CHOW KIT,MR,18,0,0,0,3,0,0,5,58.08,4
KJ4,SRI RAMPAI,KJ,13,0,0,0,0,0,0,8,35.44,3
PY14,KENTOMEN,PYL,19,1,0,0,1,0,0,10,41.34,3
KJ23,TAMAN BAHAGIA,KJ,0,0,0,0,0,0,0,12,44.17,3
PY14,KENTOMEN,PYL,20,0,0,0,0,0,0,13,47.36,3
SP28,PUCHONG PERDANA,PH,5,0,1,0,0,0,0,15,56.73,3
SP24,IOI PUCHONG JAYA,PH,12,1,0,0,1,0,0,10,28.62,2
KJ21,ASIA JAYA,KJ,2,0,0,0,0,0,0,15,52.88,3
PY27,KUCHAI,PYL,1,1,0,0,0,0,0,10,38.1,3
PY15,JALAN IPOH,PYL,15,0,0,0,0,0,0,10,40.21,3
KG20,TUN RAZAK EXCHANGE,MRT,1,0,1,1,0,4,0,12,73.77,4
AG8,PLAZA RAKYAT,AG,20,1,0,0,1,1,0,12,44.42,3
KG05,KWASA SENTRAL,MRT,4,0,0,0,0,0,1,12,53.96,3
KJ28,SUBANG JAYA,KJ,18,0,0,0,3,0,0,4,63.64,4
KG28,SRI RAYA,MRT,16,1,0,0,1,0,0,8,37.93,3
PY23,TUN RAZAK EXCHANGE,PYL,16,0,0,0,2,4,1,6,99.39,5
KJ30,SS 18,KJ,3,0,0,0,0,0,0,10,38.94,3
BRT3,SUNWAY LAGOON,BRT,3,0,0,0,0,0,0,18,50.01,3
KG21,COCHRANE,MRT,15,0,1,0,0,0,0,10,48.27,3
SP28,PUCHONG PERDANA,PH,22,0,1,0,0,0,0,10,44.04,3
PY36,TAMAN EQUINE,PYL,12,1,0,0,1,0,0,7,31.73,2
MR3,MAHARAJALELA,MR,12,0,0,0,0,0,0,10,35.41,3
KG25,TAMAN MUTIARA,MRT,0,0,0,0,0,0,0,15,49.1,3
KJ15,KL SENTRAL - REDONE,KJ,23,0,0,0,0,4,0,10,65.45,4
AG1,SENTUL TIMUR,AG,22,1,0,0,0,0,0,12,38.64,3
AG8,PLAZA RAKYAT,AG,12,1,1,0,1,1,0,10,50.0,3
PY05,DAMANSARA DAMAI,PYL,15,1,0,0,1,0,0,9,39.01,3
KG14,SEMANTAN,MRT,5,0,1,0,0,0,0,10,43.66,3
KG28,SRI RAYA,MRT,17,0,0,0,3,0,0,4,68.07,4
AG16,CEMPAKA,AG,15,0,0,0,0,0,0,8,40.42,3
SP24,IOI PUCHONG JAYA,PH,16,1,1,0,1,0,0,12,36.87,3
BRT6,SOUTH QUAY-USJ 1,BRT,12,0,0,0,0,0,0,10,28.89,2
KG24,TAMAN MIDAH,MRT,17,0,0,0,2,0,0,5,53.84,3
SP27,BANDAR PUTERI,PH,19,0,1,0,0,0,0,10,41.63,3
KG16,PASAR SENI,MRT,22,0,0,0,0,4,0,16,80.94,4
AG11,CHAN SOW LIN,AG,12,0,0,0,0,1,0,11,46.09,3
PY07,SRI DAMANSARA SENTRAL,PYL,13,1,0,0,1,0,0,11,38.02,3
KG15,MUZIUM NEGARA,MRT,1,0,0,0,0,0,0,15,47.36,3
MR6,BUKIT BINTANG,MR,14,1,1,0,1,3,2,11,81.48,4
PY24,CHAN SOW LIN,PYL,12,0,1,0,0,1,1,7,58.84,4
PY05,DAMANSARA DAMAI,PYL,20,0,0,0,0,0,0,12,44.56,3
KJ17,ABDULLAH HUKUM,KJ,21,0,0,0,0,3,1,15,71.56,4
PY15,JALAN IPOH,PYL,17,1,0,0,1,0,0,9,39.66,3
PY17,TITIWANGSA,PYL,17,1,0,0,1,4,1,9,75.17,4
KG13,PUSAT BANDAR DAMANSARA,MRT,17,0,0,0,2,0,0,5,53.99,3
SP25,PUSAT BANDAR PUCHONG,PH,23,0,0,0,0,0,0,10,32.88,3
KG06,KOTA DAMANSARA,MRT,16,0,1,0,2,0,0,5,57.78,3
AG7,MASJID JAMEK,AG,1,1,0,0,0,4,0,17,58.7,4
KG04,KWASA DAMANSARA,MRT,18,0,1,0,2,1,0,6,73.14,4
SP17,BUKIT JALIL,PH,18,0,0,0,3,2,0,5,77.49,4
SP31,PUTRA HEIGHTS,PH,22,0,0,0,0,1,0,15,58.3,4
BRT5,SunU-Monash,BRT,21,0,0,0,0,0,0,18,57.88,3
PY21,PERSIARAN KLCC,PYL,16,0,0,1,2,3,1,7,95.92,5
AG4,PWTC,AG,21,1,1,0,1,0,0,7,28.62,2
PY32,SERDANG RAYA SELATAN,PYL,3,1,0,0,0,0,0,12,29.11,2
SP25,PUSAT BANDAR PUCHONG,PH,13,0,0,0,0,0,0,12,40.59,3
KJ29,SS 15,KJ,16,0,0,0,2,2,0,4,64.33,4
KG27,TAMAN SUNTEX,MRT,16,0,0,0,2,0,0,4,54.97,3
PY31,SERDANG RAYA UTARA,PYL,23,1,0,0,0,0,0,15,36.64,3
MR11,TITIWANGSA,MR,22,1,0,0,0,4,0,12,55.17,3
KG15,MUZIUM NEGARA,MRT,17,0,0,0,2,0,0,4,56.43,3
KG07,SURIAN,MRT,15,1,0,0,1,0,0,9,34.86,3
SP27,BANDAR PUTERI,PH,15,0,1,0,0,0,0,10,41.85,3
KJ8,DAMAI,KJ,4,1,1,0,0,0,0,16,51.68,3
KJ5,SETIAWANGSA,KJ,5,1,0,0,0,0,0,15,33.92,3
KG18A,BUKIT BINTANG,MRT,15,0,0,0,0,3,0,10,67.69,4
PY21,PERSIARAN KLCC,PYL,4,0,0,0,0,3,0,10,51.68,3
MR1,KL SENTRAL,MR,16,0,0,1,1,4,0,8,79.39,4
BRT2,MENTARI,BRT,3,0,1,0,0,0,0,16,52.54,3
SP24,IOI PUCHONG JAYA,PH,0,0,0,0,0,0,0,13,41.0,3
KJ14,PASAR SENI,KJ,18,0,0,0,2,4,1,6,97.4,5
BRT3,SUNWAY LAGOON,BRT,16,0,0,0,2,0,0,9,58.42,4
KG29,BANDAR TUN HUSSEIN ONN,MRT,2,0,0,0,0,0,0,12,35.17,3
KJ21,ASIA JAYA,KJ,13,0,0,0,0,0,0,9,41.59,3
SP17,BUKIT JALIL,PH,1,0,1,0,0,2,0,11,53.43,3
KJ31,USJ 7,KJ,13,0,0,0,0,1,0,8,45.5,3
MR8,BUKIT NANAS,MR,18,1,1,0,1,0,1,9,49.84,3
AG10,PUDU,AG,14,0,0,0,0,0,0,8,30.25,2
AG5,SULTAN ISMAIL,AG,12,1,0,0,1,0,0,9,25.73,2
PY14,KENTOMEN,PYL,1,0,0,0,0,0,0,15,47.7,3
AG7,MASJID JAMEK,AG,0,0,0,0,0,4,0,12,64.72,4
KJ12,DANG WANGI,KJ,23,0,0,0,0,0,0,17,49.53,3
SP7,MASJID JAMEK,PH,12,0,0,0,0,4,0,10,67.65,4
MR3,MAHARAJALELA,MR,18,0,1,0,3,0,1,5,76.68,4
SP15,BANDAR TASIK SELATAN,PH,5,1,0,0,0,2,1,15,53.21,3
SP20,MUHIBBAH,PH,17,0,0,0,2,0,0,4,52.48,3
KJ1,GOMBAK,KJ,17,1,0,0,1,0,0,9,30.23,2
AG3,TITIWANGSA,AG,18,1,0,0,1,4,1,9,67.28,4
KJ4,SRI RAMPAI,KJ,23,0,0,0,0,0,0,17,53.52,3
MR5,IMBI,MR,19,0,0,0,2,0,0,5,47.09,3
SP8,PLAZA RAKYAT,PH,16,0,0,0,2,1,0,7,68.51,4
KG21,COCHRANE,MRT,5,0,1,0,0,0,1,15,63.98,4
AG8,PLAZA RAKYAT,AG,12,1,0,0,1,1,0,12,43.58,3
SP26,TAMAN PERINDUSTRIAN PUCHONG,PH,22,1,0,0,0,0,0,11,26.1,2
SP17,BUKIT JALIL,PH,12,1,0,0,1,2,0,8,44.75,3
PY29,SUNGAI BESI,PYL,17,0,1,0,2,1,0,7,69.25,4
PY27,KUCHAI,PYL,14,0,1,0,0,0,0,11,53.24,3
MR6,BUKIT BINTANG,MR,1,1,0,0,0,3,0,15,53.87,3
SP24,IOI PUCHONG JAYA,PH,17,0,0,0,3,0,1,5,64.02,4
KJ34,USJ 21,KJ,18,0,0,0,2,0,0,4,61.9,4
KG23,TAMAN PERTAMA,MRT,4,0,0,0,0,0,0,10,45.51,3
MR2,TUN SAMBANTHAN,MR,22,0,0,0,0,0,0,17,46.37,3
PY39,CYBERJAYA UTARA,PYL,0,1,1,0,0,0,0,10,29.44,2
KJ22,TAMAN PARAMOUNT,KJ,13,1,0,0,1,0,0,7,33.31,3
KG07,SURIAN,MRT,14,0,0,0,0,0,1,9,50.39,3
SP26,TAMAN PERINDUSTRIAN PUCHONG,PH,18,0,0,0,3,0,0,5,61.95,4
KJ31,USJ 7,KJ,12,0,0,0,0,1,0,10,54.72,3
KG26,TAMAN CONNAUGHT,MRT,1,1,1,0,0,0,0,11,35.82,3
MR5,IMBI,MR,21,0,0,0,0,0,0,16,48.3,3
KG07,SURIAN,MRT,3,0,0,0,0,0,0,11,42.11,3
KJ16,BANK RAKYAT BANGSAR,KJ,4,1,0,0,0,0,0,18,47.98,3
KJ10,KLCC,KJ,19,0,0,0,2,3,1,6,88.64,5
PY22,CONLAY,PYL,22,0,0,0,0,0,0,13,47.1,3
AG5,SULTAN ISMAIL,AG,21,0,0,0,0,0,0,17,46.84,3
KG08,MUTIARA DAMANSARA,MRT,12,0,0,0,0,0,0,8,38.7,3
MR2,TUN SAMBANTHAN,MR,15,1,0,0,1,0,0,9,21.37,2
KJ11,KAMPUNG BARU - CBP COOPBANK PERTAMA,KJ,15,0,0,0,0,0,0,7,37.33,3
SP16,SUNGAI BESI,PH,21,0,0,0,0,1,0,15,56.56,3
SP7,MASJID JAMEK,PH,4,0,0,0,0,4,0,17,81.45,4
SP15,BANDAR TASIK SELATAN,PH,15,0,1,0,0,2,0,12,52.61,3
KJ30,SS 18,KJ,19,0,0,0,0,0,0,7,31.29,2
KJ37,PUTRA HEIGHTS,KJ,18,1,0,0,1,1,0,10,38.78,3
SP29,PUCHONG PRIMA,PH,13,0,0,0,0,0,0,11,42.82,3
MR3,MAHARAJALELA,MR,18,1,1,0,1,0,0,9,29.19,2
KG04,KWASA DAMANSARA,MRT,12,0,0,0,0,1,0,7,47.27,3
PY41,PUTRAJAYA SENTRAL,PYL,19,0,0,0,0,0,0,8,40.14,3
SP19,AWAN BESAR,PH,21,0,0,0,0,0,0,11,34.76,3
KG17,MERDEKA,MRT,14,0,0,0,0,1,0,8,49.29,3
SP2,SENTUL,PH,2,0,0,0,0,0,0,18,54.0,3
PY32,SERDANG RAYA SELATAN,PYL,16,0,0,0,1,0,0,7,40.74,3
KG20,TUN RAZAK EXCHANGE,MRT,22,0,0,0,0,4,1,11,72.29,4
PY31,SERDANG RAYA UTARA,PYL,3,1,1,0,0,0,0,10,37.35,3
KJ3,WANGSA MAJU,KJ,18,0,1,0,2,2,0,5,69.06,4
KG22,MALURI,MRT,0,0,0,0,0,1,0,12,51.04,3
KG22,MALURI,MRT,0,0,0,0,0,1,0,12,56.13,3
SP3,TITIWANGSA,PH,0,0,0,0,0,4,0,10,61.7,4
BRT4,SUNMED,BRT,15,0,0,0,0,0,0,11,39.23,3
AG7,MASJID JAMEK,AG,19,0,0,0,2,4,1,4,91.01,5
AG4,PWTC,AG,4,0,0,0,0,0,0,18,50.93,3
BRT2,MENTARI,BRT,15,0,0,0,0,0,0,11,34.9,3
KG14,SEMANTAN,MRT,21,0,0,0,0,0,0,11,37.6,3
KG24,TAMAN MIDAH,MRT,20,1,1,0,1,0,0,7,37.43,3
AG2,SENTUL,AG,19,0,1,1,0,0,0,11,59.92,4
KJ4,SRI RAMPAI,KJ,2,0,1,0,0,0,0,16,52.8,3
AG12,MIHARJA,AG,13,0,0,0,0,0,0,7,29.49,2
PY10,KEPONG BARU,PYL,19,0,1,0,2,0,0,4,55.07,3
PY21,PERSIARAN KLCC,PYL,0,0,1,0,0,3,0,15,74.63,4
SP21,ALAM SUTERA,PH,0,1,0,0,0,0,0,11,33.9,3
KG21,COCHRANE,MRT,21,0,1,0,0,0,0,10,46.91,3
KJ10,KLCC,KJ,13,0,0,0,0,3,0,8,53.8,3
KJ26,ARA DAMANSARA,KJ,0,0,0,0,0,0,0,11,38.89,3
AG16,CEMPAKA,AG,15,0,0,0,0,0,0,11,47.22,3
SP8,PLAZA RAKYAT,PH,20,0,0,0,0,1,0,18,67.11,4
MR11,TITIWANGSA,MR,20,0,1,0,0,4,1,17,84.07,5
SP24,IOI PUCHONG JAYA,PH,22,1,0,0,0,0,0,15,34.49,3
KG05,KWASA SENTRAL,MRT,16,0,0,0,2,0,0,6,51.84,3
KJ33,WAWASAN,KJ,1,0,1,0,0,0,0,11,48.38,3
AG7,MASJID JAMEK,AG,19,0,1,0,2,4,1,7,100.0,5
PY40,CYBERJAYA CITY CENTRE,PYL,0,0,0,0,0,0,0,14,44.51,3
AG12,MIHARJA,AG,1,1,0,0,0,0,0,14,30.75,2
MR8,BUKIT NANAS,MR,3,0,1,0,0,0,0,10,48.95,3
KJ33,WAWASAN,KJ,21,0,1,0,0,0,0,10,53.74,3
PY21,PERSIARAN KLCC,PYL,5,0,0,0,0,3,0,15,62.58,4
SP5,SULTAN ISMAIL,PH,12,1,0,0,1,0,0,10,38.28,3
PY20,AMPANG PARK,PYL,4,0,0,0,0,0,0,13,42.67,3
KG14,SEMANTAN,MRT,4,1,0,0,0,0,0,12,35.83,3
AG5,SULTAN ISMAIL,AG,22,0,1,0,0,0,0,15,52.74,3
AG13,MALURI,AG,14,0,1,0,0,1,0,8,48.65,3
KG27,TAMAN SUNTEX,MRT,18,0,0,0,2,0,0,6,65.29,4
SP21,ALAM SUTERA,PH,23,1,1,0,0,0,1,16,58.92,4
KJ14,PASAR SENI,KJ,12,0,0,0,0,4,0,7,65.05,4
KG24,TAMAN MIDAH,MRT,13,0,1,0,0,0,0,8,49.1,3
SP31,PUTRA HEIGHTS,PH,15,1,0,0,1,1,0,10,53.65,3
AG2,SENTUL,AG,0,0,0,0,0,0,0,17,59.13,4
KJ14,PASAR SENI,KJ,13,0,0,0,0,4,0,7,65.21,4
PY09,METRO PRIMA,PYL,0,0,1,0,0,0,0,11,51.72,3
PY19,RAJA UDA,PYL,4,1,1,0,0,0,0,16,43.57,3
AG1,SENTUL TIMUR,AG,14,1,1,0,1,0,0,9,43.46,3
SP18,SRI PETALING,PH,17,1,0,0,1,0,0,11,33.56,3
PY06,SRI DAMANSARA BARAT,PYL,3,1,0,0,0,0,0,12,37.92,3
MR1,KL SENTRAL,MR,21,0,1,0,0,4,1,12,82.03,5
MR2,TUN SAMBANTHAN,MR,19,0,1,0,0,0,0,9,37.08,3
KJ36,SUBANG ALAM,KJ,3,1,0,0,0,0,0,13,29.99,2
KJ9,AMPANG PARK,KJ,2,0,0,0,0,0,0,15,48.47,3
KJ13,MASJID JAMEK,KJ,16,0,0,0,2,4,1,6,93.1,5
KJ4,SRI RAMPAI,KJ,5,1,1,0,0,0,0,12,31.41,2
KJ20,TAMAN JAYA,KJ,16,0,0,0,1,0,0,10,51.48,3
AG2,SENTUL,AG,23,0,0,0,0,0,0,13,50.53,3
SP10,PUDU,PH,1,0,1,0,0,0,0,18,63.76,4
SP16,SUNGAI BESI,PH,22,0,0,0,0,1,0,17,59.22,4
KJ34,USJ 21,KJ,1,0,1,0,0,0,0,17,66.89,4
SP19,AWAN BESAR,PH,22,0,0,0,0,0,0,13,38.9,3
KJ31,USJ 7,KJ,23,1,0,0,0,1,0,10,45.16,3
PY31,SERDANG RAYA UTARA,PYL,0,1,1,0,0,0,0,16,42.94,3
SP19,AWAN BESAR,PH,21,1,0,0,1,0,0,11,31.56,2
AG13,MALURI,AG,16,0,0,0,2,1,0,4,62.78,4
AG3,TITIWANGSA,AG,3,1,1,0,0,4,0,14,52.24,3
BRT5,SunU-Monash,BRT,4,1,0,0,0,0,1,11,37.85,3
SP11,CHAN SOW LIN,PH,12,0,0,0,0,1,0,8,50.39,3
KJ26,ARA DAMANSARA,KJ,14,0,0,0,0,0,0,8,34.83,3
KJ25,LEMBAH SUBANG,KJ,20,0,0,0,0,0,0,13,49.27,3
KG13,PUSAT BANDAR DAMANSARA,MRT,4,0,0,0,0,0,0,16,45.61,3
MR9,MEDAN TUANKU,MR,4,0,0,0,0,0,0,11,38.34,3
MR11,TITIWANGSA,MR,15,1,0,0,1,4,1,11,74.0,4
KG17,MERDEKA,MRT,1,0,1,0,0,1,1,13,77.35,4
PY18,HOSPITAL KUALA LUMPUR,PYL,3,1,0,0,0,0,0,15,43.03,3
SP24,IOI PUCHONG JAYA,PH,12,0,0,0,0,0,0,10,32.91,3
PY21,PERSIARAN KLCC,PYL,15,0,0,0,0,3,0,11,58.2,4
BRT2,MENTARI,BRT,23,0,0,0,0,0,0,13,42.75,3
SP7,MASJID JAMEK,PH,0,0,1,0,0,4,0,10,70.35,4
KG08,MUTIARA DAMANSARA,MRT,21,0,0,0,0,0,0,14,54.68,3
BRT4,SUNMED,BRT,15,0,0,0,0,0,0,12,42.76,3
AG16,CEMPAKA,AG,17,1,0,0,1,0,0,8,35.06,3
KG06,KOTA DAMANSARA,MRT,14,0,0,0,0,0,0,8,42.47,3
KG06,KOTA DAMANSARA,MRT,12,1,0,0,1,0,0,8,29.73,2
KJ25,LEMBAH SUBANG,KJ,20,1,1,0,1,0,0,8,43.68,3
SP15,BANDAR TASIK SELATAN,PH,21,0,0,0,0,2,0,15,57.47,3
PY16,SENTUL BARAT,PYL,1,1,0,0,0,0,1,10,43.08,3
KG31,BUKIT DUKUNG,MRT,12,0,1,0,0,0,0,9,42.39,3
SP9,HANG TUAH,PH,19,0,1,0,2,4,1,6,97.97,5
AG18,AMPANG,AG,13,1,0,0,1,0,0,10,41.79,3
PY31,SERDANG RAYA UTARA,PYL,13,0,0,0,0,0,0,8,37.64,3
KG14,SEMANTAN,MRT,2,0,0,0,0,0,0,13,49.0,3
AG11,CHAN SOW LIN,AG,21,0,0,0,0,1,0,17,60.6,4
AG9,HANG TUAH,AG,0,1,0,0,0,4,0,15,61.69,4
PY41,PUTRAJAYA SENTRAL,PYL,5,0,0,0,0,0,0,10,45.53,3
KJ32,TAIPAN,KJ,16,1,0,0,1,0,0,9,42.11,3
KG18A,BUKIT BINTANG,MRT,1,0,0,0,0,3,0,13,67.39,4
KJ20,TAMAN JAYA,KJ,12,0,0,0,0,0,0,7,39.2,3
PY31,SERDANG RAYA UTARA,PYL,15,0,1,0,0,0,0,9,43.63,3
AG4,PWTC,AG,20,0,0,0,0,0,0,10,32.64,3
KG14,SEMANTAN,MRT,17,0,0,0,2,0,0,6,59.35,4
KJ2,TAMAN MELATI,KJ,4,0,1,0,0,0,0,14,51.18,3
KJ13,MASJID JAMEK,KJ,2,1,0,0,0,4,0,18,72.93,4
SP17,BUKIT JALIL,PH,21,0,0,0,0,2,0,17,55.22,3
PY39,CYBERJAYA UTARA,PYL,2,1,0,0,0,0,0,10,24.32,2
KJ27,CGC GLENMARIE,KJ,1,0,1,0,0,0,0,15,51.89,3
MR3,MAHARAJALELA,MR,13,0,1,0,0,0,0,12,37.41,3
PY21,PERSIARAN KLCC,PYL,5,0,1,0,0,3,0,13,65.71,4
KG20,TUN RAZAK EXCHANGE,MRT,17,0,0,0,2,4,1,6,91.31,5
MR5,IMBI,MR,19,0,0,0,0,0,0,9,28.83,2
KJ5,SETIAWANGSA,KJ,2,0,1,0,0,0,0,10,46.0,3
AG16,CEMPAKA,AG,5,0,1,0,0,0,0,13,48.33,3
AG17,CAHAYA,AG,1,0,1,0,0,0,0,14,52.44,3
PY08,SRI DAMANSARA TIMUR,PYL,15,0,0,0,0,0,0,9,45.96,3
SP14,BANDAR TUN RAZAK,PH,1,0,0,0,0,0,0,16,38.69,3
KJ33,WAWASAN,KJ,20,1,0,0,1,0,0,7,35.54,3
KJ37,PUTRA HEIGHTS,KJ,23,0,0,0,0,1,1,15,64.55,4
KG20,TUN RAZAK EXCHANGE,MRT,13,0,0,0,0,4,0,7,56.14,3
KJ23,TAMAN BAHAGIA,KJ,20,0,1,0,0,0,0,13,53.27,3
MR2,TUN SAMBANTHAN,MR,22,0,0,0,0,0,0,13,40.69,3
SP31,PUTRA HEIGHTS,PH,0,0,0,0,0,1,0,17,64.56,4
PY29,SUNGAI BESI,PYL,13,1,0,0,1,1,0,10,44.08,3
MR10,CHOW KIT,MR,20,0,1,0,0,0,0,17,52.92,3
PY23,TUN RAZAK EXCHANGE,PYL,20,0,0,0,0,4,1,12,80.54,4
KJ17,ABDULLAH HUKUM,KJ,20,0,0,0,0,3,1,16,66.69,4
SP16,SUNGAI BESI,PH,13,0,1,0,0,1,0,10,46.46,3
PY17,TITIWANGSA,PYL,18,0,1,0,3,4,1,4,100.0,5
SP14,BANDAR TUN RAZAK,PH,20,0,0,0,0,0,0,11,30.0,2
AG14,PANDAN JAYA,AG,21,1,0,0,1,0,0,9,36.3,3
KJ9,AMPANG PARK,KJ,23,0,0,0,0,0,0,16,49.8,3
SP28,PUCHONG PERDANA,PH,22,0,0,0,0,0,0,17,45.71,3
SP15,BANDAR TASIK SELATAN,PH,17,0,0,0,3,2,1,4,85.27,5
KJ29,SS 15,KJ,2,0,0,0,0,2,0,12,51.72,3
SP9,HANG TUAH,PH,22,1,0,0,0,4,0,14,48.47,3
SP5,SULTAN ISMAIL,PH,13,0,0,0,0,0,1,8,45.2,3
SP17,BUKIT JALIL,PH,1,0,0,0,0,2,0,17,60.92,4
KJ21,ASIA JAYA,KJ,16,0,1,0,1,0,0,9,54.24,3
KJ9,AMPANG PARK,KJ,18,1,0,0,1,0,0,7,30.73,2
KG30,BATU 11 CHERAS,MRT,2,1,0,0,0,0,0,15,39.03,3
KG16,PASAR SENI,MRT,2,0,1,0,0,4,0,15,80.0,4
AG15,PANDAN INDAH,AG,23,0,0,0,0,0,0,12,43.56,3
KG05,KWASA SENTRAL,MRT,16,0,0,0,1,0,0,9,51.78,3
KJ25,LEMBAH SUBANG,KJ,17,0,0,0,3,0,0,3,69.52,4
KJ14,PASAR SENI,KJ,3,1,0,0,0,4,0,12,61.07,4
KG13,PUSAT BANDAR DAMANSARA,MRT,0,0,0,0,0,0,0,15,49.96,3
SP20,MUHIBBAH,PH,0,0,0,0,0,0,0,12,44.42,3
PY07,SRI DAMANSARA SENTRAL,PYL,14,0,1,0,0,0,0,8,43.98,3
KJ21,ASIA JAYA,KJ,22,0,0,0,0,0,0,13,48.71,3
KG14,SEMANTAN,MRT,15,1,0,0,1,0,0,8,29.0,2
KJ7,DATO' KERAMAT,KJ,5,1,1,0,0,0,0,17,50.17,3
AG9,HANG TUAH,AG,23,0,0,0,0,4,0,18,76.25,4
SP16,SUNGAI BESI,PH,17,1,0,0,1,1,0,10,35.88,3
MR1,KL SENTRAL,MR,22,0,0,0,0,4,0,10,67.4,4
SP14,BANDAR TUN RAZAK,PH,3,0,0,0,0,0,0,15,36.32,3
SP3,TITIWANGSA,PH,22,0,0,0,0,4,0,13,63.25,4
KG13,PUSAT BANDAR DAMANSARA,MRT,14,1,0,0,1,0,0,7,32.62,3
PY36,TAMAN EQUINE,PYL,4,1,0,0,0,0,0,15,42.34,3
MR3,MAHARAJALELA,MR,5,0,1,0,0,0,0,10,33.0,3
AG7,MASJID JAMEK,AG,1,0,1,0,0,4,0,17,75.05,4
KG21,COCHRANE,MRT,2,1,0,0,0,0,0,12,28.47,2
KJ17,ABDULLAH HUKUM,KJ,19,0,0,0,2,3,1,4,75.1,4
KJ36,SUBANG ALAM,KJ,13,0,0,0,0,0,0,10,33.61,3
SP29,PUCHONG PRIMA,PH,23,0,1,0,0,0,0,18,59.66,4
AG6,BANDARAYA - UOB,AG,16,0,1,0,1,0,0,7,43.65,3
AG12,MIHARJA,AG,21,1,0,0,1,0,1,7,35.64,3
SP31,PUTRA HEIGHTS,PH,16,0,0,0,1,1,0,10,61.05,4
SP1,SENTUL TIMUR,PH,5,1,0,0,0,0,0,14,28.95,2
KJ29,SS 15,KJ,15,0,0,0,0,2,0,9,49.37,3
KG12,PHILEO DAMANSARA,MRT,0,1,0,0,0,0,0,14,37.71,3
KJ27,CGC GLENMARIE,KJ,1,0,0,0,0,0,1,13,50.91,3
KJ23,TAMAN BAHAGIA,KJ,19,0,1,0,2,0,1,5,75.47,4
KG17,MERDEKA,MRT,14,0,0,0,0,1,0,9,53.65,3
KG33,SUNGAI JERNIH,MRT,20,0,0,0,0,0,0,15,53.52,3
MR4,HANG TUAH,MR,21,1,0,0,1,4,1,12,69.52,4
PY07,SRI DAMANSARA SENTRAL,PYL,13,0,0,0,0,0,1,9,50.93,3
PY14,KENTOMEN,PYL,3,0,1,0,0,0,0,16,62.17,4
PY17,TITIWANGSA,PYL,1,0,0,0,0,4,0,13,75.25,4
SP19,AWAN BESAR,PH,12,1,0,0,1,0,0,10,29.32,2
KG21,COCHRANE,MRT,23,1,0,0,0,0,0,12,28.56,2
SP22,KINRARA,PH,1,0,0,0,0,0,1,17,65.87,4
KJ23,TAMAN BAHAGIA,KJ,5,0,1,0,0,0,0,13,53.69,3
AG9,HANG TUAH,AG,13,0,0,0,0,4,0,11,61.58,4
PY10,KEPONG BARU,PYL,1,0,1,0,0,0,1,16,66.4,4
KJ11,KAMPUNG BARU - CBP COOPBANK PERTAMA,KJ,0,1,0,0,0,0,1,17,45.58,3
MR11,TITIWANGSA,MR,14,1,0,0,1,4,1,9,62.85,4
SP12,CHERAS,PH,19,1,0,0,1,0,0,9,39.68,3
KG08,MUTIARA DAMANSARA,MRT,22,0,0,0,0,0,0,16,54.08,3
AG14,PANDAN JAYA,AG,12,1,0,0,1,0,0,9,37.37,3
PY41,PUTRAJAYA SENTRAL,PYL,16,0,0,0,1,0,0,8,40.71,3
KJ22,TAMAN PARAMOUNT,KJ,22,0,0,0,0,0,0,13,43.85,3
PY34,UPM,PYL,16,0,0,0,1,0,0,11,58.18,4
PY13,KAMPUNG BATU,PYL,15,0,0,0,0,0,0,7,33.66,3
AG15,PANDAN INDAH,AG,21,1,1,0,1,0,0,8,36.08,3
PY13,KAMPUNG BATU,PYL,4,0,1,0,0,0,0,15,58.48,4
PY24,CHAN SOW LIN,PYL,20,0,0,0,0,1,0,15,63.48,4
MR5,IMBI,MR,13,0,0,0,0,0,0,8,34.87,3
PY22,CONLAY,PYL,14,0,0,0,0,0,0,9,35.55,3
MR3,MAHARAJALELA,MR,13,1,0,0,1,0,0,10,30.6,2
PY29,SUNGAI BESI,PYL,3,0,1,0,0,1,0,11,54.08,3
KJ19,UNIVERSITI,KJ,13,0,0,0,0,0,0,9,36.26,3
KG25,TAMAN MUTIARA,MRT,0,0,1,0,0,0,0,16,60.85,4
PY38,16 SIERRA,PYL,0,1,0,0,0,0,0,10,22.61,2
KG10,TAMAN TUN DR ISMAIL,MRT,1,0,0,0,0,0,0,12,44.08,3
KJ20,TAMAN JAYA,KJ,18,0,0,0,2,0,0,4,49.63,3
KJ22,TAMAN PARAMOUNT,KJ,15,1,0,0,1,0,0,9,34.56,3
SP11,CHAN SOW LIN,PH,22,0,1,0,0,1,0,14,63.31,4
PY01,KWASA DAMANSARA,PYL,15,0,0,0,0,1,1,10,57.4,3
MR6,BUKIT BINTANG,MR,21,0,0,0,0,3,1,15,71.86,4
PY31,SERDANG RAYA UTARA,PYL,19,1,0,0,1,0,0,9,32.3,3
KJ35,ALAM MEGAH,KJ,0,0,0,0,0,0,0,18,48.39,3
PY39,CYBERJAYA UTARA,PYL,12,0,0,0,0,0,0,9,32.39,3
KJ24,KELANA JAYA,KJ,1,0,0,0,0,0,0,18,57.62,3
AG2,SENTUL,AG,0,0,0,0,0,0,0,13,50.65,3
PY10,KEPONG BARU,PYL,21,0,1,0,0,0,0,11,42.05,3
PY10,KEPONG BARU,PYL,4,0,1,0,0,0,0,12,43.27,3
KG30,BATU 11 CHERAS,MRT,12,0,1,0,0,0,0,8,38.22,3
AG14,PANDAN JAYA,AG,3,1,0,0,0,0,0,18,39.03,3
AG14,PANDAN JAYA,AG,18,0,0,0,2,0,0,7,53.8,3
KG14,SEMANTAN,MRT,20,0,1,0,0,0,0,12,46.15,3
KG30,BATU 11 CHERAS,MRT,15,0,1,0,0,0,0,8,38.97,3
PY15,JALAN IPOH,PYL,12,0,0,0,0,0,0,7,38.37,3
KJ37,PUTRA HEIGHTS,KJ,17,0,0,0,3,1,0,3,73.97,4
KG34,STADIUM KAJANG,MRT,12,0,0,0,0,2,0,10,56.84,3
AG9,HANG TUAH,AG,12,0,1,0,0,4,1,10,82.04,5
KG10,TAMAN TUN DR ISMAIL,MRT,2,0,0,0,0,0,0,11,35.44,3
PY08,SRI DAMANSARA TIMUR,PYL,20,1,0,0,1,0,0,8,37.92,3
MR8,BUKIT NANAS,MR,12,0,1,0,0,0,0,10,47.37,3
PY24,CHAN SOW LIN,PYL,15,0,0,0,0,1,0,11,57.86,3
AG4,PWTC,AG,5,0,0,0,0,0,1,17,57.73,3
SP26,TAMAN PERINDUSTRIAN PUCHONG,PH,4,0,0,0,0,0,0,12,42.37,3
KG29,BANDAR TUN HUSSEIN ONN,MRT,15,0,1,0,0,0,0,9,40.37,3
SP17,BUKIT JALIL,PH,21,0,0,0,0,2,0,12,54.26,3
KJ23,TAMAN BAHAGIA,KJ,0,0,1,0,0,0,0,16,59.28,4
SP4,PWTC,PH,22,0,1,0,0,0,0,10,45.22,3
KJ27,CGC GLENMARIE,KJ,1,0,1,0,0,0,0,18,51.31,3
KJ24,KELANA JAYA,KJ,22,1,0,0,0,0,0,18,50.38,3
AG8,PLAZA RAKYAT,AG,21,0,1,0,0,1,0,14,61.29,4
KG29,BANDAR TUN HUSSEIN ONN,MRT,18,0,0,0,2,0,0,6,50.6,3
KJ18,KERINCHI,KJ,0,1,1,0,0,0,0,17,36.84,3
KJ21,ASIA JAYA,KJ,5,0,0,0,0,0,0,10,45.07,3
AG12,MIHARJA,AG,14,0,0,0,0,0,0,12,38.49,3
KJ16,BANK RAKYAT BANGSAR,KJ,1,1,0,0,0,0,0,13,39.1,3
KJ9,AMPANG PARK,KJ,21,1,0,0,1,0,0,10,37.97,3
KJ12,DANG WANGI,KJ,19,1,0,0,1,0,0,10,41.38,3
KG27,TAMAN SUNTEX,MRT,17,0,0,0,3,0,0,3,69.6,4
SP18,SRI PETALING,PH,1,0,1,0,0,0,0,10,45.92,3
AG9,HANG TUAH,AG,4,1,0,0,0,4,0,14,61.51,4
KJ11,KAMPUNG BARU - CBP COOPBANK PERTAMA,KJ,22,0,1,0,0,0,0,18,64.92,4
SP7,MASJID JAMEK,PH,19,1,1,0,1,4,1,10,82.33,5
KJ10,KLCC,KJ,3,0,1,0,0,3,0,10,59.81,4
KG07,SURIAN,MRT,2,0,0,0,0,0,0,11,45.67,3
MR10,CHOW KIT,MR,15,0,0,0,0,0,1,9,37.44,3
BRT5,SunU-Monash,BRT,0,0,1,0,0,0,0,16,60.16,4
KJ36,SUBANG ALAM,KJ,3,0,1,0,0,0,0,14,45.1,3
KJ19,UNIVERSITI,KJ,23,1,1,0,0,0,0,12,36.29,3
SP15,BANDAR TASIK SELATAN,PH,16,0,1,0,1,2,0,12,67.2,4
AG10,PUDU,AG,4,0,0,0,0,0,0,17,45.78,3
PY31,SERDANG RAYA UTARA,PYL,19,0,0,0,0,0,0,11,45.62,3
PY14,KENTOMEN,PYL,12,0,0,0,0,0,0,11,46.96,3
KG29,BANDAR TUN HUSSEIN ONN,MRT,18,0,1,0,2,0,0,4,56.0,3
PY08,SRI DAMANSARA TIMUR,PYL,1,0,0,0,0,0,0,15,58.17,4
PY14,KENTOMEN,PYL,19,1,0,0,1,0,0,7,31.39,2
SP12,CHERAS,PH,20,1,0,0,1,0,0,9,39.83,3
SP6,BANDARAYA - UOB,PH,22,0,0,0,0,0,0,15,51.89,3
PY05,DAMANSARA DAMAI,PYL,13,0,0,0,0,0,0,9,37.17,3
PY05,DAMANSARA DAMAI,PYL,23,0,1,0,0,0,0,11,46.94,3
AG9,HANG TUAH,AG,13,0,1,0,0,4,0,10,67.96,4
MR6,BUKIT BINTANG,MR,18,0,0,0,3,3,1,6,97.53,5
SP6,BANDARAYA - UOB,PH,22,0,1,0,0,0,0,12,47.82,3
MR9,MEDAN TUANKU,MR,21,0,1,0,0,0,0,10,45.84,3
KG28,SRI RAYA,MRT,1,1,1,0,0,0,0,12,44.2,3
SP20,MUHIBBAH,PH,18,0,0,0,3,0,0,4,61.9,4
MR9,MEDAN TUANKU,MR,4,0,1,0,0,0,0,16,54.07,3
AG6,BANDARAYA - UOB,AG,14,0,0,0,0,0,0,10,31.95,2
SP21,ALAM SUTERA,PH,1,1,1,0,0,0,0,15,46.98,3
KG18A,BUKIT BINTANG,MRT,23,0,1,0,0,3,0,12,71.33,4
KJ31,USJ 7,KJ,17,0,1,0,2,1,0,5,76.25,4
SP8,PLAZA RAKYAT,PH,19,1,0,0,1,1,0,10,50.18,3
KJ1,GOMBAK,KJ,20,1,0,0,1,0,0,7,19.9,2
PY12,SRI DELIMA,PYL,1,1,0,0,0,0,0,13,30.77,2
KJ32,TAIPAN,KJ,12,0,0,0,0,0,0,7,39.8,3
SP15,BANDAR TASIK SELATAN,PH,20,0,0,0,0,2,0,15,58.05,4
AG13,MALURI,AG,19,0,0,0,0,1,0,12,50.67,3
SP17,BUKIT JALIL,PH,0,0,0,0,0,2,0,12,48.11,3
KG16,PASAR SENI,MRT,15,0,0,0,0,4,0,9,67.58,4
PY05,DAMANSARA DAMAI,PYL,12,0,0,0,0,0,0,10,45.61,3
KJ23,TAMAN BAHAGIA,KJ,0,0,0,0,0,0,0,14,51.98,3
PY10,KEPONG BARU,PYL,17,0,1,0,3,0,0,5,68.19,4
MR6,BUKIT BINTANG,MR,12,0,0,0,0,3,0,11,56.09,3
SP11,CHAN SOW LIN,PH,13,1,0,0,1,1,0,11,53.87,3
KJ23,TAMAN BAHAGIA,KJ,21,0,1,0,0,0,0,15,54.23,3
PY09,METRO PRIMA,PYL,19,0,0,0,0,0,0,9,41.73,3
SP14,BANDAR TUN RAZAK,PH,22,0,0,0,0,0,0,18,43.68,3
AG16,CEMPAKA,AG,17,1,0,0,1,0,0,10,38.26,3
KG14,SEMANTAN,MRT,23,0,0,0,0,0,0,16,49.08,3
SP27,BANDAR PUTERI,PH,5,0,0,0,0,0,0,12,44.5,3
AG16,CEMPAKA,AG,17,0,1,0,3,0,0,4,65.91,4
SP31,PUTRA HEIGHTS,PH,22,0,1,0,0,1,0,11,65.88,4
KJ17,ABDULLAH HUKUM,KJ,17,0,0,0,2,3,1,4,75.91,4
AG10,PUDU,AG,12,0,1,0,0,0,0,8,34.04,3
SP11,CHAN SOW LIN,PH,16,0,1,0,2,1,0,5,73.62,4
SP25,PUSAT BANDAR PUCHONG,PH,22,0,0,0,0,0,0,15,42.19,3
SP18,SRI PETALING,PH,6,0,0,0,1,0,0,12,49.02,3
BRT3,SUNWAY LAGOON,BRT,17,0,0,0,2,0,1,7,66.21,4
KG25,TAMAN MUTIARA,MRT,20,1,0,0,1,0,0,8,38.44,3
PY33,SERDANG JAYA,PYL,14,0,0,0,0,0,0,9,42.59,3
KJ30,SS 18,KJ,2,0,0,0,0,0,0,18,54.92,3
KG14,SEMANTAN,MRT,1,0,0,0,0,0,0,16,49.15,3
AG3,TITIWANGSA,AG,22,0,0,0,0,4,0,10,59.41,4
SP10,PUDU,PH,23,1,0,0,0,0,0,11,26.79,2
KG34,STADIUM KAJANG,MRT,2,0,0,0,0,2,0,12,62.41,4
KJ1,GOMBAK,KJ,21,1,1,0,1,0,0,9,30.87,2
PY15,JALAN IPOH,PYL,0,0,1,0,0,0,0,11,45.88,3
KG07,SURIAN,MRT,16,0,0,0,2,0,0,4,54.69,3
KJ10,KLCC,KJ,17,1,0,0,1,3,2,7,69.21,4
PY32,SERDANG RAYA SELATAN,PYL,2,0,0,0,0,0,0,16,55.09,3
PY41,PUTRAJAYA SENTRAL,PYL,1,0,1,0,0,0,0,12,47.49,3
MR9,MEDAN TUANKU,MR,21,0,1,0,0,0,0,10,41.91,3
AG2,SENTUL,AG,20,1,0,0,1,0,0,9,35.09,3
AG14,PANDAN JAYA,AG,5,1,0,0,0,0,0,18,39.21,3
BRT2,MENTARI,BRT,19,1,0,0,1,0,0,8,28.88,2
PY31,SERDANG RAYA UTARA,PYL,0,0,0,0,0,0,0,13,40.82,3
PY29,SUNGAI BESI,PYL,21,1,0,0,1,1,0,7,36.19,3
KJ13,MASJID JAMEK,KJ,15,0,1,0,0,4,0,7,65.2,4
PY33,SERDANG JAYA,PYL,19,1,0,0,1,0,0,10,42.23,3
PY13,KAMPUNG BATU,PYL,15,1,0,0,1,0,0,8,32.68,3
SP15,BANDAR TASIK SELATAN,PH,2,0,0,0,0,2,0,12,43.71,3
KG06,KOTA DAMANSARA,MRT,0,0,0,0,0,0,0,13,51.35,3
MR6,BUKIT BINTANG,MR,5,0,0,0,0,3,0,15,61.89,4
KJ30,SS 18,KJ,17,0,1,0,3,0,0,4,73.76,4
PY21,PERSIARAN KLCC,PYL,3,0,1,0,0,3,0,13,65.72,4
KJ9,AMPANG PARK,KJ,15,1,0,0,1,0,0,10,43.92,3
SP4,PWTC,PH,3,0,0,0,0,0,0,14,49.49,3
PY14,KENTOMEN,PYL,5,0,0,0,0,0,0,10,45.4,3
SP1,SENTUL TIMUR,PH,13,1,0,0,1,0,0,7,30.97,2
KJ24,KELANA JAYA,KJ,19,1,0,0,1,0,0,10,40.25,3
PY06,SRI DAMANSARA BARAT,PYL,3,0,0,0,0,0,0,14,48.39,3
AG16,CEMPAKA,AG,14,0,0,0,0,0,0,10,40.62,3
KJ37,PUTRA HEIGHTS,KJ,14,0,0,0,0,1,0,7,37.09,3
KG20,TUN RAZAK EXCHANGE,MRT,23,1,1,0,0,4,0,12,63.37,4
KJ31,USJ 7,KJ,13,1,1,0,1,1,0,8,48.83,3
KG29,BANDAR TUN HUSSEIN ONN,MRT,1,1,0,0,0,0,0,14,31.44,2
KG27,TAMAN SUNTEX,MRT,21,0,0,0,0,0,0,11,46.01,3
PY31,SERDANG RAYA UTARA,PYL,0,0,0,0,0,0,0,11,38.75,3
KJ5,SETIAWANGSA,KJ,14,0,0,0,0,0,0,9,32.1,3
SP27,BANDAR PUTERI,PH,13,0,0,0,0,0,0,11,41.4,3
KJ31,USJ 7,KJ,17,1,0,0,1,1,0,10,45.68,3
SP13,SALAK SELATAN,PH,19,1,0,0,1,0,0,9,34.31,3
KJ16,BANK RAKYAT BANGSAR,KJ,3,0,0,0,0,0,0,17,57.45,3
KG20,TUN RAZAK EXCHANGE,MRT,22,0,0,0,0,4,0,16,69.35,4
KJ32,TAIPAN,KJ,5,1,0,0,0,0,0,11,32.31,3
KG30,BATU 11 CHERAS,MRT,21,0,1,0,0,0,0,11,42.12,3
MR9,MEDAN TUANKU,MR,23,0,0,0,0,0,1,12,56.52,3
PY06,SRI DAMANSARA BARAT,PYL,17,0,0,0,3,0,0,5,64.02,4
KJ10,KLCC,KJ,18,0,1,0,2,3,1,5,89.23,5
KG09,BANDAR UTAMA,MRT,20,0,1,0,0,3,1,11,76.24,4
KG05,KWASA SENTRAL,MRT,19,0,0,0,0,0,0,9,38.78,3
KJ27,CGC GLENMARIE,KJ,3,0,0,0,0,0,0,12,42.16,3
KJ3,WANGSA MAJU,KJ,22,0,1,0,0,2,0,12,59.04,4
KG10,TAMAN TUN DR ISMAIL,MRT,16,0,0,0,2,0,0,4,51.22,3
MR7,RAJA CHULAN,MR,0,1,0,0,0,0,0,17,34.14,3
PY12,SRI DELIMA,PYL,23,0,1,0,0,0,0,14,52.08,3
PY28,TAMAN NAGA EMAS,PYL,2,0,1,0,0,0,0,13,43.36,3
KG09,BANDAR UTAMA,MRT,18,0,1,0,3,3,1,4,100.0,5
SP16,SUNGAI BESI,PH,22,1,0,0,0,1,0,18,43.32,3
KJ36,SUBANG ALAM,KJ,23,0,1,0,0,0,0,12,42.11,3
KJ3,WANGSA MAJU,KJ,22,0,0,1,0,2,0,16,69.4,4
KJ31,USJ 7,KJ,4,0,0,0,0,1,0,16,58.13,4
PY07,SRI DAMANSARA SENTRAL,PYL,17,0,0,0,3,0,0,5,65.82,4
PY14,KENTOMEN,PYL,20,0,1,0,0,0,0,16,61.38,4
AG8,PLAZA RAKYAT,AG,14,0,0,0,0,1,0,10,46.18,3
PY08,SRI DAMANSARA TIMUR,PYL,21,0,1,0,0,0,0,10,46.67,3
KG23,TAMAN PERTAMA,MRT,5,0,0,0,0,0,0,13,41.64,3
KJ2,TAMAN MELATI,KJ,4,0,0,0,0,0,0,18,53.68,3
SP29,PUCHONG PRIMA,PH,16,0,0,0,1,0,0,8,44.79,3
KG07,SURIAN,MRT,0,0,0,0,0,0,0,12,49.28,3
SP28,PUCHONG PERDANA,PH,20,1,0,0,1,0,0,11,34.55,3
MR5,IMBI,MR,15,0,0,0,0,0,0,8,32.27,3
KJ27,CGC GLENMARIE,KJ,21,0,1,0,0,0,0,10,42.42,3
KJ12,DANG WANGI,KJ,14,0,1,0,0,0,0,10,42.68,3
KJ9,AMPANG PARK,KJ,18,0,0,0,2,0,0,5,58.8,4
SP24,IOI PUCHONG JAYA,PH,15,0,0,0,0,0,0,8,33.35,3
PY27,KUCHAI,PYL,13,0,0,0,0,0,0,9,43.99,3
SP18,SRI PETALING,PH,12,0,0,0,0,0,0,10,31.76,2
KJ32,TAIPAN,KJ,2,1,0,0,0,0,0,14,40.9,3
PY41,PUTRAJAYA SENTRAL,PYL,20,0,0,0,0,0,0,11,43.5,3
KJ15,KL SENTRAL - REDONE,KJ,16,1,1,0,1,4,1,9,85.47,5
SP4,PWTC,PH,17,0,0,0,3,0,0,5,61.11,4
KJ31,USJ 7,KJ,15,0,0,0,0,1,0,10,50.47,3
BRT3,SUNWAY LAGOON,BRT,0,0,1,0,0,0,0,12,45.89,3
KG15,MUZIUM NEGARA,MRT,20,0,0,0,0,0,0,14,44.43,3
KG13,PUSAT BANDAR DAMANSARA,MRT,21,0,0,0,0,0,0,12,48.03,3
SP26,TAMAN PERINDUSTRIAN PUCHONG,PH,22,0,0,0,0,0,0,12,42.01,3
SP7,MASJID JAMEK,PH,14,0,0,0,0,4,0,11,66.71,4
PY14,KENTOMEN,PYL,16,1,0,0,1,0,0,9,34.79,3
KJ12,DANG WANGI,KJ,21,0,0,0,0,0,0,15,52.27,3
KG20,TUN RAZAK EXCHANGE,MRT,3,0,1,0,0,4,0,16,80.44,4
KJ28,SUBANG JAYA,KJ,15,0,0,0,0,0,0,7,32.4,3
KJ36,SUBANG ALAM,KJ,0,0,1,0,0,0,0,12,45.81,3
SP15,BANDAR TASIK SELATAN,PH,16,0,0,0,2,2,0,7,65.56,4
SP2,SENTUL,PH,4,0,1,0,0,0,0,18,55.39,3
AG18,AMPANG,AG,5,0,0,0,0,0,0,15,53.5,3
BRT4,SUNMED,BRT,1,1,1,0,0,0,0,15,41.3,3
KJ34,USJ 21,KJ,12,1,1,0,1,0,1,10,55.55,3
KJ18,KERINCHI,KJ,0,0,0,0,0,0,0,12,40.83,3
KG23,TAMAN PERTAMA,MRT,21,0,0,0,0,0,0,13,49.11,3
KG34,STADIUM KAJANG,MRT,16,0,1,0,2,2,0,6,79.96,4
PY14,KENTOMEN,PYL,13,0,0,0,0,0,0,11,46.73,3
KG29,BANDAR TUN HUSSEIN ONN,MRT,23,1,0,0,0,0,0,15,36.34,3
AG8,PLAZA RAKYAT,AG,3,0,0,0,0,1,0,13,50.22,3
KJ14,PASAR SENI,KJ,13,1,0,0,1,4,1,9,73.1,4
PY10,KEPONG BARU,PYL,0,0,1,0,0,0,0,11,39.87,3
PY20,AMPANG PARK,PYL,12,0,1,0,0,0,0,7,33.31,3
KJ16,BANK RAKYAT BANGSAR,KJ,16,1,0,0,1,0,0,10,41.79,3
PY17,TITIWANGSA,PYL,15,0,1,0,0,4,0,10,73.37,4
MR1,KL SENTRAL,MR,20,0,0,0,0,4,1,14,87.0,5
PY32,SERDANG RAYA SELATAN,PYL,19,1,0,0,1,0,0,9,37.92,3
KG07,SURIAN,MRT,4,0,0,0,0,0,0,12,45.51,3
KJ15,KL SENTRAL - REDONE,KJ,4,0,0,0,0,4,0,13,75.91,4
KG29,BANDAR TUN HUSSEIN ONN,MRT,3,0,0,0,0,0,0,10,32.91,3
PY37,PUTRA PERMAI,PYL,19,0,0,0,2,0,0,5,45.57,3
AG13,MALURI,AG,1,0,0,0,0,1,0,17,58.21,4
KG06,KOTA DAMANSARA,MRT,2,0,0,0,0,0,0,14,48.98,3
KG21,COCHRANE,MRT,16,0,0,0,2,0,0,5,53.01,3
PY16,SENTUL BARAT,PYL,15,0,1,0,0,0,0,7,43.37,3
KJ36,SUBANG ALAM,KJ,14,1,1,0,1,0,0,7,28.18,2
MR10,CHOW KIT,MR,23,1,0,0,0,0,0,15,31.86,2
PY41,PUTRAJAYA SENTRAL,PYL,13,0,0,0,0,0,0,11,44.5,3
SP20,MUHIBBAH,PH,18,0,0,0,2,0,0,4,55.09,3
SP2,SENTUL,PH,19,1,0,0,1,0,0,9,35.78,3
PY10,KEPONG BARU,PYL,19,0,1,0,0,0,0,7,34.38,3
MR2,TUN SAMBANTHAN,MR,20,1,1,0,1,0,0,12,35.16,3
PY41,PUTRAJAYA SENTRAL,PYL,19,0,0,0,0,0,0,7,35.62,3
PY20,AMPANG PARK,PYL,14,0,0,0,0,0,0,7,35.93,3
KJ30,SS 18,KJ,15,0,0,0,0,0,0,8,36.64,3
KG16,PASAR SENI,MRT,19,0,1,0,2,4,1,6,100.0,5
AG6,BANDARAYA - UOB,AG,20,0,1,0,0,0,0,10,44.69,3
PY28,TAMAN NAGA EMAS,PYL,21,0,0,0,0,0,0,11,31.66,2
KG04,KWASA DAMANSARA,MRT,21,1,0,0,1,1,0,8,45.02,3
BRT5,SunU-Monash,BRT,21,1,0,0,1,0,0,11,36.05,3
SP8,PLAZA RAKYAT,PH,13,1,0,0,1,1,0,8,48.8,3
PY01,KWASA DAMANSARA,PYL,13,0,0,0,0,1,1,7,49.03,3
MR8,BUKIT NANAS,MR,13,0,0,0,0,0,0,8,36.33,3
MR11,TITIWANGSA,MR,16,1,0,0,1,4,1,11,72.0,4
SP2,SENTUL,PH,20,0,0,0,0,0,0,13,40.88,3
PY04,SUNGAI BULOH,PYL,5,0,0,0,0,0,0,10,41.76,3
KG08,MUTIARA DAMANSARA,MRT,3,0,1,0,0,0,0,11,49.07,3
KJ20,TAMAN JAYA,KJ,18,0,1,0,3,0,0,4,70.07,4
AG9,HANG TUAH,AG,1,0,0,0,0,4,0,16,77.84,4
PY15,JALAN IPOH,PYL,20,0,0,0,0,0,0,13,48.4,3
SP12,CHERAS,PH,13,0,0,0,0,0,0,12,47.27,3
PY04,SUNGAI BULOH,PYL,23,0,0,0,0,0,0,10,38.28,3
PY28,TAMAN NAGA EMAS,PYL,4,0,0,0,0,0,0,16,49.49,3
KG27,TAMAN SUNTEX,MRT,18,0,0,0,3,0,0,4,65.13,4
AG10,PUDU,AG,2,1,0,0,0,0,0,10,18.31,2
MR7,RAJA CHULAN,MR,2,0,0,0,0,0,0,18,54.82,3
KJ17,ABDULLAH HUKUM,KJ,5,0,0,0,0,3,0,13,60.32,4
AG10,PUDU,AG,1,0,1,0,0,0,0,15,48.37,3
KG34,STADIUM KAJANG,MRT,18,0,0,0,3,2,0,4,81.06,4
SP26,TAMAN PERINDUSTRIAN PUCHONG,PH,20,0,1,0,0,0,0,10,44.78,3
AG18,AMPANG,AG,0,0,1,0,0,0,0,12,51.49,3
PY38,16 SIERRA,PYL,15,1,0,0,1,0,1,8,38.88,3
KJ36,SUBANG ALAM,KJ,22,0,0,0,0,0,0,11,37.37,3
KG18A,BUKIT BINTANG,MRT,22,1,0,0,0,3,0,16,64.49,4
SP2,SENTUL,PH,13,1,0,0,1,0,1,12,40.87,3
KJ4,SRI RAMPAI,KJ,3,0,1,0,0,0,0,12,47.03,3
BRT3,SUNWAY LAGOON,BRT,14,0,0,0,0,0,0,9,36.98,3
PY08,SRI DAMANSARA TIMUR,PYL,17,1,0,0,1,0,0,11,40.44,3
KG25,TAMAN MUTIARA,MRT,3,1,1,0,0,0,0,16,46.26,3
PY34,UPM,PYL,20,1,1,0,1,0,1,10,55.51,3
KG25,TAMAN MUTIARA,MRT,21,1,0,0,1,0,0,8,34.05,3
KG31,BUKIT DUKUNG,MRT,2,1,1,0,0,0,0,15,41.03,3
PY14,KENTOMEN,PYL,19,0,0,0,0,0,0,9,34.67,3
KJ18,KERINCHI,KJ,18,0,0,0,2,0,0,5,50.9,3
KG12,PHILEO DAMANSARA,MRT,17,0,1,0,3,0,0,4,70.55,4
SP25,PUSAT BANDAR PUCHONG,PH,13,0,1,0,0,0,0,11,39.38,3
PY31,SERDANG RAYA UTARA,PYL,0,0,1,0,0,0,0,12,45.61,3
SP20,MUHIBBAH,PH,15,0,0,0,0,0,0,8,36.8,3
BRT4,SUNMED,BRT,18,0,0,0,2,0,0,7,59.79,4
MR7,RAJA CHULAN,MR,19,0,1,0,2,0,0,5,59.69,4
KG13,PUSAT BANDAR DAMANSARA,MRT,20,0,0,0,0,0,0,12,40.1,3
KJ2,TAMAN MELATI,KJ,19,0,0,0,0,0,0,10,38.63,3
BRT2,MENTARI,BRT,22,1,0,0,0,0,0,15,34.45,3
AG13,MALURI,AG,4,1,0,0,0,1,0,15,45.74,3
PY01,KWASA DAMANSARA,PYL,15,0,1,0,0,1,1,11,64.97,4
MR11,TITIWANGSA,MR,23,1,0,0,0,4,0,14,50.67,3
SP6,BANDARAYA - UOB,PH,5,1,0,0,0,0,0,15,40.11,3
PY04,SUNGAI BULOH,PYL,13,0,0,0,0,0,1,10,45.16,3
KG15,MUZIUM NEGARA,MRT,22,0,0,0,0,0,0,14,45.2,3
AG9,HANG TUAH,AG,5,0,0,0,0,4,0,16,77.32,4
PY09,METRO PRIMA,PYL,15,1,0,0,1,0,0,10,39.04,3
KJ19,UNIVERSITI,KJ,22,1,0,0,0,0,0,10,23.8,2
KG04,KWASA DAMANSARA,MRT,5,0,0,0,0,1,0,13,58.06,4
KG30,BATU 11 CHERAS,MRT,16,0,0,0,1,0,0,10,49.59,3
KG33,SUNGAI JERNIH,MRT,22,0,0,0,0,0,0,10,42.9,3
KJ6,JELATEK,KJ,16,0,0,0,1,0,0,8,46.39,3
AG4,PWTC,AG,18,0,0,0,3,0,0,4,51.78,3
KG22,MALURI,MRT,23,1,1,0,0,1,0,11,44.62,3
PY07,SRI DAMANSARA SENTRAL,PYL,19,0,0,0,0,0,0,7,39.86,3
SP15,BANDAR TASIK SELATAN,PH,13,0,0,0,0,2,0,9,42.06,3
KJ33,WAWASAN,KJ,15,1,0,0,1,0,0,7,39.36,3
AG6,BANDARAYA - UOB,AG,4,1,1,0,0,0,0,15,35.98,3
PY12,SRI DELIMA,PYL,22,0,0,0,0,0,0,11,43.85,3
SP17,BUKIT JALIL,PH,4,1,0,0,0,2,0,11,37.94,3
KJ34,USJ 21,KJ,17,0,1,0,2,0,0,4,60.01,4
AG12,MIHARJA,AG,20,0,0,0,0,0,0,14,45.35,3
KG25,TAMAN MUTIARA,MRT,3,0,1,0,0,0,0,15,53.62,3
KJ9,AMPANG PARK,KJ,20,0,0,0,0,0,0,12,48.62,3
KJ26,ARA DAMANSARA,KJ,0,1,0,0,0,0,0,10,24.09,2
KJ13,MASJID JAMEK,KJ,1,0,0,0,0,4,0,16,81.87,4
MR7,RAJA CHULAN,MR,16,0,0,0,2,0,0,6,55.02,3
PY38,16 SIERRA,PYL,19,0,0,0,2,0,0,5,50.81,3
KJ32,TAIPAN,KJ,23,0,0,0,0,0,1,18,63.98,4
PY18,HOSPITAL KUALA LUMPUR,PYL,20,1,0,0,1,0,0,11,39.6,3
KG31,BUKIT DUKUNG,MRT,22,0,0,0,0,0,0,11,42.74,3
PY14,KENTOMEN,PYL,5,0,0,0,0,0,0,14,44.87,3
AG10,PUDU,AG,2,0,0,0,0,0,0,18,46.86,3
KJ11,KAMPUNG BARU - CBP COOPBANK PERTAMA,KJ,2,0,0,0,0,0,0,10,38.21,3
PY14,KENTOMEN,PYL,15,0,1,0,0,0,0,11,49.33,3
KG14,SEMANTAN,MRT,4,0,1,0,0,0,0,14,58.7,4
PY13,KAMPUNG BATU,PYL,15,0,1,0,0,0,0,8,39.58,3
AG12,MIHARJA,AG,17,0,0,0,2,0,0,7,49.31,3
SP7,MASJID JAMEK,PH,21,1,0,0,1,4,1,8,68.78,4
KJ6,JELATEK,KJ,15,0,1,0,0,0,0,10,45.57,3
KJ20,TAMAN JAYA,KJ,18,0,0,0,2,0,0,4,50.53,3
KG26,TAMAN CONNAUGHT,MRT,15,0,0,0,0,0,0,8,45.63,3
KJ35,ALAM MEGAH,KJ,16,0,0,0,1,0,0,7,38.47,3
PY37,PUTRA PERMAI,PYL,2,0,0,0,0,0,0,12,39.76,3
PY21,PERSIARAN KLCC,PYL,22,0,1,0,0,3,0,10,60.8,4
PY09,METRO PRIMA,PYL,16,1,0,0,1,0,0,7,38.01,3
PY40,CYBERJAYA CITY CENTRE,PYL,12,1,0,0,1,0,0,7,33.99,3
KJ12,DANG WANGI,KJ,16,0,0,0,2,0,0,5,52.2,3
PY09,METRO PRIMA,PYL,22,0,0,0,0,0,0,12,48.17,3
KJ16,BANK RAKYAT BANGSAR,KJ,23,0,0,0,0,0,0,14,54.24,3
MR10,CHOW KIT,MR,21,0,0,0,0,0,0,11,34.37,3
KJ5,SETIAWANGSA,KJ,14,1,0,0,1,0,1,8,39.02,3
PY41,PUTRAJAYA SENTRAL,PYL,5,0,0,0,0,0,0,12,49.55,3
KG17,MERDEKA,MRT,3,0,1,0,0,1,0,15,68.3,4
KG22,MALURI,MRT,13,1,0,0,1,1,0,10,50.19,3
KJ19,UNIVERSITI,KJ,16,0,0,0,1,0,1,8,50.93,3
AG15,PANDAN INDAH,AG,12,0,0,0,0,0,0,11,44.57,3
KG28,SRI RAYA,MRT,13,0,0,0,0,0,0,7,44.37,3
KG20,TUN RAZAK EXCHANGE,MRT,21,1,0,0,1,4,1,8,68.93,4
KJ12,DANG WANGI,KJ,13,0,0,0,0,0,0,10,37.85,3
KJ16,BANK RAKYAT BANGSAR,KJ,21,0,0,0,0,0,0,15,52.55,3
MR2,TUN SAMBANTHAN,MR,3,0,0,0,0,0,0,18,49.18,3
KJ16,BANK RAKYAT BANGSAR,KJ,21,0,1,0,0,0,0,15,59.82,4
AG16,CEMPAKA,AG,0,0,1,0,0,0,0,15,58.08,4
SP27,BANDAR PUTERI,PH,20,1,0,0,1,0,0,10,31.2,2
KG04,KWASA DAMANSARA,MRT,13,0,0,0,0,1,0,7,41.15,3
MR11,TITIWANGSA,MR,13,1,1,0,1,4,1,12,77.34,4
KJ28,SUBANG JAYA,KJ,23,0,0,0,0,0,0,18,53.84,3
PY41,PUTRAJAYA SENTRAL,PYL,23,1,0,0,0,0,0,14,35.59,3
PY37,PUTRA PERMAI,PYL,20,0,0,0,0,0,0,11,34.53,3
BRT2,MENTARI,BRT,23,1,1,0,0,0,0,16,36.42,3
PY20,AMPANG PARK,PYL,17,0,1,0,2,0,0,5,60.85,4
PY03,KAMPUNG SELAMAT,PYL,4,0,0,0,0,0,0,15,47.6,3
SP17,BUKIT JALIL,PH,3,0,0,0,0,2,0,13,56.38,3
AG17,CAHAYA,AG,2,1,0,0,0,0,0,16,40.52,3
MR4,HANG TUAH,MR,0,0,0,0,0,4,0,15,69.57,4
KJ31,USJ 7,KJ,20,0,1,0,0,1,0,17,71.95,4
MR4,HANG TUAH,MR,0,0,0,0,0,4,0,11,60.34,4
PY33,SERDANG JAYA,PYL,13,0,1,0,0,0,0,10,50.67,3
AG7,MASJID JAMEK,AG,17,0,1,0,2,4,1,4,96.17,5
PY13,KAMPUNG BATU,PYL,19,0,0,0,0,0,0,7,38.49,3
MR5,IMBI,MR,1,1,0,0,0,0,0,10,21.56,2
SP31,PUTRA HEIGHTS,PH,12,0,0,0,0,1,1,8,62.68,4
KG17,MERDEKA,MRT,3,0,0,1,0,1,0,15,67.14,4
KJ1,GOMBAK,KJ,13,1,1,0,1,0,0,9,37.47,3
AG12,MIHARJA,AG,3,1,1,0,0,0,0,17,45.76,3
SP28,PUCHONG PERDANA,PH,18,0,1,0,2,0,0,4,59.9,4
SP6,BANDARAYA - UOB,PH,5,0,0,0,0,0,0,14,49.01,3
KJ14,PASAR SENI,KJ,22,1,1,0,0,4,0,11,60.75,4
SP18,SRI PETALING,PH,19,0,1,0,0,0,0,8,39.63,3
SP12,CHERAS,PH,0,0,0,0,0,0,0,12,41.26,3
KG27,TAMAN SUNTEX,MRT,12,1,0,0,1,0,0,7,36.29,3
KJ9,AMPANG PARK,KJ,2,0,0,0,0,0,0,10,39.6,3
KG21,COCHRANE,MRT,16,0,0,0,2,0,0,5,53.99,3
PY22,CONLAY,PYL,22,0,1,0,0,0,0,14,48.63,3
SP24,IOI PUCHONG JAYA,PH,22,0,1,0,0,0,1,12,50.25,3
KG24,TAMAN MIDAH,MRT,21,0,0,0,0,0,0,11,44.41,3
PY32,SERDANG RAYA SELATAN,PYL,20,1,0,0,1,0,1,8,42.22,3
MR8,BUKIT NANAS,MR,21,0,0,0,0,0,0,12,45.03,3
SP14,BANDAR TUN RAZAK,PH,18,0,0,0,3,0,0,4,55.23,3
SP6,BANDARAYA - UOB,PH,2,0,0,0,0,0,0,12,45.91,3
AG3,TITIWANGSA,AG,19,0,1,0,2,4,2,6,100.0,5
PY33,SERDANG JAYA,PYL,14,0,1,0,0,0,0,9,42.58,3
KG12,PHILEO DAMANSARA,MRT,23,0,0,0,0,0,0,14,41.12,3
KJ19,UNIVERSITI,KJ,21,1,0,0,1,0,0,7,28.72,2
PY20,AMPANG PARK,PYL,14,1,0,0,1,0,0,8,31.9,2
MR1,KL SENTRAL,MR,13,1,0,0,1,4,1,12,79.36,4
PY24,CHAN SOW LIN,PYL,23,0,0,0,0,1,0,13,56.65,3
AG10,PUDU,AG,1,0,0,0,0,0,0,14,44.91,3
PY20,AMPANG PARK,PYL,2,0,1,0,0,0,0,10,40.33,3
PY36,TAMAN EQUINE,PYL,23,0,0,0,0,0,0,16,52.93,3
PY40,CYBERJAYA CITY CENTRE,PYL,21,0,0,0,0,0,0,16,49.25,3
PY01,KWASA DAMANSARA,PYL,1,1,0,0,0,1,0,13,44.34,3
MR3,MAHARAJALELA,MR,16,0,0,0,2,0,1,5,51.17,3
KG04,KWASA DAMANSARA,MRT,23,0,0,0,0,1,0,12,49.69,3
SP8,PLAZA RAKYAT,PH,3,0,0,0,0,1,0,14,57.57,3
PY34,UPM,PYL,23,1,1,0,0,0,0,12,38.4,3
MR11,TITIWANGSA,MR,17,0,0,0,3,4,1,6,100.0,5
SP24,IOI PUCHONG JAYA,PH,12,0,0,0,0,0,0,12,40.25,3
BRT6,SOUTH QUAY-USJ 1,BRT,21,0,0,0,0,0,0,14,34.55,3
KJ37,PUTRA HEIGHTS,KJ,14,0,0,0,0,1,0,10,41.57,3
SP20,MUHIBBAH,PH,4,1,0,0,0,0,0,11,32.23,3
MR11,TITIWANGSA,MR,17,1,0,0,1,4,1,11,68.73,4
MR6,BUKIT BINTANG,MR,4,0,1,0,0,3,0,10,62.03,4
KG34,STADIUM KAJANG,MRT,17,0,0,0,2,2,0,4,74.63,4
PY36,TAMAN EQUINE,PYL,5,0,0,0,0,0,0,13,55.86,3
KJ33,WAWASAN,KJ,21,0,1,0,0,0,0,12,57.25,3
PY31,SERDANG RAYA UTARA,PYL,13,1,0,0,1,0,0,10,40.33,3
SP18,SRI PETALING,PH,2,0,0,0,0,0,0,13,41.1,3
KJ31,USJ 7,KJ,3,0,1,0,0,1,0,15,66.6,4
SP13,SALAK SELATAN,PH,16,0,0,0,2,0,0,5,55.65,3
PY22,CONLAY,PYL,0,0,0,0,0,0,0,11,45.01,3
SP20,MUHIBBAH,PH,2,1,0,0,0,0,0,18,43.89,3
SP9,HANG TUAH,PH,21,1,0,0,1,4,1,11,68.39,4
AG15,PANDAN INDAH,AG,13,0,1,0,0,0,0,12,54.79,3
KJ4,SRI RAMPAI,KJ,18,1,0,0,1,0,0,9,28.75,2
PY06,SRI DAMANSARA BARAT,PYL,2,0,0,0,0,0,0,13,42.82,3
KG10,TAMAN TUN DR ISMAIL,MRT,21,0,0,0,0,0,0,10,33.71,3
KJ31,USJ 7,KJ,5,0,0,0,0,1,0,17,63.5,4
AG3,TITIWANGSA,AG,22,0,0,0,0,4,0,16,64.72,4
AG2,SENTUL,AG,14,1,0,0,1,0,0,8,32.96,3
SP14,BANDAR TUN RAZAK,PH,19,1,0,0,1,0,0,8,26.63,2
KJ20,TAMAN JAYA,KJ,14,0,0,0,0,0,0,9,34.15,3
SP7,MASJID JAMEK,PH,14,0,1,0,0,4,0,12,79.44,4
KJ35,ALAM MEGAH,KJ,15,1,0,0,1,0,0,10,33.16,3
KJ17,ABDULLAH HUKUM,KJ,14,1,1,0,1,3,2,9,71.88,4
SP20,MUHIBBAH,PH,1,0,0,0,0,0,0,16,54.13,3
PY28,TAMAN NAGA EMAS,PYL,2,1,0,0,0,0,0,10,24.48,2
KG06,KOTA DAMANSARA,MRT,20,0,1,0,0,0,0,10,52.63,3
KG21,COCHRANE,MRT,17,0,1,0,2,0,0,4,59.6,4
PY04,SUNGAI BULOH,PYL,17,0,0,0,2,0,0,7,59.16,4
AG1,SENTUL TIMUR,AG,2,0,0,0,0,0,0,17,51.23,3
PY10,KEPONG BARU,PYL,20,0,0,0,0,0,0,12,36.58,3
PY17,TITIWANGSA,PYL,5,0,0,0,0,4,0,15,73.61,4
PY04,SUNGAI BULOH,PYL,17,0,0,0,3,0,0,5,60.15,4
KJ8,DAMAI,KJ,22,0,0,0,0,0,1,13,57.35,3
KJ34,USJ 21,KJ,20,0,1,0,0,0,0,15,59.99,4
KJ26,ARA DAMANSARA,KJ,15,1,0,0,1,0,1,7,35.22,3
PY11,JINJANG,PYL,5,1,0,0,0,0,0,15,37.36,3
KJ8,DAMAI,KJ,0,0,0,0,0,0,0,10,44.22,3
PY20,AMPANG PARK,PYL,3,0,1,0,0,0,0,15,47.95,3
PY10,KEPONG BARU,PYL,15,1,0,0,1,0,0,7,25.04,2
SP5,SULTAN ISMAIL,PH,21,1,0,0,1,0,0,12,43.42,3
SP15,BANDAR TASIK SELATAN,PH,22,1,1,0,0,2,0,18,55.85,3
BRT1,SUNWAY-SETIA JAYA,BRT,12,0,1,0,0,0,0,8,34.8,3
PY36,TAMAN EQUINE,PYL,19,0,1,0,0,0,0,10,54.56,3
PY13,KAMPUNG BATU,PYL,12,0,0,0,0,0,0,10,37.77,3
KJ4,SRI RAMPAI,KJ,18,1,0,0,1,0,0,7,27.4,2
KJ8,DAMAI,KJ,18,1,1,0,1,0,1,8,50.83,3
MR3,MAHARAJALELA,MR,12,0,0,0,0,0,0,10,29.89,2
KG12,PHILEO DAMANSARA,MRT,23,1,0,0,0,0,0,16,40.71,3
SP10,PUDU,PH,16,0,1,0,1,0,1,11,63.97,4
KG18A,BUKIT BINTANG,MRT,17,0,0,0,3,3,1,4,100.0,5
KJ4,SRI RAMPAI,KJ,18,1,0,0,1,0,0,10,35.35,3
MR10,CHOW KIT,MR,23,0,0,0,0,0,0,15,40.58,3
KG25,TAMAN MUTIARA,MRT,23,0,0,0,0,0,0,16,52.34,3
SP8,PLAZA RAKYAT,PH,3,1,0,0,0,1,0,12,41.52,3
KJ22,TAMAN PARAMOUNT,KJ,3,0,1,0,0,0,0,15,53.69,3
PY10,KEPONG BARU,PYL,19,1,1,0,1,0,0,9,40.43,3
PY15,JALAN IPOH,PYL,13,0,0,0,0,0,0,9,40.68,3
KG06,KOTA DAMANSARA,MRT,15,1,0,0,1,0,0,7,35.34,3
SP13,SALAK SELATAN,PH,21,0,0,0,0,0,0,14,51.54,3
SP8,PLAZA RAKYAT,PH,2,1,1,0,0,1,0,11,49.48,3
SP24,IOI PUCHONG JAYA,PH,5,0,1,0,0,0,0,15,48.15,3
SP21,ALAM SUTERA,PH,5,0,0,0,0,0,0,18,52.42,3
KG09,BANDAR UTAMA,MRT,5,0,1,0,0,3,0,10,68.0,4
AG17,CAHAYA,AG,2,0,0,0,0,0,0,16,58.21,4
KJ11,KAMPUNG BARU - CBP COOPBANK PERTAMA,KJ,13,1,0,0,1,0,0,7,31.75,2
KG06,KOTA DAMANSARA,MRT,22,1,1,0,0,0,0,14,41.23,3
AG14,PANDAN JAYA,AG,1,1,1,0,0,0,0,14,44.26,3
PY14,KENTOMEN,PYL,16,1,1,0,1,0,0,8,41.46,3
KJ7,DATO' KERAMAT,KJ,13,0,1,0,0,0,0,7,41.17,3
KJ22,TAMAN PARAMOUNT,KJ,13,0,0,0,0,0,0,9,41.39,3
KG25,TAMAN MUTIARA,MRT,5,0,0,0,0,0,0,11,40.79,3
KJ20,TAMAN JAYA,KJ,16,0,0,0,2,0,0,5,54.95,3
KG09,BANDAR UTAMA,MRT,16,0,0,0,2,3,1,6,94.72,5
KJ1,GOMBAK,KJ,20,0,0,0,0,0,0,14,38.35,3
PY31,SERDANG RAYA UTARA,PYL,17,0,0,0,3,0,0,5,60.19,4
MR6,BUKIT BINTANG,MR,19,0,0,0,0,3,1,9,68.27,4
AG14,PANDAN JAYA,AG,1,0,0,0,0,0,1,18,66.57,4
MR6,BUKIT BINTANG,MR,2,0,1,0,0,3,0,13,70.7,4
SP16,SUNGAI BESI,PH,18,0,1,0,3,1,0,4,76.44,4
AG12,MIHARJA,AG,19,0,0,0,2,0,0,6,55.25,3
AG18,AMPANG,AG,22,0,1,0,0,0,0,14,60.4,4
SP6,BANDARAYA - UOB,PH,13,0,0,0,0,0,0,11,39.45,3
KG25,TAMAN MUTIARA,MRT,16,1,0,0,1,0,0,8,32.38,3
SP24,IOI PUCHONG JAYA,PH,1,0,0,0,0,0,0,13,37.54,3
KJ15,KL SENTRAL - REDONE,KJ,0,0,0,0,0,4,0,11,70.72,4
SP27,BANDAR PUTERI,PH,18,0,0,0,2,0,0,4,44.41,3
KG14,SEMANTAN,MRT,13,0,1,0,0,0,0,7,43.18,3
AG15,PANDAN INDAH,AG,1,0,0,0,0,0,0,10,36.54,3
MR6,BUKIT BINTANG,MR,20,1,0,0,1,3,2,9,72.58,4
SP7,MASJID JAMEK,PH,22,1,1,0,0,4,0,12,68.7,4
KG10,TAMAN TUN DR ISMAIL,MRT,13,1,0,0,1,0,0,10,35.57,3
SP6,BANDARAYA - UOB,PH,16,0,0,0,2,0,1,6,64.91,4
SP8,PLAZA RAKYAT,PH,1,0,1,0,0,1,0,11,63.22,4
AG7,MASJID JAMEK,AG,5,1,1,0,0,4,0,17,70.66,4
KG25,TAMAN MUTIARA,MRT,5,1,1,0,0,0,0,13,44.72,3
SP29,PUCHONG PRIMA,PH,18,0,1,0,3,0,0,5,66.42,4
KJ36,SUBANG ALAM,KJ,22,0,1,0,0,0,0,15,53.85,3
PY28,TAMAN NAGA EMAS,PYL,15,0,1,0,0,0,0,9,37.46,3
KJ5,SETIAWANGSA,KJ,0,0,0,0,0,0,0,15,44.47,3
KG04,KWASA DAMANSARA,MRT,20,1,0,0,1,1,1,8,53.11,3
KG29,BANDAR TUN HUSSEIN ONN,MRT,22,0,0,0,0,0,0,14,41.89,3
PY32,SERDANG RAYA SELATAN,PYL,20,0,0,0,0,0,0,15,52.96,3
KJ27,CGC GLENMARIE,KJ,19,0,0,0,2,0,0,6,52.52,3
KJ18,KERINCHI,KJ,13,0,0,0,0,0,0,10,30.56,2
MR6,BUKIT BINTANG,MR,22,0,0,0,0,3,0,13,59.31,4
SP6,BANDARAYA - UOB,PH,1,0,0,0,0,0,0,16,54.33,3
SP8,PLAZA RAKYAT,PH,20,0,0,0,0,1,0,17,66.65,4
AG9,HANG TUAH,AG,13,0,0,0,0,4,0,12,70.8,4
KJ12,DANG WANGI,KJ,19,0,0,0,2,0,0,5,58.78,4
SP2,SENTUL,PH,3,0,0,0,0,0,0,17,45.93,3
SP4,PWTC,PH,4,0,0,0,0,0,0,17,51.47,3
PY08,SRI DAMANSARA TIMUR,PYL,17,0,1,0,2,0,0,7,71.03,4
KJ9,AMPANG PARK,KJ,14,0,0,0,0,0,0,10,43.94,3
SP4,PWTC,PH,1,0,1,0,0,0,0,11,42.03,3
AG16,CEMPAKA,AG,21,0,0,0,0,0,0,16,53.16,3
MR9,MEDAN TUANKU,MR,19,0,0,0,0,0,0,10,35.28,3
SP2,SENTUL,PH,4,0,0,0,0,0,0,10,38.24,3
AG11,CHAN SOW LIN,AG,21,1,0,0,1,1,0,10,45.4,3
KJ23,TAMAN BAHAGIA,KJ,0,0,0,0,0,0,0,14,54.37,3
SP20,MUHIBBAH,PH,16,1,0,0,1,0,0,9,38.76,3
KG31,BUKIT DUKUNG,MRT,4,0,1,0,0,0,0,13,47.55,3
KJ37,PUTRA HEIGHTS,KJ,0,1,1,0,0,1,0,13,48.19,3
KJ15,KL SENTRAL - REDONE,KJ,22,0,0,0,0,4,0,17,81.18,4
KJ1,GOMBAK,KJ,1,0,0,0,0,0,0,18,51.74,3
KJ35,ALAM MEGAH,KJ,23,0,1,0,0,0,0,17,53.39,3
KJ2,TAMAN MELATI,KJ,14,1,0,0,1,0,0,8,31.07,2
AG16,CEMPAKA,AG,16,0,0,0,2,0,1,4,61.41,4
KJ21,ASIA JAYA,KJ,17,1,0,0,1,0,0,10,40.33,3
KJ23,TAMAN BAHAGIA,KJ,1,0,0,0,0,0,0,11,44.79,3
KG24,TAMAN MIDAH,MRT,22,0,0,0,0,0,0,16,50.25,3
AG4,PWTC,AG,1,0,0,0,0,0,0,15,44.15,3
MR10,CHOW KIT,MR,12,0,0,0,0,0,0,11,33.27,3
AG11,CHAN SOW LIN,AG,12,0,1,0,0,1,0,10,48.16,3
KJ12,DANG WANGI,KJ,20,0,0,0,0,0,0,16,54.29,3
BRT1,SUNWAY-SETIA JAYA,BRT,17,0,1,0,3,0,0,8,68.45,4
PY03,KAMPUNG SELAMAT,PYL,22,1,0,0,0,0,0,16,42.02,3
PY12,SRI DELIMA,PYL,17,1,0,0,1,0,0,7,30.03,2
AG8,PLAZA RAKYAT,AG,19,0,0,0,0,1,0,7,38.02,3
MR8,BUKIT NANAS,MR,17,0,0,0,3,0,0,5,61.59,4
BRT2,MENTARI,BRT,21,1,0,0,1,0,0,13,42.25,3
SP8,PLAZA RAKYAT,PH,20,1,0,0,1,1,0,8,48.61,3
MR11,TITIWANGSA,MR,23,0,0,0,0,4,0,13,66.04,4
MR11,TITIWANGSA,MR,0,0,0,0,0,4,0,15,69.41,4
SP10,PUDU,PH,15,1,0,0,1,0,0,9,32.38,3
SP21,ALAM SUTERA,PH,4,0,1,0,0,0,0,16,60.49,4
SP24,IOI PUCHONG JAYA,PH,2,0,0,0,0,0,0,17,40.69,3
KG12,PHILEO DAMANSARA,MRT,22,0,0,0,0,0,0,11,45.01,3
MR8,BUKIT NANAS,MR,23,0,0,0,0,0,0,12,37.24,3
PY11,JINJANG,PYL,12,0,0,0,0,0,0,10,37.22,3
KG14,SEMANTAN,MRT,3,0,1,0,0,0,0,15,54.54,3
SP21,ALAM SUTERA,PH,16,0,1,0,1,0,0,9,53.16,3
SP24,IOI PUCHONG JAYA,PH,1,0,0,0,0,0,0,12,38.51,3
KJ35,ALAM MEGAH,KJ,14,1,1,0,1,0,1,10,41.75,3
KG18A,BUKIT BINTANG,MRT,1,0,0,0,0,3,0,14,77.88,4
KJ15,KL SENTRAL - REDONE,KJ,1,0,0,0,0,4,0,17,77.24,4
KG30,BATU 11 CHERAS,MRT,16,0,0,0,2,0,0,6,54.84,3
PY29,SUNGAI BESI,PYL,16,0,0,0,2,1,0,7,65.44,4
PY37,PUTRA PERMAI,PYL,2,0,1,0,0,0,1,14,60.49,4
AG4,PWTC,AG,12,0,0,0,0,0,0,10,35.4,3
KJ8,DAMAI,KJ,5,0,0,0,0,0,0,10,40.4,3
AG11,CHAN SOW LIN,AG,5,0,0,0,0,1,0,16,56.06,3
PY27,KUCHAI,PYL,21,0,0,0,0,0,0,11,47.07,3
SP11,CHAN SOW LIN,PH,17,0,0,0,3,1,0,5,78.29,4
KJ37,PUTRA HEIGHTS,KJ,22,0,0,0,0,1,0,14,55.84,3
PY04,SUNGAI BULOH,PYL,23,1,0,0,0,0,0,11,32.53,3
PY10,KEPONG BARU,PYL,0,0,1,0,0,0,0,12,40.81,3
KJ10,KLCC,KJ,20,0,0,0,0,3,1,13,68.88,4
KJ33,WAWASAN,KJ,19,0,1,0,0,0,0,9,52.88,3
AG1,SENTUL TIMUR,AG,14,0,0,0,0,0,0,10,46.24,3
SP7,MASJID JAMEK,PH,16,0,0,0,2,4,1,7,99.71,5
PY04,SUNGAI BULOH,PYL,5,0,0,0,0,0,0,12,44.21,3
SP26,TAMAN PERINDUSTRIAN PUCHONG,PH,3,1,0,0,0,0,0,13,27.69,2
MR11,TITIWANGSA,MR,15,0,0,0,0,4,0,11,64.46,4
PY32,SERDANG RAYA SELATAN,PYL,18,0,0,0,3,0,0,4,61.65,4
SP4,PWTC,PH,12,1,0,0,1,0,0,12,39.61,3
MR7,RAJA CHULAN,MR,16,1,0,0,1,0,0,10,32.59,3
PY22,CONLAY,PYL,14,0,1,0,0,0,0,7,36.82,3
PY32,SERDANG RAYA SELATAN,PYL,13,1,0,0,1,0,0,7,34.45,3
SP29,PUCHONG PRIMA,PH,12,0,0,0,0,0,0,9,35.93,3
SP21,ALAM SUTERA,PH,12,0,0,0,0,0,0,8,42.14,3
AG2,SENTUL,AG,5,0,1,0,0,0,0,15,56.67,3
KG08,MUTIARA DAMANSARA,MRT,22,1,0,0,0,0,0,10,30.63,2
SP16,SUNGAI BESI,PH,22,1,0,0,0,1,0,16,39.26,3
PY20,AMPANG PARK,PYL,1,0,0,0,0,0,0,10,40.15,3
PY04,SUNGAI BULOH,PYL,22,1,0,0,0,0,0,15,35.48,3
PY20,AMPANG PARK,PYL,12,0,0,0,0,0,1,8,42.84,3
KG09,BANDAR UTAMA,MRT,17,0,1,0,2,3,1,5,100.0,5
KJ36,SUBANG ALAM,KJ,14,0,0,0,0,0,0,10,39.84,3
PY19,RAJA UDA,PYL,16,0,1,0,2,0,1,7,62.59,4
SP7,MASJID JAMEK,PH,13,0,1,0,0,4,0,10,71.72,4
SP16,SUNGAI BESI,PH,14,1,0,0,1,1,0,7,37.71,3
AG6,BANDARAYA - UOB,AG,20,0,0,0,0,0,0,17,50.04,3
SP24,IOI PUCHONG JAYA,PH,0,1,0,0,0,0,0,10,22.86,2
AG13,MALURI,AG,15,0,1,0,0,1,0,8,49.25,3
KG17,MERDEKA,MRT,13,1,0,0,1,1,0,7,43.33,3
KJ30,SS 18,KJ,3,1,0,0,0,0,0,11,30.39,2
KJ34,USJ 21,KJ,12,0,0,0,0,0,0,10,42.45,3
SP6,BANDARAYA - UOB,PH,12,0,0,0,0,0,0,11,42.8,3
AG17,CAHAYA,AG,13,1,1,0,1,0,0,9,45.45,3
SP11,CHAN SOW LIN,PH,5,0,1,0,0,1,0,17,66.42,4
PY37,PUTRA PERMAI,PYL,18,0,0,0,2,0,0,4,43.49,3
KG29,BANDAR TUN HUSSEIN ONN,MRT,4,0,0,0,0,0,0,10,37.59,3
PY40,CYBERJAYA CITY CENTRE,PYL,19,0,0,0,0,0,0,7,37.68,3
KG27,TAMAN SUNTEX,MRT,13,0,0,0,0,0,0,8,38.12,3
SP17,BUKIT JALIL,PH,20,1,1,0,1,2,0,8,40.83,3
PY09,METRO PRIMA,PYL,23,0,1,0,0,0,1,12,64.71,4
AG17,CAHAYA,AG,12,0,0,0,0,0,0,10,45.38,3
PY36,TAMAN EQUINE,PYL,2,0,0,0,0,0,0,13,50.46,3
PY05,DAMANSARA DAMAI,PYL,17,0,0,0,3,0,1,5,75.64,4
PY14,KENTOMEN,PYL,22,0,0,0,0,0,0,12,40.6,3
AG1,SENTUL TIMUR,AG,15,0,0,0,0,0,0,7,35.14,3
KG26,TAMAN CONNAUGHT,MRT,12,1,0,0,1,0,0,7,30.26,2
SP1,SENTUL TIMUR,PH,19,0,0,0,2,0,0,5,46.83,3
PY31,SERDANG RAYA UTARA,PYL,18,0,0,0,3,0,0,4,59.53,4
KG08,MUTIARA DAMANSARA,MRT,20,0,0,0,0,0,0,15,57.9,3
KJ30,SS 18,KJ,22,0,0,0,0,0,0,11,42.08,3
KG08,MUTIARA DAMANSARA,MRT,19,0,0,0,2,0,0,5,53.29,3
SP8,PLAZA RAKYAT,PH,5,1,1,0,0,1,0,15,52.25,3
AG2,SENTUL,AG,20,0,0,0,0,0,0,18,59.07,4
KG13,PUSAT BANDAR DAMANSARA,MRT,14,0,0,0,0,0,0,7,38.47,3
MR6,BUKIT BINTANG,MR,20,0,1,0,0,3,1,15,83.99,5
SP9,HANG TUAH,PH,13,1,0,0,1,4,1,12,68.34,4
SP14,BANDAR TUN RAZAK,PH,17,0,0,0,3,0,0,5,55.43,3
PY33,SERDANG JAYA,PYL,2,0,1,0,0,0,0,11,48.49,3
KJ29,SS 15,KJ,0,0,1,0,0,2,0,16,65.21,4
KJ18,KERINCHI,KJ,4,1,1,0,0,0,0,15,35.12,3
SP11,CHAN SOW LIN,PH,21,0,0,0,0,1,0,18,69.48,4
SP10,PUDU,PH,16,0,0,0,1,0,0,7,40.82,3
SP18,SRI PETALING,PH,2,0,0,0,0,0,0,18,55.45,3
KG35,KAJANG,MRT,14,0,1,0,0,0,0,7,48.88,3
PY04,SUNGAI BULOH,PYL,12,0,1,0,0,0,0,11,45.54,3
SP25,PUSAT BANDAR PUCHONG,PH,0,0,1,0,0,0,0,16,48.52,3
KJ20,TAMAN JAYA,KJ,16,0,0,0,2,0,0,4,47.12,3
KJ8,DAMAI,KJ,16,1,1,0,1,0,0,10,43.15,3
KG22,MALURI,MRT,18,0,0,0,3,1,0,4,75.68,4
MR11,TITIWANGSA,MR,12,0,0,0,0,4,0,12,66.04,4
KG09,BANDAR UTAMA,MRT,22,0,1,0,0,3,0,16,80.36,4
PY08,SRI DAMANSARA TIMUR,PYL,21,0,0,0,0,0,1,10,51.25,3
KJ19,UNIVERSITI,KJ,3,1,0,0,0,0,0,14,29.02,2
KG05,KWASA SENTRAL,MRT,0,0,1,0,0,0,1,15,66.4,4
SP5,SULTAN ISMAIL,PH,16,0,0,0,1,0,0,9,43.97,3
SP17,BUKIT JALIL,PH,2,0,1,0,0,2,0,17,66.58,4
KJ2,TAMAN MELATI,KJ,13,0,0,0,0,0,0,8,34.51,3
KG30,BATU 11 CHERAS,MRT,22,1,0,0,0,0,0,11,26.32,2
KG25,TAMAN MUTIARA,MRT,14,0,0,0,0,0,0,10,41.01,3
KG09,BANDAR UTAMA,MRT,16,0,0,0,2,3,1,4,92.77,5
PY11,JINJANG,PYL,2,0,0,0,0,0,0,12,39.53,3
MR6,BUKIT BINTANG,MR,12,0,1,0,0,3,1,9,74.11,4
KG35,KAJANG,MRT,21,0,0,0,0,0,0,10,47.82,3
SP18,SRI PETALING,PH,18,1,0,0,1,0,0,12,34.82,3
KG16,PASAR SENI,MRT,14,0,1,0,0,4,0,7,67.91,4
KJ24,KELANA JAYA,KJ,13,0,1,0,0,0,0,8,46.71,3
KG18A,BUKIT BINTANG,MRT,23,1,0,0,0,3,0,11,57.77,3
KJ1,GOMBAK,KJ,13,0,1,0,0,0,0,8,35.27,3
KG21,COCHRANE,MRT,22,1,1,0,0,0,0,13,37.27,3
PY09,METRO PRIMA,PYL,20,1,0,0,1,0,0,11,46.53,3
KG10,TAMAN TUN DR ISMAIL,MRT,20,0,0,0,0,0,1,15,56.06,3
KJ29,SS 15,KJ,1,0,0,0,0,2,0,13,57.67,3
KG33,SUNGAI JERNIH,MRT,14,0,0,0,0,0,0,10,41.09,3
KJ20,TAMAN JAYA,KJ,5,0,0,0,0,0,0,16,54.58,3
SP8,PLAZA RAKYAT,PH,23,1,1,0,0,1,0,16,54.83,3
KG34,STADIUM KAJANG,MRT,2,0,0,0,0,2,0,11,55.02,3
KG35,KAJANG,MRT,12,1,1,0,1,0,0,9,47.55,3
BRT7,USJ7,BRT,5,1,0,0,0,1,0,10,23.58,2
PY08,SRI DAMANSARA TIMUR,PYL,12,0,0,0,0,0,0,8,41.01,3
SP28,PUCHONG PERDANA,PH,18,0,1,0,2,0,0,5,57.43,3
SP10,PUDU,PH,2,0,0,1,0,0,0,11,51.6,3
SP19,AWAN BESAR,PH,3,0,0,0,0,0,0,10,37.8,3
KG27,TAMAN SUNTEX,MRT,17,0,1,0,3,0,0,3,73.9,4
KG25,TAMAN MUTIARA,MRT,1,0,0,0,0,0,0,15,53.25,3
KG17,MERDEKA,MRT,19,1,0,0,1,1,0,8,50.49,3
PY09,METRO PRIMA,PYL,2,0,0,0,0,0,0,13,47.45,3
AG7,MASJID JAMEK,AG,20,0,1,0,0,4,1,17,92.43,5
AG13,MALURI,AG,1,1,0,0,0,1,0,10,36.44,3
SP27,BANDAR PUTERI,PH,18,0,0,0,2,0,0,7,52.38,3
MR3,MAHARAJALELA,MR,12,0,0,0,0,0,0,11,34.37,3
KG22,MALURI,MRT,20,1,0,0,1,1,0,8,37.54,3
PY16,SENTUL BARAT,PYL,21,0,1,0,0,0,0,14,51.7,3
KG20,TUN RAZAK EXCHANGE,MRT,4,0,0,0,0,4,0,13,63.37,4
AG2,SENTUL,AG,5,0,1,0,0,0,0,14,56.92,3
PY34,UPM,PYL,19,1,0,0,1,0,0,11,44.63,3
SP28,PUCHONG PERDANA,PH,3,0,1,0,0,0,0,11,49.5,3
KG25,TAMAN MUTIARA,MRT,23,0,1,0,0,0,0,15,54.95,3
KJ36,SUBANG ALAM,KJ,4,0,0,0,0,0,0,13,40.91,3
KJ29,SS 15,KJ,18,0,1,0,2,2,0,6,73.22,4
KJ32,TAIPAN,KJ,21,0,0,0,0,0,0,12,49.36,3
KJ23,TAMAN BAHAGIA,KJ,16,0,0,0,2,0,1,6,64.62,4
KJ8,DAMAI,KJ,18,0,1,0,3,0,0,4,71.84,4
SP1,SENTUL TIMUR,PH,18,1,1,0,1,0,0,12,40.65,3
AG17,CAHAYA,AG,4,1,1,0,0,0,0,12,36.15,3
BRT2,MENTARI,BRT,22,0,0,0,0,0,0,18,45.62,3
KG30,BATU 11 CHERAS,MRT,22,0,0,0,0,0,0,13,44.61,3
KJ21,ASIA JAYA,KJ,2,1,1,0,0,0,0,11,40.67,3
KG33,SUNGAI JERNIH,MRT,23,0,1,0,0,0,0,13,50.06,3
KG25,TAMAN MUTIARA,MRT,17,0,0,0,3,0,0,4,68.83,4
KG13,PUSAT BANDAR DAMANSARA,MRT,17,0,0,0,3,0,0,3,61.59,4
KJ28,SUBANG JAYA,KJ,12,0,1,0,0,0,0,10,38.06,3
PY14,KENTOMEN,PYL,20,1,0,0,1,0,0,7,29.94,2
KG07,SURIAN,MRT,18,1,0,0,1,0,0,7,28.86,2
KJ4,SRI RAMPAI,KJ,15,0,0,0,0,0,0,8,36.83,3
KJ12,DANG WANGI,KJ,18,0,0,0,2,0,0,5,50.82,3
KG07,SURIAN,MRT,5,1,0,0,0,0,0,14,41.23,3
MR4,HANG TUAH,MR,2,0,0,0,0,4,0,16,63.22,4
KJ29,SS 15,KJ,0,0,0,0,0,2,0,17,59.88,4
KJ30,SS 18,KJ,4,0,0,0,0,0,0,13,42.91,3
PY28,TAMAN NAGA EMAS,PYL,14,0,0,0,0,0,0,8,29.14,2
KG10,TAMAN TUN DR ISMAIL,MRT,13,0,0,0,0,0,0,7,29.61,2
SP12,CHERAS,PH,22,0,0,0,0,0,0,11,40.34,3
KJ20,TAMAN JAYA,KJ,21,0,1,0,0,0,0,18,58.32,4
MR11,TITIWANGSA,MR,20,1,0,0,1,4,1,9,67.24,4
PY20,AMPANG PARK,PYL,21,0,0,0,0,0,0,15,45.5,3
SP22,KINRARA,PH,20,0,0,0,0,0,0,18,56.72,3
AG10,PUDU,AG,22,0,0,0,0,0,0,11,40.33,3
PY03,KAMPUNG SELAMAT,PYL,3,1,1,0,0,0,0,15,45.37,3
KG08,MUTIARA DAMANSARA,MRT,1,0,1,0,0,0,0,10,52.05,3
PY37,PUTRA PERMAI,PYL,3,0,1,0,0,0,1,12,52.1,3
MR5,IMBI,MR,16,0,1,0,2,0,0,5,55.06,3
SP9,HANG TUAH,PH,19,1,0,0,1,4,1,12,64.97,4
PY12,SRI DELIMA,PYL,1,0,0,0,0,0,0,16,47.2,3
KJ23,TAMAN BAHAGIA,KJ,0,0,0,0,0,0,0,11,48.56,3
KJ19,UNIVERSITI,KJ,14,1,0,0,1,0,0,10,28.64,2
PY39,CYBERJAYA UTARA,PYL,1,0,0,0,0,0,0,13,45.55,3
KJ29,SS 15,KJ,3,1,1,0,0,2,0,14,49.6,3
KJ12,DANG WANGI,KJ,18,0,0,0,2,0,0,4,49.58,3
PY08,SRI DAMANSARA TIMUR,PYL,19,1,1,0,1,0,0,9,44.05,3
KJ36,SUBANG ALAM,KJ,22,0,0,0,0,0,0,14,43.0,3
KJ33,WAWASAN,KJ,16,1,0,0,1,0,0,9,34.83,3
KJ1,GOMBAK,KJ,2,0,1,0,0,0,0,16,53.03,3
KJ16,BANK RAKYAT BANGSAR,KJ,2,0,0,0,0,0,1,18,70.19,4
AG3,TITIWANGSA,AG,14,0,0,0,0,4,0,12,57.61,3
MR4,HANG TUAH,MR,2,0,0,0,0,4,0,10,54.94,3
KJ35,ALAM MEGAH,KJ,21,0,0,0,0,0,0,17,43.8,3
KJ22,TAMAN PARAMOUNT,KJ,22,0,0,0,0,0,0,17,52.29,3
SP25,PUSAT BANDAR PUCHONG,PH,4,0,0,0,0,0,0,15,39.76,3
MR10,CHOW KIT,MR,22,0,0,0,0,0,0,17,49.97,3
KJ34,USJ 21,KJ,22,0,0,0,0,0,0,10,41.63,3
KG08,MUTIARA DAMANSARA,MRT,19,0,0,0,2,0,0,5,55.09,3
AG13,MALURI,AG,18,0,0,0,2,1,0,6,59.93,4
KJ8,DAMAI,KJ,1,0,1,0,0,0,0,12,50.71,3
PY32,SERDANG RAYA SELATAN,PYL,17,0,0,0,3,0,0,4,62.08,4
PY09,METRO PRIMA,PYL,2,1,0,0,0,0,0,10,36.92,3
SP5,SULTAN ISMAIL,PH,17,1,0,0,1,0,0,11,33.26,3
PY40,CYBERJAYA CITY CENTRE,PYL,4,0,0,0,0,0,0,16,46.83,3
KG09,BANDAR UTAMA,MRT,19,0,1,0,2,3,1,4,92.9,5
BRT3,SUNWAY LAGOON,BRT,19,0,0,0,0,0,0,8,37.05,3
KJ1,GOMBAK,KJ,18,0,0,0,3,0,0,3,58.89,4
KG08,MUTIARA DAMANSARA,MRT,3,0,1,0,0,0,0,15,61.48,4
KG29,BANDAR TUN HUSSEIN ONN,MRT,23,0,0,0,0,0,0,13,43.83,3
KG27,TAMAN SUNTEX,MRT,2,0,0,1,0,0,0,10,52.69,3
KG28,SRI RAYA,MRT,15,0,1,0,0,0,0,7,46.1,3
PY33,SERDANG JAYA,PYL,3,1,0,0,0,0,0,12,29.3,2
KJ37,PUTRA HEIGHTS,KJ,1,1,0,0,0,1,0,13,44.12,3
SP7,MASJID JAMEK,PH,5,0,0,0,0,4,0,18,80.92,4
SP26,TAMAN PERINDUSTRIAN PUCHONG,PH,22,0,0,0,0,0,0,17,45.11,3
SP2,SENTUL,PH,15,0,1,0,0,0,0,7,36.42,3
BRT1,SUNWAY-SETIA JAYA,BRT,1,1,1,0,0,0,0,11,28.19,2
KG35,KAJANG,MRT,2,0,0,0,0,0,0,16,56.96,3
KG26,TAMAN CONNAUGHT,MRT,21,0,0,0,0,0,0,14,54.92,3
KJ27,CGC GLENMARIE,KJ,2,0,1,0,0,0,0,12,41.41,3
KG24,TAMAN MIDAH,MRT,4,0,0,1,0,0,0,16,57.02,3
PY21,PERSIARAN KLCC,PYL,20,1,0,0,1,3,2,8,71.8,4
PY38,16 SIERRA,PYL,12,0,0,0,0,0,0,10,36.18,3
KG10,TAMAN TUN DR ISMAIL,MRT,2,0,0,0,0,0,0,11,34.21,3
SP9,HANG TUAH,PH,14,0,0,0,0,4,0,8,51.66,3
MR3,MAHARAJALELA,MR,22,0,0,0,0,0,0,14,36.9,3
SP24,IOI PUCHONG JAYA,PH,12,0,0,0,0,0,0,7,24.57,2
SP6,BANDARAYA - UOB,PH,15,1,0,0,1,0,0,7,27.96,2
KG35,KAJANG,MRT,4,1,1,0,0,0,0,11,38.26,3
MR11,TITIWANGSA,MR,20,0,0,0,0,4,1,10,63.76,4
KJ14,PASAR SENI,KJ,18,0,0,0,2,4,1,4,99.14,5
KJ21,ASIA JAYA,KJ,2,0,1,0,0,0,0,18,64.51,4
SP15,BANDAR TASIK SELATAN,PH,22,0,0,0,0,2,0,12,50.89,3
PY40,CYBERJAYA CITY CENTRE,PYL,14,1,0,0,1,0,0,8,36.82,3
PY34,UPM,PYL,18,0,0,0,2,0,1,7,71.7,4
KG04,KWASA DAMANSARA,MRT,22,0,0,0,0,1,0,10,48.41,3
PY06,SRI DAMANSARA BARAT,PYL,14,0,0,0,0,0,0,10,39.33,3
KJ14,PASAR SENI,KJ,2,0,0,0,0,4,0,16,80.17,4
KG05,KWASA SENTRAL,MRT,19,0,0,0,0,0,0,8,37.1,3
KG08,MUTIARA DAMANSARA,MRT,23,0,0,0,0,0,0,13,51.03,3
PY19,RAJA UDA,PYL,23,1,0,0,0,0,0,10,20.94,2
PY41,PUTRAJAYA SENTRAL,PYL,1,0,1,0,0,0,0,12,50.77,3
AG3,TITIWANGSA,AG,1,0,1,0,0,4,0,14,68.49,4
KJ3,WANGSA MAJU,KJ,20,0,0,0,0,2,1,13,59.07,4
KJ35,ALAM MEGAH,KJ,16,1,0,0,1,0,0,7,22.75,2
KJ11,KAMPUNG BARU - CBP COOPBANK PERTAMA,KJ,15,1,0,0,1,0,0,10,40.67,3
AG17,CAHAYA,AG,18,0,0,0,2,0,0,4,57.27,3
KJ33,WAWASAN,KJ,20,0,0,0,0,0,0,16,55.8,3
KJ21,ASIA JAYA,KJ,19,1,0,0,1,0,0,7,34.84,3
PY14,KENTOMEN,PYL,20,0,1,0,0,0,0,10,51.27,3
SP5,SULTAN ISMAIL,PH,3,0,0,0,0,0,0,15,48.4,3
KJ25,LEMBAH SUBANG,KJ,0,1,1,0,0,0,0,17,55.39,3
SP24,IOI PUCHONG JAYA,PH,22,0,0,0,0,0,0,13,42.24,3
SP31,PUTRA HEIGHTS,PH,20,0,1,0,0,1,0,18,69.72,4
SP4,PWTC,PH,5,0,1,0,0,0,0,14,56.73,3
MR1,KL SENTRAL,MR,13,0,1,0,0,4,0,8,73.09,4
AG18,AMPANG,AG,20,0,0,0,0,0,0,14,52.23,3
MR6,BUKIT BINTANG,MR,23,0,0,0,0,3,0,17,68.71,4
MR10,CHOW KIT,MR,5,0,0,0,0,0,0,12,41.6,3
MR9,MEDAN TUANKU,MR,1,0,0,0,0,0,0,13,44.9,3
PY20,AMPANG PARK,PYL,19,1,1,0,1,0,1,7,39.71,3
KG06,KOTA DAMANSARA,MRT,17,0,1,0,3,0,0,3,71.77,4
KG09,BANDAR UTAMA,MRT,19,0,1,0,2,3,1,5,100.0,5
PY12,SRI DELIMA,PYL,3,0,0,0,0,0,0,13,45.84,3
PY23,TUN RAZAK EXCHANGE,PYL,14,0,0,0,0,4,0,10,68.78,4
KG04,KWASA DAMANSARA,MRT,4,0,0,0,0,1,0,16,56.96,3
KJ18,KERINCHI,KJ,15,1,0,0,1,0,0,9,33.83,3
KG04,KWASA DAMANSARA,MRT,13,0,0,0,0,1,0,10,47.43,3
SP7,MASJID JAMEK,PH,0,1,0,0,0,4,0,18,66.28,4
PY33,SERDANG JAYA,PYL,3,1,1,0,0,0,0,11,41.64,3
SP4,PWTC,PH,21,0,0,0,0,0,0,17,55.94,3
SP22,KINRARA,PH,0,0,0,0,0,0,0,15,57.59,3
BRT6,SOUTH QUAY-USJ 1,BRT,21,1,0,0,1,0,1,12,41.32,3
AG14,PANDAN JAYA,AG,5,1,0,0,0,0,0,18,38.95,3
PY03,KAMPUNG SELAMAT,PYL,1,1,0,0,0,0,0,16,40.41,3
PY28,TAMAN NAGA EMAS,PYL,5,1,0,0,0,0,0,13,26.17,2
SP6,BANDARAYA - UOB,PH,14,0,0,0,0,0,0,10,45.65,3
PY15,JALAN IPOH,PYL,4,0,1,0,0,0,0,12,47.92,3
KG04,KWASA DAMANSARA,MRT,12,0,1,0,0,1,0,10,53.67,3
PY11,JINJANG,PYL,15,0,0,0,0,0,1,7,42.92,3
BRT3,SUNWAY LAGOON,BRT,2,0,1,0,0,0,0,16,57.59,3
KG12,PHILEO DAMANSARA,MRT,23,1,0,0,0,0,0,13,35.25,3
AG12,MIHARJA,AG,18,0,0,0,2,0,0,4,43.06,3
MR3,MAHARAJALELA,MR,16,0,0,0,1,0,0,12,45.12,3
PY06,SRI DAMANSARA BARAT,PYL,4,0,0,0,0,0,0,13,47.37,3
PY23,TUN RAZAK EXCHANGE,PYL,2,0,1,0,0,4,0,16,85.27,5
AG6,BANDARAYA - UOB,AG,18,0,1,0,3,0,0,5,71.03,4
KJ2,TAMAN MELATI,KJ,20,0,0,0,0,0,0,18,47.61,3
KJ35,ALAM MEGAH,KJ,18,0,0,0,2,0,0,5,51.3,3
KJ22,TAMAN PARAMOUNT,KJ,12,1,0,0,1,0,0,10,37.1,3
PY04,SUNGAI BULOH,PYL,22,0,0,0,0,0,0,11,36.63,3
KJ4,SRI RAMPAI,KJ,19,0,0,0,0,0,0,8,33.5,3
PY20,AMPANG PARK,PYL,13,0,0,0,0,0,0,10,36.29,3
KJ36,SUBANG ALAM,KJ,13,0,0,0,0,0,0,9,36.61,3
KG21,COCHRANE,MRT,16,0,0,0,1,0,0,10,49.51,3
SP1,SENTUL TIMUR,PH,0,0,0,0,0,0,0,14,40.24,3
KG25,TAMAN MUTIARA,MRT,20,0,0,0,0,0,0,13,49.63,3
MR9,MEDAN TUANKU,MR,2,0,0,0,0,0,0,17,53.61,3
KJ2,TAMAN MELATI,KJ,21,0,1,0,0,0,1,11,52.66,3
MR7,RAJA CHULAN,MR,16,0,0,0,1,0,0,11,49.63,3
KJ6,JELATEK,KJ,0,0,1,0,0,0,0,11,46.09,3
SP27,BANDAR PUTERI,PH,13,0,0,0,0,0,0,8,28.53,2
AG3,TITIWANGSA,AG,13,0,1,0,0,4,0,12,63.48,4
SP19,AWAN BESAR,PH,1,1,0,0,0,0,0,13,27.98,2
PY10,KEPONG BARU,PYL,0,0,0,0,0,0,0,10,36.72,3
BRT6,SOUTH QUAY-USJ 1,BRT,17,0,0,0,2,0,0,6,38.78,3
KG25,TAMAN MUTIARA,MRT,20,0,0,0,0,0,0,10,48.11,3
SP1,SENTUL TIMUR,PH,12,0,0,0,0,0,0,9,32.95,3
MR1,KL SENTRAL,MR,18,0,0,0,2,4,1,5,99.9,5
KJ14,PASAR SENI,KJ,4,1,0,0,0,4,0,16,68.0,4
SP8,PLAZA RAKYAT,PH,21,0,1,0,0,1,1,14,79.27,4
SP13,SALAK SELATAN,PH,23,0,0,0,0,0,0,14,54.87,3
PY39,CYBERJAYA UTARA,PYL,20,1,1,0,1,0,0,8,32.66,3
SP11,CHAN SOW LIN,PH,19,0,0,0,0,1,0,12,51.79,3
PY14,KENTOMEN,PYL,1,0,0,0,0,0,1,14,54.24,3
BRT2,MENTARI,BRT,0,1,1,0,0,0,0,15,36.18,3
PY08,SRI DAMANSARA TIMUR,PYL,1,0,0,0,0,0,0,12,49.96,3
PY33,SERDANG JAYA,PYL,15,0,0,0,0,0,0,10,44.82,3
PY24,CHAN SOW LIN,PYL,22,0,0,0,0,1,0,14,62.72,4
SP22,KINRARA,PH,0,0,0,0,0,0,0,12,47.46,3
PY22,CONLAY,PYL,14,0,0,0,0,0,0,7,29.92,2
AG13,MALURI,AG,17,1,0,0,1,1,0,11,44.37,3
SP29,PUCHONG PRIMA,PH,17,0,1,0,3,0,0,4,70.64,4
PY24,CHAN SOW LIN,PYL,3,0,0,0,0,1,0,12,51.0,3
BRT2,MENTARI,BRT,5,0,0,0,0,0,0,12,40.75,3
KJ25,LEMBAH SUBANG,KJ,22,0,1,0,0,0,0,16,61.24,4
PY39,CYBERJAYA UTARA,PYL,2,0,0,0,0,0,0,12,37.98,3
BRT3,SUNWAY LAGOON,BRT,23,0,1,0,0,0,0,11,40.5,3
KG08,MUTIARA DAMANSARA,MRT,19,1,0,0,1,0,0,8,41.34,3
BRT6,SOUTH QUAY-USJ 1,BRT,22,0,1,0,0,0,0,11,40.47,3
PY18,HOSPITAL KUALA LUMPUR,PYL,23,1,0,0,0,0,0,13,43.72,3
PY29,SUNGAI BESI,PYL,5,1,0,0,0,1,0,15,46.98,3
PY13,KAMPUNG BATU,PYL,15,0,1,0,0,0,0,7,36.23,3
AG10,PUDU,AG,20,0,1,0,0,0,0,18,55.77,3
KG21,COCHRANE,MRT,0,0,0,0,0,0,0,10,37.56,3
KG35,KAJANG,MRT,17,0,1,0,3,0,0,4,77.87,4
AG5,SULTAN ISMAIL,AG,19,1,1,0,1,0,1,8,40.01,3
AG2,SENTUL,AG,21,1,0,0,1,0,0,11,43.71,3
AG16,CEMPAKA,AG,4,1,0,0,0,0,0,15,40.86,3
AG9,HANG TUAH,AG,2,0,0,0,0,4,0,16,69.38,4
KG18A,BUKIT BINTANG,MRT,17,0,0,0,2,3,1,6,99.82,5
PY28,TAMAN NAGA EMAS,PYL,16,0,1,0,2,0,0,6,53.36,3
KJ34,USJ 21,KJ,19,0,0,0,2,0,0,5,57.81,3
KJ20,TAMAN JAYA,KJ,4,0,0,0,0,0,0,18,53.35,3
KG07,SURIAN,MRT,14,1,0,0,1,0,0,8,35.59,3
PY29,SUNGAI BESI,PYL,2,0,0,0,0,1,0,10,43.83,3
MR2,TUN SAMBANTHAN,MR,5,1,0,0,0,0,0,15,26.34,2
PY27,KUCHAI,PYL,12,0,0,0,0,0,0,10,49.3,3
KJ36,SUBANG ALAM,KJ,4,1,1,0,0,0,0,14,40.26,3
KJ25,LEMBAH SUBANG,KJ,1,0,0,0,0,0,0,12,51.89,3
PY28,TAMAN NAGA EMAS,PYL,5,0,0,0,0,0,0,16,40.04,3
KJ37,PUTRA HEIGHTS,KJ,2,0,0,0,0,1,0,16,61.79,4
KG26,TAMAN CONNAUGHT,MRT,13,0,0,0,0,0,1,10,48.83,3
KG16,PASAR SENI,MRT,3,0,0,0,0,4,0,10,65.15,4
AG10,PUDU,AG,17,1,0,0,1,0,0,7,20.24,2
PY40,CYBERJAYA CITY CENTRE,PYL,21,0,0,0,0,0,0,11,43.32,3
KJ12,DANG WANGI,KJ,15,0,0,0,0,0,0,7,33.73,3
KG10,TAMAN TUN DR ISMAIL,MRT,15,0,1,0,0,0,0,10,41.32,3
BRT3,SUNWAY LAGOON,BRT,15,0,0,0,0,0,0,13,43.17,3
AG10,PUDU,AG,15,1,0,0,1,0,0,11,29.84,2
MR2,TUN SAMBANTHAN,MR,15,0,1,0,0,0,0,11,38.42,3
AG3,TITIWANGSA,AG,16,0,1,0,1,4,0,12,73.99,4
KG26,TAMAN CONNAUGHT,MRT,22,1,0,0,0,0,0,11,29.31,2
SP5,SULTAN ISMAIL,PH,1,0,0,0,0,0,0,12,46.25,3
SP3,TITIWANGSA,PH,12,0,1,0,0,4,1,10,80.92,4
KJ25,LEMBAH SUBANG,KJ,4,1,0,0,0,0,0,12,39.27,3
AG3,TITIWANGSA,AG,21,0,0,0,0,4,1,16,76.51,4
PY40,CYBERJAYA CITY CENTRE,PYL,12,0,1,0,0,0,0,8,40.62,3
PY03,KAMPUNG SELAMAT,PYL,1,0,0,0,0,0,0,15,42.75,3
SP14,BANDAR TUN RAZAK,PH,4,0,0,0,0,0,0,10,34.72,3
PY03,KAMPUNG SELAMAT,PYL,0,0,1,0,0,0,0,15,51.01,3
AG7,MASJID JAMEK,AG,18,1,0,0,1,4,1,11,68.46,4
KG10,TAMAN TUN DR ISMAIL,MRT,15,1,0,0,1,0,0,10,28.52,2
SP17,BUKIT JALIL,PH,18,0,0,0,3,2,1,4,87.46,5
AG5,SULTAN ISMAIL,AG,18,0,0,0,2,0,0,7,47.68,3
KG16,PASAR SENI,MRT,4,0,1,0,0,4,0,12,75.4,4
SP11,CHAN SOW LIN,PH,5,1,0,0,0,1,0,17,52.59,3
PY18,HOSPITAL KUALA LUMPUR,PYL,23,0,0,0,0,0,0,14,52.98,3
BRT7,USJ7,BRT,12,0,1,0,0,1,0,8,43.95,3
AG5,SULTAN ISMAIL,AG,5,0,0,0,0,0,0,18,46.47,3
KJ16,BANK RAKYAT BANGSAR,KJ,22,0,0,0,0,0,0,10,43.05,3
KJ33,WAWASAN,KJ,17,0,0,0,2,0,0,6,59.36,4
AG18,AMPANG,AG,21,1,0,0,1,0,0,10,38.53,3
AG10,PUDU,AG,20,1,0,0,1,0,1,12,46.1,3
KJ33,WAWASAN,KJ,12,0,1,0,0,0,0,7,41.46,3
PY39,CYBERJAYA UTARA,PYL,5,0,0,0,0,0,0,12,35.94,3
KG29,BANDAR TUN HUSSEIN ONN,MRT,4,0,0,0,0,0,0,16,41.78,3
SP3,TITIWANGSA,PH,19,0,0,0,2,4,1,5,95.83,5
PY33,SERDANG JAYA,PYL,5,1,0,0,0,0,0,10,29.03,2
PY33,SERDANG JAYA,PYL,13,1,0,0,1,0,0,9,34.55,3
KG28,SRI RAYA,MRT,18,1,1,0,1,0,0,7,41.6,3
MR2,TUN SAMBANTHAN,MR,4,1,1,0,0,0,0,17,33.21,3
PY12,SRI DELIMA,PYL,13,1,0,0,1,0,1,9,36.93,3
MR10,CHOW KIT,MR,23,1,0,0,0,0,0,18,38.15,3
BRT5,SunU-Monash,BRT,5,1,0,0,0,0,0,11,25.87,2
AG1,SENTUL TIMUR,AG,21,1,0,0,1,0,1,12,55.97,3
AG9,HANG TUAH,AG,16,1,0,0,1,4,1,8,72.42,4
KG20,TUN RAZAK EXCHANGE,MRT,16,0,0,0,1,4,0,10,73.82,4
SP2,SENTUL,PH,15,0,0,0,0,0,0,8,28.42,2
KG18A,BUKIT BINTANG,MRT,18,0,0,0,2,3,1,5,99.19,5
MR11,TITIWANGSA,MR,23,0,0,0,0,4,0,12,61.22,4
KG10,TAMAN TUN DR ISMAIL,MRT,14,0,0,0,0,0,0,7,26.97,2
KJ33,WAWASAN,KJ,3,0,1,0,0,0,0,14,61.5,4
PY10,KEPONG BARU,PYL,23,0,0,0,0,0,0,10,37.78,3
KJ33,WAWASAN,KJ,21,0,0,0,0,0,0,11,45.08,3
SP10,PUDU,PH,19,0,0,0,0,0,0,8,39.5,3
KG06,KOTA DAMANSARA,MRT,15,0,0,0,0,0,0,10,44.81,3
KJ16,BANK RAKYAT BANGSAR,KJ,4,1,1,0,0,0,0,13,42.61,3
KJ11,KAMPUNG BARU - CBP COOPBANK PERTAMA,KJ,13,0,0,0,0,0,0,10,34.84,3
KG17,MERDEKA,MRT,5,0,0,0,0,1,0,13,54.96,3
AG10,PUDU,AG,20,0,0,0,0,0,0,16,49.29,3
PY09,METRO PRIMA,PYL,20,0,1,0,0,0,0,11,52.49,3
KG22,MALURI,MRT,19,0,0,0,0,1,0,10,46.63,3
PY31,SERDANG RAYA UTARA,PYL,18,0,0,0,2,0,0,4,54.43,3
PY38,16 SIERRA,PYL,23,0,0,0,0,0,0,13,35.7,3
SP26,TAMAN PERINDUSTRIAN PUCHONG,PH,12,0,0,0,0,0,0,12,40.87,3
MR10,CHOW KIT,MR,13,0,0,0,0,0,0,8,31.43,2
SP31,PUTRA HEIGHTS,PH,16,1,1,0,1,1,0,12,56.14,3
SP9,HANG TUAH,PH,3,0,0,0,0,4,1,16,70.71,4
MR4,HANG TUAH,MR,17,1,0,0,1,4,1,12,66.43,4
KG21,COCHRANE,MRT,4,0,0,0,0,0,0,11,40.64,3
KJ22,TAMAN PARAMOUNT,KJ,19,0,0,0,2,0,0,4,55.18,3
SP22,KINRARA,PH,0,0,0,0,0,0,0,17,61.33,4
PY13,KAMPUNG BATU,PYL,23,1,1,0,0,0,0,11,33.24,3
AG10,PUDU,AG,12,0,0,0,0,0,0,9,29.97,2
PY39,CYBERJAYA UTARA,PYL,12,0,1,0,0,0,0,9,44.37,3
PY40,CYBERJAYA CITY CENTRE,PYL,23,0,0,0,0,0,0,14,45.77,3
PY17,TITIWANGSA,PYL,1,0,1,0,0,4,0,10,76.3,4
PY32,SERDANG RAYA SELATAN,PYL,5,0,0,0,0,0,0,13,44.38,3
KJ34,USJ 21,KJ,14,0,0,0,0,0,0,7,40.71,3
SP13,SALAK SELATAN,PH,23,1,0,0,0,0,0,15,42.86,3
KJ16,BANK RAKYAT BANGSAR,KJ,2,0,0,0,0,0,0,18,60.48,4
AG14,PANDAN JAYA,AG,3,1,0,0,0,0,0,18,45.9,3
KG04,KWASA DAMANSARA,MRT,15,0,0,0,0,1,0,8,50.73,3
KG09,BANDAR UTAMA,MRT,14,0,0,0,0,3,1,9,70.6,4
SP25,PUSAT BANDAR PUCHONG,PH,21,1,1,0,1,0,0,11,34.59,3
KJ12,DANG WANGI,KJ,4,1,0,0,0,0,0,16,39.15,3
AG17,CAHAYA,AG,20,0,1,0,0,0,0,18,60.74,4
PY01,KWASA DAMANSARA,PYL,5,0,1,0,0,1,0,12,54.86,3
MR6,BUKIT BINTANG,MR,2,0,0,0,0,3,0,15,70.02,4
KJ6,JELATEK,KJ,1,0,0,0,0,0,0,14,43.5,3
KJ4,SRI RAMPAI,KJ,16,1,0,0,1,0,0,7,32.94,3
KG22,MALURI,MRT,16,0,0,0,2,1,0,6,61.63,4
KJ33,WAWASAN,KJ,21,1,1,0,1,0,0,8,43.57,3
PY41,PUTRAJAYA SENTRAL,PYL,23,0,0,0,0,0,0,16,52.16,3
SP26,TAMAN PERINDUSTRIAN PUCHONG,PH,17,0,1,0,3,0,0,5,65.63,4
PY31,SERDANG RAYA UTARA,PYL,16,0,0,0,2,0,0,4,46.6,3
MR10,CHOW KIT,MR,18,0,1,0,3,0,0,6,64.21,4
SP9,HANG TUAH,PH,3,0,0,0,0,4,0,12,58.5,4
PY23,TUN RAZAK EXCHANGE,PYL,19,1,0,0,1,4,1,7,66.09,4
PY09,METRO PRIMA,PYL,20,0,0,0,0,0,0,14,55.99,3
BRT2,MENTARI,BRT,4,1,0,0,0,0,0,10,25.17,2
PY10,KEPONG BARU,PYL,18,1,0,0,1,0,0,9,28.8,2
KJ32,TAIPAN,KJ,22,1,1,0,0,0,0,18,55.49,3
PY01,KWASA DAMANSARA,PYL,14,0,0,0,0,1,0,8,45.64,3
AG10,PUDU,AG,19,0,0,0,0,0,0,12,39.55,3
SP17,BUKIT JALIL,PH,15,1,0,0,1,2,0,10,46.14,3
KG31,BUKIT DUKUNG,MRT,2,0,0,0,0,0,0,16,54.41,3
SP16,SUNGAI BESI,PH,2,1,0,0,0,1,0,18,48.39,3
PY03,KAMPUNG SELAMAT,PYL,3,0,1,0,0,0,0,11,48.09,3
KJ19,UNIVERSITI,KJ,1,0,1,0,0,0,0,14,46.16,3
PY17,TITIWANGSA,PYL,21,0,0,0,0,4,1,12,83.83,5
PY05,DAMANSARA DAMAI,PYL,1,1,0,0,0,0,0,12,28.21,2
KJ34,USJ 21,KJ,20,0,0,0,0,0,0,14,48.8,3
PY05,DAMANSARA DAMAI,PYL,0,1,0,0,0,0,0,12,29.52,2
SP11,CHAN SOW LIN,PH,14,0,0,0,0,1,0,11,53.14,3
KJ34,USJ 21,KJ,0,1,1,0,0,0,0,15,52.62,3
KG22,MALURI,MRT,13,0,0,0,0,1,0,8,41.5,3
KG04,KWASA DAMANSARA,MRT,21,0,1,0,0,1,0,11,58.67,4
KG14,SEMANTAN,MRT,14,1,0,0,1,0,0,9,32.27,3
KG17,MERDEKA,MRT,20,0,0,0,0,1,0,13,61.73,4
KJ26,ARA DAMANSARA,KJ,4,0,0,0,0,0,0,17,42.69,3
SP5,SULTAN ISMAIL,PH,17,0,1,0,2,0,0,5,62.07,4
PY33,SERDANG JAYA,PYL,20,0,0,0,0,0,0,13,48.88,3
BRT2,MENTARI,BRT,4,1,0,0,0,0,0,14,36.24,3
SP28,PUCHONG PERDANA,PH,0,1,0,0,0,0,0,14,29.31,2
KG12,PHILEO DAMANSARA,MRT,1,1,0,0,0,0,0,14,33.3,3
AG4,PWTC,AG,0,0,0,0,0,0,0,15,43.43,3
PY20,AMPANG PARK,PYL,3,1,0,0,0,0,0,15,32.01,3
KJ21,ASIA JAYA,KJ,18,0,0,0,3,0,1,3,78.14,4
KJ12,DANG WANGI,KJ,23,1,1,0,0,0,0,17,49.52,3
PY34,UPM,PYL,5,0,0,0,0,0,0,15,49.79,3
KJ37,PUTRA HEIGHTS,KJ,20,1,0,0,1,1,0,9,43.97,3
SP29,PUCHONG PRIMA,PH,14,0,0,0,0,0,0,7,30.16,2
KG22,MALURI,MRT,2,1,1,0,0,1,0,15,49.12,3
PY33,SERDANG JAYA,PYL,19,0,1,0,0,0,0,11,50.05,3
KJ10,KLCC,KJ,15,1,0,0,1,3,2,7,68.9,4
AG16,CEMPAKA,AG,5,0,0,0,0,0,0,10,42.78,3
KG13,PUSAT BANDAR DAMANSARA,MRT,23,1,0,0,0,0,0,12,33.34,3
KG33,SUNGAI JERNIH,MRT,16,0,0,0,2,0,0,5,56.06,3
AG5,SULTAN ISMAIL,AG,14,0,0,0,0,0,0,12,41.28,3
KJ16,BANK RAKYAT BANGSAR,KJ,13,1,0,0,1,0,0,8,39.4,3
SP3,TITIWANGSA,PH,23,0,0,0,0,4,0,18,74.21,4
KJ24,KELANA JAYA,KJ,2,0,0,0,0,0,0,13,54.82,3
MR10,CHOW KIT,MR,1,1,1,0,0,0,0,10,24.41,2
KJ9,AMPANG PARK,KJ,19,0,0,0,2,0,0,5,60.69,4
PY14,KENTOMEN,PYL,12,0,0,0,0,0,0,7,34.21,3
KJ37,PUTRA HEIGHTS,KJ,22,0,0,0,0,1,0,17,59.54,4
KJ13,MASJID JAMEK,KJ,23,0,0,0,0,4,0,16,80.8,4
SP28,PUCHONG PERDANA,PH,16,1,1,0,1,0,0,9,39.3,3
KG16,PASAR SENI,MRT,5,0,1,0,0,4,0,13,78.88,4
KJ31,USJ 7,KJ,18,1,0,0,1,1,0,10,43.76,3
AG10,PUDU,AG,2,1,1,0,0,0,0,18,46.57,3
AG5,SULTAN ISMAIL,AG,16,0,1,0,2,0,0,6,59.0,4
PY28,TAMAN NAGA EMAS,PYL,17,1,1,0,1,0,0,10,37.14,3
KG23,TAMAN PERTAMA,MRT,14,0,0,0,0,0,0,8,33.99,3
PY34,UPM,PYL,14,0,1,0,0,0,0,9,44.24,3
KJ20,TAMAN JAYA,KJ,23,0,0,0,0,0,0,10,39.24,3
PY14,KENTOMEN,PYL,23,1,1,0,0,0,0,12,36.11,3
SP26,TAMAN PERINDUSTRIAN PUCHONG,PH,2,0,0,0,0,0,0,14,40.76,3
SP18,SRI PETALING,PH,17,0,0,0,3,0,0,5,56.66,3
SP18,SRI PETALING,PH,1,0,0,0,0,0,1,11,50.84,3
PY15,JALAN IPOH,PYL,22,0,0,0,0,0,0,10,43.67,3
AG7,MASJID JAMEK,AG,2,0,0,0,0,4,0,11,65.3,4
KG30,BATU 11 CHERAS,MRT,12,0,0,0,0,0,1,10,45.95,3
KG05,KWASA SENTRAL,MRT,21,1,0,0,1,0,0,7,32.59,3
PY03,KAMPUNG SELAMAT,PYL,15,0,0,0,0,0,0,7,35.4,3
AG5,SULTAN ISMAIL,AG,21,1,1,0,1,0,0,7,25.81,2
KG28,SRI RAYA,MRT,18,1,0,0,1,0,0,10,41.5,3
SP7,MASJID JAMEK,PH,17,0,0,0,3,4,1,4,100.0,5
PY22,CONLAY,PYL,20,0,0,0,0,0,0,13,45.4,3
SP28,PUCHONG PERDANA,PH,1,1,1,0,0,0,0,14,42.91,3
PY09,METRO PRIMA,PYL,0,0,0,0,0,0,0,10,49.44,3
KG04,KWASA DAMANSARA,MRT,17,0,0,0,2,1,0,5,61.8,4
AG12,MIHARJA,AG,23,0,0,0,0,0,0,18,51.96,3
PY27,KUCHAI,PYL,13,0,0,0,0,0,0,8,42.99,3
AG7,MASJID JAMEK,AG,17,1,0,0,1,4,1,7,68.79,4
AG4,PWTC,AG,17,0,0,0,3,0,0,5,61.47,4
PY17,TITIWANGSA,PYL,19,1,1,0,1,4,1,10,86.17,5
SP17,BUKIT JALIL,PH,14,0,0,0,0,2,0,7,42.94,3
KJ26,ARA DAMANSARA,KJ,15,0,0,0,0,0,0,7,28.9,2
KJ23,TAMAN BAHAGIA,KJ,16,1,1,0,1,0,0,8,36.98,3
PY27,KUCHAI,PYL,13,0,0,0,0,0,0,11,47.99,3
PY32,SERDANG RAYA SELATAN,PYL,21,0,1,0,0,0,0,13,57.26,3
MR8,BUKIT NANAS,MR,16,0,0,0,2,0,0,6,57.19,3
KJ14,PASAR SENI,KJ,4,1,0,0,0,4,0,15,61.97,4
KJ4,SRI RAMPAI,KJ,18,0,1,0,2,0,1,4,62.45,4
KG18A,BUKIT BINTANG,MRT,3,1,0,0,0,3,0,16,67.52,4
AG8,PLAZA RAKYAT,AG,5,0,1,0,0,1,0,14,63.52,4
PY03,KAMPUNG SELAMAT,PYL,2,0,1,0,0,0,0,16,53.66,3
SP16,SUNGAI BESI,PH,0,0,0,0,0,1,0,11,44.74,3
SP16,SUNGAI BESI,PH,22,0,0,0,0,1,0,13,45.78,3
SP27,BANDAR PUTERI,PH,18,1,0,0,1,0,0,8,27.81,2
SP19,AWAN BESAR,PH,5,0,1,0,0,0,0,10,41.84,3
KJ31,USJ 7,KJ,21,1,0,0,1,1,0,7,41.09,3
SP25,PUSAT BANDAR PUCHONG,PH,22,0,1,0,0,0,0,18,55.25,3
BRT6,SOUTH QUAY-USJ 1,BRT,3,0,0,0,0,0,0,18,43.17,3
AG14,PANDAN JAYA,AG,13,0,0,0,0,0,1,7,44.0,3
PY37,PUTRA PERMAI,PYL,20,0,0,0,0,0,0,15,42.07,3
MR7,RAJA CHULAN,MR,2,0,0,0,0,0,0,14,40.63,3
AG1,SENTUL TIMUR,AG,14,0,0,0,0,0,0,12,46.39,3
KJ7,DATO' KERAMAT,KJ,1,0,0,0,0,0,0,17,53.45,3
SP20,MUHIBBAH,PH,19,0,0,0,2,0,0,4,47.93,3
AG7,MASJID JAMEK,AG,3,0,1,0,0,4,0,16,73.32,4
KJ7,DATO' KERAMAT,KJ,12,0,0,0,0,0,0,9,40.31,3
SP5,SULTAN ISMAIL,PH,15,1,1,0,1,0,1,11,50.7,3
KJ7,DATO' KERAMAT,KJ,13,0,1,0,0,0,1,7,51.59,3
AG18,AMPANG,AG,5,0,0,0,0,0,0,13,46.32,3
SP3,TITIWANGSA,PH,1,1,0,0,0,4,0,17,57.95,3
KJ36,SUBANG ALAM,KJ,20,0,0,0,0,0,0,12,35.95,3
MR10,CHOW KIT,MR,18,0,1,0,2,0,0,6,51.11,3
PY37,PUTRA PERMAI,PYL,5,0,1,0,0,0,0,12,43.17,3
SP25,PUSAT BANDAR PUCHONG,PH,2,0,0,0,0,0,0,11,33.11,3
SP10,PUDU,PH,18,0,0,0,2,0,0,5,52.91,3
AG12,MIHARJA,AG,23,1,0,0,0,0,0,15,37.57,3
KJ34,USJ 21,KJ,22,0,1,0,0,0,0,12,51.36,3
KG34,STADIUM KAJANG,MRT,18,0,0,0,3,2,0,4,82.66,5
PY11,JINJANG,PYL,13,1,0,0,1,0,0,9,26.79,2
PY07,SRI DAMANSARA SENTRAL,PYL,21,0,0,0,0,0,0,15,52.63,3
KJ31,USJ 7,KJ,13,0,0,0,0,1,0,10,55.78,3
SP1,SENTUL TIMUR,PH,13,0,1,0,0,0,0,11,42.61,3
KG27,TAMAN SUNTEX,MRT,23,0,0,0,0,0,0,16,55.68,3
KG21,COCHRANE,MRT,18,0,0,0,3,0,0,3,60.41,4
PY38,16 SIERRA,PYL,18,1,0,0,1,0,0,8,26.58,2
KG33,SUNGAI JERNIH,MRT,3,0,0,0,0,0,0,10,37.64,3
MR2,TUN SAMBANTHAN,MR,1,0,0,0,0,0,0,13,39.56,3
BRT7,USJ7,BRT,20,1,0,0,1,1,0,10,37.57,3
SP10,PUDU,PH,16,0,0,0,2,0,0,7,61.68,4
SP20,MUHIBBAH,PH,15,0,0,0,0,0,0,12,49.71,3
KJ4,SRI RAMPAI,KJ,13,0,0,0,0,0,0,7,34.98,3
KG18A,BUKIT BINTANG,MRT,22,0,0,0,0,3,0,16,75.5,4
MR11,TITIWANGSA,MR,23,0,0,0,0,4,0,16,68.1,4
KJ27,CGC GLENMARIE,KJ,2,0,0,0,0,0,0,12,42.99,3
KG20,TUN RAZAK EXCHANGE,MRT,12,1,0,0,1,4,1,10,74.51,4
KJ22,TAMAN PARAMOUNT,KJ,1,0,0,0,0,0,0,11,41.1,3
AG6,BANDARAYA - UOB,AG,3,1,0,0,0,0,1,10,36.56,3
PY10,KEPONG BARU,PYL,23,0,0,0,0,0,0,10,40.71,3
PY39,CYBERJAYA UTARA,PYL,13,0,1,0,0,0,0,10,38.66,3
SP2,SENTUL,PH,18,0,0,0,3,0,0,5,63.61,4
KG06,KOTA DAMANSARA,MRT,4,0,0,0,0,0,0,10,40.6,3
SP24,IOI PUCHONG JAYA,PH,16,1,1,0,1,0,0,12,39.41,3
SP28,PUCHONG PERDANA,PH,3,0,1,0,0,0,0,18,58.66,4
SP2,SENTUL,PH,5,1,0,0,0,0,0,18,41.6,3
PY36,TAMAN EQUINE,PYL,17,1,1,0,1,0,0,7,42.0,3
KJ26,ARA DAMANSARA,KJ,0,0,0,0,0,0,0,10,31.24,2
PY05,DAMANSARA DAMAI,PYL,5,1,0,0,0,0,1,15,47.06,3
KJ20,TAMAN JAYA,KJ,21,0,0,0,0,0,0,11,45.0,3
KG25,TAMAN MUTIARA,MRT,14,0,0,0,0,0,0,8,42.36,3
BRT1,SUNWAY-SETIA JAYA,BRT,3,0,0,0,0,0,0,14,39.53,3
KJ3,WANGSA MAJU,KJ,22,0,0,0,0,2,1,17,68.09,4
MR4,HANG TUAH,MR,21,0,1,0,0,4,1,10,67.86,4
PY38,16 SIERRA,PYL,14,0,0,0,0,0,0,8,27.45,2
KG21,COCHRANE,MRT,18,1,0,0,1,0,0,7,26.17,2
KG13,PUSAT BANDAR DAMANSARA,MRT,23,0,1,0,0,0,0,10,45.08,3
AG13,MALURI,AG,0,0,1,0,0,1,0,15,63.06,4
SP12,CHERAS,PH,3,0,0,0,0,0,0,10,41.75,3
AG15,PANDAN INDAH,AG,21,0,0,0,0,0,0,17,49.47,3
MR9,MEDAN TUANKU,MR,12,0,0,0,0,0,0,10,36.45,3
AG2,SENTUL,AG,3,1,0,0,0,0,0,15,36.44,3
MR9,MEDAN TUANKU,MR,0,0,1,0,0,0,0,11,44.15,3
PY14,KENTOMEN,PYL,0,0,0,0,0,0,0,14,52.08,3
BRT6,SOUTH QUAY-USJ 1,BRT,21,1,1,0,1,0,0,10,28.68,2
MR7,RAJA CHULAN,MR,22,0,0,0,0,0,1,17,54.83,3
PY27,KUCHAI,PYL,4,0,0,0,0,0,0,15,56.93,3
SP12,CHERAS,PH,16,1,0,0,1,0,0,12,46.07,3
KJ8,DAMAI,KJ,22,1,0,0,0,0,0,16,43.1,3
PY07,SRI DAMANSARA SENTRAL,PYL,19,0,1,0,0,0,0,11,48.92,3
KG09,BANDAR UTAMA,MRT,22,0,0,0,0,3,0,10,66.7,4
KJ5,SETIAWANGSA,KJ,23,0,0,0,0,0,0,16,48.83,3
AG6,BANDARAYA - UOB,AG,1,0,0,0,0,0,0,11,38.58,3
KG33,SUNGAI JERNIH,MRT,16,1,0,0,1,0,0,7,29.82,2
MR6,BUKIT BINTANG,MR,13,1,0,0,1,3,2,12,76.21,4
KJ34,USJ 21,KJ,13,0,0,0,0,0,0,9,40.02,3
KG16,PASAR SENI,MRT,17,0,0,0,2,4,1,5,96.51,5
KJ16,BANK RAKYAT BANGSAR,KJ,2,0,0,0,0,0,0,10,43.05,3
KJ2,TAMAN MELATI,KJ,18,1,0,0,1,0,0,9,28.09,2
KJ27,CGC GLENMARIE,KJ,0,0,1,0,0,0,0,10,37.4,3
KG24,TAMAN MIDAH,MRT,2,0,0,0,0,0,0,14,49.68,3
SP25,PUSAT BANDAR PUCHONG,PH,17,1,1,0,1,0,0,10,38.86,3
AG17,CAHAYA,AG,19,0,0,0,0,0,0,8,37.9,3
PY18,HOSPITAL KUALA LUMPUR,PYL,18,0,1,0,3,0,0,5,78.28,4
KG17,MERDEKA,MRT,13,0,0,0,0,1,1,10,61.86,4
PY41,PUTRAJAYA SENTRAL,PYL,12,1,0,0,1,0,0,8,28.5,2
AG1,SENTUL TIMUR,AG,12,0,1,0,0,0,0,8,43.83,3
KJ5,SETIAWANGSA,KJ,20,1,0,0,1,0,0,9,30.71,2
KG16,PASAR SENI,MRT,14,1,0,0,1,4,1,10,81.58,4
KJ5,SETIAWANGSA,KJ,3,0,0,0,0,0,0,15,42.75,3
SP14,BANDAR TUN RAZAK,PH,4,0,0,0,0,0,0,16,44.79,3
KJ8,DAMAI,KJ,14,0,0,0,0,0,0,9,36.75,3
PY14,KENTOMEN,PYL,1,0,1,0,0,0,0,10,42.38,3
SP27,BANDAR PUTERI,PH,13,0,1,0,0,0,0,11,40.56,3
PY10,KEPONG BARU,PYL,20,1,1,0,1,0,0,10,33.26,3
KJ29,SS 15,KJ,14,1,0,0,1,2,0,8,40.43,3
KJ4,SRI RAMPAI,KJ,23,0,0,0,0,0,0,11,38.7,3
KG28,SRI RAYA,MRT,12,0,0,0,0,0,0,7,41.32,3
KJ22,TAMAN PARAMOUNT,KJ,4,1,0,0,0,0,1,17,52.94,3
KJ8,DAMAI,KJ,12,1,0,0,1,0,0,10,35.08,3
KG34,STADIUM KAJANG,MRT,17,0,0,0,2,2,0,6,70.64,4
SP2,SENTUL,PH,18,0,0,0,2,0,0,4,50.61,3
MR5,IMBI,MR,17,1,0,0,1,0,0,11,30.96,2
PY18,HOSPITAL KUALA LUMPUR,PYL,18,1,1,0,1,0,0,11,47.21,3
KJ9,AMPANG PARK,KJ,3,0,0,0,0,0,0,14,48.08,3
SP17,BUKIT JALIL,PH,1,0,0,0,0,2,0,12,51.15,3
KG09,BANDAR UTAMA,MRT,1,1,0,0,0,3,0,16,58.47,4
KJ16,BANK RAKYAT BANGSAR,KJ,1,0,0,0,0,0,0,13,48.06,3
SP1,SENTUL TIMUR,PH,16,0,0,0,2,0,0,4,50.21,3
SP15,BANDAR TASIK SELATAN,PH,13,0,0,0,0,2,0,8,44.49,3
AG2,SENTUL,AG,19,0,1,0,0,0,0,8,50.1,3
SP1,SENTUL TIMUR,PH,4,0,0,0,0,0,0,10,31.45,2
PY10,KEPONG BARU,PYL,14,0,0,0,0,0,0,7,31.62,2
SP8,PLAZA RAKYAT,PH,5,1,1,0,0,1,0,11,50.39,3
AG17,CAHAYA,AG,18,1,0,0,1,0,0,9,35.28,3
KJ25,LEMBAH SUBANG,KJ,16,0,0,0,1,0,1,9,58.47,4
PY16,SENTUL BARAT,PYL,16,0,1,0,2,0,0,5,58.56,4
SP5,SULTAN ISMAIL,PH,18,0,0,0,2,0,0,7,58.05,4
SP15,BANDAR TASIK SELATAN,PH,0,0,0,0,0,2,0,17,54.78,3
KJ21,ASIA JAYA,KJ,14,1,1,0,1,0,0,7,38.31,3
AG2,SENTUL,AG,16,0,0,0,2,0,0,4,59.24,4
KJ21,ASIA JAYA,KJ,22,1,1,0,0,0,0,16,45.98,3
KJ14,PASAR SENI,KJ,13,0,0,0,0,4,0,7,63.41,4
PY10,KEPONG BARU,PYL,18,0,0,0,3,0,0,4,59.11,4
AG10,PUDU,AG,21,0,0,0,0,0,0,13,39.01,3
KJ10,KLCC,KJ,22,0,1,0,0,3,0,11,64.66,4
KJ21,ASIA JAYA,KJ,20,0,1,0,0,0,0,17,61.76,4
PY11,JINJANG,PYL,12,0,0,0,0,0,0,9,35.21,3
KG24,TAMAN MIDAH,MRT,15,0,1,0,0,0,0,8,46.73,3
KJ32,TAIPAN,KJ,21,1,0,0,1,0,1,10,52.11,3
PY15,JALAN IPOH,PYL,23,0,0,1,0,0,0,14,55.74,3
SP21,ALAM SUTERA,PH,17,1,1,0,1,0,0,7,34.34,3
SP8,PLAZA RAKYAT,PH,21,0,0,0,0,1,0,14,61.47,4
MR11,TITIWANGSA,MR,13,0,0,0,0,4,0,10,63.62,4
AG11,CHAN SOW LIN,AG,13,0,0,0,0,1,0,9,47.57,3
PY33,SERDANG JAYA,PYL,4,0,0,0,0,0,0,12,50.28,3
KG28,SRI RAYA,MRT,13,1,1,0,1,0,0,8,42.82,3
MR4,HANG TUAH,MR,12,0,1,0,0,4,0,9,57.18,3
SP15,BANDAR TASIK SELATAN,PH,3,0,1,0,0,2,0,12,57.23,3
SP20,MUHIBBAH,PH,23,0,0,0,0,0,0,15,45.47,3
KJ13,MASJID JAMEK,KJ,13,1,0,0,1,4,1,7,72.35,4
PY01,KWASA DAMANSARA,PYL,14,1,1,0,1,1,0,10,45.18,3
PY04,SUNGAI BULOH,PYL,2,1,0,0,0,0,0,13,34.69,3
KG22,MALURI,MRT,14,0,0,0,0,1,0,7,42.84,3
KG35,KAJANG,MRT,0,0,0,0,0,0,0,10,48.73,3
BRT5,SunU-Monash,BRT,17,0,1,0,2,0,0,7,59.84,4
KJ32,TAIPAN,KJ,14,0,0,0,0,0,0,8,39.91,3
KJ32,TAIPAN,KJ,5,0,1,0,0,0,0,14,56.91,3
BRT1,SUNWAY-SETIA JAYA,BRT,19,1,1,0,1,0,0,11,38.61,3
BRT2,MENTARI,BRT,13,1,0,0,1,0,0,13,34.81,3
SP8,PLAZA RAKYAT,PH,19,0,0,0,2,1,0,4,69.77,4
KG20,TUN RAZAK EXCHANGE,MRT,0,0,0,0,0,4,1,10,67.94,4
SP17,BUKIT JALIL,PH,22,0,0,0,0,2,0,16,59.1,4
KG18A,BUKIT BINTANG,MRT,0,0,0,0,0,3,0,16,77.32,4
KG04,KWASA DAMANSARA,MRT,3,0,0,0,0,1,0,16,63.28,4
KG21,COCHRANE,MRT,4,1,0,0,0,0,0,10,22.05,2
SP18,SRI PETALING,PH,17,1,1,0,1,0,0,12,47.04,3
KG18A,BUKIT BINTANG,MRT,5,1,0,0,0,3,0,16,61.78,4
SP14,BANDAR TUN RAZAK,PH,16,0,0,0,2,0,0,6,45.63,3
KJ1,GOMBAK,KJ,15,0,0,0,0,0,0,7,28.2,2
KJ11,KAMPUNG BARU - CBP COOPBANK PERTAMA,KJ,1,0,0,0,0,0,1,10,50.83,3
KG29,BANDAR TUN HUSSEIN ONN,MRT,19,1,1,0,1,0,0,7,30.67,2
PY21,PERSIARAN KLCC,PYL,3,1,0,0,0,3,0,15,50.79,3
PY06,SRI DAMANSARA BARAT,PYL,22,0,1,0,0,0,0,16,57.72,3
BRT4,SUNMED,BRT,13,0,0,1,0,0,0,11,46.22,3
PY28,TAMAN NAGA EMAS,PYL,13,1,0,0,1,0,0,9,32.65,3
PY32,SERDANG RAYA SELATAN,PYL,16,1,0,0,1,0,0,11,42.92,3
KG30,BATU 11 CHERAS,MRT,20,1,0,0,1,0,0,8,27.7,2
SP29,PUCHONG PRIMA,PH,17,1,0,0,1,0,0,9,28.24,2
KJ8,DAMAI,KJ,17,1,0,0,1,0,0,10,41.32,3
KG25,TAMAN MUTIARA,MRT,19,0,0,0,2,0,0,4,58.53,4
KG06,KOTA DAMANSARA,MRT,5,1,0,0,0,0,0,16,37.42,3
KJ28,SUBANG JAYA,KJ,22,1,0,0,0,0,1,10,31.24,2
PY27,KUCHAI,PYL,3,0,1,0,0,0,0,16,63.09,4
AG11,CHAN SOW LIN,AG,17,0,0,0,3,1,0,5,76.17,4
KG05,KWASA SENTRAL,MRT,15,1,0,0,1,0,0,8,34.45,3
KG34,STADIUM KAJANG,MRT,3,1,1,0,0,2,0,11,52.76,3
MR11,TITIWANGSA,MR,20,0,0,0,0,4,1,16,78.13,4
MR11,TITIWANGSA,MR,19,0,0,0,0,4,1,9,67.35,4
AG11,CHAN SOW LIN,AG,14,0,0,0,0,1,0,9,42.54,3
KJ5,SETIAWANGSA,KJ,14,0,0,0,0,0,0,9,32.96,3
SP17,BUKIT JALIL,PH,5,1,1,0,0,2,0,16,55.48,3
PY04,SUNGAI BULOH,PYL,3,0,0,0,0,0,1,13,52.98,3
AG14,PANDAN JAYA,AG,0,0,0,0,0,0,0,17,53.62,3
BRT6,SOUTH QUAY-USJ 1,BRT,3,1,1,0,0,0,0,16,36.27,3
PY15,JALAN IPOH,PYL,15,1,0,0,1,0,0,10,41.05,3
MR6,BUKIT BINTANG,MR,23,1,0,0,0,3,0,10,44.33,3
KJ15,KL SENTRAL - REDONE,KJ,13,0,1,0,0,4,0,10,75.48,4
MR4,HANG TUAH,MR,4,1,0,0,0,4,0,11,47.14,3
KJ34,USJ 21,KJ,12,0,0,0,0,0,0,7,37.33,3
KJ12,DANG WANGI,KJ,20,1,0,0,1,0,0,8,36.42,3
MR7,RAJA CHULAN,MR,22,1,0,0,0,0,0,12,24.98,2
SP26,TAMAN PERINDUSTRIAN PUCHONG,PH,5,0,0,0,0,0,0,13,45.24,3
AG9,HANG TUAH,AG,0,0,0,0,0,4,0,15,70.3,4
PY12,SRI DELIMA,PYL,5,0,1,0,0,0,0,13,48.87,3
SP13,SALAK SELATAN,PH,1,0,1,0,0,0,0,16,59.08,4
PY38,16 SIERRA,PYL,15,0,1,0,0,0,0,7,40.25,3
AG5,SULTAN ISMAIL,AG,2,1,0,0,0,0,0,16,37.97,3
SP26,TAMAN PERINDUSTRIAN PUCHONG,PH,23,0,1,0,0,0,1,14,61.3,4
MR6,BUKIT BINTANG,MR,23,0,1,0,0,3,0,15,70.88,4
PY15,JALAN IPOH,PYL,2,0,1,0,0,0,0,12,50.14,3
AG15,PANDAN INDAH,AG,0,0,0,0,0,0,0,14,51.42,3
KG34,STADIUM KAJANG,MRT,13,1,0,0,1,2,0,10,51.91,3
KG09,BANDAR UTAMA,MRT,17,0,0,0,3,3,1,4,100.0,5
SP25,PUSAT BANDAR PUCHONG,PH,17,0,0,0,2,0,0,7,50.98,3
KJ14,PASAR SENI,KJ,3,1,1,0,0,4,0,15,71.24,4
SP3,TITIWANGSA,PH,4,1,0,0,0,4,0,17,60.19,4
PY17,TITIWANGSA,PYL,15,0,0,0,0,4,0,8,64.8,4
PY05,DAMANSARA DAMAI,PYL,4,1,0,0,0,0,0,15,34.63,3
PY21,PERSIARAN KLCC,PYL,4,0,0,0,0,3,0,14,61.26,4
KG10,TAMAN TUN DR ISMAIL,MRT,21,1,0,0,1,0,0,8,33.22,3
AG16,CEMPAKA,AG,19,1,0,0,1,0,0,12,37.15,3
AG13,MALURI,AG,18,1,0,0,1,1,0,12,47.1,3
AG16,CEMPAKA,AG,23,0,0,0,0,0,0,12,49.85,3
MR8,BUKIT NANAS,MR,14,1,0,0,1,0,0,11,38.94,3
BRT6,SOUTH QUAY-USJ 1,BRT,14,0,0,0,0,0,0,9,25.06,2
PY12,SRI DELIMA,PYL,13,0,1,0,0,0,0,8,43.66,3
MR8,BUKIT NANAS,MR,12,0,1,0,0,0,1,9,53.64,3
PY04,SUNGAI BULOH,PYL,20,0,0,0,0,0,0,12,38.67,3
KJ19,UNIVERSITI,KJ,17,0,0,0,3,0,0,4,58.93,4
KJ33,WAWASAN,KJ,17,1,1,0,1,0,1,8,55.17,3
SP15,BANDAR TASIK SELATAN,PH,19,0,1,0,0,2,0,10,49.8,3
AG4,PWTC,AG,12,0,1,1,0,0,0,8,45.04,3
SP28,PUCHONG PERDANA,PH,21,0,0,0,0,0,0,10,40.7,3
SP20,MUHIBBAH,PH,5,0,1,0,0,0,0,10,45.29,3
KJ9,AMPANG PARK,KJ,13,0,0,0,0,0,0,7,42.27,3
SP24,IOI PUCHONG JAYA,PH,23,1,1,0,0,0,0,12,33.66,3
AG12,MIHARJA,AG,2,0,0,0,0,0,0,18,52.9,3
KG17,MERDEKA,MRT,16,0,0,0,1,1,0,8,59.6,4
SP17,BUKIT JALIL,PH,23,0,1,0,0,2,0,15,61.76,4
SP28,PUCHONG PERDANA,PH,1,0,1,0,0,0,0,15,52.28,3
MR4,HANG TUAH,MR,16,0,0,0,1,4,0,9,71.24,4
MR11,TITIWANGSA,MR,16,0,1,0,2,4,1,7,94.83,5
SP9,HANG TUAH,PH,14,1,1,0,1,4,1,10,70.49,4
KG15,MUZIUM NEGARA,MRT,21,0,0,0,0,0,0,12,43.41,3
AG8,PLAZA RAKYAT,AG,4,1,0,0,0,1,0,16,46.15,3
KG25,TAMAN MUTIARA,MRT,21,0,0,0,0,0,0,14,54.83,3
PY34,UPM,PYL,0,1,0,0,0,0,0,10,35.33,3
KG35,KAJANG,MRT,19,1,0,0,1,0,0,9,41.86,3
KJ6,JELATEK,KJ,16,0,0,0,2,0,0,5,55.86,3
SP8,PLAZA RAKYAT,PH,14,1,0,0,1,1,0,8,49.02,3
PY32,SERDANG RAYA SELATAN,PYL,15,1,0,0,1,0,0,9,37.95,3
PY18,HOSPITAL KUALA LUMPUR,PYL,21,0,1,0,0,0,0,12,50.58,3
PY41,PUTRAJAYA SENTRAL,PYL,1,1,1,0,0,0,0,15,48.34,3
KJ22,TAMAN PARAMOUNT,KJ,18,0,1,0,2,0,0,4,61.02,4
SP8,PLAZA RAKYAT,PH,2,0,0,0,0,1,0,15,65.51,4
PY16,SENTUL BARAT,PYL,15,0,0,0,0,0,0,8,35.99,3
PY40,CYBERJAYA CITY CENTRE,PYL,17,0,1,0,3,0,0,5,68.51,4
KG12,PHILEO DAMANSARA,MRT,5,0,0,0,0,0,0,10,39.24,3
KG23,TAMAN PERTAMA,MRT,23,1,0,0,0,0,1,10,42.36,3
SP14,BANDAR TUN RAZAK,PH,23,1,0,0,0,0,0,13,26.02,2
AG18,AMPANG,AG,21,0,0,0,0,0,0,12,49.86,3
KG21,COCHRANE,MRT,17,1,1,0,1,0,0,9,41.29,3
MR2,TUN SAMBANTHAN,MR,18,0,0,0,3,0,0,5,59.68,4
KJ30,SS 18,KJ,14,1,0,0,1,0,0,10,37.46,3
KJ11,KAMPUNG BARU - CBP COOPBANK PERTAMA,KJ,22,1,1,0,0,0,0,14,38.08,3
AG16,CEMPAKA,AG,18,0,0,0,2,0,0,6,58.82,4
SP11,CHAN SOW LIN,PH,13,1,1,0,1,1,0,7,49.79,3
SP15,BANDAR TASIK SELATAN,PH,14,1,0,0,1,2,0,8,38.44,3
PY36,TAMAN EQUINE,PYL,5,0,0,0,0,0,0,14,52.32,3
MR10,CHOW KIT,MR,13,0,0,0,0,0,0,8,34.13,3
KJ28,SUBANG JAYA,KJ,16,1,0,0,1,0,0,10,33.6,3
AG1,SENTUL TIMUR,AG,23,0,1,0,0,0,0,18,66.07,4
PY32,SERDANG RAYA SELATAN,PYL,18,1,0,0,1,0,0,11,39.32,3
AG17,CAHAYA,AG,1,1,0,0,0,0,0,12,29.66,2
PY01,KWASA DAMANSARA,PYL,4,0,0,0,0,1,0,14,48.61,3
PY01,KWASA DAMANSARA,PYL,21,1,0,0,1,1,0,10,39.1,3
KG23,TAMAN PERTAMA,MRT,1,0,0,0,0,0,0,16,49.29,3
PY22,CONLAY,PYL,2,1,0,0,0,0,0,15,38.04,3
AG1,SENTUL TIMUR,AG,3,1,1,0,0,0,0,16,47.28,3
KG27,TAMAN SUNTEX,MRT,3,1,0,0,0,0,0,12,41.48,3
PY10,KEPONG BARU,PYL,17,0,0,0,3,0,0,4,64.31,4
PY27,KUCHAI,PYL,22,0,1,0,0,0,0,12,51.75,3
AG15,PANDAN INDAH,AG,22,0,0,0,0,0,0,13,40.71,3
AG10,PUDU,AG,17,0,0,0,3,0,0,4,53.31,3
KG21,COCHRANE,MRT,4,1,0,0,0,0,0,10,29.47,2
MR6,BUKIT BINTANG,MR,17,1,0,0,1,3,2,8,73.5,4
AG15,PANDAN INDAH,AG,20,0,0,0,0,0,0,11,40.98,3
KG15,MUZIUM NEGARA,MRT,1,0,0,0,0,0,0,15,48.52,3
KJ25,LEMBAH SUBANG,KJ,2,0,0,0,0,0,0,10,45.1,3
SP7,MASJID JAMEK,PH,14,0,0,0,0,4,0,11,65.05,4
KJ2,TAMAN MELATI,KJ,12,1,1,0,1,0,0,7,31.64,2
KJ2,TAMAN MELATI,KJ,12,0,1,0,0,0,0,7,35.16,3
KJ7,DATO' KERAMAT,KJ,17,1,0,0,1,0,0,10,39.4,3
SP1,SENTUL TIMUR,PH,18,0,0,0,2,0,0,4,50.46,3
KJ12,DANG WANGI,KJ,15,0,0,0,0,0,0,9,41.88,3
SP25,PUSAT BANDAR PUCHONG,PH,5,0,0,0,0,0,0,13,42.02,3
PY23,TUN RAZAK EXCHANGE,PYL,20,0,0,0,0,4,1,11,72.97,4
AG3,TITIWANGSA,AG,5,0,0,0,0,4,0,14,66.77,4
AG15,PANDAN INDAH,AG,12,0,1,0,0,0,0,7,35.82,3
KG20,TUN RAZAK EXCHANGE,MRT,15,1,0,0,1,4,1,8,70.72,4
SP28,PUCHONG PERDANA,PH,20,0,0,0,0,0,1,13,52.49,3
KJ6,JELATEK,KJ,2,0,0,0,0,0,0,13,40.73,3
KJ8,DAMAI,KJ,0,1,0,0,0,0,1,16,54.57,3
KJ18,KERINCHI,KJ,5,0,0,0,0,0,0,14,42.73,3
SP6,BANDARAYA - UOB,PH,5,0,0,0,0,0,0,16,56.01,3
BRT3,SUNWAY LAGOON,BRT,0,0,0,0,0,0,0,14,46.62,3
KJ14,PASAR SENI,KJ,17,1,0,0,1,4,1,10,73.67,4
KG04,KWASA DAMANSARA,MRT,15,0,0,0,0,1,0,7,44.85,3
BRT7,USJ7,BRT,15,0,0,0,0,1,1,10,44.29,3
KJ4,SRI RAMPAI,KJ,16,0,1,0,2,0,0,4,50.33,3
PY15,JALAN IPOH,PYL,5,0,0,0,0,0,0,15,50.53,3
PY07,SRI DAMANSARA SENTRAL,PYL,20,0,0,0,0,0,0,12,50.75,3
KJ32,TAIPAN,KJ,12,0,0,0,0,0,0,9,46.37,3
KJ6,JELATEK,KJ,19,1,0,0,1,0,0,10,37.97,3
KJ11,KAMPUNG BARU - CBP COOPBANK PERTAMA,KJ,18,0,0,0,2,0,0,4,48.25,3
KG22,MALURI,MRT,22,1,0,0,0,1,0,10,35.25,3
AG13,MALURI,AG,18,1,0,0,1,1,0,10,46.76,3
BRT2,MENTARI,BRT,2,1,0,0,0,0,0,13,26.01,2
AG6,BANDARAYA - UOB,AG,20,0,0,0,0,0,0,16,41.95,3
BRT6,SOUTH QUAY-USJ 1,BRT,18,0,0,0,3,0,0,6,57.64,3
PY32,SERDANG RAYA SELATAN,PYL,20,1,0,0,1,0,0,11,40.63,3
AG13,MALURI,AG,0,0,0,0,0,1,0,15,59.0,4
PY04,SUNGAI BULOH,PYL,4,1,0,0,0,0,0,10,32.5,3
SP18,SRI PETALING,PH,4,0,0,0,0,0,0,13,39.63,3
KG33,SUNGAI JERNIH,MRT,23,1,1,0,0,0,0,10,37.92,3
PY37,PUTRA PERMAI,PYL,15,1,0,0,1,0,0,8,24.04,2
KG17,MERDEKA,MRT,21,0,0,0,0,1,0,11,52.14,3
PY41,PUTRAJAYA SENTRAL,PYL,20,0,1,0,0,0,0,13,50.41,3
SP25,PUSAT BANDAR PUCHONG,PH,23,0,0,0,0,0,0,14,41.62,3
AG15,PANDAN INDAH,AG,0,0,0,0,0,0,0,12,44.4,3
SP20,MUHIBBAH,PH,12,0,0,0,0,0,0,8,36.58,3
PY12,SRI DELIMA,PYL,23,0,1,0,0,0,0,12,48.41,3
KG13,PUSAT BANDAR DAMANSARA,MRT,12,1,0,0,1,0,1,8,38.66,3
KJ2,TAMAN MELATI,KJ,2,0,0,0,0,0,0,14,39.81,3
PY19,RAJA UDA,PYL,19,0,1,0,2,0,0,6,53.61,3
SP27,BANDAR PUTERI,PH,13,0,0,0,0,0,0,10,37.53,3
AG9,HANG TUAH,AG,18,0,0,0,2,4,1,5,94.29,5
KJ3,WANGSA MAJU,KJ,21,0,0,0,0,2,0,15,52.27,3
AG14,PANDAN JAYA,AG,15,0,0,0,0,0,0,7,33.45,3
PY07,SRI DAMANSARA SENTRAL,PYL,12,0,0,0,0,0,0,11,46.86,3
KG09,BANDAR UTAMA,MRT,15,1,1,0,1,3,2,8,81.97,4
SP26,TAMAN PERINDUSTRIAN PUCHONG,PH,12,1,0,0,1,0,0,8,32.0,3
MR10,CHOW KIT,MR,20,0,0,0,0,0,0,18,44.99,3
AG12,MIHARJA,AG,23,1,0,0,0,0,0,11,26.27,2
KJ9,AMPANG PARK,KJ,16,0,0,0,2,0,0,6,60.86,4
KG06,KOTA DAMANSARA,MRT,2,0,0,0,0,0,0,11,44.48,3
BRT3,SUNWAY LAGOON,BRT,0,0,0,0,0,0,0,13,47.21,3
KJ33,WAWASAN,KJ,21,0,0,0,0,0,0,10,46.34,3
KG14,SEMANTAN,MRT,14,0,1,0,0,0,0,10,48.77,3
KJ35,ALAM MEGAH,KJ,13,1,1,0,1,0,0,7,33.73,3
BRT7,USJ7,BRT,15,0,1,0,0,1,0,10,40.14,3
PY38,16 SIERRA,PYL,23,1,0,0,0,0,1,16,43.18,3
KG21,COCHRANE,MRT,4,0,0,0,0,0,0,14,46.78,3
MR7,RAJA CHULAN,MR,12,0,0,0,0,0,0,12,37.85,3
PY07,SRI DAMANSARA SENTRAL,PYL,19,0,0,0,0,0,0,11,44.73,3
KG13,PUSAT BANDAR DAMANSARA,MRT,5,0,1,0,0,0,0,13,49.2,3
KG26,TAMAN CONNAUGHT,MRT,5,0,0,0,0,0,0,14,46.86,3
KG09,BANDAR UTAMA,MRT,13,0,0,0,0,3,0,8,55.0,3
KJ4,SRI RAMPAI,KJ,23,0,0,0,0,0,0,16,51.85,3
PY22,CONLAY,PYL,0,0,0,0,0,0,0,11,37.11,3
KG29,BANDAR TUN HUSSEIN ONN,MRT,15,1,1,0,1,0,0,7,35.4,3
PY08,SRI DAMANSARA TIMUR,PYL,0,0,1,0,0,0,0,13,54.78,3
SP8,PLAZA RAKYAT,PH,0,1,0,0,0,1,0,11,48.36,3
SP14,BANDAR TUN RAZAK,PH,16,1,0,0,1,0,0,8,23.74,2
KG14,SEMANTAN,MRT,0,1,0,0,0,0,0,16,42.82,3
KG20,TUN RAZAK EXCHANGE,MRT,12,1,1,0,1,4,1,8,71.66,4
KG23,TAMAN PERTAMA,MRT,17,0,0,0,3,0,0,4,65.45,4
KJ22,TAMAN PARAMOUNT,KJ,19,1,0,0,1,0,0,8,37.31,3
KJ13,MASJID JAMEK,KJ,22,1,0,0,0,4,0,15,62.76,4
KG18A,BUKIT BINTANG,MRT,13,0,1,0,0,3,0,8,70.28,4
SP26,TAMAN PERINDUSTRIAN PUCHONG,PH,16,0,0,0,2,0,0,6,54.8,3
SP13,SALAK SELATAN,PH,18,0,1,0,2,0,0,7,62.26,4
SP2,SENTUL,PH,4,0,0,0,0,0,0,14,39.44,3
PY19,RAJA UDA,PYL,19,0,0,0,2,0,0,5,46.44,3
PY33,SERDANG JAYA,PYL,2,1,0,0,0,0,0,14,33.21,3
BRT1,SUNWAY-SETIA JAYA,BRT,2,1,0,0,0,0,0,15,34.83,3
KJ30,SS 18,KJ,14,0,0,0,0,0,0,7,36.36,3
KG25,TAMAN MUTIARA,MRT,0,0,0,0,0,0,0,13,47.07,3
SP1,SENTUL TIMUR,PH,5,1,0,0,0,0,0,10,26.68,2
SP13,SALAK SELATAN,PH,5,0,0,0,0,0,0,17,54.25,3
KG35,KAJANG,MRT,19,0,0,0,0,0,0,8,39.1,3
MR3,MAHARAJALELA,MR,16,0,1,0,1,0,0,10,45.24,3
SP24,IOI PUCHONG JAYA,PH,6,1,1,0,0,0,0,11,24.91,2
KJ1,GOMBAK,KJ,1,0,0,0,0,0,0,14,43.85,3
AG18,AMPANG,AG,1,0,0,0,0,0,0,10,42.73,3
SP9,HANG TUAH,PH,1,1,0,0,0,4,0,10,45.01,3
MR10,CHOW KIT,MR,14,0,0,0,0,0,0,10,34.73,3
PY24,CHAN SOW LIN,PYL,15,1,1,0,1,1,0,7,53.24,3
PY40,CYBERJAYA CITY CENTRE,PYL,19,0,1,0,0,0,0,7,44.85,3
BRT7,USJ7,BRT,4,0,0,0,0,1,0,13,42.07,3
PY17,TITIWANGSA,PYL,3,0,1,0,0,4,0,16,81.75,4
KG20,TUN RAZAK EXCHANGE,MRT,0,0,0,0,0,4,0,13,70.36,4
PY16,SENTUL BARAT,PYL,23,0,0,0,0,0,1,16,64.72,4
KG28,SRI RAYA,MRT,13,1,0,0,1,0,0,10,41.4,3
MR1,KL SENTRAL,MR,1,1,0,0,0,4,0,16,69.37,4
MR10,CHOW KIT,MR,16,0,0,0,1,0,1,12,54.77,3
KG23,TAMAN PERTAMA,MRT,17,1,0,0,1,0,0,7,28.64,2
AG5,SULTAN ISMAIL,AG,0,0,0,0,0,0,0,14,39.81,3
KJ18,KERINCHI,KJ,20,0,0,0,0,0,0,14,43.55,3
PY33,SERDANG JAYA,PYL,20,1,1,0,1,0,0,9,41.12,3
KJ37,PUTRA HEIGHTS,KJ,17,1,0,0,1,1,0,10,43.23,3
KJ4,SRI RAMPAI,KJ,2,0,1,0,0,0,0,16,55.68,3
KG31,BUKIT DUKUNG,MRT,15,0,0,0,0,0,0,9,36.06,3
KJ25,LEMBAH SUBANG,KJ,0,0,0,0,0,0,0,13,48.66,3
SP8,PLAZA RAKYAT,PH,20,0,0,0,0,1,0,17,68.59,4
BRT3,SUNWAY LAGOON,BRT,5,0,1,0,0,0,0,17,57.97,3
PY17,TITIWANGSA,PYL,23,0,1,0,0,4,0,14,86.52,5
SP21,ALAM SUTERA,PH,19,0,1,0,2,0,0,6,60.63,4
PY06,SRI DAMANSARA BARAT,PYL,21,0,1,0,0,0,0,15,55.26,3
PY22,CONLAY,PYL,13,1,0,0,1,0,0,10,31.61,2
SP4,PWTC,PH,3,0,0,0,0,0,0,17,50.43,3
KJ33,WAWASAN,KJ,4,0,0,0,0,0,0,16,56.74,3
KG22,MALURI,MRT,3,1,0,0,0,1,0,15,41.96,3
AG16,CEMPAKA,AG,19,0,0,0,0,0,0,10,36.6,3
KJ34,USJ 21,KJ,14,0,1,0,0,0,0,9,54.26,3
SP3,TITIWANGSA,PH,12,0,0,0,0,4,0,11,61.81,4
SP15,BANDAR TASIK SELATAN,PH,2,0,1,0,0,2,0,13,51.75,3
PY36,TAMAN EQUINE,PYL,15,0,1,0,0,0,0,8,46.69,3
KJ31,USJ 7,KJ,0,0,1,0,0,1,0,14,63.68,4
KG25,TAMAN MUTIARA,MRT,0,0,0,0,0,0,0,15,49.01,3
KJ7,DATO' KERAMAT,KJ,14,0,0,0,0,0,0,8,40.51,3
PY19,RAJA UDA,PYL,23,0,1,0,0,0,0,14,43.26,3
PY05,DAMANSARA DAMAI,PYL,1,0,0,0,0,0,0,10,40.65,3
SP5,SULTAN ISMAIL,PH,4,0,0,0,0,0,0,16,46.03,3
SP4,PWTC,PH,14,0,1,0,0,0,0,8,38.48,3
PY06,SRI DAMANSARA BARAT,PYL,0,0,0,0,0,0,0,13,52.3,3
KG35,KAJANG,MRT,18,0,1,0,2,0,0,6,61.99,4
SP11,CHAN SOW LIN,PH,14,1,0,0,1,1,0,7,40.6,3
BRT5,SunU-Monash,BRT,22,0,0,0,0,0,0,12,44.9,3
MR5,IMBI,MR,13,0,1,0,0,0,0,10,40.76,3
KG24,TAMAN MIDAH,MRT,4,0,0,0,0,0,0,15,55.92,3
KJ4,SRI RAMPAI,KJ,14,1,0,0,1,0,0,9,35.88,3
MR10,CHOW KIT,MR,22,0,0,0,0,0,0,11,41.13,3
SP27,BANDAR PUTERI,PH,5,1,0,0,0,0,0,12,27.93,2
SP5,SULTAN ISMAIL,PH,23,1,1,0,0,0,0,15,42.39,3
KJ12,DANG WANGI,KJ,19,1,0,0,1,0,0,9,36.1,3
AG8,PLAZA RAKYAT,AG,1,0,1,0,0,1,0,17,64.37,4
MR7,RAJA CHULAN,MR,12,0,1,0,0,0,0,10,42.68,3
KG35,KAJANG,MRT,23,1,0,0,0,0,0,15,46.09,3
PY03,KAMPUNG SELAMAT,PYL,18,0,0,0,3,0,0,5,61.12,4
MR2,TUN SAMBANTHAN,MR,2,0,0,0,0,0,0,16,43.39,3
MR8,BUKIT NANAS,MR,19,0,0,0,2,0,0,5,52.46,3
KJ35,ALAM MEGAH,KJ,17,0,0,0,2,0,0,6,50.72,3
KG14,SEMANTAN,MRT,23,0,0,0,0,0,0,11,37.78,3
PY01,KWASA DAMANSARA,PYL,3,1,1,0,0,1,0,13,49.13,3
PY20,AMPANG PARK,PYL,2,1,0,0,0,0,0,11,25.6,2
BRT3,SUNWAY LAGOON,BRT,3,0,0,0,0,0,0,10,42.16,3
KG20,TUN RAZAK EXCHANGE,MRT,17,1,1,0,1,4,1,8,74.14,4
KG09,BANDAR UTAMA,MRT,5,0,0,0,0,3,0,12,65.18,4
KG17,MERDEKA,MRT,1,0,0,0,0,1,0,11,58.11,4
AG6,BANDARAYA - UOB,AG,5,1,1,0,0,0,0,12,33.45,3
KG22,MALURI,MRT,22,0,1,0,0,1,0,13,61.67,4
KJ14,PASAR SENI,KJ,22,1,1,0,0,4,0,16,68.37,4
PY24,CHAN SOW LIN,PYL,0,0,0,0,0,1,0,14,57.15,3
PY24,CHAN SOW LIN,PYL,17,0,1,0,3,1,0,5,85.78,5
MR10,CHOW KIT,MR,17,0,0,0,3,0,0,5,54.4,3
PY19,RAJA UDA,PYL,4,0,1,0,0,0,0,13,40.75,3
PY24,CHAN SOW LIN,PYL,2,0,0,0,0,1,0,16,65.24,4
PY07,SRI DAMANSARA SENTRAL,PYL,14,1,0,0,1,0,0,10,36.27,3
KG17,MERDEKA,MRT,19,0,0,0,2,1,0,5,71.48,4
PY16,SENTUL BARAT,PYL,12,0,0,0,0,0,0,8,44.26,3
KG20,TUN RAZAK EXCHANGE,MRT,21,1,1,0,1,4,1,8,75.52,4
PY39,CYBERJAYA UTARA,PYL,22,0,0,0,0,0,0,11,38.0,3
KJ36,SUBANG ALAM,KJ,0,1,0,0,0,0,1,16,39.25,3
AG16,CEMPAKA,AG,20,1,0,0,1,0,0,12,42.87,3
KJ25,LEMBAH SUBANG,KJ,3,0,0,0,0,0,0,12,50.3,3
KG20,TUN RAZAK EXCHANGE,MRT,18,0,0,0,2,4,1,6,96.24,5
SP16,SUNGAI BESI,PH,22,1,0,0,0,1,0,10,30.0,2
KG21,COCHRANE,MRT,23,0,0,0,0,0,0,10,36.92,3
KG31,BUKIT DUKUNG,MRT,19,0,0,0,2,0,0,4,47.87,3
PY37,PUTRA PERMAI,PYL,13,1,0,0,1,0,0,11,27.4,2
SP27,BANDAR PUTERI,PH,19,0,0,0,0,0,0,12,37.88,3
SP14,BANDAR TUN RAZAK,PH,18,0,0,0,3,0,0,4,53.45,3
PY22,CONLAY,PYL,22,0,0,0,0,0,0,10,34.86,3
AG10,PUDU,AG,16,1,0,0,1,0,0,11,35.13,3
PY31,SERDANG RAYA UTARA,PYL,20,1,0,0,1,0,0,9,30.68,2
SP29,PUCHONG PRIMA,PH,21,0,1,0,0,0,0,16,59.49,4
AG2,SENTUL,AG,17,1,1,0,1,0,0,10,49.24,3
AG1,SENTUL TIMUR,AG,0,0,0,0,0,0,0,15,54.63,3
SP5,SULTAN ISMAIL,PH,21,1,0,0,1,0,0,12,41.48,3
MR2,TUN SAMBANTHAN,MR,16,0,0,0,2,0,1,6,53.83,3
PY04,SUNGAI BULOH,PYL,16,1,0,0,1,0,0,11,40.87,3
AG4,PWTC,AG,19,0,0,0,2,0,0,5,43.0,3
KJ22,TAMAN PARAMOUNT,KJ,20,1,0,0,1,0,0,8,29.83,2
KJ34,USJ 21,KJ,22,0,0,0,0,0,0,14,57.89,3
KJ3,WANGSA MAJU,KJ,4,0,0,0,0,2,0,13,53.38,3
KJ7,DATO' KERAMAT,KJ,21,0,0,0,0,0,0,11,41.15,3
PY05,DAMANSARA DAMAI,PYL,22,0,0,0,0,0,0,15,48.65,3
BRT2,MENTARI,BRT,0,0,0,0,0,0,0,16,44.76,3
PY13,KAMPUNG BATU,PYL,15,1,0,0,1,0,0,10,33.7,3
KG22,MALURI,MRT,16,1,0,0,1,1,0,10,50.43,3
AG16,CEMPAKA,AG,13,0,0,0,0,0,0,12,40.37,3
KG14,SEMANTAN,MRT,20,0,0,0,0,0,0,14,49.4,3
KG12,PHILEO DAMANSARA,MRT,2,0,0,0,0,0,0,14,47.13,3
AG15,PANDAN INDAH,AG,21,1,1,0,1,0,0,12,41.42,3
KG24,TAMAN MIDAH,MRT,23,0,1,0,0,0,0,12,55.78,3
KG25,TAMAN MUTIARA,MRT,20,0,0,0,0,0,0,13,46.49,3
KJ21,ASIA JAYA,KJ,1,0,1,0,0,0,0,14,56.05,3
KG34,STADIUM KAJANG,MRT,5,1,0,0,0,2,0,11,40.88,3
PY37,PUTRA PERMAI,PYL,15,0,0,0,0,0,0,7,31.11,2
PY13,KAMPUNG BATU,PYL,18,0,1,0,3,0,0,4,67.46,4
BRT1,SUNWAY-SETIA JAYA,BRT,17,1,0,0,1,0,0,13,32.72,3
PY17,TITIWANGSA,PYL,4,0,1,0,0,4,0,11,76.8,4
KG08,MUTIARA DAMANSARA,MRT,19,0,1,0,0,0,0,10,47.14,3
PY20,AMPANG PARK,PYL,2,0,1,0,0,0,0,11,42.83,3
AG18,AMPANG,AG,2,1,0,0,0,0,1,10,42.12,3
PY29,SUNGAI BESI,PYL,19,0,1,0,0,1,0,7,45.57,3
PY29,SUNGAI BESI,PYL,3,1,1,0,0,1,0,12,44.94,3
SP10,PUDU,PH,20,0,0,0,0,0,0,14,51.66,3
SP11,CHAN SOW LIN,PH,16,0,0,0,1,1,0,10,62.14,4
KG12,PHILEO DAMANSARA,MRT,22,0,1,0,0,0,0,15,48.55,3
SP2,SENTUL,PH,22,0,1,0,0,0,0,11,48.84,3
KJ22,TAMAN PARAMOUNT,KJ,4,0,0,0,0,0,0,18,52.74,3
SP3,TITIWANGSA,PH,2,1,0,0,0,4,0,12,53.56,3
PY14,KENTOMEN,PYL,20,0,1,0,0,0,0,16,61.84,4
SP3,TITIWANGSA,PH,18,0,0,0,2,4,1,6,96.81,5
KG18A,BUKIT BINTANG,MRT,16,0,0,0,2,3,1,6,100.0,5
PY10,KEPONG BARU,PYL,17,0,0,0,2,0,0,4,51.19,3
AG18,AMPANG,AG,3,0,1,0,0,0,0,12,55.39,3
PY19,RAJA UDA,PYL,21,0,1,0,0,0,0,13,45.18,3
PY36,TAMAN EQUINE,PYL,17,1,0,0,1,0,0,10,36.83,3
KG14,SEMANTAN,MRT,4,0,0,0,0,0,0,12,40.23,3
KJ11,KAMPUNG BARU - CBP COOPBANK PERTAMA,KJ,2,0,0,0,0,0,0,18,51.0,3
KJ18,KERINCHI,KJ,16,0,1,0,2,0,0,6,52.44,3
BRT4,SUNMED,BRT,1,1,0,0,0,0,0,11,30.19,2
MR5,IMBI,MR,17,0,0,0,3,0,0,6,65.71,4
PY08,SRI DAMANSARA TIMUR,PYL,2,1,0,0,0,0,0,12,31.22,2
KJ16,BANK RAKYAT BANGSAR,KJ,5,1,0,0,0,0,0,17,45.31,3
PY23,TUN RAZAK EXCHANGE,PYL,16,0,0,0,2,4,1,5,92.19,5
SP2,SENTUL,PH,18,0,0,0,2,0,0,7,52.48,3
KJ6,JELATEK,KJ,5,0,0,0,0,0,0,15,52.11,3
AG4,PWTC,AG,4,1,1,0,0,0,0,12,29.21,2
SP21,ALAM SUTERA,PH,13,0,1,0,0,0,1,9,59.71,4
KJ29,SS 15,KJ,3,0,0,0,0,2,0,11,54.64,3
KJ20,TAMAN JAYA,KJ,16,0,0,0,2,0,0,6,51.4,3
SP5,SULTAN ISMAIL,PH,4,0,0,0,0,0,0,18,50.7,3
KJ32,TAIPAN,KJ,12,1,0,0,1,0,0,7,31.37,2
BRT6,SOUTH QUAY-USJ 1,BRT,15,1,0,0,1,0,1,8,33.94,3
PY22,CONLAY,PYL,15,0,0,0,0,0,1,7,41.19,3
PY28,TAMAN NAGA EMAS,PYL,23,1,0,0,0,0,0,13,25.74,2
KG13,PUSAT BANDAR DAMANSARA,MRT,0,1,0,0,0,0,0,11,32.63,3
MR8,BUKIT NANAS,MR,23,0,1,0,0,0,0,14,51.75,3
PY13,KAMPUNG BATU,PYL,18,0,0,0,3,0,1,4,74.72,4
KJ36,SUBANG ALAM,KJ,3,1,0,0,0,0,0,17,33.44,3
SP24,IOI PUCHONG JAYA,PH,1,0,1,0,0,0,0,10,38.58,3
AG3,TITIWANGSA,AG,5,0,0,0,0,4,0,10,51.96,3
KJ18,KERINCHI,KJ,1,0,0,0,0,0,0,13,37.97,3
BRT7,USJ7,BRT,18,0,0,0,3,1,0,8,72.04,4
PY27,KUCHAI,PYL,13,0,0,0,0,0,0,10,44.79,3
SP15,BANDAR TASIK SELATAN,PH,14,0,0,0,0,2,0,11,42.28,3
KJ12,DANG WANGI,KJ,20,0,0,0,0,0,0,16,53.98,3
PY11,JINJANG,PYL,1,0,0,0,0,0,1,15,58.8,4
PY13,KAMPUNG BATU,PYL,16,0,1,0,2,0,0,4,53.69,3
MR5,IMBI,MR,0,1,0,0,0,0,0,16,31.76,2
KJ37,PUTRA HEIGHTS,KJ,1,0,1,0,0,1,0,15,60.03,4
PY32,SERDANG RAYA SELATAN,PYL,17,0,1,0,2,0,1,5,72.5,4
SP2,SENTUL,PH,21,1,1,0,1,0,0,7,33.52,3
KG26,TAMAN CONNAUGHT,MRT,12,1,0,0,1,0,0,9,36.64,3
KJ12,DANG WANGI,KJ,22,0,0,0,0,0,0,13,45.18,3
SP7,MASJID JAMEK,PH,4,0,0,0,0,4,0,15,74.98,4
KJ12,DANG WANGI,KJ,15,1,0,0,1,0,0,8,29.45,2
KJ10,KLCC,KJ,21,0,0,0,0,3,1,12,67.06,4
SP21,ALAM SUTERA,PH,14,1,0,0,1,0,0,8,32.95,3
BRT3,SUNWAY LAGOON,BRT,3,0,0,0,0,0,1,11,50.75,3
PY09,METRO PRIMA,PYL,17,0,1,0,2,0,0,7,63.84,4
AG14,PANDAN JAYA,AG,16,0,0,0,1,0,0,10,47.02,3
KG21,COCHRANE,MRT,20,0,0,0,0,0,0,12,42.52,3
SP18,SRI PETALING,PH,12,0,0,0,0,0,0,7,32.48,3
KJ3,WANGSA MAJU,KJ,20,1,0,0,1,2,0,10,41.14,3
KG31,BUKIT DUKUNG,MRT,21,0,0,0,0,0,1,14,58.35,4
PY37,PUTRA PERMAI,PYL,21,1,0,0,1,0,0,7,20.77,2
PY03,KAMPUNG SELAMAT,PYL,19,0,1,0,0,0,0,8,44.66,3
KJ7,DATO' KERAMAT,KJ,23,1,0,0,0,0,0,11,31.98,2
KJ28,SUBANG JAYA,KJ,13,0,0,0,0,0,0,7,26.56,2
AG7,MASJID JAMEK,AG,22,0,0,0,0,4,0,14,70.89,4
BRT1,SUNWAY-SETIA JAYA,BRT,13,1,0,0,1,0,0,10,29.47,2
BRT5,SunU-Monash,BRT,23,0,0,0,0,0,0,11,39.64,3
PY27,KUCHAI,PYL,20,0,0,0,0,0,0,16,60.75,4
KJ11,KAMPUNG BARU - CBP COOPBANK PERTAMA,KJ,1,0,0,0,0,0,0,10,41.3,3
AG6,BANDARAYA - UOB,AG,13,1,0,0,1,0,0,9,24.61,2
KJ35,ALAM MEGAH,KJ,19,0,0,0,0,0,0,10,35.93,3
SP9,HANG TUAH,PH,17,1,0,0,1,4,1,10,61.48,4
KG27,TAMAN SUNTEX,MRT,14,0,1,0,0,0,0,7,49.51,3
KJ12,DANG WANGI,KJ,19,0,0,0,0,0,0,9,39.28,3
KG21,COCHRANE,MRT,21,0,1,0,0,0,0,12,43.75,3
PY39,CYBERJAYA UTARA,PYL,15,0,0,0,0,0,0,8,28.2,2
MR7,RAJA CHULAN,MR,21,1,0,0,1,0,0,11,36.3,3
BRT5,SunU-Monash,BRT,17,0,1,0,3,0,0,6,75.85,4
SP20,MUHIBBAH,PH,19,0,0,0,0,0,0,12,43.3,3
SP24,IOI PUCHONG JAYA,PH,16,0,1,0,1,0,0,12,53.67,3
SP13,SALAK SELATAN,PH,14,0,0,0,0,0,0,8,37.44,3
PY20,AMPANG PARK,PYL,2,0,0,0,0,0,0,13,40.53,3
AG10,PUDU,AG,1,1,0,0,0,0,0,15,34.18,3
SP8,PLAZA RAKYAT,PH,16,1,1,0,1,1,0,12,58.16,4
MR10,CHOW KIT,MR,0,0,0,0,0,0,0,14,36.74,3
KJ31,USJ 7,KJ,13,0,0,0,0,1,0,10,50.81,3
MR1,KL SENTRAL,MR,22,1,0,0,0,4,0,12,55.21,3
AG4,PWTC,AG,21,0,1,0,0,0,0,14,46.15,3
MR9,MEDAN TUANKU,MR,13,0,0,0,0,0,0,8,31.28,2
SP14,BANDAR TUN RAZAK,PH,15,0,0,0,0,0,0,8,31.55,2
AG7,MASJID JAMEK,AG,22,0,0,0,0,4,0,12,67.86,4
PY36,TAMAN EQUINE,PYL,3,1,0,0,0,0,0,14,38.33,3
SP9,HANG TUAH,PH,21,0,1,0,0,4,1,17,87.39,5
KJ16,BANK RAKYAT BANGSAR,KJ,19,1,1,0,1,0,0,9,41.61,3
SP28,PUCHONG PERDANA,PH,21,0,0,0,0,0,0,14,46.99,3
PY34,UPM,PYL,17,0,0,0,2,0,0,4,54.99,3
PY15,JALAN IPOH,PYL,23,0,0,0,0,0,0,15,47.94,3
KG23,TAMAN PERTAMA,MRT,15,0,0,0,0,0,0,10,41.3,3
KG30,BATU 11 CHERAS,MRT,12,0,0,0,0,0,0,10,34.97,3
PY27,KUCHAI,PYL,17,0,0,0,2,0,0,7,59.37,4
KJ28,SUBANG JAYA,KJ,23,0,1,0,0,0,0,11,42.98,3
PY06,SRI DAMANSARA BARAT,PYL,2,0,1,0,0,0,0,15,56.17,3
SP10,PUDU,PH,16,0,0,0,2,0,0,4,51.42,3
KG27,TAMAN SUNTEX,MRT,15,0,0,0,0,0,0,8,39.58,3
PY03,KAMPUNG SELAMAT,PYL,12,0,0,0,0,0,1,10,43.63,3
PY13,KAMPUNG BATU,PYL,21,0,0,0,0,0,0,14,43.41,3
PY16,SENTUL BARAT,PYL,18,0,1,0,3,0,1,4,82.58,5
AG6,BANDARAYA - UOB,AG,23,0,0,0,0,0,0,17,45.39,3
KJ6,JELATEK,KJ,1,0,0,0,0,0,0,11,46.24,3
KJ7,DATO' KERAMAT,KJ,19,1,0,0,1,0,0,7,32.17,3
SP15,BANDAR TASIK SELATAN,PH,3,0,1,0,0,2,0,10,50.51,3
AG15,PANDAN INDAH,AG,15,0,0,0,0,0,1,11,47.97,3
KG08,MUTIARA DAMANSARA,MRT,2,0,0,0,0,0,0,12,46.13,3
SP12,CHERAS,PH,23,0,0,0,0,0,0,15,56.48,3
KJ12,DANG WANGI,KJ,22,0,0,0,0,0,0,12,47.75,3
BRT5,SunU-Monash,BRT,2,0,0,0,0,0,0,16,50.11,3
SP22,KINRARA,PH,20,1,0,0,1,0,0,11,44.23,3
PY14,KENTOMEN,PYL,4,0,1,0,0,0,0,10,45.6,3
PY40,CYBERJAYA CITY CENTRE,PYL,1,0,0,0,0,0,0,10,43.79,3
KJ10,KLCC,KJ,20,1,0,0,1,3,2,8,74.86,4
PY20,AMPANG PARK,PYL,13,1,0,0,1,0,1,8,38.17,3
PY10,KEPONG BARU,PYL,16,0,0,0,1,0,0,9,44.59,3
SP19,AWAN BESAR,PH,2,1,0,0,0,0,1,13,42.72,3
PY05,DAMANSARA DAMAI,PYL,15,0,1,0,0,0,0,7,40.37,3
AG14,PANDAN JAYA,AG,1,0,0,0,0,0,0,12,45.16,3
BRT5,SunU-Monash,BRT,0,1,0,0,0,0,1,15,41.3,3
SP25,PUSAT BANDAR PUCHONG,PH,14,1,0,0,1,0,0,11,34.38,3
PY31,SERDANG RAYA UTARA,PYL,1,0,1,0,0,0,0,10,42.96,3
KG18A,BUKIT BINTANG,MRT,13,1,0,0,1,3,2,7,76.05,4
AG1,SENTUL TIMUR,AG,18,1,0,0,1,0,0,10,34.39,3
SP14,BANDAR TUN RAZAK,PH,4,0,0,0,0,0,0,10,36.3,3
AG18,AMPANG,AG,6,0,0,0,1,0,0,12,53.1,3
PY07,SRI DAMANSARA SENTRAL,PYL,5,0,0,0,0,0,0,10,46.6,3
KJ24,KELANA JAYA,KJ,22,0,1,0,0,0,0,14,54.76,3
KG05,KWASA SENTRAL,MRT,2,0,0,0,0,0,0,14,46.32,3
SP4,PWTC,PH,1,0,1,0,0,0,0,11,47.76,3
SP3,TITIWANGSA,PH,4,0,0,0,0,4,0,14,64.66,4
SP7,MASJID JAMEK,PH,19,0,0,0,2,4,1,6,100.0,5
KJ30,SS 18,KJ,23,0,0,0,0,0,0,10,44.9,3
BRT2,MENTARI,BRT,14,0,1,0,0,0,0,13,44.77,3
PY06,SRI DAMANSARA BARAT,PYL,17,0,1,0,3,0,0,4,72.95,4
SP26,TAMAN PERINDUSTRIAN PUCHONG,PH,23,1,1,0,0,0,0,16,35.53,3
KG08,MUTIARA DAMANSARA,MRT,23,0,1,0,0,0,0,16,56.49,3
KJ11,KAMPUNG BARU - CBP COOPBANK PERTAMA,KJ,18,1,0,0,1,0,0,7,34.04,3
KJ3,WANGSA MAJU,KJ,14,0,1,0,0,2,0,9,50.63,3
BRT7,USJ7,BRT,17,0,0,0,2,1,0,8,54.72,3
KJ4,SRI RAMPAI,KJ,15,0,0,0,0,0,1,9,40.6,3
SP6,BANDARAYA - UOB,PH,23,0,1,0,0,0,0,10,44.74,3
SP7,MASJID JAMEK,PH,3,1,0,0,0,4,0,17,66.61,4
AG15,PANDAN INDAH,AG,18,0,1,0,2,0,0,6,62.76,4
MR4,HANG TUAH,MR,4,0,0,0,0,4,0,14,60.84,4
AG12,MIHARJA,AG,13,0,0,0,0,0,0,8,31.27,2
SP1,SENTUL TIMUR,PH,19,1,0,0,1,0,0,12,38.19,3
SP10,PUDU,PH,23,0,1,0,0,0,0,13,54.12,3
KG20,TUN RAZAK EXCHANGE,MRT,18,0,0,0,3,4,1,4,100.0,5
KG34,STADIUM KAJANG,MRT,4,0,1,0,0,2,0,14,64.18,4
KG29,BANDAR TUN HUSSEIN ONN,MRT,5,0,0,0,0,0,0,10,39.04,3
AG12,MIHARJA,AG,4,0,1,0,0,0,0,16,49.15,3
AG17,CAHAYA,AG,4,0,0,0,0,0,0,11,46.64,3
KG14,SEMANTAN,MRT,23,0,1,0,0,0,0,10,50.55,3
SP2,SENTUL,PH,19,1,0,0,1,0,0,12,36.92,3
KG17,MERDEKA,MRT,18,0,1,0,2,1,0,4,75.23,4
SP15,BANDAR TASIK SELATAN,PH,15,0,1,0,0,2,0,11,49.71,3
KG13,PUSAT BANDAR DAMANSARA,MRT,19,1,0,0,1,0,0,10,31.7,2
BRT7,USJ7,BRT,20,1,0,0,1,1,0,13,35.78,3
PY03,KAMPUNG SELAMAT,PYL,19,0,0,0,2,0,1,7,67.33,4
KG13,PUSAT BANDAR DAMANSARA,MRT,17,1,0,0,1,0,1,9,42.96,3
SP6,BANDARAYA - UOB,PH,5,0,1,0,0,0,0,13,57.57,3
AG14,PANDAN JAYA,AG,16,1,0,0,1,0,0,9,34.46,3
MR7,RAJA CHULAN,MR,15,0,1,0,0,0,0,9,39.88,3
KJ31,USJ 7,KJ,20,0,0,0,0,1,0,12,52.55,3
PY32,SERDANG RAYA SELATAN,PYL,14,0,0,0,0,0,0,9,44.01,3
PY34,UPM,PYL,5,1,0,0,0,0,0,14,41.23,3
KJ23,TAMAN BAHAGIA,KJ,13,0,1,0,0,0,0,10,45.92,3
PY14,KENTOMEN,PYL,0,0,1,0,0,0,0,11,48.47,3
KG10,TAMAN TUN DR ISMAIL,MRT,18,0,1,0,3,0,1,4,76.61,4
SP17,BUKIT JALIL,PH,3,1,0,0,0,2,0,14,43.53,3
MR2,TUN SAMBANTHAN,MR,16,1,1,0,1,0,0,9,26.96,2
KG31,BUKIT DUKUNG,MRT,12,0,1,0,0,0,0,10,49.86,3
KG24,TAMAN MIDAH,MRT,12,0,0,0,0,0,0,8,39.57,3
SP7,MASJID JAMEK,PH,15,0,0,0,0,4,0,12,71.68,4
KJ21,ASIA JAYA,KJ,4,0,0,0,0,0,0,18,57.94,3
KJ17,ABDULLAH HUKUM,KJ,20,0,0,0,0,3,1,12,66.62,4
KJ13,MASJID JAMEK,KJ,23,1,0,0,0,4,0,11,53.2,3
AG12,MIHARJA,AG,2,0,1,0,0,0,0,14,46.65,3
KJ26,ARA DAMANSARA,KJ,15,0,0,0,0,0,0,7,33.05,3
MR3,MAHARAJALELA,MR,1,0,1,0,0,0,0,17,45.84,3
KG12,PHILEO DAMANSARA,MRT,4,0,0,0,0,0,0,14,49.95,3
PY21,PERSIARAN KLCC,PYL,13,1,0,0,1,3,2,10,77.32,4
PY11,JINJANG,PYL,20,0,1,0,0,0,0,16,53.68,3
PY11,JINJANG,PYL,20,0,0,0,0,0,0,15,45.87,3
PY03,KAMPUNG SELAMAT,PYL,23,0,0,0,0,0,0,10,38.03,3
KG06,KOTA DAMANSARA,MRT,20,1,0,0,1,0,0,9,37.55,3
KG12,PHILEO DAMANSARA,MRT,2,0,1,0,0,0,0,16,55.04,3
AG11,CHAN SOW LIN,AG,20,0,1,0,0,1,0,13,54.15,3
KG15,MUZIUM NEGARA,MRT,12,0,0,0,0,0,0,7,35.66,3
BRT2,MENTARI,BRT,17,0,0,0,2,0,0,9,54.47,3
KJ31,USJ 7,KJ,16,0,0,0,1,1,0,7,56.84,3
PY38,16 SIERRA,PYL,19,0,1,0,2,0,0,6,55.74,3
PY16,SENTUL BARAT,PYL,22,0,1,0,0,0,0,10,47.62,3
MR2,TUN SAMBANTHAN,MR,13,1,1,0,1,0,0,9,28.1,2
KG26,TAMAN CONNAUGHT,MRT,20,1,0,0,1,0,0,9,40.71,3
SP19,AWAN BESAR,PH,23,0,1,0,0,0,0,18,58.17,4
AG15,PANDAN INDAH,AG,5,0,0,0,0,0,0,11,37.67,3
PY29,SUNGAI BESI,PYL,21,0,0,0,0,1,0,11,49.13,3
KJ20,TAMAN JAYA,KJ,13,1,1,0,1,0,0,8,37.62,3
KG34,STADIUM KAJANG,MRT,17,0,0,0,3,2,0,4,87.26,5
PY17,TITIWANGSA,PYL,2,0,0,0,0,4,0,14,72.49,4
PY27,KUCHAI,PYL,15,1,1,0,1,0,0,10,45.68,3
PY06,SRI DAMANSARA BARAT,PYL,13,1,0,0,1,0,0,10,42.16,3
KJ17,ABDULLAH HUKUM,KJ,2,0,0,0,0,3,0,18,62.25,4
PY06,SRI DAMANSARA BARAT,PYL,19,1,0,0,1,0,0,9,34.17,3
SP5,SULTAN ISMAIL,PH,19,0,0,0,2,0,0,4,53.64,3
SP24,IOI PUCHONG JAYA,PH,4,1,0,0,0,0,0,14,29.51,2
MR3,MAHARAJALELA,MR,23,1,0,0,0,0,0,13,21.44,2
KJ21,ASIA JAYA,KJ,1,0,1,0,0,0,0,12,46.68,3
KG27,TAMAN SUNTEX,MRT,12,0,0,0,0,0,0,9,39.32,3
MR11,TITIWANGSA,MR,0,1,0,0,0,4,0,17,58.09,4
PY40,CYBERJAYA CITY CENTRE,PYL,16,0,1,0,2,0,0,6,64.73,4
KJ23,TAMAN BAHAGIA,KJ,15,0,1,0,0,0,0,8,41.04,3
KG12,PHILEO DAMANSARA,MRT,21,0,1,0,0,0,0,14,50.66,3
PY17,TITIWANGSA,PYL,17,0,1,0,3,4,1,4,100.0,5
PY34,UPM,PYL,16,0,0,0,2,0,0,5,55.79,3
MR3,MAHARAJALELA,MR,4,0,1,0,0,0,0,11,42.15,3
KJ6,JELATEK,KJ,23,1,1,0,0,0,0,10,33.02,3
KJ7,DATO' KERAMAT,KJ,17,0,0,0,2,0,0,4,53.93,3
KJ4,SRI RAMPAI,KJ,12,0,1,0,0,0,0,8,36.97,3
KJ19,UNIVERSITI,KJ,21,0,1,0,0,0,0,10,45.15,3
KG24,TAMAN MIDAH,MRT,12,0,0,0,0,0,0,7,34.57,3
PY05,DAMANSARA DAMAI,PYL,22,0,1,0,0,0,0,15,60.63,4
PY19,RAJA UDA,PYL,2,0,0,0,0,0,0,11,39.51,3
PY04,SUNGAI BULOH,PYL,19,0,0,0,2,0,0,6,56.39,3
KJ1,GOMBAK,KJ,0,0,1,0,0,0,0,14,44.17,3
AG3,TITIWANGSA,AG,15,1,1,0,1,4,1,10,69.34,4
SP22,KINRARA,PH,19,0,0,0,2,0,0,7,60.27,4
KJ29,SS 15,KJ,12,1,0,0,1,2,0,10,50.24,3
SP7,MASJID JAMEK,PH,13,0,0,0,0,4,0,11,63.97,4
KG05,KWASA SENTRAL,MRT,23,1,0,0,0,0,0,14,32.5,3
KG35,KAJANG,MRT,22,0,0,0,0,0,0,11,45.85,3
KJ4,SRI RAMPAI,KJ,21,0,0,0,0,0,0,16,49.73,3
SP4,PWTC,PH,21,0,0,0,0,0,0,18,50.9,3
AG17,CAHAYA,AG,2,0,0,0,0,0,0,11,43.36,3
MR11,TITIWANGSA,MR,20,0,0,0,0,4,1,17,76.76,4
KG09,BANDAR UTAMA,MRT,20,1,0,0,1,3,2,7,75.32,4
MR5,IMBI,MR,4,1,0,0,0,0,0,15,29.04,2
BRT4,SUNMED,BRT,4,0,0,0,0,0,0,17,54.87,3
KG23,TAMAN PERTAMA,MRT,16,0,0,0,2,0,0,4,49.06,3
PY05,DAMANSARA DAMAI,PYL,0,1,0,0,0,0,0,16,37.54,3
KJ22,TAMAN PARAMOUNT,KJ,19,1,0,0,1,0,0,9,40.12,3
BRT4,SUNMED,BRT,4,0,0,0,0,0,0,13,40.76,3
KG28,SRI RAYA,MRT,17,0,0,0,2,0,0,4,61.14,4
PY33,SERDANG JAYA,PYL,2,1,0,0,0,0,0,15,38.74,3
SP19,AWAN BESAR,PH,17,0,0,0,2,0,0,5,47.11,3
SP26,TAMAN PERINDUSTRIAN PUCHONG,PH,18,0,0,0,2,0,0,7,50.3,3
PY22,CONLAY,PYL,17,0,0,0,3,0,0,5,61.42,4
KJ20,TAMAN JAYA,KJ,18,0,0,0,3,0,0,3,62.36,4
AG12,MIHARJA,AG,12,1,1,0,1,0,0,7,33.34,3
KG30,BATU 11 CHERAS,MRT,13,0,0,0,0,0,0,9,39.93,3
SP18,SRI PETALING,PH,17,0,0,0,3,0,0,4,60.22,4
AG14,PANDAN JAYA,AG,18,0,0,0,2,0,0,4,47.06,3
KG16,PASAR SENI,MRT,19,0,0,0,2,4,1,6,100.0,5
KJ25,LEMBAH SUBANG,KJ,5,0,1,0,0,0,0,13,56.73,3
BRT5,SunU-Monash,BRT,1,0,1,0,0,0,0,14,52.5,3
KG26,TAMAN CONNAUGHT,MRT,22,1,1,0,0,0,0,13,48.69,3
PY31,SERDANG RAYA UTARA,PYL,21,0,0,0,0,0,0,13,48.43,3
KG12,PHILEO DAMANSARA,MRT,22,1,0,0,0,0,0,13,34.11,3
PY33,SERDANG JAYA,PYL,1,0,0,0,0,0,0,11,46.98,3
PY34,UPM,PYL,18,0,0,0,3,0,0,5,72.6,4
PY31,SERDANG RAYA UTARA,PYL,13,0,0,0,0,0,0,11,43.84,3
KJ21,ASIA JAYA,KJ,23,0,0,0,0,0,0,12,49.55,3
KJ30,SS 18,KJ,1,0,0,0,0,0,0,12,43.5,3
KJ14,PASAR SENI,KJ,1,0,0,0,0,4,0,12,67.85,4
KG17,MERDEKA,MRT,19,0,1,0,0,1,0,7,53.92,3
SP19,AWAN BESAR,PH,0,0,0,0,0,0,0,15,42.77,3
MR9,MEDAN TUANKU,MR,3,1,1,0,0,0,0,14,43.73,3
KJ36,SUBANG ALAM,KJ,2,0,1,0,0,0,0,10,45.49,3
KJ6,JELATEK,KJ,15,1,0,0,1,0,0,10,34.75,3
KJ31,USJ 7,KJ,14,0,0,0,0,1,0,7,43.92,3
KG14,SEMANTAN,MRT,5,0,1,0,0,0,0,10,47.63,3
BRT5,SunU-Monash,BRT,21,0,0,0,0,0,0,10,42.55,3
KJ10,KLCC,KJ,13,0,0,0,0,3,0,10,56.18,3
PY07,SRI DAMANSARA SENTRAL,PYL,18,0,0,0,2,0,1,4,68.02,4
SP22,KINRARA,PH,16,0,0,0,1,0,0,8,44.58,3
MR4,HANG TUAH,MR,20,1,0,0,1,4,1,10,69.06,4
KJ28,SUBANG JAYA,KJ,15,0,1,0,0,0,0,9,45.14,3
KJ29,SS 15,KJ,2,0,0,0,0,2,0,11,51.17,3
PY20,AMPANG PARK,PYL,21,0,0,0,0,0,0,11,35.19,3
KG28,SRI RAYA,MRT,20,0,0,0,0,0,0,15,58.74,4
PY22,CONLAY,PYL,13,0,0,0,0,0,0,11,36.88,3
KJ14,PASAR SENI,KJ,15,0,1,0,0,4,0,7,69.62,4
SP21,ALAM SUTERA,PH,18,0,1,0,3,0,0,4,71.86,4
KG34,STADIUM KAJANG,MRT,0,1,1,0,0,2,0,11,53.36,3
KJ35,ALAM MEGAH,KJ,23,0,0,0,0,0,0,14,45.96,3
AG8,PLAZA RAKYAT,AG,15,0,0,0,0,1,1,7,55.34,3
MR5,IMBI,MR,23,1,0,0,0,0,0,11,26.22,2
KJ20,TAMAN JAYA,KJ,23,0,0,0,0,0,0,12,41.64,3
KG06,KOTA DAMANSARA,MRT,16,0,0,0,1,0,0,8,41.73,3
SP1,SENTUL TIMUR,PH,21,0,0,0,0,0,0,12,43.29,3
KJ30,SS 18,KJ,15,0,0,0,0,0,0,7,38.17,3
SP7,MASJID JAMEK,PH,3,1,0,0,0,4,0,14,62.77,4
KG31,BUKIT DUKUNG,MRT,20,0,1,0,0,0,0,10,42.6,3
PY36,TAMAN EQUINE,PYL,2,0,1,0,0,0,0,12,58.89,4
BRT3,SUNWAY LAGOON,BRT,2,0,0,0,0,0,0,13,40.07,3
AG14,PANDAN JAYA,AG,22,0,0,0,0,0,0,14,46.04,3
PY06,SRI DAMANSARA BARAT,PYL,18,1,0,0,1,0,0,10,41.09,3
SP22,KINRARA,PH,5,0,0,0,0,0,0,17,52.8,3
SP22,KINRARA,PH,15,0,0,0,0,0,0,11,44.9,3
SP27,BANDAR PUTERI,PH,3,0,0,0,0,0,0,16,51.29,3
SP12,CHERAS,PH,15,0,0,0,0,0,1,10,53.5,3
PY27,KUCHAI,PYL,5,0,0,0,0,0,0,16,53.04,3
MR11,TITIWANGSA,MR,22,0,1,0,0,4,1,15,86.59,5
KJ20,TAMAN JAYA,KJ,2,1,1,0,0,0,0,18,51.66,3
KJ23,TAMAN BAHAGIA,KJ,22,0,0,0,0,0,0,16,53.97,3
KJ26,ARA DAMANSARA,KJ,15,0,0,0,0,0,0,9,27.89,2
KG13,PUSAT BANDAR DAMANSARA,MRT,4,0,0,0,0,0,0,15,50.91,3
KJ10,KLCC,KJ,19,0,0,0,2,3,1,6,83.26,5
KG08,MUTIARA DAMANSARA,MRT,23,1,0,0,0,0,1,13,46.92,3
KJ32,TAIPAN,KJ,18,0,0,0,3,0,0,3,70.31,4
PY18,HOSPITAL KUALA LUMPUR,PYL,15,1,1,0,1,0,0,10,49.84,3
SP18,SRI PETALING,PH,1,0,0,0,0,0,0,14,41.07,3
PY04,SUNGAI BULOH,PYL,16,0,1,0,2,0,0,4,56.61,3
KG08,MUTIARA DAMANSARA,MRT,16,0,0,0,2,0,1,5,67.37,4
KJ4,SRI RAMPAI,KJ,23,0,1,0,0,0,0,10,42.65,3
SP16,SUNGAI BESI,PH,19,0,0,0,2,1,0,6,61.38,4
KJ15,KL SENTRAL - REDONE,KJ,4,1,0,0,0,4,0,12,60.41,4
KJ36,SUBANG ALAM,KJ,21,0,0,0,0,0,0,14,46.32,3
BRT4,SUNMED,BRT,2,0,1,0,0,0,0,14,49.9,3
AG17,CAHAYA,AG,17,0,0,0,3,0,0,4,66.3,4
MR10,CHOW KIT,MR,21,1,0,0,1,0,1,10,35.99,3
PY24,CHAN SOW LIN,PYL,15,0,0,0,0,1,0,9,54.61,3
PY10,KEPONG BARU,PYL,22,0,0,0,0,0,0,15,49.02,3
SP17,BUKIT JALIL,PH,14,0,1,0,0,2,0,11,50.48,3
KJ9,AMPANG PARK,KJ,2,0,0,0,0,0,0,12,50.27,3
KJ13,MASJID JAMEK,KJ,16,1,0,0,1,4,1,7,72.92,4
AG8,PLAZA RAKYAT,AG,4,0,1,0,0,1,0,10,54.68,3
KJ34,USJ 21,KJ,23,0,1,0,0,0,0,15,56.25,3
BRT6,SOUTH QUAY-USJ 1,BRT,15,0,0,0,0,0,0,11,26.36,2
SP17,BUKIT JALIL,PH,18,1,0,0,1,2,0,11,42.08,3
SP29,PUCHONG PRIMA,PH,21,0,0,0,0,0,0,17,53.62,3
KJ28,SUBANG JAYA,KJ,17,0,0,0,2,0,0,5,46.52,3
KG35,KAJANG,MRT,22,1,0,0,0,0,0,14,43.52,3
PY06,SRI DAMANSARA BARAT,PYL,3,1,0,0,0,0,0,12,34.41,3
AG5,SULTAN ISMAIL,AG,1,1,1,0,0,0,0,16,41.95,3
PY03,KAMPUNG SELAMAT,PYL,21,1,0,0,1,0,0,11,31.81,2
MR11,TITIWANGSA,MR,22,0,0,0,0,4,0,11,66.05,4
PY23,TUN RAZAK EXCHANGE,PYL,23,0,0,0,0,4,0,11,71.15,4
SP4,PWTC,PH,15,0,0,0,0,0,0,7,34.86,3
PY40,CYBERJAYA CITY CENTRE,PYL,3,0,0,0,0,0,0,13,46.85,3
SP16,SUNGAI BESI,PH,22,1,0,0,0,1,0,18,42.73,3
BRT4,SUNMED,BRT,5,0,0,0,0,0,0,12,46.45,3
KJ15,KL SENTRAL - REDONE,KJ,12,0,1,0,0,4,0,10,78.7,4
KG15,MUZIUM NEGARA,MRT,18,0,0,0,2,0,0,5,54.23,3
KJ23,TAMAN BAHAGIA,KJ,3,0,1,0,0,0,0,13,53.29,3
PY15,JALAN IPOH,PYL,0,0,0,0,0,0,0,14,51.41,3
KG22,MALURI,MRT,5,0,1,0,0,1,0,12,63.88,4
KG16,PASAR SENI,MRT,22,1,0,0,0,4,0,10,52.81,3
AG11,CHAN SOW LIN,AG,4,0,0,0,0,1,0,15,57.07,3
KG15,MUZIUM NEGARA,MRT,17,0,1,0,2,0,0,6,67.31,4
BRT5,SunU-Monash,BRT,17,0,0,0,2,0,0,7,60.6,4
KG28,SRI RAYA,MRT,17,1,0,0,1,0,1,9,50.4,3
AG5,SULTAN ISMAIL,AG,0,0,0,0,0,0,0,18,49.76,3
KG24,TAMAN MIDAH,MRT,12,0,0,0,0,0,0,8,33.67,3
AG1,SENTUL TIMUR,AG,2,0,0,0,0,0,0,15,53.39,3
KJ30,SS 18,KJ,20,1,0,0,1,0,0,8,28.44,2
KJ23,TAMAN BAHAGIA,KJ,18,1,0,0,1,0,0,10,34.54,3
KG29,BANDAR TUN HUSSEIN ONN,MRT,1,1,1,0,0,0,0,13,32.48,3
SP27,BANDAR PUTERI,PH,1,0,0,0,0,0,0,18,48.41,3
BRT2,MENTARI,BRT,23,0,1,0,0,0,0,10,39.5,3
PY24,CHAN SOW LIN,PYL,13,0,1,0,0,1,1,11,68.54,4
SP22,KINRARA,PH,15,1,0,0,1,0,0,7,30.96,2
KJ1,GOMBAK,KJ,4,0,1,0,0,0,0,16,53.3,3
KJ1,GOMBAK,KJ,5,0,1,0,0,0,0,17,51.27,3
PY11,JINJANG,PYL,12,1,0,0,1,0,0,8,29.69,2
PY06,SRI DAMANSARA BARAT,PYL,2,0,1,0,0,0,0,14,59.31,4
KJ7,DATO' KERAMAT,KJ,0,1,0,0,0,0,0,16,44.17,3
MR9,MEDAN TUANKU,MR,3,0,0,0,0,0,0,15,51.65,3
AG17,CAHAYA,AG,20,0,0,0,0,0,0,17,53.84,3
KG35,KAJANG,MRT,15,0,0,0,0,0,0,8,39.29,3
PY06,SRI DAMANSARA BARAT,PYL,20,1,0,0,1,0,0,9,41.35,3
PY11,JINJANG,PYL,18,0,0,0,3,0,0,5,64.63,4
KJ35,ALAM MEGAH,KJ,12,1,0,0,1,0,1,7,32.36,3
SP24,IOI PUCHONG JAYA,PH,16,0,0,0,1,0,0,7,34.34,3
SP7,MASJID JAMEK,PH,19,1,1,0,1,4,2,9,88.93,5
PY16,SENTUL BARAT,PYL,20,1,1,0,1,0,0,11,47.2,3
MR1,KL SENTRAL,MR,12,0,0,0,0,4,0,11,67.67,4
AG10,PUDU,AG,17,0,0,0,3,0,0,4,57.45,3
AG17,CAHAYA,AG,20,1,0,0,1,0,0,9,31.8,2
SP4,PWTC,PH,0,0,0,0,0,0,0,15,44.75,3
KG28,SRI RAYA,MRT,22,1,1,0,0,0,0,15,52.01,3
KJ21,ASIA JAYA,KJ,17,0,0,0,2,0,0,5,51.43,3
BRT7,USJ7,BRT,20,1,0,0,1,1,0,11,38.1,3
KJ33,WAWASAN,KJ,2,1,0,0,0,0,1,14,47.5,3
SP14,BANDAR TUN RAZAK,PH,22,0,0,0,0,0,0,13,35.51,3
KJ29,SS 15,KJ,3,0,0,0,0,2,0,15,62.62,4
SP8,PLAZA RAKYAT,PH,19,0,1,0,0,1,0,12,65.2,4
BRT3,SUNWAY LAGOON,BRT,5,1,0,0,0,0,0,11,27.17,2
KJ30,SS 18,KJ,15,0,0,0,0,0,0,9,43.14,3
PY08,SRI DAMANSARA TIMUR,PYL,23,0,0,0,0,0,0,14,53.98,3
AG5,SULTAN ISMAIL,AG,5,0,0,0,0,0,0,16,46.35,3
KG05,KWASA SENTRAL,MRT,15,0,0,0,0,0,0,7,38.87,3
MR10,CHOW KIT,MR,14,1,0,0,1,0,0,10,28.98,2
KJ23,TAMAN BAHAGIA,KJ,3,0,0,0,0,0,0,18,61.85,4
BRT5,SunU-Monash,BRT,13,1,0,0,1,0,0,11,35.81,3
SP16,SUNGAI BESI,PH,15,0,0,0,0,1,0,7,40.86,3
KJ32,TAIPAN,KJ,19,1,1,0,1,0,0,8,41.38,3
PY14,KENTOMEN,PYL,16,0,0,0,1,0,0,11,55.75,3
AG16,CEMPAKA,AG,17,0,0,0,3,0,0,5,62.53,4
MR11,TITIWANGSA,MR,2,0,0,0,0,4,0,18,71.05,4
SP24,IOI PUCHONG JAYA,PH,18,0,0,0,3,0,0,4,56.04,3
AG7,MASJID JAMEK,AG,16,0,0,0,1,4,0,8,68.16,4
KG07,SURIAN,MRT,18,1,0,0,1,0,0,9,38.38,3
PY11,JINJANG,PYL,5,1,0,0,0,0,0,13,27.04,2
AG11,CHAN SOW LIN,AG,22,1,0,0,0,1,0,10,37.63,3
KJ20,TAMAN JAYA,KJ,17,0,1,0,2,0,1,5,64.85,4
KJ20,TAMAN JAYA,KJ,21,0,1,0,0,0,0,16,53.6,3
PY22,CONLAY,PYL,13,0,0,0,0,0,0,7,31.83,2
SP1,SENTUL TIMUR,PH,14,0,0,0,0,0,0,7,26.13,2
PY36,TAMAN EQUINE,PYL,3,0,0,0,0,0,0,13,52.3,3
KG21,COCHRANE,MRT,23,0,1,0,0,0,0,10,45.69,3
PY13,KAMPUNG BATU,PYL,15,1,0,0,1,0,0,10,35.83,3
SP25,PUSAT BANDAR PUCHONG,PH,22,0,0,0,0,0,0,10,37.62,3
AG9,HANG TUAH,AG,0,0,0,0,0,4,0,12,63.41,4
AG5,SULTAN ISMAIL,AG,20,0,0,0,0,0,0,13,43.22,3
KG07,SURIAN,MRT,14,1,0,0,1,0,0,7,32.95,3
KJ2,TAMAN MELATI,KJ,18,0,1,0,2,0,0,5,58.72,4
KJ6,JELATEK,KJ,6,1,0,0,0,0,0,8,24.31,2
KG23,TAMAN PERTAMA,MRT,21,0,1,0,0,0,0,10,47.19,3
KJ12,DANG WANGI,KJ,2,0,0,0,0,0,0,13,43.97,3
KJ12,DANG WANGI,KJ,4,1,0,0,0,0,0,12,30.92,2
SP6,BANDARAYA - UOB,PH,14,0,1,0,0,0,0,11,45.35,3
PY04,SUNGAI BULOH,PYL,0,1,1,0,0,0,0,12,40.97,3
SP27,BANDAR PUTERI,PH,14,0,0,0,0,0,0,9,33.84,3
BRT3,SUNWAY LAGOON,BRT,17,0,1,0,3,0,0,6,65.64,4
KG15,MUZIUM NEGARA,MRT,2,1,1,0,0,0,0,16,49.55,3
MR4,HANG TUAH,MR,20,0,0,0,0,4,1,13,70.49,4
SP18,SRI PETALING,PH,2,1,0,0,0,0,0,15,29.04,2
KG04,KWASA DAMANSARA,MRT,22,0,1,0,0,1,0,14,66.99,4
SP19,AWAN BESAR,PH,5,0,1,0,0,0,0,18,56.05,3
SP2,SENTUL,PH,21,1,1,0,1,0,0,11,38.18,3
SP22,KINRARA,PH,1,0,0,0,0,0,0,10,41.69,3
KJ19,UNIVERSITI,KJ,20,0,0,0,0,0,0,15,44.32,3
SP16,SUNGAI BESI,PH,5,0,0,0,0,1,0,14,49.41,3
KJ31,USJ 7,KJ,18,0,0,0,3,1,0,4,80.79,4
KG21,COCHRANE,MRT,1,0,0,0,0,0,0,14,47.26,3
MR8,BUKIT NANAS,MR,17,0,0,0,3,0,0,5,66.95,4
KJ19,UNIVERSITI,KJ,3,1,0,0,0,0,0,11,23.38,2
SP22,KINRARA,PH,22,0,0,0,0,0,0,17,54.8,3
PY38,16 SIERRA,PYL,23,1,0,0,0,0,0,11,27.28,2
PY12,SRI DELIMA,PYL,2,0,1,0,0,0,0,12,44.36,3
KJ34,USJ 21,KJ,5,0,1,0,0,0,0,13,54.95,3
KG04,KWASA DAMANSARA,MRT,20,0,1,0,0,1,0,16,69.95,4
KG17,MERDEKA,MRT,15,0,0,0,0,1,0,9,49.77,3
PY22,CONLAY,PYL,4,0,0,0,0,0,0,14,51.17,3
SP25,PUSAT BANDAR PUCHONG,PH,12,1,0,0,1,0,0,8,31.16,2
KG21,COCHRANE,MRT,5,0,0,0,0,0,0,15,47.0,3
MR1,KL SENTRAL,MR,12,0,0,0,0,4,0,11,73.04,4
KG21,COCHRANE,MRT,13,0,0,0,0,0,1,9,49.39,3
AG7,MASJID JAMEK,AG,13,1,0,0,1,4,1,12,74.98,4
BRT6,SOUTH QUAY-USJ 1,BRT,2,0,1,0,0,0,1,14,46.81,3
KG09,BANDAR UTAMA,MRT,12,1,0,0,1,3,2,7,76.32,4
KG29,BANDAR TUN HUSSEIN ONN,MRT,19,0,1,0,0,0,0,8,35.04,3
PY16,SENTUL BARAT,PYL,2,0,0,0,0,0,0,10,41.1,3
SP15,BANDAR TASIK SELATAN,PH,23,0,0,0,0,2,0,13,53.68,3
AG17,CAHAYA,AG,5,0,0,0,0,0,0,17,52.45,3
MR4,HANG TUAH,MR,22,0,0,0,0,4,0,18,73.15,4
PY29,SUNGAI BESI,PYL,0,0,1,0,0,1,0,16,62.53,4
AG16,CEMPAKA,AG,14,0,0,0,0,0,0,8,36.46,3
SP29,PUCHONG PRIMA,PH,12,0,0,0,0,0,0,7,29.1,2
KJ30,SS 18,KJ,2,0,0,0,0,0,0,12,44.31,3
KG22,MALURI,MRT,20,1,0,0,1,1,0,7,39.61,3
SP17,BUKIT JALIL,PH,3,0,1,0,0,2,1,13,66.65,4
SP15,BANDAR TASIK SELATAN,PH,14,0,0,0,0,2,0,10,43.58,3
AG6,BANDARAYA - UOB,AG,2,0,0,0,0,0,0,14,40.57,3
AG14,PANDAN JAYA,AG,1,0,0,0,0,0,0,12,39.82,3
MR7,RAJA CHULAN,MR,19,0,0,0,2,0,0,5,44.99,3
MR6,BUKIT BINTANG,MR,16,0,0,0,1,3,0,10,65.99,4
PY21,PERSIARAN KLCC,PYL,22,0,1,0,0,3,0,15,74.77,4
BRT6,SOUTH QUAY-USJ 1,BRT,12,0,0,0,0,0,0,8,27.86,2
KJ13,MASJID JAMEK,KJ,4,0,1,0,0,4,0,11,74.36,4
KG30,BATU 11 CHERAS,MRT,23,0,0,0,0,0,0,16,45.33,3
KG15,MUZIUM NEGARA,MRT,13,0,1,0,0,0,0,7,38.13,3
MR5,IMBI,MR,22,0,1,0,0,0,0,17,54.73,3
SP13,SALAK SELATAN,PH,0,1,0,0,0,0,0,12,36.16,3
KJ36,SUBANG ALAM,KJ,17,1,0,0,1,0,0,9,29.14,2
KJ11,KAMPUNG BARU - CBP COOPBANK PERTAMA,KJ,3,0,0,0,0,0,0,15,52.79,3
AG5,SULTAN ISMAIL,AG,17,0,1,0,3,0,1,5,70.79,4
KG34,STADIUM KAJANG,MRT,0,0,0,0,0,2,0,13,63.05,4
KG12,PHILEO DAMANSARA,MRT,16,1,0,0,1,0,0,10,32.44,3
PY12,SRI DELIMA,PYL,5,0,0,0,0,0,1,12,55.6,3
KG16,PASAR SENI,MRT,0,1,1,0,0,4,0,13,64.21,4
KG17,MERDEKA,MRT,20,0,0,0,0,1,0,12,55.29,3
BRT4,SUNMED,BRT,17,0,0,0,3,0,0,8,70.22,4
KJ11,KAMPUNG BARU - CBP COOPBANK PERTAMA,KJ,2,1,1,0,0,0,0,15,40.15,3
SP15,BANDAR TASIK SELATAN,PH,18,1,0,0,1,2,0,12,45.99,3
KJ34,USJ 21,KJ,0,0,1,0,0,0,0,14,56.14,3
SP6,BANDARAYA - UOB,PH,4,0,0,0,0,0,0,10,41.71,3
PY34,UPM,PYL,19,0,0,0,2,0,0,6,63.06,4
SP8,PLAZA RAKYAT,PH,16,1,0,0,1,1,0,10,48.53,3
SP27,BANDAR PUTERI,PH,14,1,1,0,1,0,0,8,36.32,3
SP8,PLAZA RAKYAT,PH,20,1,0,0,1,1,0,10,48.07,3
PY34,UPM,PYL,14,0,0,0,0,0,0,10,43.62,3
SP7,MASJID JAMEK,PH,16,0,0,0,1,4,0,9,74.13,4
PY33,SERDANG JAYA,PYL,19,0,1,0,2,0,0,7,65.02,4
SP22,KINRARA,PH,18,0,1,0,2,0,1,5,73.59,4
KG21,COCHRANE,MRT,20,0,0,0,0,0,0,15,48.03,3
SP21,ALAM SUTERA,PH,15,0,1,0,0,0,0,7,38.4,3
AG11,CHAN SOW LIN,AG,1,1,0,0,0,1,1,15,55.08,3
SP7,MASJID JAMEK,PH,23,1,1,0,0,4,0,17,71.71,4
AG6,BANDARAYA - UOB,AG,23,0,1,0,0,0,0,13,45.56,3
KJ11,KAMPUNG BARU - CBP COOPBANK PERTAMA,KJ,5,0,0,0,0,0,0,14,49.9,3
KG06,KOTA DAMANSARA,MRT,14,0,0,0,0,0,0,9,35.91,3
AG6,BANDARAYA - UOB,AG,16,0,0,0,1,0,1,10,53.08,3
KJ11,KAMPUNG BARU - CBP COOPBANK PERTAMA,KJ,13,0,0,0,0,0,0,7,33.96,3
KG29,BANDAR TUN HUSSEIN ONN,MRT,4,1,1,0,0,0,0,10,29.99,2
KG04,KWASA DAMANSARA,MRT,21,0,0,0,0,1,0,14,56.45,3
KJ14,PASAR SENI,KJ,23,0,1,0,0,4,0,12,76.47,4
SP27,BANDAR PUTERI,PH,14,1,0,0,1,0,0,7,22.36,2
PY01,KWASA DAMANSARA,PYL,15,0,0,0,0,1,0,10,41.75,3
PY34,UPM,PYL,1,0,0,0,0,0,0,13,47.61,3
BRT1,SUNWAY-SETIA JAYA,BRT,5,0,1,0,0,0,0,15,52.86,3
PY16,SENTUL BARAT,PYL,5,0,1,0,0,0,0,10,53.59,3
KG15,MUZIUM NEGARA,MRT,2,1,0,0,0,0,0,11,35.54,3
SP28,PUCHONG PERDANA,PH,19,0,0,0,0,0,0,7,35.01,3
SP10,PUDU,PH,3,0,0,1,0,0,0,14,55.66,3
KG07,SURIAN,MRT,17,1,0,0,1,0,0,10,42.63,3
AG2,SENTUL,AG,2,1,0,0,0,0,0,16,39.89,3
KG26,TAMAN CONNAUGHT,MRT,1,1,1,0,0,0,0,13,41.37,3
KG14,SEMANTAN,MRT,19,0,0,0,2,0,0,5,50.26,3
AG8,PLAZA RAKYAT,AG,14,0,0,0,0,1,0,9,43.53,3
KJ30,SS 18,KJ,17,0,0,0,3,0,1,4,77.44,4
KG21,COCHRANE,MRT,3,0,0,0,0,0,1,11,53.36,3
KJ21,ASIA JAYA,KJ,13,0,0,0,0,0,0,9,40.38,3
KJ37,PUTRA HEIGHTS,KJ,0,0,1,0,0,1,0,12,54.99,3
KJ17,ABDULLAH HUKUM,KJ,0,0,1,0,0,3,0,15,64.67,4
PY13,KAMPUNG BATU,PYL,2,0,0,0,0,0,0,10,36.35,3
PY01,KWASA DAMANSARA,PYL,23,0,0,0,0,1,0,11,44.06,3
PY38,16 SIERRA,PYL,15,0,0,0,0,0,0,10,32.8,3
PY36,TAMAN EQUINE,PYL,0,1,0,0,0,0,0,10,33.79,3
KG30,BATU 11 CHERAS,MRT,4,1,0,0,0,0,0,14,32.92,3
AG17,CAHAYA,AG,17,0,0,0,3,0,0,5,64.35,4
MR4,HANG TUAH,MR,0,0,0,0,0,4,0,14,67.84,4
SP24,IOI PUCHONG JAYA,PH,4,1,0,0,0,0,0,16,29.78,2
SP22,KINRARA,PH,21,0,0,0,0,0,0,14,53.33,3
PY04,SUNGAI BULOH,PYL,15,0,0,0,0,0,0,10,35.91,3
KG31,BUKIT DUKUNG,MRT,0,0,0,0,0,0,0,15,52.02,3
PY37,PUTRA PERMAI,PYL,15,0,1,0,0,0,1,8,48.26,3
MR4,HANG TUAH,MR,19,0,0,0,0,4,1,10,62.48,4
KJ31,USJ 7,KJ,20,1,0,0,1,1,0,9,47.88,3
KG29,BANDAR TUN HUSSEIN ONN,MRT,5,1,1,0,0,0,0,16,37.6,3
MR6,BUKIT BINTANG,MR,19,0,0,0,2,3,2,7,96.79,5
KG33,SUNGAI JERNIH,MRT,12,1,0,0,1,0,0,8,32.46,3
KJ4,SRI RAMPAI,KJ,22,1,0,0,0,0,0,12,33.86,3
PY38,16 SIERRA,PYL,16,0,0,0,1,0,0,9,39.23,3
SP5,SULTAN ISMAIL,PH,5,0,0,0,0,0,0,18,49.61,3
KG33,SUNGAI JERNIH,MRT,15,1,0,0,1,0,0,7,36.6,3
PY16,SENTUL BARAT,PYL,5,0,0,0,0,0,0,10,47.65,3
MR1,KL SENTRAL,MR,13,0,0,0,0,4,0,9,60.69,4
KJ17,ABDULLAH HUKUM,KJ,21,1,0,0,1,3,2,10,71.55,4
PY03,KAMPUNG SELAMAT,PYL,4,1,0,0,0,0,0,14,33.28,3
SP6,BANDARAYA - UOB,PH,5,0,0,0,0,0,0,12,41.21,3
MR2,TUN SAMBANTHAN,MR,4,1,0,0,0,0,0,11,16.22,2
SP7,MASJID JAMEK,PH,21,0,1,0,0,4,1,17,94.08,5
KG15,MUZIUM NEGARA,MRT,5,0,0,0,0,0,0,12,42.06,3
SP7,MASJID JAMEK,PH,23,0,1,0,0,4,0,12,75.03,4
KG31,BUKIT DUKUNG,MRT,0,0,0,0,0,0,0,15,45.86,3
SP7,MASJID JAMEK,PH,3,0,1,0,0,4,0,17,83.6,5
SP22,KINRARA,PH,14,1,1,0,1,0,0,8,41.52,3
KJ28,SUBANG JAYA,KJ,22,0,0,0,0,0,0,14,45.71,3
KG07,SURIAN,MRT,23,1,0,0,0,0,0,15,40.26,3
AG8,PLAZA RAKYAT,AG,14,0,0,0,0,1,0,11,51.86,3
KJ33,WAWASAN,KJ,20,0,1,0,0,0,0,17,60.8,4
SP13,SALAK SELATAN,PH,20,0,0,0,0,0,0,18,62.69,4
PY23,TUN RAZAK EXCHANGE,PYL,0,0,0,0,0,4,0,13,74.52,4
SP13,SALAK SELATAN,PH,12,1,1,0,1,0,0,9,42.45,3
KJ29,SS 15,KJ,21,0,1,0,0,2,0,14,63.96,4
SP27,BANDAR PUTERI,PH,2,1,0,0,0,0,0,17,37.47,3
KJ25,LEMBAH SUBANG,KJ,23,0,0,0,0,0,0,15,54.2,3
SP29,PUCHONG PRIMA,PH,17,0,0,0,3,0,1,5,73.95,4
KJ10,KLCC,KJ,19,0,1,0,2,3,1,4,84.13,5
SP31,PUTRA HEIGHTS,PH,1,1,0,0,0,1,0,13,48.15,3
KG27,TAMAN SUNTEX,MRT,18,0,0,0,2,0,0,5,60.28,4
KJ10,KLCC,KJ,0,0,0,0,0,3,0,18,73.19,4
PY27,KUCHAI,PYL,4,0,1,0,0,0,0,16,58.77,4
PY13,KAMPUNG BATU,PYL,2,1,1,0,0,0,0,14,37.96,3
KG16,PASAR SENI,MRT,20,0,0,0,0,4,1,12,75.67,4
PY09,METRO PRIMA,PYL,20,0,1,0,0,0,0,14,58.76,4
PY17,TITIWANGSA,PYL,3,0,0,0,0,4,0,14,72.96,4
PY34,UPM,PYL,3,0,1,0,0,0,0,16,57.99,3
KG25,TAMAN MUTIARA,MRT,16,1,0,0,1,0,0,10,42.06,3
KG31,BUKIT DUKUNG,MRT,23,0,1,0,0,0,0,11,42.4,3
SP24,IOI PUCHONG JAYA,PH,1,1,0,0,0,0,0,17,34.18,3
KG20,TUN RAZAK EXCHANGE,MRT,14,1,0,0,1,4,1,10,72.77,4
KG15,MUZIUM NEGARA,MRT,15,0,0,0,0,0,1,7,48.87,3
MR4,HANG TUAH,MR,2,1,0,0,0,4,0,18,57.74,3
MR9,MEDAN TUANKU,MR,19,0,0,0,2,0,0,8,55.46,3
SP17,BUKIT JALIL,PH,23,0,0,0,0,2,0,15,55.22,3
SP6,BANDARAYA - UOB,PH,12,0,0,0,0,0,0,10,43.89,3
KG12,PHILEO DAMANSARA,MRT,13,0,0,0,0,0,0,7,35.16,3
PY04,SUNGAI BULOH,PYL,0,0,0,0,0,0,0,14,45.25,3
KG24,TAMAN MIDAH,MRT,3,0,0,0,0,0,0,11,45.75,3
AG7,MASJID JAMEK,AG,15,0,0,0,0,4,0,11,66.95,4
BRT3,SUNWAY LAGOON,BRT,20,0,0,0,0,0,0,14,42.68,3
KG31,BUKIT DUKUNG,MRT,5,0,0,0,0,0,0,16,52.15,3
PY15,JALAN IPOH,PYL,14,0,0,0,0,0,0,9,44.39,3
KJ7,DATO' KERAMAT,KJ,2,0,1,0,0,0,0,13,54.98,3
MR11,TITIWANGSA,MR,22,1,0,0,0,4,0,17,62.55,4
PY18,HOSPITAL KUALA LUMPUR,PYL,13,0,0,0,0,0,0,10,50.8,3
KG28,SRI RAYA,MRT,19,1,0,0,1,0,1,10,51.07,3
MR6,BUKIT BINTANG,MR,18,0,0,0,2,3,1,6,86.67,5
AG4,PWTC,AG,13,0,0,0,0,0,0,12,33.69,3
MR6,BUKIT BINTANG,MR,21,0,1,0,0,3,1,14,75.44,4
KJ23,TAMAN BAHAGIA,KJ,21,1,0,0,1,0,0,8,33.98,3
MR7,RAJA CHULAN,MR,6,0,0,0,1,0,0,9,38.08,3
PY34,UPM,PYL,2,0,0,0,0,0,0,14,46.82,3
KJ10,KLCC,KJ,1,0,1,0,0,3,0,13,68.59,4
KG06,KOTA DAMANSARA,MRT,12,1,0,0,1,0,0,10,36.32,3
BRT7,USJ7,BRT,13,0,0,0,0,1,0,11,43.24,3
KG05,KWASA SENTRAL,MRT,4,1,0,0,0,0,0,16,37.79,3
KG12,PHILEO DAMANSARA,MRT,16,0,0,0,2,0,0,5,47.69,3
PY36,TAMAN EQUINE,PYL,22,1,0,0,0,0,0,16,43.64,3
PY11,JINJANG,PYL,3,1,0,0,0,0,0,11,23.03,2
SP28,PUCHONG PERDANA,PH,15,1,0,0,1,0,0,8,28.46,2
PY27,KUCHAI,PYL,16,0,1,0,1,0,0,9,59.17,4
PY27,KUCHAI,PYL,18,0,1,0,2,0,0,5,63.0,4
PY08,SRI DAMANSARA TIMUR,PYL,19,0,0,0,0,0,0,10,41.3,3
BRT7,USJ7,BRT,19,1,0,0,1,1,0,9,33.55,3
KG30,BATU 11 CHERAS,MRT,2,1,0,0,0,0,0,11,26.03,2
AG12,MIHARJA,AG,14,1,0,0,1,0,0,12,40.81,3
PY12,SRI DELIMA,PYL,15,0,0,0,0,0,0,9,34.85,3
KJ19,UNIVERSITI,KJ,1,0,0,0,0,0,0,17,45.98,3
SP13,SALAK SELATAN,PH,0,0,0,0,0,0,0,15,52.9,3
PY27,KUCHAI,PYL,21,0,1,0,0,0,0,10,48.98,3
AG8,PLAZA RAKYAT,AG,3,1,0,0,0,1,0,15,40.34,3
PY06,SRI DAMANSARA BARAT,PYL,16,0,0,0,1,0,0,8,47.06,3
KJ22,TAMAN PARAMOUNT,KJ,14,0,0,0,0,0,0,7,33.45,3
KJ16,BANK RAKYAT BANGSAR,KJ,13,0,0,0,0,0,0,8,39.84,3
BRT5,SunU-Monash,BRT,16,0,0,0,2,0,0,7,57.51,3
SP29,PUCHONG PRIMA,PH,15,1,0,0,1,0,0,8,35.89,3
AG2,SENTUL,AG,16,1,0,0,1,0,0,8,40.12,3
KJ14,PASAR SENI,KJ,17,0,0,0,3,4,1,4,100.0,5
BRT7,USJ7,BRT,12,0,1,0,0,1,0,8,43.89,3
KG07,SURIAN,MRT,0,0,1,0,0,0,0,15,62.37,4
KJ24,KELANA JAYA,KJ,22,0,0,0,0,0,0,17,59.56,4
KG08,MUTIARA DAMANSARA,MRT,14,0,0,0,0,0,0,7,36.11,3
AG11,CHAN SOW LIN,AG,17,0,0,0,3,1,0,5,69.36,4
PY31,SERDANG RAYA UTARA,PYL,21,1,0,0,1,0,0,11,37.27,3
SP11,CHAN SOW LIN,PH,20,0,0,0,0,1,0,17,65.19,4
MR1,KL SENTRAL,MR,14,0,1,0,0,4,0,8,68.78,4
SP25,PUSAT BANDAR PUCHONG,PH,20,0,1,0,0,0,0,10,44.51,3
SP20,MUHIBBAH,PH,0,0,1,0,0,0,0,15,52.36,3
PY41,PUTRAJAYA SENTRAL,PYL,23,0,0,0,0,0,0,13,45.32,3
PY08,SRI DAMANSARA TIMUR,PYL,13,0,1,0,0,0,0,8,51.42,3
KJ37,PUTRA HEIGHTS,KJ,22,1,0,0,0,1,0,14,37.34,3
KJ23,TAMAN BAHAGIA,KJ,0,0,0,0,0,0,1,15,64.84,4
KJ12,DANG WANGI,KJ,19,0,0,0,0,0,0,9,38.96,3
AG5,SULTAN ISMAIL,AG,16,0,0,0,1,0,1,11,50.7,3
SP4,PWTC,PH,0,0,0,0,0,0,0,14,48.93,3
KG34,STADIUM KAJANG,MRT,16,0,0,0,1,2,0,10,64.31,4
MR4,HANG TUAH,MR,2,0,0,0,0,4,0,14,65.71,4
PY03,KAMPUNG SELAMAT,PYL,3,0,0,0,0,0,1,10,46.04,3
KG31,BUKIT DUKUNG,MRT,13,1,1,0,1,0,0,9,37.25,3
AG8,PLAZA RAKYAT,AG,4,1,0,0,0,1,0,10,33.92,3
AG16,CEMPAKA,AG,0,0,1,0,0,0,0,10,44.55,3
KJ19,UNIVERSITI,KJ,22,0,0,0,0,0,0,11,35.05,3
SP5,SULTAN ISMAIL,PH,20,0,0,0,0,0,0,11,45.02,3
SP17,BUKIT JALIL,PH,14,0,0,1,0,2,0,7,50.6,3
PY20,AMPANG PARK,PYL,20,1,1,0,1,0,1,11,46.98,3
AG17,CAHAYA,AG,2,0,1,0,0,0,0,18,65.67,4
BRT3,SUNWAY LAGOON,BRT,19,0,1,0,2,0,0,8,66.65,4
PY27,KUCHAI,PYL,16,0,1,0,2,0,0,4,64.62,4
KJ24,KELANA JAYA,KJ,17,0,1,0,2,0,0,6,66.84,4
SP5,SULTAN ISMAIL,PH,3,0,0,0,0,0,0,11,39.76,3
PY23,TUN RAZAK EXCHANGE,PYL,16,0,0,0,2,4,1,7,100.0,5
PY11,JINJANG,PYL,23,0,0,0,0,0,0,13,42.42,3
PY18,HOSPITAL KUALA LUMPUR,PYL,0,1,0,0,0,0,0,11,39.14,3
SP25,PUSAT BANDAR PUCHONG,PH,3,1,0,0,0,0,0,10,23.86,2
PY27,KUCHAI,PYL,6,0,1,0,1,0,0,11,65.22,4
KG22,MALURI,MRT,21,0,0,0,0,1,0,16,58.3,4
KG31,BUKIT DUKUNG,MRT,5,0,0,0,0,0,0,15,51.15,3
PY07,SRI DAMANSARA SENTRAL,PYL,20,0,0,0,0,0,0,14,48.68,3
SP22,KINRARA,PH,12,0,0,0,0,0,0,9,43.01,3
PY33,SERDANG JAYA,PYL,21,0,0,0,0,0,0,10,39.3,3
SP19,AWAN BESAR,PH,0,0,0,0,0,0,1,18,60.91,4
SP8,PLAZA RAKYAT,PH,23,0,0,0,0,1,1,17,75.71,4
KJ27,CGC GLENMARIE,KJ,14,0,0,0,0,0,0,9,30.34,2
SP19,AWAN BESAR,PH,21,0,0,0,0,0,0,10,41.91,3
KG07,SURIAN,MRT,1,0,1,0,0,0,1,12,56.99,3
BRT2,MENTARI,BRT,0,0,0,0,0,0,0,15,47.51,3
AG1,SENTUL TIMUR,AG,21,0,0,0,0,0,0,17,52.52,3
KJ27,CGC GLENMARIE,KJ,1,0,0,0,0,0,0,12,41.68,3
KJ19,UNIVERSITI,KJ,15,0,1,0,0,0,1,8,50.65,3
PY31,SERDANG RAYA UTARA,PYL,14,1,1,0,1,0,0,9,40.26,3
PY39,CYBERJAYA UTARA,PYL,16,0,1,0,2,0,0,5,56.18,3
MR7,RAJA CHULAN,MR,14,1,1,0,1,0,0,9,39.56,3
SP27,BANDAR PUTERI,PH,23,1,0,0,0,0,0,18,38.46,3
PY09,METRO PRIMA,PYL,13,1,0,0,1,0,0,11,44.41,3
PY39,CYBERJAYA UTARA,PYL,18,0,1,0,3,0,0,5,71.87,4
KG05,KWASA SENTRAL,MRT,17,0,1,0,3,0,0,4,65.37,4
SP5,SULTAN ISMAIL,PH,22,1,0,0,0,0,0,15,33.53,3
SP19,AWAN BESAR,PH,13,1,0,0,1,0,0,11,34.64,3
KG31,BUKIT DUKUNG,MRT,23,0,0,0,0,0,0,16,53.2,3
KJ8,DAMAI,KJ,12,1,0,0,1,0,1,8,42.68,3
SP4,PWTC,PH,0,0,1,0,0,0,0,16,55.2,3
PY13,KAMPUNG BATU,PYL,12,0,0,0,0,0,0,8,38.21,3
PY23,TUN RAZAK EXCHANGE,PYL,12,0,0,0,0,4,0,11,66.18,4
PY10,KEPONG BARU,PYL,22,1,1,0,0,0,0,13,33.41,3
PY08,SRI DAMANSARA TIMUR,PYL,21,0,0,0,0,0,0,11,43.82,3
KJ25,LEMBAH SUBANG,KJ,14,1,1,0,1,0,0,9,48.8,3
KG07,SURIAN,MRT,12,1,0,0,1,0,0,8,32.01,3
KJ30,SS 18,KJ,17,0,0,0,3,0,1,3,70.84,4
PY03,KAMPUNG SELAMAT,PYL,23,0,0,0,0,0,0,11,43.48,3
PY37,PUTRA PERMAI,PYL,5,0,0,0,0,0,0,15,44.87,3
KJ13,MASJID JAMEK,KJ,18,0,0,0,3,4,1,3,100.0,5
SP20,MUHIBBAH,PH,13,0,0,0,0,0,0,12,45.68,3
KJ22,TAMAN PARAMOUNT,KJ,19,0,1,0,2,0,0,5,62.36,4
KJ32,TAIPAN,KJ,15,1,1,0,1,0,0,10,44.15,3
KJ12,DANG WANGI,KJ,20,0,0,0,0,0,1,14,58.39,4
MR8,BUKIT NANAS,MR,4,0,0,0,0,0,0,17,50.17,3
KG18A,BUKIT BINTANG,MRT,1,0,0,0,0,3,0,13,74.1,4
BRT4,SUNMED,BRT,19,0,1,0,2,0,1,6,64.88,4
AG11,CHAN SOW LIN,AG,15,0,0,0,0,1,0,10,48.82,3
SP27,BANDAR PUTERI,PH,16,0,0,0,1,0,0,12,43.59,3
KJ34,USJ 21,KJ,21,0,1,0,0,0,0,10,47.97,3
PY11,JINJANG,PYL,3,0,0,0,0,0,0,13,41.22,3
AG10,PUDU,AG,5,0,0,0,0,0,0,11,40.51,3
MR11,TITIWANGSA,MR,18,0,0,0,3,4,1,5,100.0,5
KJ20,TAMAN JAYA,KJ,19,0,0,0,0,0,0,8,33.01,3
BRT7,USJ7,BRT,12,0,0,0,0,1,0,9,38.42,3
SP17,BUKIT JALIL,PH,18,0,1,0,3,2,0,4,79.69,4
AG5,SULTAN ISMAIL,AG,12,0,0,0,0,0,0,11,40.12,3
PY23,TUN RAZAK EXCHANGE,PYL,18,1,0,0,1,4,1,11,75.49,4
AG8,PLAZA RAKYAT,AG,16,1,0,0,1,1,0,7,39.91,3
AG8,PLAZA RAKYAT,AG,1,0,0,0,0,1,0,18,63.68,4
AG8,PLAZA RAKYAT,AG,23,0,0,0,0,1,0,13,56.53,3
KG17,MERDEKA,MRT,21,1,1,0,1,1,0,10,52.75,3
SP18,SRI PETALING,PH,23,1,0,0,0,0,0,14,27.36,2
KG16,PASAR SENI,MRT,13,0,1,0,0,4,0,7,68.4,4
KG29,BANDAR TUN HUSSEIN ONN,MRT,2,0,1,0,0,0,0,10,38.43,3
SP10,PUDU,PH,13,0,0,0,0,0,0,11,37.68,3
KJ23,TAMAN BAHAGIA,KJ,5,0,0,0,0,0,0,16,52.73,3
KJ31,USJ 7,KJ,3,1,0,0,0,1,0,10,42.07,3
MR3,MAHARAJALELA,MR,13,0,0,0,0,0,0,10,30.99,2
KG20,TUN RAZAK EXCHANGE,MRT,5,0,0,0,0,4,0,16,70.72,4
AG10,PUDU,AG,20,0,0,0,0,0,0,15,38.31,3
BRT7,USJ7,BRT,22,0,0,0,0,1,0,15,51.6,3
PY10,KEPONG BARU,PYL,4,1,0,0,0,0,0,12,28.98,2
PY33,SERDANG JAYA,PYL,18,0,0,0,3,0,0,5,67.05,4
SP18,SRI PETALING,PH,14,0,0,0,0,0,0,7,35.47,3
KJ31,USJ 7,KJ,21,0,0,0,0,1,0,10,54.25,3
KJ36,SUBANG ALAM,KJ,1,0,0,0,0,0,0,16,48.88,3
AG13,MALURI,AG,2,0,1,0,0,1,0,14,60.97,4
KJ31,USJ 7,KJ,21,0,0,0,0,1,0,11,49.74,3
SP4,PWTC,PH,4,0,0,0,0,0,0,12,39.95,3
PY15,JALAN IPOH,PYL,12,0,0,0,0,0,1,8,42.67,3
PY41,PUTRAJAYA SENTRAL,PYL,2,0,0,0,0,0,0,13,46.74,3
AG12,MIHARJA,AG,20,0,1,0,0,0,0,12,46.35,3
KJ21,ASIA JAYA,KJ,1,0,0,0,0,0,0,18,54.33,3
PY40,CYBERJAYA CITY CENTRE,PYL,19,0,0,0,2,0,0,6,58.67,4
SP18,SRI PETALING,PH,18,1,0,0,1,0,0,11,30.56,2
PY20,AMPANG PARK,PYL,18,1,0,0,1,0,0,9,29.3,2
SP10,PUDU,PH,19,0,0,0,0,0,0,7,39.41,3
PY16,SENTUL BARAT,PYL,21,0,0,0,0,0,0,16,52.02,3
PY39,CYBERJAYA UTARA,PYL,2,0,0,0,0,0,0,16,50.4,3
KJ29,SS 15,KJ,16,0,1,0,2,2,0,6,72.61,4
KG07,SURIAN,MRT,3,1,1,0,0,0,0,12,39.95,3
KG16,PASAR SENI,MRT,17,0,0,0,3,4,1,4,100.0,5
KJ33,WAWASAN,KJ,19,1,0,0,1,0,0,10,37.8,3
PY29,SUNGAI BESI,PYL,16,0,0,0,2,1,0,4,54.89,3
KJ13,MASJID JAMEK,KJ,20,1,0,0,1,4,1,7,74.15,4
KG27,TAMAN SUNTEX,MRT,17,0,0,0,3,0,0,4,69.94,4
KG06,KOTA DAMANSARA,MRT,17,0,0,0,3,0,0,3,64.24,4
KJ4,SRI RAMPAI,KJ,4,0,0,0,0,0,0,11,40.78,3
BRT4,SUNMED,BRT,23,0,0,0,0,0,0,16,45.54,3
KG06,KOTA DAMANSARA,MRT,5,0,0,0,0,0,0,11,41.77,3
PY16,SENTUL BARAT,PYL,23,1,1,0,0,0,0,16,49.41,3
KG07,SURIAN,MRT,17,0,0,0,3,0,1,4,75.98,4
KG24,TAMAN MIDAH,MRT,13,0,0,0,0,0,1,9,50.82,3
KG09,BANDAR UTAMA,MRT,19,0,0,0,2,3,1,4,90.08,5
KJ31,USJ 7,KJ,21,1,0,0,1,1,0,10,44.71,3
SP31,PUTRA HEIGHTS,PH,2,0,0,0,0,1,0,17,66.25,4
SP17,BUKIT JALIL,PH,4,0,1,0,0,2,1,14,70.23,4
KJ37,PUTRA HEIGHTS,KJ,3,1,1,0,0,1,0,15,47.33,3
SP2,SENTUL,PH,1,1,1,0,0,0,0,18,49.58,3
KJ15,KL SENTRAL - REDONE,KJ,12,0,1,0,0,4,1,7,79.91,4
AG4,PWTC,AG,17,0,0,0,3,0,0,5,56.25,3
KJ17,ABDULLAH HUKUM,KJ,18,1,1,0,1,3,2,9,73.81,4
BRT7,USJ7,BRT,16,1,1,0,1,1,0,10,45.94,3
KJ8,DAMAI,KJ,14,1,1,0,1,0,0,9,37.47,3
SP29,PUCHONG PRIMA,PH,23,0,1,0,0,0,0,11,41.96,3
AG10,PUDU,AG,2,0,0,0,0,0,0,14,45.44,3
KG05,KWASA SENTRAL,MRT,18,0,1,0,2,0,0,6,60.19,4
PY40,CYBERJAYA CITY CENTRE,PYL,23,1,0,0,0,0,0,14,30.36,2
PY19,RAJA UDA,PYL,17,1,0,0,1,0,0,11,27.1,2
KJ2,TAMAN MELATI,KJ,13,0,0,0,0,0,0,9,33.49,3
PY19,RAJA UDA,PYL,0,0,0,0,0,0,0,14,42.04,3
PY16,SENTUL BARAT,PYL,5,0,0,0,0,0,1,12,53.51,3
AG1,SENTUL TIMUR,AG,5,1,1,0,0,0,0,14,42.38,3
KG10,TAMAN TUN DR ISMAIL,MRT,4,1,1,0,0,0,0,11,28.91,2
AG16,CEMPAKA,AG,14,1,0,0,1,0,0,8,36.88,3
PY16,SENTUL BARAT,PYL,0,1,0,0,0,0,0,13,37.93,3
KJ35,ALAM MEGAH,KJ,21,1,1,0,1,0,0,10,39.71,3
KJ37,PUTRA HEIGHTS,KJ,4,0,0,0,0,1,0,15,58.63,4
KG23,TAMAN PERTAMA,MRT,18,0,0,0,2,0,0,5,57.41,3
SP15,BANDAR TASIK SELATAN,PH,23,0,0,0,0,2,0,13,52.17,3
KJ7,DATO' KERAMAT,KJ,16,0,1,0,2,0,0,5,63.24,4
AG15,PANDAN INDAH,AG,12,1,0,0,1,0,0,9,38.22,3
KJ33,WAWASAN,KJ,21,0,0,0,0,0,0,16,53.31,3
AG9,HANG TUAH,AG,3,0,1,0,0,4,0,14,78.37,4
SP7,MASJID JAMEK,PH,0,0,0,0,0,4,0,12,69.48,4
AG2,SENTUL,AG,1,0,0,0,0,0,0,12,44.07,3
PY37,PUTRA PERMAI,PYL,23,0,0,0,0,0,0,14,37.88,3
SP8,PLAZA RAKYAT,PH,19,0,0,0,2,1,0,5,65.36,4
AG8,PLAZA RAKYAT,AG,14,0,0,0,0,1,0,11,47.31,3
PY13,KAMPUNG BATU,PYL,18,0,0,0,2,0,0,6,59.55,4
KG33,SUNGAI JERNIH,MRT,23,0,0,0,0,0,0,16,52.34,3
KG35,KAJANG,MRT,5,0,1,0,0,0,0,11,49.44,3
PY36,TAMAN EQUINE,PYL,18,1,1,0,1,0,0,9,42.79,3
KJ30,SS 18,KJ,13,1,0,0,1,0,0,9,37.75,3
PY16,SENTUL BARAT,PYL,13,1,0,0,1,0,0,10,43.26,3
KG33,SUNGAI JERNIH,MRT,1,1,1,0,0,0,0,11,33.16,3
KG30,BATU 11 CHERAS,MRT,19,1,1,0,1,0,0,8,41.44,3
KJ9,AMPANG PARK,KJ,14,1,0,0,1,0,0,10,38.6,3
AG14,PANDAN JAYA,AG,16,1,0,0,1,0,0,12,40.95,3
KG18A,BUKIT BINTANG,MRT,21,0,1,0,0,3,1,16,90.41,5
KG05,KWASA SENTRAL,MRT,12,0,0,0,0,0,0,8,40.39,3
KG22,MALURI,MRT,2,1,1,0,0,1,0,12,43.27,3
BRT7,USJ7,BRT,16,0,0,0,1,1,0,9,46.75,3
KJ20,TAMAN JAYA,KJ,21,0,0,0,0,0,0,13,46.48,3
PY05,DAMANSARA DAMAI,PYL,1,0,0,0,0,0,0,13,42.46,3
SP8,PLAZA RAKYAT,PH,21,0,1,0,0,1,0,17,72.84,4
PY12,SRI DELIMA,PYL,12,1,0,0,1,0,0,7,30.99,2
SP6,BANDARAYA - UOB,PH,2,0,1,0,0,0,0,12,47.96,3
KG25,TAMAN MUTIARA,MRT,17,0,0,0,3,0,0,4,67.51,4
AG2,SENTUL,AG,23,0,0,0,0,0,0,13,45.07,3
KJ6,JELATEK,KJ,3,0,0,0,0,0,0,18,50.2,3
KJ29,SS 15,KJ,19,1,0,0,1,2,1,10,53.77,3
KG22,MALURI,MRT,18,0,0,0,3,1,0,4,75.1,4
AG14,PANDAN JAYA,AG,23,0,0,0,0,0,0,18,52.74,3
SP26,TAMAN PERINDUSTRIAN PUCHONG,PH,19,0,0,0,2,0,0,7,56.38,3
MR8,BUKIT NANAS,MR,23,0,0,0,0,0,0,11,43.67,3
SP31,PUTRA HEIGHTS,PH,20,0,0,0,0,1,0,17,64.13,4
KG09,BANDAR UTAMA,MRT,22,1,1,0,0,3,0,10,52.96,3
KJ28,SUBANG JAYA,KJ,18,0,1,0,2,0,0,5,55.4,3
MR9,MEDAN TUANKU,MR,23,0,0,1,0,0,0,15,51.24,3
KG23,TAMAN PERTAMA,MRT,14,1,1,0,1,0,0,10,41.88,3
PY11,JINJANG,PYL,16,1,0,0,1,0,0,11,38.53,3
KJ22,TAMAN PARAMOUNT,KJ,3,0,0,0,0,0,0,10,44.32,3
PY03,KAMPUNG SELAMAT,PYL,3,0,0,0,0,0,0,13,41.07,3
SP28,PUCHONG PERDANA,PH,17,1,0,0,1,0,0,12,34.41,3
AG13,MALURI,AG,18,1,0,0,1,1,0,8,42.0,3
KG16,PASAR SENI,MRT,19,0,0,0,2,4,1,6,99.46,5
SP19,AWAN BESAR,PH,19,0,0,0,2,0,0,5,55.69,3
PY37,PUTRA PERMAI,PYL,23,0,0,0,0,0,0,12,38.07,3
KJ4,SRI RAMPAI,KJ,2,0,0,0,0,0,0,18,51.13,3
PY08,SRI DAMANSARA TIMUR,PYL,5,0,0,0,0,0,0,14,47.25,3
KJ23,TAMAN BAHAGIA,KJ,2,0,1,0,0,0,1,11,58.12,4
MR1,KL SENTRAL,MR,4,1,0,0,0,4,0,13,61.95,4
PY22,CONLAY,PYL,21,0,1,0,0,0,0,13,55.29,3
PY06,SRI DAMANSARA BARAT,PYL,3,0,1,0,0,0,0,12,51.32,3
KJ34,USJ 21,KJ,21,0,1,0,0,0,0,12,53.25,3
KJ1,GOMBAK,KJ,18,0,0,0,3,0,0,3,57.37,3
BRT4,SUNMED,BRT,20,0,0,0,0,0,0,13,48.29,3
PY01,KWASA DAMANSARA,PYL,19,0,0,0,2,1,0,7,64.83,4
KG26,TAMAN CONNAUGHT,MRT,2,1,0,0,0,0,0,11,32.27,3
MR6,BUKIT BINTANG,MR,2,0,1,0,0,3,0,18,73.39,4
PY24,CHAN SOW LIN,PYL,1,0,0,0,0,1,0,14,61.46,4
SP26,TAMAN PERINDUSTRIAN PUCHONG,PH,22,0,0,0,0,0,0,15,45.63,3
BRT2,MENTARI,BRT,19,0,1,0,2,0,0,6,53.35,3
KJ8,DAMAI,KJ,23,0,0,0,0,0,0,18,55.49,3
KJ31,USJ 7,KJ,22,0,0,0,0,1,0,18,66.21,4
MR2,TUN SAMBANTHAN,MR,15,0,0,0,0,0,0,8,25.43,2
KJ16,BANK RAKYAT BANGSAR,KJ,6,1,1,0,0,0,0,9,42.51,3
SP18,SRI PETALING,PH,16,0,0,0,2,0,0,4,44.71,3
KJ15,KL SENTRAL - REDONE,KJ,2,1,1,0,0,4,0,13,69.1,4
SP1,SENTUL TIMUR,PH,20,0,1,0,0,0,0,13,42.67,3
KJ30,SS 18,KJ,23,1,0,0,0,0,0,10,33.97,3
SP7,MASJID JAMEK,PH,20,0,0,0,0,4,1,15,87.81,5
SP6,BANDARAYA - UOB,PH,23,1,0,0,0,0,0,17,37.88,3
PY01,KWASA DAMANSARA,PYL,16,0,0,0,1,1,0,7,52.27,3
KJ30,SS 18,KJ,0,0,0,0,0,0,0,13,42.79,3
KJ36,SUBANG ALAM,KJ,23,0,0,0,0,0,0,12,41.84,3
SP22,KINRARA,PH,23,1,1,0,0,0,0,15,51.54,3
PY16,SENTUL BARAT,PYL,12,0,0,0,0,0,0,8,35.99,3
SP26,TAMAN PERINDUSTRIAN PUCHONG,PH,5,0,0,0,0,0,0,16,44.08,3
KG16,PASAR SENI,MRT,3,0,0,0,0,4,0,12,75.6,4
PY31,SERDANG RAYA UTARA,PYL,5,0,0,0,0,0,0,10,35.87,3
KG31,BUKIT DUKUNG,MRT,14,0,1,0,0,0,0,9,44.51,3
KJ19,UNIVERSITI,KJ,5,0,0,0,0,0,0,16,44.01,3
PY05,DAMANSARA DAMAI,PYL,20,1,0,0,1,0,0,7,28.47,2
PY03,KAMPUNG SELAMAT,PYL,19,0,1,0,0,0,0,11,47.88,3
PY23,TUN RAZAK EXCHANGE,PYL,16,1,0,0,1,4,1,8,70.26,4
PY34,UPM,PYL,0,0,0,0,0,0,0,11,42.26,3
KG13,PUSAT BANDAR DAMANSARA,MRT,12,0,0,0,0,0,0,8,39.12,3
PY15,JALAN IPOH,PYL,0,0,0,0,0,0,0,13,43.81,3
SP16,SUNGAI BESI,PH,3,0,0,0,0,1,0,11,49.57,3
KJ9,AMPANG PARK,KJ,20,1,0,0,1,0,0,7,38.75,3
AG2,SENTUL,AG,23,0,0,0,0,0,1,12,55.38,3
PY07,SRI DAMANSARA SENTRAL,PYL,0,1,1,0,0,0,0,14,42.73,3
PY03,KAMPUNG SELAMAT,PYL,20,0,1,0,0,0,0,13,48.83,3
MR2,TUN SAMBANTHAN,MR,0,1,0,0,0,0,0,15,32.33,3
PY15,JALAN IPOH,PYL,4,0,0,0,0,0,0,10,41.44,3
AG12,MIHARJA,AG,4,0,0,0,0,0,0,14,46.16,3
PY23,TUN RAZAK EXCHANGE,PYL,3,0,1,0,0,4,0,11,68.05,4
SP9,HANG TUAH,PH,22,0,0,0,0,4,0,15,66.18,4
KJ37,PUTRA HEIGHTS,KJ,2,0,0,0,0,1,0,12,54.62,3
AG18,AMPANG,AG,1,0,1,0,0,0,0,13,53.92,3
SP12,CHERAS,PH,22,0,0,0,0,0,0,15,47.28,3
KG09,BANDAR UTAMA,MRT,14,0,0,0,0,3,0,8,60.41,4
PY17,TITIWANGSA,PYL,0,0,0,0,0,4,0,13,78.42,4
KG21,COCHRANE,MRT,18,0,0,0,3,0,0,3,57.9,3
MR6,BUKIT BINTANG,MR,16,0,1,0,2,3,1,7,98.16,5
MR4,HANG TUAH,MR,15,1,1,0,1,4,1,9,74.6,4
MR5,IMBI,MR,3,0,0,0,0,0,1,18,59.16,4
SP15,BANDAR TASIK SELATAN,PH,2,1,0,0,0,2,0,10,29.73,2
SP21,ALAM SUTERA,PH,3,1,1,0,0,0,0,18,48.72,3
SP8,PLAZA RAKYAT,PH,2,0,0,0,0,1,0,18,64.36,4
BRT2,MENTARI,BRT,15,0,0,0,0,0,0,8,33.86,3
AG1,SENTUL TIMUR,AG,21,0,0,0,0,0,0,14,47.63,3
KG24,TAMAN MIDAH,MRT,2,0,0,0,0,0,0,14,53.07,3
AG10,PUDU,AG,13,0,0,0,0,0,0,7,31.76,2
PY04,SUNGAI BULOH,PYL,17,0,1,0,2,0,0,7,65.49,4
KJ23,TAMAN BAHAGIA,KJ,4,1,0,0,0,0,0,11,37.64,3
SP9,HANG TUAH,PH,22,0,1,0,0,4,0,17,69.54,4
KJ34,USJ 21,KJ,20,0,1,0,0,0,0,12,52.15,3
KJ4,SRI RAMPAI,KJ,21,0,0,0,0,0,0,18,48.9,3
KJ8,DAMAI,KJ,16,0,0,0,2,0,0,4,52.51,3
KJ25,LEMBAH SUBANG,KJ,16,1,0,0,1,0,0,10,37.86,3
KG29,BANDAR TUN HUSSEIN ONN,MRT,4,0,0,0,0,0,0,11,39.92,3
SP9,HANG TUAH,PH,19,0,0,0,2,4,1,6,89.45,5
KG04,KWASA DAMANSARA,MRT,18,1,1,0,1,1,0,7,42.14,3
MR6,BUKIT BINTANG,MR,1,0,0,0,0,3,0,15,67.94,4
SP21,ALAM SUTERA,PH,13,1,0,0,1,0,0,9,41.42,3
PY41,PUTRAJAYA SENTRAL,PYL,1,0,1,0,0,0,0,16,53.62,3
PY28,TAMAN NAGA EMAS,PYL,17,0,1,0,3,0,0,5,65.41,4
KG27,TAMAN SUNTEX,MRT,13,0,0,0,0,0,0,10,45.73,3
PY17,TITIWANGSA,PYL,12,0,0,0,0,4,0,11,67.7,4
PY29,SUNGAI BESI,PYL,15,1,1,0,1,1,1,7,52.08,3
KJ2,TAMAN MELATI,KJ,23,0,0,0,0,0,0,12,43.58,3
KG23,TAMAN PERTAMA,MRT,2,1,1,0,0,0,0,12,41.79,3
KG25,TAMAN MUTIARA,MRT,3,0,0,0,0,0,0,10,40.94,3
KJ29,SS 15,KJ,17,0,0,0,2,2,0,5,62.87,4
KJ36,SUBANG ALAM,KJ,16,0,0,0,2,0,1,4,57.81,3
BRT6,SOUTH QUAY-USJ 1,BRT,15,0,0,0,0,0,0,9,23.47,2
MR10,CHOW KIT,MR,4,0,1,0,0,0,0,11,39.18,3
AG3,TITIWANGSA,AG,5,0,0,0,0,4,0,11,57.37,3
MR7,RAJA CHULAN,MR,2,0,0,0,0,0,0,14,47.55,3
KJ32,TAIPAN,KJ,12,0,0,0,0,0,0,7,42.31,3
PY37,PUTRA PERMAI,PYL,1,0,0,0,0,0,0,16,48.45,3
PY34,UPM,PYL,12,0,0,0,0,0,0,8,42.61,3
KJ2,TAMAN MELATI,KJ,21,0,0,0,0,0,0,14,42.18,3
PY18,HOSPITAL KUALA LUMPUR,PYL,3,0,1,0,0,0,0,16,59.56,4
PY03,KAMPUNG SELAMAT,PYL,5,0,0,0,0,0,0,10,43.1,3
KJ23,TAMAN BAHAGIA,KJ,20,0,0,0,0,0,0,13,44.48,3
SP3,TITIWANGSA,PH,3,0,1,0,0,4,0,16,83.49,5
PY38,16 SIERRA,PYL,17,0,0,0,3,0,0,5,62.87,4
SP18,SRI PETALING,PH,18,0,0,0,3,0,0,4,62.87,4
KJ31,USJ 7,KJ,4,0,0,0,0,1,0,17,60.68,4
KG21,COCHRANE,MRT,16,1,0,0,1,0,0,9,28.61,2
PY09,METRO PRIMA,PYL,17,0,0,0,3,0,0,5,73.53,4
KG07,SURIAN,MRT,2,0,1,0,0,0,0,10,49.42,3
AG13,MALURI,AG,19,0,0,0,2,1,0,6,65.3,4
PY27,KUCHAI,PYL,0,0,0,0,0,0,0,12,51.61,3
KJ5,SETIAWANGSA,KJ,18,0,0,0,2,0,0,6,55.52,3
KJ15,KL SENTRAL - REDONE,KJ,18,0,0,0,3,4,1,4,100.0,5
PY36,TAMAN EQUINE,PYL,3,0,0,0,0,0,0,15,56.16,3
KG29,BANDAR TUN HUSSEIN ONN,MRT,5,0,1,0,0,0,0,11,39.21,3
SP25,PUSAT BANDAR PUCHONG,PH,14,0,0,0,0,0,0,7,30.71,2
AG1,SENTUL TIMUR,AG,22,1,0,0,0,0,0,13,31.1,2
AG12,MIHARJA,AG,5,0,1,0,0,0,1,16,60.85,4
KJ32,TAIPAN,KJ,5,1,0,0,0,0,0,15,39.73,3
AG1,SENTUL TIMUR,AG,18,0,0,0,2,0,0,4,54.91,3
SP27,BANDAR PUTERI,PH,1,0,0,0,0,0,0,10,34.31,3
KG30,BATU 11 CHERAS,MRT,3,1,0,0,0,0,0,10,26.56,2
KG30,BATU 11 CHERAS,MRT,13,1,0,0,1,0,0,8,29.6,2
PY04,SUNGAI BULOH,PYL,16,0,0,0,2,0,0,7,58.12,4
PY21,PERSIARAN KLCC,PYL,3,1,0,0,0,3,0,11,47.38,3
SP17,BUKIT JALIL,PH,20,0,0,0,0,2,0,16,59.43,4
MR1,KL SENTRAL,MR,21,0,0,0,0,4,1,18,90.64,5
BRT5,SunU-Monash,BRT,21,1,0,0,1,0,0,9,36.95,3
PY20,AMPANG PARK,PYL,18,0,0,0,2,0,0,7,52.38,3
KJ5,SETIAWANGSA,KJ,19,0,1,0,0,0,0,7,39.63,3
PY41,PUTRAJAYA SENTRAL,PYL,17,0,0,0,3,0,0,5,69.64,4
KG04,KWASA DAMANSARA,MRT,2,0,0,0,0,1,0,10,48.98,3
KJ25,LEMBAH SUBANG,KJ,3,1,0,0,0,0,0,13,36.96,3
SP3,TITIWANGSA,PH,12,0,0,0,0,4,0,12,62.14,4
BRT2,MENTARI,BRT,20,1,0,0,1,0,0,11,34.33,3
KG31,BUKIT DUKUNG,MRT,18,0,0,0,3,0,0,3,61.91,4
KG22,MALURI,MRT,22,0,1,0,0,1,0,10,53.02,3
KJ34,USJ 21,KJ,20,1,0,0,1,0,0,8,42.84,3
KG26,TAMAN CONNAUGHT,MRT,3,1,0,0,0,0,0,14,37.82,3
SP24,IOI PUCHONG JAYA,PH,12,1,1,0,1,0,0,12,40.25,3
AG6,BANDARAYA - UOB,AG,14,0,0,0,0,0,0,7,31.95,2
SP17,BUKIT JALIL,PH,13,1,0,0,1,2,1,9,52.57,3
PY07,SRI DAMANSARA SENTRAL,PYL,15,1,0,0,1,0,0,7,36.52,3
KJ10,KLCC,KJ,18,1,0,0,1,3,2,10,77.53,4
KG14,SEMANTAN,MRT,4,1,0,0,0,0,0,14,31.26,2
PY16,SENTUL BARAT,PYL,19,0,1,0,0,0,0,9,45.58,3
BRT1,SUNWAY-SETIA JAYA,BRT,16,0,0,0,1,0,0,13,45.78,3
MR3,MAHARAJALELA,MR,15,0,1,0,0,0,0,9,39.22,3
KG28,SRI RAYA,MRT,0,1,0,0,0,0,0,11,39.82,3
SP14,BANDAR TUN RAZAK,PH,5,0,1,0,0,0,0,13,44.62,3
MR8,BUKIT NANAS,MR,5,0,0,0,0,0,0,13,39.93,3
KJ25,LEMBAH SUBANG,KJ,23,0,0,0,0,0,0,17,62.31,4
PY23,TUN RAZAK EXCHANGE,PYL,18,0,0,0,2,4,1,6,100.0,5
MR7,RAJA CHULAN,MR,12,0,1,0,0,0,0,8,43.88,3
KJ29,SS 15,KJ,20,1,0,0,1,2,1,7,52.88,3
PY12,SRI DELIMA,PYL,14,0,0,0,0,0,0,9,37.1,3
PY12,SRI DELIMA,PYL,18,1,0,0,1,0,0,11,33.19,3
KG15,MUZIUM NEGARA,MRT,22,1,0,0,0,0,0,16,42.33,3
SP14,BANDAR TUN RAZAK,PH,3,0,0,0,0,0,0,18,46.11,3
KG35,KAJANG,MRT,2,0,0,0,0,0,0,13,47.21,3
SP31,PUTRA HEIGHTS,PH,21,1,0,0,1,1,0,10,49.21,3
PY13,KAMPUNG BATU,PYL,16,1,1,0,1,0,0,7,40.94,3
AG13,MALURI,AG,3,0,0,0,0,1,0,12,51.37,3
SP16,SUNGAI BESI,PH,4,0,0,0,0,1,0,18,60.3,4
PY12,SRI DELIMA,PYL,20,1,0,0,1,0,1,9,43.66,3
AG16,CEMPAKA,AG,19,1,0,0,1,0,0,8,30.24,2
AG9,HANG TUAH,AG,23,0,0,0,0,4,0,18,79.61,4
KJ34,USJ 21,KJ,2,0,1,0,0,0,0,14,62.92,4
KJ14,PASAR SENI,KJ,13,1,0,0,1,4,1,10,78.64,4
PY40,CYBERJAYA CITY CENTRE,PYL,16,0,0,0,1,0,0,7,46.61,3
KJ19,UNIVERSITI,KJ,16,0,1,0,1,0,0,10,45.34,3
KJ8,DAMAI,KJ,22,0,0,0,0,0,0,15,49.9,3
KG23,TAMAN PERTAMA,MRT,17,0,1,0,3,0,0,4,74.57,4
MR3,MAHARAJALELA,MR,1,0,0,0,0,0,0,15,43.18,3
SP14,BANDAR TUN RAZAK,PH,23,1,0,0,0,0,0,13,21.6,2
KG27,TAMAN SUNTEX,MRT,15,0,1,0,0,0,0,7,46.2,3
AG7,MASJID JAMEK,AG,3,0,1,0,0,4,0,10,68.8,4
PY40,CYBERJAYA CITY CENTRE,PYL,15,0,0,0,0,0,0,9,37.47,3
PY24,CHAN SOW LIN,PYL,20,0,0,0,0,1,0,11,51.29,3
SP26,TAMAN PERINDUSTRIAN PUCHONG,PH,23,1,0,0,0,0,0,11,25.7,2
SP5,SULTAN ISMAIL,PH,16,0,0,0,2,0,0,6,56.24,3
KJ18,KERINCHI,KJ,13,0,1,0,0,0,0,10,38.06,3
SP18,SRI PETALING,PH,15,0,0,0,0,0,0,9,34.07,3
PY21,PERSIARAN KLCC,PYL,23,0,1,0,0,3,0,12,65.12,4
SP27,BANDAR PUTERI,PH,21,0,0,0,0,0,1,10,46.62,3
MR5,IMBI,MR,5,1,0,0,0,0,0,10,25.56,2
KG17,MERDEKA,MRT,16,0,0,0,2,1,1,6,84.16,5
SP15,BANDAR TASIK SELATAN,PH,12,0,1,0,0,2,0,9,48.09,3
KJ17,ABDULLAH HUKUM,KJ,1,0,0,0,0,3,0,12,57.27,3
AG2,SENTUL,AG,0,0,0,0,0,0,0,10,44.69,3
BRT6,SOUTH QUAY-USJ 1,BRT,3,0,1,0,0,0,0,11,34.01,3
BRT7,USJ7,BRT,13,0,1,0,0,1,0,10,40.32,3
KJ28,SUBANG JAYA,KJ,2,1,0,0,0,0,0,13,29.49,2
AG1,SENTUL TIMUR,AG,12,1,0,0,1,0,0,9,32.57,3
AG5,SULTAN ISMAIL,AG,4,0,1,0,0,0,1,16,55.27,3
KJ16,BANK RAKYAT BANGSAR,KJ,15,1,0,0,1,0,0,10,41.48,3
KJ2,TAMAN MELATI,KJ,12,1,0,0,1,0,1,8,32.18,3
AG7,MASJID JAMEK,AG,23,0,1,0,0,4,0,15,78.71,4
KJ17,ABDULLAH HUKUM,KJ,16,1,0,0,1,3,2,9,69.48,4
PY41,PUTRAJAYA SENTRAL,PYL,3,1,0,0,0,0,0,16,38.21,3
SP27,BANDAR PUTERI,PH,12,0,1,0,0,0,0,8,40.8,3
BRT3,SUNWAY LAGOON,BRT,18,0,0,0,2,0,0,7,56.35,3
KG24,TAMAN MIDAH,MRT,23,0,0,0,0,0,0,10,38.28,3
KJ37,PUTRA HEIGHTS,KJ,5,0,0,0,0,1,0,17,58.78,4
SP29,PUCHONG PRIMA,PH,0,0,0,0,0,0,0,15,46.0,3
PY20,AMPANG PARK,PYL,15,0,1,0,0,0,0,9,44.68,3
PY06,SRI DAMANSARA BARAT,PYL,13,0,0,0,0,0,0,7,33.11,3
KG21,COCHRANE,MRT,20,1,0,0,1,0,0,8,31.52,2
KJ25,LEMBAH SUBANG,KJ,13,0,0,0,0,0,0,7,43.47,3
SP17,BUKIT JALIL,PH,23,1,0,0,0,2,0,18,51.92,3
KG14,SEMANTAN,MRT,23,0,1,0,0,0,0,12,45.74,3
KG28,SRI RAYA,MRT,3,0,1,0,0,0,0,10,55.26,3
KG25,TAMAN MUTIARA,MRT,12,0,0,0,0,0,0,7,37.69,3
PY11,JINJANG,PYL,20,0,0,0,0,0,0,15,47.65,3
KJ33,WAWASAN,KJ,5,0,0,0,0,0,0,16,57.03,3
KJ22,TAMAN PARAMOUNT,KJ,22,1,0,0,0,0,0,15,42.08,3
KG25,TAMAN MUTIARA,MRT,3,1,1,0,0,0,1,14,53.12,3
AG3,TITIWANGSA,AG,4,0,0,0,0,4,0,10,54.39,3
KG13,PUSAT BANDAR DAMANSARA,MRT,0,0,0,0,0,0,0,15,47.19,3
AG4,PWTC,AG,13,0,0,0,0,0,0,10,29.17,2
AG12,MIHARJA,AG,3,0,0,0,0,0,0,14,46.89,3
KJ9,AMPANG PARK,KJ,2,1,1,0,0,0,0,10,40.31,3
PY07,SRI DAMANSARA SENTRAL,PYL,4,0,0,0,0,0,0,15,52.43,3
PY18,HOSPITAL KUALA LUMPUR,PYL,16,1,1,0,1,0,0,8,40.41,3
AG14,PANDAN JAYA,AG,18,0,1,0,2,0,0,6,54.96,3
KG33,SUNGAI JERNIH,MRT,15,0,0,0,0,0,0,9,36.74,3
KJ24,KELANA JAYA,KJ,3,0,0,0,0,0,0,14,54.58,3
SP5,SULTAN ISMAIL,PH,19,0,0,0,0,0,0,10,38.99,3
MR9,MEDAN TUANKU,MR,21,1,0,0,1,0,1,10,40.86,3
PY32,SERDANG RAYA SELATAN,PYL,5,0,1,0,0,0,0,10,50.37,3
KG07,SURIAN,MRT,15,0,1,0,0,0,0,10,51.52,3
AG13,MALURI,AG,14,0,0,0,0,1,0,8,40.67,3
SP1,SENTUL TIMUR,PH,22,0,0,0,0,0,0,12,40.42,3
KG16,PASAR SENI,MRT,23,0,1,0,0,4,0,10,71.62,4
KG09,BANDAR UTAMA,MRT,14,0,0,0,0,3,0,10,68.59,4
PY11,JINJANG,PYL,4,0,0,0,0,0,0,12,41.98,3
KG10,TAMAN TUN DR ISMAIL,MRT,17,0,0,0,3,0,0,3,60.43,4
SP31,PUTRA HEIGHTS,PH,20,0,0,0,0,1,0,10,50.08,3
SP20,MUHIBBAH,PH,17,0,0,0,2,0,0,6,60.9,4
KJ7,DATO' KERAMAT,KJ,18,0,0,0,3,0,0,4,62.91,4
KJ5,SETIAWANGSA,KJ,19,0,0,0,0,0,0,8,37.35,3
SP12,CHERAS,PH,23,0,1,0,0,0,0,14,53.55,3
MR7,RAJA CHULAN,MR,19,0,1,0,0,0,0,12,42.28,3
PY32,SERDANG RAYA SELATAN,PYL,20,0,1,0,0,0,1,11,58.96,4
KG22,MALURI,MRT,21,0,0,0,0,1,0,16,63.5,4
PY14,KENTOMEN,PYL,22,0,0,0,0,0,0,10,36.47,3
MR10,CHOW KIT,MR,17,0,0,0,3,0,0,6,57.03,3
PY21,PERSIARAN KLCC,PYL,22,0,0,0,0,3,0,13,58.65,4
SP8,PLAZA RAKYAT,PH,15,0,0,0,0,1,0,12,58.38,4
SP28,PUCHONG PERDANA,PH,5,0,0,0,0,0,0,18,51.54,3
MR7,RAJA CHULAN,MR,18,1,0,0,1,0,0,8,32.4,3
SP13,SALAK SELATAN,PH,12,0,1,0,0,0,0,7,49.27,3
KJ33,WAWASAN,KJ,16,1,1,0,1,0,0,8,38.22,3
PY28,TAMAN NAGA EMAS,PYL,22,0,0,0,0,0,0,12,38.18,3
KG14,SEMANTAN,MRT,16,1,1,0,1,0,0,7,38.99,3
KJ34,USJ 21,KJ,17,0,0,0,2,0,0,5,60.4,4
SP21,ALAM SUTERA,PH,21,0,0,0,0,0,0,16,56.49,3
SP16,SUNGAI BESI,PH,1,1,0,0,0,1,0,13,33.14,3
KG31,BUKIT DUKUNG,MRT,18,0,1,0,3,0,0,4,67.48,4
SP31,PUTRA HEIGHTS,PH,21,0,0,0,0,1,0,10,53.87,3
KJ8,DAMAI,KJ,22,0,0,0,0,0,0,13,51.81,3
SP26,TAMAN PERINDUSTRIAN PUCHONG,PH,0,1,0,0,0,0,0,17,39.46,3
PY13,KAMPUNG BATU,PYL,23,1,1,0,0,0,0,15,44.06,3
KG29,BANDAR TUN HUSSEIN ONN,MRT,13,0,0,0,0,0,0,10,30.66,2
PY27,KUCHAI,PYL,2,1,1,0,0,0,0,11,37.13,3
PY27,KUCHAI,PYL,22,0,1,0,0,0,0,13,59.77,4
KJ20,TAMAN JAYA,KJ,14,0,0,0,0,0,0,7,29.58,2
AG7,MASJID JAMEK,AG,5,0,0,0,0,4,0,10,63.94,4
SP6,BANDARAYA - UOB,PH,2,0,0,0,0,0,0,14,52.76,3
BRT3,SUNWAY LAGOON,BRT,22,0,0,0,0,0,0,12,37.09,3
SP5,SULTAN ISMAIL,PH,3,1,1,0,0,0,0,12,35.47,3
KJ18,KERINCHI,KJ,15,0,0,0,0,0,0,10,30.75,2
KJ32,TAIPAN,KJ,12,0,0,0,0,0,0,8,36.86,3
MR9,MEDAN TUANKU,MR,19,1,0,0,1,0,0,8,35.9,3
SP4,PWTC,PH,2,0,0,0,0,0,0,11,41.83,3
SP26,TAMAN PERINDUSTRIAN PUCHONG,PH,5,0,0,0,0,0,0,18,53.68,3
MR4,HANG TUAH,MR,16,0,0,0,2,4,1,8,93.03,5
BRT1,SUNWAY-SETIA JAYA,BRT,17,0,0,0,3,0,0,6,60.65,4
SP17,BUKIT JALIL,PH,0,0,0,0,0,2,0,17,61.74,4
PY31,SERDANG RAYA UTARA,PYL,16,0,0,0,1,0,0,9,50.26,3
PY08,SRI DAMANSARA TIMUR,PYL,15,0,0,0,0,0,0,10,44.5,3
PY23,TUN RAZAK EXCHANGE,PYL,13,0,1,0,0,4,0,7,67.92,4
PY05,DAMANSARA DAMAI,PYL,1,0,0,0,0,0,0,13,43.75,3
KJ12,DANG WANGI,KJ,22,0,0,0,0,0,0,11,47.07,3
KG25,TAMAN MUTIARA,MRT,14,0,0,0,0,0,0,10,38.72,3
KJ17,ABDULLAH HUKUM,KJ,12,0,0,0,0,3,0,10,46.83,3
MR10,CHOW KIT,MR,3,0,0,0,0,0,1,12,42.67,3
KJ10,KLCC,KJ,19,1,0,0,1,3,2,8,74.99,4
PY33,SERDANG JAYA,PYL,5,0,0,0,0,0,0,11,44.88,3
KJ7,DATO' KERAMAT,KJ,14,1,0,0,1,0,0,8,33.38,3
AG17,CAHAYA,AG,3,0,0,0,0,0,0,10,41.77,3
KG29,BANDAR TUN HUSSEIN ONN,MRT,3,0,0,0,0,0,0,12,36.34,3
BRT3,SUNWAY LAGOON,BRT,14,0,0,0,0,0,0,13,43.26,3
KJ27,CGC GLENMARIE,KJ,17,0,1,0,2,0,0,4,50.13,3
PY39,CYBERJAYA UTARA,PYL,19,0,0,0,2,0,0,5,48.42,3
AG4,PWTC,AG,21,1,0,0,1,0,0,12,35.39,3
MR8,BUKIT NANAS,MR,0,1,1,0,0,0,0,12,36.2,3
PY28,TAMAN NAGA EMAS,PYL,3,0,0,0,0,0,0,10,32.52,3
MR9,MEDAN TUANKU,MR,15,0,1,0,0,0,0,8,41.71,3
KG09,BANDAR UTAMA,MRT,3,0,1,0,0,3,0,14,77.52,4
SP24,IOI PUCHONG JAYA,PH,4,0,0,0,0,0,0,18,51.74,3
AG14,PANDAN JAYA,AG,0,0,1,0,0,0,1,16,60.12,4
AG17,CAHAYA,AG,20,0,1,0,0,0,0,11,50.14,3
KJ29,SS 15,KJ,14,0,0,0,0,2,0,9,46.68,3
KJ7,DATO' KERAMAT,KJ,20,0,1,0,0,0,1,13,64.99,4
KJ6,JELATEK,KJ,3,0,0,0,0,0,0,11,40.09,3
PY05,DAMANSARA DAMAI,PYL,23,0,0,0,0,0,0,11,42.93,3
KJ31,USJ 7,KJ,17,0,1,0,3,1,0,4,82.02,5
KJ36,SUBANG ALAM,KJ,19,1,0,0,1,0,0,7,24.73,2
KJ14,PASAR SENI,KJ,21,1,1,0,1,4,1,10,81.53,4
SP31,PUTRA HEIGHTS,PH,14,1,0,0,1,1,0,8,43.85,3
KJ32,TAIPAN,KJ,19,0,1,0,0,0,0,10,47.15,3
SP2,SENTUL,PH,19,1,0,0,1,0,0,7,28.89,2
KG31,BUKIT DUKUNG,MRT,3,1,0,0,0,0,0,13,37.38,3
SP24,IOI PUCHONG JAYA,PH,21,0,0,0,0,0,0,13,34.85,3
PY16,SENTUL BARAT,PYL,4,0,0,0,0,0,0,10,47.06,3
PY09,METRO PRIMA,PYL,21,1,1,0,1,0,0,10,49.91,3
SP27,BANDAR PUTERI,PH,2,1,0,0,0,0,0,15,29.09,2
SP26,TAMAN PERINDUSTRIAN PUCHONG,PH,17,0,1,0,2,0,0,5,55.99,3
MR8,BUKIT NANAS,MR,19,0,0,0,2,0,0,8,55.01,3
KG09,BANDAR UTAMA,MRT,0,0,0,0,0,3,0,10,60.0,4
KJ1,GOMBAK,KJ,5,0,1,0,0,0,0,18,50.33,3
KJ1,GOMBAK,KJ,0,0,0,1,0,0,0,11,41.54,3
PY01,KWASA DAMANSARA,PYL,17,1,0,0,1,1,0,7,36.52,3
SP27,BANDAR PUTERI,PH,1,0,1,0,0,0,1,15,61.25,4
KJ18,KERINCHI,KJ,23,0,1,0,0,0,0,13,44.92,3
KG23,TAMAN PERTAMA,MRT,12,1,0,0,1,0,0,9,39.82,3
SP5,SULTAN ISMAIL,PH,21,0,0,0,0,0,0,10,40.95,3
KG05,KWASA SENTRAL,MRT,15,0,0,0,0,0,0,10,41.31,3
PY40,CYBERJAYA CITY CENTRE,PYL,12,1,1,0,1,0,0,9,37.85,3
SP11,CHAN SOW LIN,PH,2,0,1,0,0,1,0,17,65.04,4
PY37,PUTRA PERMAI,PYL,20,0,0,0,0,0,1,15,53.19,3
PY12,SRI DELIMA,PYL,22,1,0,0,0,0,0,11,32.98,3
KJ19,UNIVERSITI,KJ,16,0,0,0,2,0,0,6,48.15,3
PY34,UPM,PYL,3,0,0,0,0,0,0,12,51.99,3
PY37,PUTRA PERMAI,PYL,14,1,0,0,1,0,0,11,26.67,2
KJ20,TAMAN JAYA,KJ,20,0,1,0,0,0,0,13,48.93,3
BRT2,MENTARI,BRT,18,1,0,0,1,0,0,8,27.47,2
KJ35,ALAM MEGAH,KJ,18,0,1,0,2,0,0,4,48.68,3
KJ22,TAMAN PARAMOUNT,KJ,12,1,1,0,1,0,0,7,39.57,3
SP20,MUHIBBAH,PH,19,0,1,0,2,0,0,7,63.83,4
KJ21,ASIA JAYA,KJ,1,0,0,0,0,0,0,15,51.69,3
AG16,CEMPAKA,AG,16,0,1,0,2,0,0,4,54.64,3
PY09,METRO PRIMA,PYL,0,1,1,0,0,0,0,16,50.09,3
KG10,TAMAN TUN DR ISMAIL,MRT,20,0,0,0,0,0,0,14,40.7,3
KG13,PUSAT BANDAR DAMANSARA,MRT,2,0,1,0,0,0,0,16,58.25,4
KJ15,KL SENTRAL - REDONE,KJ,19,1,0,0,1,4,1,7,76.8,4
SP14,BANDAR TUN RAZAK,PH,4,0,1,0,0,0,0,18,55.74,3
SP22,KINRARA,PH,13,1,1,0,1,0,1,11,59.87,4
MR1,KL SENTRAL,MR,3,1,0,0,0,4,0,14,64.67,4
KG31,BUKIT DUKUNG,MRT,18,0,1,0,3,0,0,3,64.3,4
KG21,COCHRANE,MRT,1,0,0,0,0,0,0,11,38.35,3
AG14,PANDAN JAYA,AG,0,1,0,0,0,0,0,12,34.04,3
PY18,HOSPITAL KUALA LUMPUR,PYL,13,0,0,0,0,0,0,11,49.51,3
KJ19,UNIVERSITI,KJ,23,0,0,0,0,0,0,12,43.21,3
KJ3,WANGSA MAJU,KJ,13,0,0,0,0,2,0,7,37.93,3
PY23,TUN RAZAK EXCHANGE,PYL,12,1,0,0,1,4,1,7,73.56,4
SP1,SENTUL TIMUR,PH,1,0,0,0,0,0,0,18,52.76,3
MR2,TUN SAMBANTHAN,MR,0,0,1,0,0,0,0,15,41.64,3
KG28,SRI RAYA,MRT,13,0,0,0,0,0,1,7,55.04,3
SP2,SENTUL,PH,15,0,0,0,0,0,0,7,27.23,2
PY13,KAMPUNG BATU,PYL,18,1,0,0,1,0,0,9,37.33,3
PY31,SERDANG RAYA UTARA,PYL,14,1,0,0,1,0,0,11,39.33,3
AG14,PANDAN JAYA,AG,2,0,0,0,0,0,0,18,51.19,3
KG34,STADIUM KAJANG,MRT,22,0,1,0,0,2,0,15,72.08,4
SP1,SENTUL TIMUR,PH,16,0,0,0,1,0,0,12,50.6,3
SP16,SUNGAI BESI,PH,19,0,0,0,2,1,0,6,64.03,4
BRT3,SUNWAY LAGOON,BRT,20,0,0,0,0,0,0,10,32.84,3
BRT5,SunU-Monash,BRT,3,0,0,0,0,0,0,10,37.12,3
KG29,BANDAR TUN HUSSEIN ONN,MRT,17,1,1,0,1,0,0,8,29.34,2
PY20,AMPANG PARK,PYL,23,1,1,0,0,0,0,15,36.27,3
KJ35,ALAM MEGAH,KJ,12,0,0,0,0,0,0,7,33.23,3
SP9,HANG TUAH,PH,22,0,0,0,0,4,0,11,56.03,3
KG17,MERDEKA,MRT,2,0,0,0,0,1,0,16,65.2,4
KJ5,SETIAWANGSA,KJ,21,1,0,0,1,0,0,8,33.25,3
MR6,BUKIT BINTANG,MR,19,0,0,0,0,3,1,11,67.63,4
SP11,CHAN SOW LIN,PH,21,1,1,0,1,1,0,9,46.83,3
AG1,SENTUL TIMUR,AG,3,0,0,0,0,0,0,11,39.45,3
PY04,SUNGAI BULOH,PYL,12,0,1,0,0,0,0,8,38.79,3
KJ7,DATO' KERAMAT,KJ,21,1,0,0,1,0,0,7,33.26,3
SP26,TAMAN PERINDUSTRIAN PUCHONG,PH,13,0,0,0,0,0,0,12,40.64,3
KJ36,SUBANG ALAM,KJ,15,1,1,0,1,0,0,8,32.41,3
SP13,SALAK SELATAN,PH,4,0,0,0,0,0,0,15,53.82,3
KJ2,TAMAN MELATI,KJ,23,0,0,0,0,0,0,14,37.69,3
AG3,TITIWANGSA,AG,3,0,0,0,0,4,0,15,63.81,4
SP1,SENTUL TIMUR,PH,12,0,1,0,0,0,1,8,42.66,3
PY20,AMPANG PARK,PYL,0,0,0,0,0,0,0,16,52.36,3
KJ15,KL SENTRAL - REDONE,KJ,4,0,0,0,0,4,0,10,70.15,4
PY10,KEPONG BARU,PYL,5,0,1,0,0,0,0,10,37.77,3
KG05,KWASA SENTRAL,MRT,17,1,1,0,1,0,0,9,42.05,3
AG15,PANDAN INDAH,AG,17,0,1,0,3,0,0,5,69.74,4
MR1,KL SENTRAL,MR,12,1,0,0,1,4,1,10,80.48,4
PY11,JINJANG,PYL,19,1,0,0,1,0,1,9,44.79,3
PY33,SERDANG JAYA,PYL,1,0,0,0,0,0,0,14,51.72,3
AG10,PUDU,AG,12,0,0,0,0,0,1,12,48.52,3
KG26,TAMAN CONNAUGHT,MRT,3,0,0,0,0,0,0,11,41.43,3
SP31,PUTRA HEIGHTS,PH,13,1,0,0,1,1,0,8,50.85,3
KG25,TAMAN MUTIARA,MRT,19,0,0,0,2,0,0,6,60.41,4
SP3,TITIWANGSA,PH,2,0,0,0,0,4,0,11,67.43,4
BRT7,USJ7,BRT,5,0,0,0,0,1,0,14,42.47,3
MR7,RAJA CHULAN,MR,16,0,0,0,1,0,1,8,47.74,3
KG15,MUZIUM NEGARA,MRT,18,0,0,0,3,0,0,4,61.12,4
KJ5,SETIAWANGSA,KJ,20,0,0,0,0,0,0,17,51.88,3
KJ9,AMPANG PARK,KJ,17,0,1,0,3,0,0,3,77.3,4
AG9,HANG TUAH,AG,21,1,0,0,1,4,1,7,62.95,4
SP8,PLAZA RAKYAT,PH,20,0,0,0,0,1,0,15,59.25,4
KG07,SURIAN,MRT,18,0,0,0,2,0,0,5,59.37,4
KJ10,KLCC,KJ,4,0,0,0,0,3,0,16,67.26,4
KG18A,BUKIT BINTANG,MRT,21,0,0,0,0,3,1,16,83.61,5
KJ35,ALAM MEGAH,KJ,15,0,0,0,0,0,0,7,24.42,2
KG13,PUSAT BANDAR DAMANSARA,MRT,18,1,1,0,1,0,0,8,37.36,3
KJ36,SUBANG ALAM,KJ,16,0,0,0,1,0,0,8,44.32,3
PY17,TITIWANGSA,PYL,16,1,1,0,1,4,1,11,87.86,5
MR1,KL SENTRAL,MR,17,0,1,0,2,4,2,8,100.0,5
PY06,SRI DAMANSARA BARAT,PYL,19,1,1,0,1,0,0,8,43.53,3
PY11,JINJANG,PYL,23,0,0,0,0,0,0,11,42.45,3
AG10,PUDU,AG,12,0,1,0,0,0,0,8,38.04,3
AG6,BANDARAYA - UOB,AG,0,0,0,0,0,0,0,10,33.15,3
PY01,KWASA DAMANSARA,PYL,20,0,0,0,0,1,0,16,61.89,4
MR3,MAHARAJALELA,MR,22,1,0,0,0,0,0,14,29.17,2
KJ11,KAMPUNG BARU - CBP COOPBANK PERTAMA,KJ,16,0,0,0,2,0,1,6,67.42,4
KJ5,SETIAWANGSA,KJ,2,0,0,0,0,0,0,13,41.38,3
KJ27,CGC GLENMARIE,KJ,1,1,0,0,0,0,0,16,31.33,2
PY37,PUTRA PERMAI,PYL,3,0,0,0,0,0,0,11,37.79,3
KG35,KAJANG,MRT,0,1,0,0,0,0,1,15,53.21,3
AG3,TITIWANGSA,AG,5,0,0,0,0,4,0,11,60.92,4
KJ4,SRI RAMPAI,KJ,14,1,0,0,1,0,0,7,31.98,2
MR2,TUN SAMBANTHAN,MR,0,0,0,0,0,0,0,13,34.1,3
SP9,HANG TUAH,PH,14,0,0,0,0,4,0,9,51.66,3
KJ6,JELATEK,KJ,18,0,0,0,3,0,0,4,67.28,4
MR4,HANG TUAH,MR,18,0,0,0,2,4,1,5,87.06,5
KG14,SEMANTAN,MRT,22,0,0,0,0,0,0,13,48.12,3
KG10,TAMAN TUN DR ISMAIL,MRT,15,0,0,0,0,0,1,8,38.48,3
AG10,PUDU,AG,1,0,0,0,0,0,0,13,44.28,3
PY15,JALAN IPOH,PYL,17,0,0,0,3,0,1,4,76.76,4
MR1,KL SENTRAL,MR,3,0,0,0,0,4,0,12,74.58,4
AG8,PLAZA RAKYAT,AG,19,1,0,0,1,1,0,10,46.32,3
AG11,CHAN SOW LIN,AG,23,0,1,0,0,1,0,16,63.51,4
KG12,PHILEO DAMANSARA,MRT,2,0,0,0,0,0,0,16,52.55,3
KJ17,ABDULLAH HUKUM,KJ,4,1,1,0,0,3,0,10,50.36,3
KJ21,ASIA JAYA,KJ,4,1,0,0,0,0,0,10,27.11,2
KJ6,JELATEK,KJ,17,1,0,0,1,0,0,9,29.89,2
KG33,SUNGAI JERNIH,MRT,18,1,0,0,1,0,0,8,33.99,3
PY39,CYBERJAYA UTARA,PYL,0,1,0,0,0,0,0,16,32.14,3
KJ31,USJ 7,KJ,13,0,0,0,0,1,0,10,54.93,3
PY04,SUNGAI BULOH,PYL,16,0,0,0,2,0,0,6,52.72,3
SP17,BUKIT JALIL,PH,0,0,0,0,0,2,0,13,55.43,3
KG23,TAMAN PERTAMA,MRT,20,0,0,0,0,0,0,12,45.22,3
AG8,PLAZA RAKYAT,AG,17,0,0,0,3,1,0,5,76.24,4
KG09,BANDAR UTAMA,MRT,0,1,1,0,0,3,0,12,62.99,4
SP5,SULTAN ISMAIL,PH,20,0,0,0,0,0,0,14,47.76,3
PY38,16 SIERRA,PYL,17,0,0,0,2,0,0,6,47.81,3
KJ37,PUTRA HEIGHTS,KJ,21,0,1,0,0,1,0,12,57.01,3
SP20,MUHIBBAH,PH,21,0,0,0,0,0,0,11,40.39,3
SP19,AWAN BESAR,PH,21,0,0,0,0,0,0,16,51.46,3
MR9,MEDAN TUANKU,MR,1,0,0,0,0,0,0,14,45.07,3
SP6,BANDARAYA - UOB,PH,1,0,0,0,0,0,0,11,46.56,3
PY13,KAMPUNG BATU,PYL,5,1,0,0,0,0,0,15,40.41,3
KJ10,KLCC,KJ,15,1,1,0,1,3,2,8,75.55,4
SP14,BANDAR TUN RAZAK,PH,0,1,0,0,0,0,0,13,25.83,2
SP24,IOI PUCHONG JAYA,PH,23,0,0,0,0,0,0,11,34.9,3
KG35,KAJANG,MRT,20,1,0,0,1,0,0,9,38.92,3
KJ35,ALAM MEGAH,KJ,5,1,1,0,0,0,0,15,32.74,3
BRT5,SunU-Monash,BRT,16,0,0,0,2,0,0,9,62.7,4
SP5,SULTAN ISMAIL,PH,0,0,0,0,0,0,1,16,64.26,4
PY18,HOSPITAL KUALA LUMPUR,PYL,0,0,1,0,0,0,0,10,56.38,3
KJ31,USJ 7,KJ,18,0,0,0,2,1,1,4,76.49,4
KJ22,TAMAN PARAMOUNT,KJ,15,0,1,0,0,0,0,9,44.0,3
KJ1,GOMBAK,KJ,12,0,0,0,0,0,0,7,24.29,2
KG16,PASAR SENI,MRT,3,0,0,0,0,4,0,14,75.87,4
PY31,SERDANG RAYA UTARA,PYL,12,0,1,0,0,0,0,7,45.0,3
SP26,TAMAN PERINDUSTRIAN PUCHONG,PH,4,0,0,0,0,0,0,13,36.04,3
SP15,BANDAR TASIK SELATAN,PH,1,0,0,0,0,2,0,10,41.65,3
KJ32,TAIPAN,KJ,3,0,0,0,0,0,0,17,51.46,3
PY03,KAMPUNG SELAMAT,PYL,13,0,0,0,0,0,0,8,33.78,3
PY04,SUNGAI BULOH,PYL,20,1,0,0,1,0,0,7,31.38,2
PY23,TUN RAZAK EXCHANGE,PYL,22,0,0,0,0,4,0,15,73.1,4
MR11,TITIWANGSA,MR,18,1,1,0,1,4,1,8,69.17,4
KJ4,SRI RAMPAI,KJ,23,0,1,0,0,0,0,14,52.45,3
KG31,BUKIT DUKUNG,MRT,21,0,0,0,0,0,0,10,38.86,3
SP5,SULTAN ISMAIL,PH,16,1,0,0,1,0,0,7,28.48,2
KG25,TAMAN MUTIARA,MRT,2,1,0,0,0,0,0,16,40.3,3
PY28,TAMAN NAGA EMAS,PYL,5,1,0,0,0,0,0,11,20.23,2
MR9,MEDAN TUANKU,MR,12,0,0,0,0,0,0,10,34.21,3
MR7,RAJA CHULAN,MR,20,1,0,0,1,0,0,12,39.56,3
MR8,BUKIT NANAS,MR,15,0,1,0,0,0,0,10,46.82,3
SP18,SRI PETALING,PH,1,0,0,0,0,0,0,18,53.31,3
PY04,SUNGAI BULOH,PYL,17,1,0,0,1,0,0,7,29.4,2
KJ6,JELATEK,KJ,0,1,0,0,0,0,1,13,37.52,3
KG25,TAMAN MUTIARA,MRT,23,1,0,0,0,0,0,12,38.48,3
BRT7,USJ7,BRT,22,0,0,0,0,1,0,12,42.57,3
KJ20,TAMAN JAYA,KJ,1,0,1,0,0,0,0,15,50.33,3
SP9,HANG TUAH,PH,20,0,0,0,0,4,1,17,78.1,4
KJ13,MASJID JAMEK,KJ,15,1,0,0,1,4,1,7,66.27,4
KJ21,ASIA JAYA,KJ,18,0,1,0,3,0,0,3,72.61,4
KJ21,ASIA JAYA,KJ,20,1,0,0,1,0,0,7,29.68,2
KJ31,USJ 7,KJ,2,0,1,0,0,1,0,18,72.23,4
SP18,SRI PETALING,PH,18,0,0,0,3,0,0,5,62.7,4
KG22,MALURI,MRT,2,0,0,0,0,1,0,16,61.22,4
SP31,PUTRA HEIGHTS,PH,17,1,0,0,1,1,0,9,49.99,3
PY03,KAMPUNG SELAMAT,PYL,22,0,1,0,0,0,0,14,49.9,3
SP7,MASJID JAMEK,PH,2,0,1,0,0,4,0,12,78.87,4
PY31,SERDANG RAYA UTARA,PYL,1,0,0,0,0,0,1,13,57.41,3
PY16,SENTUL BARAT,PYL,2,0,0,0,0,0,0,12,51.18,3
MR4,HANG TUAH,MR,15,0,0,0,0,4,0,11,55.01,3
KJ29,SS 15,KJ,17,0,0,0,3,2,0,3,83.17,5
PY36,TAMAN EQUINE,PYL,18,0,1,0,3,0,0,5,72.98,4
PY37,PUTRA PERMAI,PYL,20,1,0,0,1,0,0,8,23.93,2
KG34,STADIUM KAJANG,MRT,19,1,1,0,1,2,0,7,48.46,3
SP13,SALAK SELATAN,PH,23,0,1,0,0,0,0,11,49.3,3
AG5,SULTAN ISMAIL,AG,3,0,1,0,0,0,0,17,55.92,3
PY19,RAJA UDA,PYL,12,0,0,0,0,0,0,11,34.96,3
SP20,MUHIBBAH,PH,21,0,1,0,0,0,0,10,44.26,3
AG9,HANG TUAH,AG,21,1,0,0,1,4,1,9,71.76,4
PY22,CONLAY,PYL,5,0,0,0,0,0,0,10,40.65,3
PY18,HOSPITAL KUALA LUMPUR,PYL,18,0,1,0,2,0,0,6,63.24,4
KJ24,KELANA JAYA,KJ,20,1,0,0,1,0,1,10,50.85,3
KG06,KOTA DAMANSARA,MRT,19,0,0,0,2,0,0,5,54.36,3
SP31,PUTRA HEIGHTS,PH,5,1,0,0,0,1,0,17,50.89,3
KJ15,KL SENTRAL - REDONE,KJ,2,0,0,0,0,4,0,10,68.69,4
PY05,DAMANSARA DAMAI,PYL,22,1,0,0,0,0,0,15,35.77,3
KJ14,PASAR SENI,KJ,15,0,0,0,0,4,0,8,64.5,4
AG14,PANDAN JAYA,AG,23,0,0,0,0,0,0,18,48.86,3
KG15,MUZIUM NEGARA,MRT,20,1,1,0,1,0,0,10,44.18,3
PY07,SRI DAMANSARA SENTRAL,PYL,1,0,0,0,0,0,1,15,65.48,4
SP29,PUCHONG PRIMA,PH,20,0,0,0,0,0,0,14,49.28,3
PY17,TITIWANGSA,PYL,4,0,0,0,0,4,0,12,69.54,4
PY27,KUCHAI,PYL,0,0,0,0,0,0,0,16,55.91,3
SP1,SENTUL TIMUR,PH,1,0,0,0,0,0,0,10,30.54,2
SP5,SULTAN ISMAIL,PH,14,1,1,0,1,0,0,12,48.72,3
KG15,MUZIUM NEGARA,MRT,21,0,0,0,0,0,0,10,43.1,3
KG18A,BUKIT BINTANG,MRT,0,1,1,0,0,3,0,13,67.03,4
KG34,STADIUM KAJANG,MRT,19,0,0,0,2,2,0,4,72.57,4
KG18A,BUKIT BINTANG,MRT,0,1,1,0,0,3,0,11,59.88,4
MR8,BUKIT NANAS,MR,4,0,1,0,0,0,0,11,43.34,3
SP10,PUDU,PH,21,0,0,0,0,0,0,12,40.95,3
KG30,BATU 11 CHERAS,MRT,0,1,0,0,0,0,0,16,40.78,3
MR9,MEDAN TUANKU,MR,15,1,1,0,1,0,0,12,43.8,3
KG17,MERDEKA,MRT,2,0,0,0,0,1,0,16,67.13,4
KG26,TAMAN CONNAUGHT,MRT,21,0,0,0,0,0,0,12,47.47,3
KG20,TUN RAZAK EXCHANGE,MRT,5,0,1,0,0,4,0,14,78.48,4
SP6,BANDARAYA - UOB,PH,14,0,1,0,0,0,0,8,45.38,3
SP28,PUCHONG PERDANA,PH,15,0,1,0,0,0,0,11,49.2,3
MR11,TITIWANGSA,MR,4,0,1,0,0,4,1,14,85.27,5
KG17,MERDEKA,MRT,4,1,0,0,0,1,1,10,50.4,3
AG10,PUDU,AG,12,1,1,0,1,0,1,10,42.63,3
PY11,JINJANG,PYL,17,0,0,0,3,0,1,5,72.22,4
PY13,KAMPUNG BATU,PYL,14,0,0,1,0,0,0,9,43.68,3
KJ14,PASAR SENI,KJ,22,1,0,0,0,4,0,17,70.66,4
SP20,MUHIBBAH,PH,0,0,0,0,0,0,1,14,60.41,4
AG6,BANDARAYA - UOB,AG,16,0,0,0,1,0,0,10,42.2,3
KG05,KWASA SENTRAL,MRT,0,1,0,0,0,0,0,10,25.33,2
AG3,TITIWANGSA,AG,17,0,1,0,3,4,1,5,100.0,5
KJ21,ASIA JAYA,KJ,1,0,0,0,0,0,0,17,55.77,3
PY14,KENTOMEN,PYL,4,0,0,0,0,0,0,16,56.23,3
AG8,PLAZA RAKYAT,AG,15,1,0,0,1,1,0,10,43.35,3
KJ29,SS 15,KJ,22,0,1,0,0,2,0,17,70.15,4
KJ3,WANGSA MAJU,KJ,13,0,0,0,0,2,0,10,52.69,3
PY01,KWASA DAMANSARA,PYL,14,0,0,0,0,1,0,11,43.52,3
AG13,MALURI,AG,0,0,0,0,0,1,0,12,48.59,3
AG1,SENTUL TIMUR,AG,5,0,1,0,0,0,0,18,62.8,4
KG09,BANDAR UTAMA,MRT,19,1,0,0,1,3,2,8,80.17,4
KG30,BATU 11 CHERAS,MRT,22,1,0,0,0,0,1,11,39.72,3
KJ22,TAMAN PARAMOUNT,KJ,2,0,0,0,0,0,0,13,43.69,3
SP17,BUKIT JALIL,PH,5,0,0,0,0,2,0,18,63.07,4
SP10,PUDU,PH,12,0,0,0,0,0,0,11,41.62,3
KG15,MUZIUM NEGARA,MRT,0,0,0,0,0,0,0,13,47.65,3
SP3,TITIWANGSA,PH,1,0,0,0,0,4,0,18,75.16,4
SP18,SRI PETALING,PH,4,0,1,0,0,0,0,16,56.7,3
SP14,BANDAR TUN RAZAK,PH,23,0,1,0,0,0,0,11,43.12,3
SP19,AWAN BESAR,PH,21,1,0,0,1,0,0,12,36.2,3
SP27,BANDAR PUTERI,PH,16,0,0,0,1,0,0,9,43.67,3
KG09,BANDAR UTAMA,MRT,18,0,1,0,2,3,1,6,96.06,5
KG25,TAMAN MUTIARA,MRT,19,0,0,0,2,0,0,4,59.32,4
AG3,TITIWANGSA,AG,14,0,0,0,0,4,0,8,47.37,3
KG22,MALURI,MRT,14,0,0,0,0,1,0,10,51.51,3
MR3,MAHARAJALELA,MR,2,0,0,0,0,0,1,17,56.39,3
KG17,MERDEKA,MRT,3,1,1,0,0,1,0,12,47.68,3
MR6,BUKIT BINTANG,MR,22,1,1,0,0,3,0,15,63.55,4
PY12,SRI DELIMA,PYL,15,0,0,0,0,0,0,11,42.4,3
PY04,SUNGAI BULOH,PYL,18,0,0,0,2,0,0,7,60.59,4
KJ37,PUTRA HEIGHTS,KJ,15,0,0,0,0,1,0,10,49.12,3
KJ14,PASAR SENI,KJ,12,0,0,0,0,4,0,10,63.34,4
KJ28,SUBANG JAYA,KJ,17,0,1,0,2,0,0,4,56.03,3
PY22,CONLAY,PYL,23,0,0,0,0,0,0,16,53.87,3
AG1,SENTUL TIMUR,AG,12,0,1,0,0,0,0,7,38.52,3
PY20,AMPANG PARK,PYL,22,0,1,0,0,0,0,16,59.0,4
PY04,SUNGAI BULOH,PYL,14,0,1,0,0,0,0,10,47.59,3
AG4,PWTC,AG,0,0,0,0,0,0,0,11,36.04,3
KJ14,PASAR SENI,KJ,1,1,0,0,0,4,0,14,66.34,4
KJ21,ASIA JAYA,KJ,18,1,0,0,1,0,0,10,41.47,3
PY13,KAMPUNG BATU,PYL,14,0,0,0,0,0,0,9,40.97,3
PY17,TITIWANGSA,PYL,3,0,0,0,0,4,0,13,74.58,4
PY15,JALAN IPOH,PYL,21,0,0,0,0,0,0,13,43.81,3
PY20,AMPANG PARK,PYL,12,0,1,0,0,0,0,7,41.22,3
KG13,PUSAT BANDAR DAMANSARA,MRT,23,0,1,0,0,0,0,16,59.11,4
SP15,BANDAR TASIK SELATAN,PH,3,0,0,0,0,2,0,11,51.23,3
PY03,KAMPUNG SELAMAT,PYL,19,0,0,0,2,0,0,4,48.45,3
PY22,CONLAY,PYL,4,1,0,0,0,0,0,11,31.69,2
KG05,KWASA SENTRAL,MRT,23,1,0,0,0,0,0,16,39.67,3
KJ27,CGC GLENMARIE,KJ,22,0,0,0,0,0,0,12,42.43,3
PY31,SERDANG RAYA UTARA,PYL,5,0,0,0,0,0,0,12,47.26,3
KG13,PUSAT BANDAR DAMANSARA,MRT,4,0,1,0,0,0,0,10,46.01,3
PY31,SERDANG RAYA UTARA,PYL,2,0,0,0,0,0,0,13,46.79,3
PY10,KEPONG BARU,PYL,15,0,1,0,0,0,0,7,36.7,3
SP22,KINRARA,PH,21,0,0,0,0,0,0,17,54.9,3
KJ1,GOMBAK,KJ,16,0,0,0,1,0,0,9,40.3,3
KJ30,SS 18,KJ,2,0,0,0,0,0,0,11,43.37,3
KJ36,SUBANG ALAM,KJ,2,1,0,0,0,0,1,16,41.3,3
PY34,UPM,PYL,3,1,0,0,0,0,0,13,37.2,3
KJ7,DATO' KERAMAT,KJ,23,0,1,0,0,0,1,11,53.27,3
PY18,HOSPITAL KUALA LUMPUR,PYL,0,0,0,0,0,0,0,14,54.17,3
KG23,TAMAN PERTAMA,MRT,19,0,0,0,0,0,0,9,34.47,3
KG25,TAMAN MUTIARA,MRT,22,1,0,0,0,0,0,11,36.86,3
KG28,SRI RAYA,MRT,0,0,1,0,0,0,0,16,64.3,4
MR11,TITIWANGSA,MR,19,0,1,0,2,4,1,8,100.0,5
SP10,PUDU,PH,19,0,0,0,0,0,0,10,36.69,3
SP29,PUCHONG PRIMA,PH,15,0,0,0,0,0,0,7,38.2,3
KJ34,USJ 21,KJ,3,1,1,0,0,0,0,16,47.41,3
PY23,TUN RAZAK EXCHANGE,PYL,21,0,0,0,0,4,1,16,89.39,5
PY17,TITIWANGSA,PYL,15,0,1,0,0,4,0,7,69.2,4
KJ24,KELANA JAYA,KJ,5,0,0,0,0,0,0,15,51.64,3
AG15,PANDAN INDAH,AG,0,1,1,0,0,0,1,15,51.02,3
AG13,MALURI,AG,19,1,0,0,1,1,0,7,43.21,3
KJ23,TAMAN BAHAGIA,KJ,0,0,1,0,0,0,0,15,60.53,4
AG17,CAHAYA,AG,1,0,0,0,0,0,0,15,55.63,3
BRT3,SUNWAY LAGOON,BRT,14,1,0,0,1,0,1,12,47.35,3
KG29,BANDAR TUN HUSSEIN ONN,MRT,22,0,0,0,0,0,0,14,39.53,3
AG17,CAHAYA,AG,5,0,0,0,0,0,0,13,46.37,3
KG05,KWASA SENTRAL,MRT,18,0,1,0,3,0,0,4,74.29,4
AG8,PLAZA RAKYAT,AG,4,0,0,0,0,1,0,16,55.61,3
SP8,PLAZA RAKYAT,PH,21,0,0,0,0,1,1,11,67.26,4
PY07,SRI DAMANSARA SENTRAL,PYL,4,0,0,0,0,0,0,13,47.4,3
KJ4,SRI RAMPAI,KJ,19,1,0,0,1,0,0,10,38.34,3
PY33,SERDANG JAYA,PYL,3,1,0,0,0,0,0,10,31.44,2
KJ37,PUTRA HEIGHTS,KJ,2,1,0,0,0,1,0,18,49.14,3
KJ27,CGC GLENMARIE,KJ,20,0,0,0,0,0,0,11,36.55,3
PY15,JALAN IPOH,PYL,19,0,0,0,0,0,0,10,46.44,3
PY18,HOSPITAL KUALA LUMPUR,PYL,17,0,0,0,3,0,0,5,73.18,4
SP12,CHERAS,PH,13,1,1,0,1,0,0,9,46.42,3
KJ26,ARA DAMANSARA,KJ,22,0,1,0,0,0,0,15,46.88,3
BRT1,SUNWAY-SETIA JAYA,BRT,19,1,0,0,1,0,0,8,31.54,2
SP7,MASJID JAMEK,PH,17,0,0,0,3,4,1,4,100.0,5
MR2,TUN SAMBANTHAN,MR,15,0,0,0,0,0,0,12,32.66,3
MR9,MEDAN TUANKU,MR,2,1,0,0,0,0,0,16,33.39,3
PY01,KWASA DAMANSARA,PYL,20,0,0,0,0,1,0,11,47.85,3
KJ37,PUTRA HEIGHTS,KJ,12,0,0,0,0,1,0,8,39.87,3
BRT5,SunU-Monash,BRT,22,0,1,0,0,0,0,18,58.45,4
SP18,SRI PETALING,PH,0,0,0,0,0,0,1,12,51.65,3
MR8,BUKIT NANAS,MR,16,0,1,0,2,0,0,8,66.56,4
BRT5,SunU-Monash,BRT,5,0,1,0,0,0,0,11,42.6,3
AG14,PANDAN JAYA,AG,0,0,0,0,0,0,0,11,40.46,3
AG12,MIHARJA,AG,13,0,0,0,0,0,0,12,41.45,3
SP19,AWAN BESAR,PH,3,1,0,0,0,0,0,17,40.35,3
PY05,DAMANSARA DAMAI,PYL,5,1,0,0,0,0,0,12,36.94,3
KG22,MALURI,MRT,4,0,1,0,0,1,0,14,58.96,4
KG33,SUNGAI JERNIH,MRT,23,0,0,0,0,0,0,11,48.56,3
BRT1,SUNWAY-SETIA JAYA,BRT,15,0,0,0,0,0,0,8,30.16,2
KJ27,CGC GLENMARIE,KJ,23,0,0,0,0,0,0,10,37.64,3
PY21,PERSIARAN KLCC,PYL,4,0,0,0,0,3,0,12,58.29,4
AG14,PANDAN JAYA,AG,22,0,0,0,0,0,0,14,46.95,3
PY24,CHAN SOW LIN,PYL,20,0,0,0,0,1,0,11,49.95,3
KG13,PUSAT BANDAR DAMANSARA,MRT,22,0,0,0,0,0,0,11,39.13,3
PY29,SUNGAI BESI,PYL,0,0,0,0,0,1,0,15,49.3,3
SP6,BANDARAYA - UOB,PH,15,1,1,0,1,0,0,9,42.21,3
PY04,SUNGAI BULOH,PYL,17,0,0,0,2,0,0,5,53.9,3
PY16,SENTUL BARAT,PYL,23,0,1,0,0,0,0,10,45.99,3
PY38,16 SIERRA,PYL,16,0,0,0,2,0,0,6,51.36,3
AG13,MALURI,AG,1,1,0,0,0,1,0,11,35.23,3
SP21,ALAM SUTERA,PH,18,1,0,0,1,0,0,9,37.57,3
KJ15,KL SENTRAL - REDONE,KJ,5,1,0,0,0,4,0,14,64.49,4
PY24,CHAN SOW LIN,PYL,19,1,0,0,1,1,0,9,45.01,3
SP20,MUHIBBAH,PH,2,1,0,0,0,0,0,11,26.25,2
AG18,AMPANG,AG,23,0,0,0,0,0,0,17,52.13,3
SP5,SULTAN ISMAIL,PH,5,0,0,0,0,0,0,12,48.36,3
KG04,KWASA DAMANSARA,MRT,5,0,0,0,0,1,0,14,56.52,3
KG16,PASAR SENI,MRT,4,0,1,0,0,4,0,13,76.74,4
KG25,TAMAN MUTIARA,MRT,19,0,0,0,2,0,0,5,59.33,4
KG27,TAMAN SUNTEX,MRT,4,0,0,0,0,0,0,12,52.26,3
PY17,TITIWANGSA,PYL,5,0,0,0,0,4,0,11,71.41,4
KG16,PASAR SENI,MRT,23,0,0,0,0,4,0,16,78.73,4
AG17,CAHAYA,AG,5,0,0,0,0,0,0,17,51.62,3
KJ16,BANK RAKYAT BANGSAR,KJ,13,1,0,0,1,0,0,8,42.67,3
SP4,PWTC,PH,19,0,0,1,0,0,0,8,36.94,3
PY18,HOSPITAL KUALA LUMPUR,PYL,5,0,0,0,0,0,0,10,47.67,3
PY14,KENTOMEN,PYL,1,1,0,0,0,0,0,12,31.03,2
SP10,PUDU,PH,15,0,0,0,0,0,0,8,33.16,3
MR9,MEDAN TUANKU,MR,0,0,1,0,0,0,0,13,48.64,3
KG35,KAJANG,MRT,22,0,0,0,0,0,0,11,49.77,3
BRT1,SUNWAY-SETIA JAYA,BRT,16,0,0,0,2,0,0,6,47.29,3
AG6,BANDARAYA - UOB,AG,19,0,0,0,2,0,0,6,52.15,3
AG7,MASJID JAMEK,AG,14,0,0,0,0,4,0,7,57.12,3
AG14,PANDAN JAYA,AG,21,1,1,0,1,0,0,7,36.44,3
AG5,SULTAN ISMAIL,AG,22,0,1,0,0,0,0,16,52.97,3
AG6,BANDARAYA - UOB,AG,13,0,0,0,0,0,1,11,44.12,3
PY38,16 SIERRA,PYL,18,1,0,0,1,0,0,8,25.92,2
PY18,HOSPITAL KUALA LUMPUR,PYL,17,1,0,0,1,0,0,10,45.21,3
KJ29,SS 15,KJ,1,0,1,0,0,2,0,10,51.26,3
KG35,KAJANG,MRT,18,0,0,0,2,0,0,5,58.5,4
KG15,MUZIUM NEGARA,MRT,0,0,0,0,0,0,0,13,42.98,3
KJ9,AMPANG PARK,KJ,23,1,0,0,0,0,1,18,54.3,3
KJ27,CGC GLENMARIE,KJ,5,1,0,0,0,0,0,15,31.57,2
PY29,SUNGAI BESI,PYL,22,1,1,0,0,1,0,14,43.65,3
MR6,BUKIT BINTANG,MR,23,1,1,0,0,3,0,11,57.6,3
KJ5,SETIAWANGSA,KJ,18,0,1,0,2,0,0,6,57.38,3
PY23,TUN RAZAK EXCHANGE,PYL,16,0,1,0,2,4,1,7,100.0,5
PY41,PUTRAJAYA SENTRAL,PYL,13,0,0,0,0,0,0,9,37.2,3
SP4,PWTC,PH,17,0,0,0,2,0,0,4,48.65,3
SP6,BANDARAYA - UOB,PH,12,1,0,0,1,0,0,12,38.45,3
PY27,KUCHAI,PYL,13,0,0,0,0,0,0,7,44.6,3
SP7,MASJID JAMEK,PH,1,0,0,0,0,4,0,16,77.72,4
PY04,SUNGAI BULOH,PYL,5,0,0,0,0,0,0,10,35.79,3
KJ7,DATO' KERAMAT,KJ,18,1,0,0,1,0,0,9,38.27,3
SP31,PUTRA HEIGHTS,PH,2,0,0,0,0,1,0,16,68.46,4
BRT5,SunU-Monash,BRT,12,0,0,0,0,0,0,8,38.54,3
PY12,SRI DELIMA,PYL,1,1,0,0,0,0,0,10,28.89,2
PY06,SRI DAMANSARA BARAT,PYL,23,1,1,0,0,0,0,11,39.48,3
KJ20,TAMAN JAYA,KJ,4,1,1,0,0,0,0,11,38.38,3
PY03,KAMPUNG SELAMAT,PYL,14,0,0,0,0,0,0,8,33.34,3
KG18A,BUKIT BINTANG,MRT,17,0,0,0,2,3,1,4,93.65,5
KJ3,WANGSA MAJU,KJ,15,0,0,0,0,2,0,8,46.26,3
KG25,TAMAN MUTIARA,MRT,2,0,0,0,0,0,0,16,51.46,3
KJ6,JELATEK,KJ,18,1,0,0,1,0,0,8,29.6,2
AG18,AMPANG,AG,23,0,0,0,0,0,0,10,42.05,3
KJ19,UNIVERSITI,KJ,23,0,1,0,0,0,0,11,46.37,3
SP8,PLAZA RAKYAT,PH,21,0,0,0,0,1,0,11,58.5,4
PY38,16 SIERRA,PYL,17,0,0,0,2,0,0,4,47.72,3
SP15,BANDAR TASIK SELATAN,PH,14,0,0,0,0,2,0,7,41.43,3
KJ30,SS 18,KJ,20,0,0,0,0,0,0,11,40.02,3
BRT7,USJ7,BRT,18,0,0,0,2,1,0,9,58.13,4
KG05,KWASA SENTRAL,MRT,18,0,0,0,3,0,0,4,61.78,4
AG10,PUDU,AG,16,1,0,0,1,0,0,12,34.37,3
MR6,BUKIT BINTANG,MR,1,0,0,0,0,3,0,18,73.9,4
KG29,BANDAR TUN HUSSEIN ONN,MRT,20,0,0,0,0,0,1,11,48.14,3
KJ26,ARA DAMANSARA,KJ,5,0,0,0,0,0,0,10,36.98,3
PY12,SRI DELIMA,PYL,12,0,1,0,0,0,0,11,44.17,3
PY41,PUTRAJAYA SENTRAL,PYL,4,0,1,0,0,0,0,13,57.19,3
AG10,PUDU,AG,2,1,0,0,0,0,0,16,36.74,3
KG12,PHILEO DAMANSARA,MRT,0,0,0,0,0,0,0,15,50.57,3
KJ2,TAMAN MELATI,KJ,21,0,0,1,0,0,0,10,40.06,3
PY27,KUCHAI,PYL,1,0,0,0,0,0,0,16,61.26,4
KG30,BATU 11 CHERAS,MRT,16,1,0,0,1,0,0,10,30.43,2
PY36,TAMAN EQUINE,PYL,0,0,0,0,0,0,0,12,54.38,3
KG28,SRI RAYA,MRT,22,0,0,0,0,0,0,15,53.38,3
PY16,SENTUL BARAT,PYL,20,0,0,0,0,0,0,14,53.99,3
SP9,HANG TUAH,PH,23,0,1,0,0,4,0,13,65.57,4
KG28,SRI RAYA,MRT,15,0,0,0,0,0,0,7,38.32,3
PY36,TAMAN EQUINE,PYL,14,0,1,0,0,0,0,7,44.79,3
PY28,TAMAN NAGA EMAS,PYL,14,1,0,0,1,0,0,7,27.89,2
SP31,PUTRA HEIGHTS,PH,0,1,0,0,0,1,0,14,44.12,3
KG18A,BUKIT BINTANG,MRT,21,0,0,0,0,3,2,11,83.46,5
SP10,PUDU,PH,23,0,0,0,0,0,0,13,44.19,3
AG17,CAHAYA,AG,4,0,1,0,0,0,0,16,56.8,3
KG31,BUKIT DUKUNG,MRT,17,0,0,0,3,0,0,3,61.87,4
KJ5,SETIAWANGSA,KJ,17,1,0,0,1,0,0,7,30.26,2
PY22,CONLAY,PYL,19,0,0,0,2,0,0,6,52.54,3
KJ33,WAWASAN,KJ,19,1,0,0,1,0,0,10,40.57,3
PY27,KUCHAI,PYL,19,0,0,0,2,0,0,5,54.69,3
SP8,PLAZA RAKYAT,PH,13,0,0,0,0,1,0,10,52.8,3
KJ17,ABDULLAH HUKUM,KJ,20,0,0,0,0,3,1,11,58.57,4
KJ20,TAMAN JAYA,KJ,2,1,0,0,0,0,0,17,39.96,3
MR1,KL SENTRAL,MR,21,0,0,0,0,4,1,14,86.84,5
PY09,METRO PRIMA,PYL,21,0,0,0,0,0,0,11,51.88,3
PY08,SRI DAMANSARA TIMUR,PYL,21,0,0,0,0,0,0,16,52.66,3
KG04,KWASA DAMANSARA,MRT,13,0,1,0,0,1,0,8,55.22,3
KJ10,KLCC,KJ,20,1,0,0,1,3,2,9,69.89,4
PY40,CYBERJAYA CITY CENTRE,PYL,1,0,0,0,0,0,0,10,40.74,3
KJ3,WANGSA MAJU,KJ,17,0,0,0,3,2,0,4,82.2,5
MR11,TITIWANGSA,MR,16,1,1,0,1,4,1,12,81.03,4
KJ13,MASJID JAMEK,KJ,20,1,1,0,1,4,1,10,83.01,5
KG34,STADIUM KAJANG,MRT,1,1,0,0,0,2,0,10,46.27,3
SP7,MASJID JAMEK,PH,22,0,0,0,0,4,0,15,76.99,4
KG21,COCHRANE,MRT,4,1,0,0,0,0,0,15,31.2,2
MR8,BUKIT NANAS,MR,13,0,0,0,0,0,0,10,40.79,3
PY14,KENTOMEN,PYL,16,0,0,0,1,0,0,8,40.43,3
AG8,PLAZA RAKYAT,AG,3,0,0,0,0,1,0,11,51.23,3
KG16,PASAR SENI,MRT,14,1,1,0,1,4,1,10,85.07,5
KG08,MUTIARA DAMANSARA,MRT,22,1,0,0,0,0,0,12,40.52,3
AG14,PANDAN JAYA,AG,21,0,0,0,0,0,0,14,48.38,3
SP25,PUSAT BANDAR PUCHONG,PH,19,0,0,0,2,0,0,7,48.69,3
MR7,RAJA CHULAN,MR,20,0,1,0,0,0,0,10,40.77,3
BRT3,SUNWAY LAGOON,BRT,0,0,0,0,0,0,0,18,52.46,3
KJ10,KLCC,KJ,15,0,0,0,0,3,0,8,51.46,3
KJ24,KELANA JAYA,KJ,3,0,0,0,0,0,0,10,42.71,3
SP2,SENTUL,PH,0,0,0,0,0,0,0,11,42.29,3
KG18A,BUKIT BINTANG,MRT,18,0,0,0,2,3,1,6,99.17,5
SP6,BANDARAYA - UOB,PH,0,1,0,0,0,0,0,15,33.93,3
BRT1,SUNWAY-SETIA JAYA,BRT,12,1,0,0,1,0,0,10,35.28,3
KG13,PUSAT BANDAR DAMANSARA,MRT,18,0,0,0,3,0,0,3,61.02,4
AG3,TITIWANGSA,AG,17,1,1,0,1,4,1,8,65.42,4
MR10,CHOW KIT,MR,13,0,0,0,0,0,0,11,35.18,3
SP3,TITIWANGSA,PH,3,0,0,0,0,4,0,18,78.14,4
KJ26,ARA DAMANSARA,KJ,0,1,1,0,0,0,0,16,33.95,3
SP25,PUSAT BANDAR PUCHONG,PH,23,0,0,0,0,0,0,12,37.44,3
KJ12,DANG WANGI,KJ,1,0,1,0,0,0,1,13,60.22,4
KG07,SURIAN,MRT,13,0,0,0,0,0,0,9,41.09,3
PY10,KEPONG BARU,PYL,13,0,0,0,0,0,0,9,34.44,3
AG3,TITIWANGSA,AG,4,0,0,0,0,4,0,14,61.75,4
SP27,BANDAR PUTERI,PH,13,1,0,0,1,0,0,12,34.72,3
AG3,TITIWANGSA,AG,16,1,0,0,1,4,1,10,65.35,4
PY12,SRI DELIMA,PYL,19,0,0,0,0,0,0,10,41.26,3
KJ10,KLCC,KJ,23,1,1,0,0,3,0,11,56.15,3
SP17,BUKIT JALIL,PH,23,0,0,0,0,2,0,18,66.05,4
MR9,MEDAN TUANKU,MR,18,1,0,0,1,0,0,10,40.04,3
KG29,BANDAR TUN HUSSEIN ONN,MRT,17,0,1,0,2,0,0,4,53.75,3
PY15,JALAN IPOH,PYL,15,0,0,0,0,0,0,11,39.21,3
KJ26,ARA DAMANSARA,KJ,2,1,1,0,0,0,0,16,36.98,3
KJ36,SUBANG ALAM,KJ,19,0,0,0,0,0,0,8,30.31,2
SP12,CHERAS,PH,2,1,0,0,0,0,0,12,38.05,3
KG35,KAJANG,MRT,4,0,0,0,0,0,0,10,39.97,3
PY27,KUCHAI,PYL,12,0,1,0,0,0,0,11,53.06,3
KJ10,KLCC,KJ,4,0,0,0,0,3,0,13,60.35,4
PY14,KENTOMEN,PYL,23,1,0,0,0,0,0,15,36.47,3
AG10,PUDU,AG,0,0,1,0,0,0,0,12,44.99,3
AG15,PANDAN INDAH,AG,22,1,0,0,0,0,0,15,41.03,3
KJ22,TAMAN PARAMOUNT,KJ,5,0,0,0,0,0,0,17,56.86,3
SP25,PUSAT BANDAR PUCHONG,PH,3,0,0,0,0,0,1,12,47.19,3
KG31,BUKIT DUKUNG,MRT,16,0,0,0,1,0,0,8,44.46,3
KG17,MERDEKA,MRT,16,1,1,0,1,1,0,7,52.88,3
KJ10,KLCC,KJ,22,1,1,0,0,3,0,16,63.9,4
KG31,BUKIT DUKUNG,MRT,17,1,0,0,1,0,1,9,42.79,3
PY05,DAMANSARA DAMAI,PYL,20,0,0,0,0,0,0,10,45.06,3
KJ34,USJ 21,KJ,2,0,1,0,0,0,0,16,64.59,4
SP27,BANDAR PUTERI,PH,20,1,0,0,1,0,0,11,31.24,2
KJ15,KL SENTRAL - REDONE,KJ,14,1,0,0,1,4,1,9,78.94,4
PY37,PUTRA PERMAI,PYL,23,0,0,0,0,0,0,16,39.99,3
SP14,BANDAR TUN RAZAK,PH,13,0,1,0,0,0,0,8,31.5,2
KG16,PASAR SENI,MRT,14,0,0,0,0,4,0,8,66.61,4
BRT6,SOUTH QUAY-USJ 1,BRT,20,0,1,0,0,0,0,18,45.23,3
KJ22,TAMAN PARAMOUNT,KJ,1,0,1,0,0,0,0,14,56.38,3
KJ3,WANGSA MAJU,KJ,14,0,0,0,0,2,0,10,43.63,3
KJ10,KLCC,KJ,1,0,0,0,0,3,0,10,57.63,3
MR3,MAHARAJALELA,MR,3,0,0,0,0,0,0,13,39.79,3
PY13,KAMPUNG BATU,PYL,0,0,0,0,0,0,1,10,44.08,3
KG20,TUN RAZAK EXCHANGE,MRT,20,0,0,0,0,4,1,15,78.1,4
KG06,KOTA DAMANSARA,MRT,17,1,1,0,1,0,0,9,40.02,3
AG8,PLAZA RAKYAT,AG,15,1,0,0,1,1,0,12,51.61,3
SP27,BANDAR PUTERI,PH,3,0,0,0,0,0,0,18,50.38,3
KG28,SRI RAYA,MRT,16,0,0,0,2,0,0,4,60.68,4
PY28,TAMAN NAGA EMAS,PYL,12,0,1,0,0,0,1,9,42.63,3
AG16,CEMPAKA,AG,1,0,0,0,0,0,0,13,42.27,3
KJ7,DATO' KERAMAT,KJ,2,0,0,0,0,0,0,15,53.96,3
KJ34,USJ 21,KJ,1,1,0,0,0,0,0,10,38.65,3
KJ32,TAIPAN,KJ,16,1,0,0,1,0,0,7,32.73,3
AG3,TITIWANGSA,AG,20,1,0,0,1,4,1,12,74.4,4
PY21,PERSIARAN KLCC,PYL,5,0,1,0,0,3,0,16,71.23,4
KG35,KAJANG,MRT,5,1,0,0,0,0,0,14,42.82,3
KJ37,PUTRA HEIGHTS,KJ,1,0,1,0,0,1,0,18,70.33,4
KJ29,SS 15,KJ,22,1,0,0,0,2,0,10,41.02,3
BRT1,SUNWAY-SETIA JAYA,BRT,23,1,0,0,0,0,0,12,23.99,2
KJ1,GOMBAK,KJ,12,0,1,0,0,0,0,7,33.77,3
PY19,RAJA UDA,PYL,3,0,0,0,0,0,0,13,43.17,3
PY33,SERDANG JAYA,PYL,13,1,1,0,1,0,1,7,45.44,3
MR5,IMBI,MR,20,0,0,0,0,0,0,14,42.45,3
KG07,SURIAN,MRT,13,1,1,0,1,0,0,9,45.04,3
PY15,JALAN IPOH,PYL,20,0,0,0,0,0,0,11,40.96,3
KJ14,PASAR SENI,KJ,21,1,1,0,1,4,1,7,76.66,4
KJ5,SETIAWANGSA,KJ,3,0,1,0,0,0,0,15,50.96,3
AG1,SENTUL TIMUR,AG,16,0,0,0,2,0,0,4,56.14,3
SP22,KINRARA,PH,21,0,1,0,0,0,0,14,59.74,4
PY13,KAMPUNG BATU,PYL,23,1,1,0,0,0,0,16,45.75,3
KG34,STADIUM KAJANG,MRT,13,0,0,0,0,2,0,9,52.43,3
SP12,CHERAS,PH,4,1,1,0,0,0,0,18,46.18,3
KG29,BANDAR TUN HUSSEIN ONN,MRT,20,0,0,0,0,0,0,15,44.57,3
KG20,TUN RAZAK EXCHANGE,MRT,18,1,1,0,1,4,1,9,74.36,4
BRT2,MENTARI,BRT,23,0,0,0,0,0,1,11,44.55,3
KG08,MUTIARA DAMANSARA,MRT,0,0,1,0,0,0,0,15,58.93,4
PY32,SERDANG RAYA SELATAN,PYL,22,0,1,0,0,0,0,13,55.28,3
SP9,HANG TUAH,PH,4,0,0,0,0,4,0,13,63.95,4
PY12,SRI DELIMA,PYL,22,0,0,0,0,0,0,13,41.03,3
BRT7,USJ7,BRT,18,0,0,0,2,1,0,9,64.84,4
KJ35,ALAM MEGAH,KJ,2,0,0,0,0,0,0,18,46.96,3
KG28,SRI RAYA,MRT,0,0,0,0,0,0,0,15,57.51,3
AG17,CAHAYA,AG,19,0,1,0,2,0,0,6,66.97,4
BRT4,SUNMED,BRT,22,0,1,0,0,0,0,12,48.81,3
KJ22,TAMAN PARAMOUNT,KJ,13,1,0,0,1,0,1,10,52.03,3
PY36,TAMAN EQUINE,PYL,21,1,1,0,1,0,0,7,43.68,3
AG18,AMPANG,AG,0,0,0,0,0,0,0,14,51.85,3
PY40,CYBERJAYA CITY CENTRE,PYL,13,0,1,0,0,0,0,9,47.75,3
PY27,KUCHAI,PYL,0,0,0,0,0,0,0,16,59.99,4
KG31,BUKIT DUKUNG,MRT,2,1,0,0,0,0,0,16,43.15,3
MR11,TITIWANGSA,MR,16,0,0,0,1,4,0,9,72.17,4
KJ14,PASAR SENI,KJ,20,1,1,0,1,4,1,7,76.62,4
SP16,SUNGAI BESI,PH,13,1,1,0,1,1,0,10,44.13,3
KJ11,KAMPUNG BARU - CBP COOPBANK PERTAMA,KJ,14,0,0,0,0,0,0,9,39.31,3
AG11,CHAN SOW LIN,AG,5,0,0,0,0,1,0,11,50.11,3
AG10,PUDU,AG,3,0,1,0,0,0,0,17,51.24,3
SP17,BUKIT JALIL,PH,12,0,0,0,0,2,0,10,51.46,3
KJ19,UNIVERSITI,KJ,20,1,0,0,1,0,0,7,25.14,2
KJ30,SS 18,KJ,21,0,0,0,0,0,0,15,53.92,3
AG14,PANDAN JAYA,AG,13,0,0,0,0,0,0,11,42.15,3
SP13,SALAK SELATAN,PH,17,0,1,0,3,0,0,4,73.81,4
KJ36,SUBANG ALAM,KJ,13,0,0,0,0,0,0,8,34.31,3
KG16,PASAR SENI,MRT,14,0,0,0,0,4,0,9,63.34,4
PY40,CYBERJAYA CITY CENTRE,PYL,16,0,0,0,1,0,0,11,49.04,3
AG5,SULTAN ISMAIL,AG,0,0,0,0,0,0,0,12,37.61,3
KJ32,TAIPAN,KJ,21,1,0,0,1,0,0,9,32.88,3
MR5,IMBI,MR,19,0,0,0,2,0,0,7,51.6,3
AG4,PWTC,AG,22,1,0,0,0,0,0,18,31.39,2
KJ9,AMPANG PARK,KJ,21,0,0,0,0,0,0,15,54.86,3
BRT6,SOUTH QUAY-USJ 1,BRT,22,0,0,0,0,0,0,17,37.65,3
SP5,SULTAN ISMAIL,PH,21,1,0,0,1,0,0,9,35.97,3
PY29,SUNGAI BESI,PYL,12,0,0,0,0,1,0,7,41.82,3
KG16,PASAR SENI,MRT,4,1,1,0,0,4,0,12,69.5,4
BRT7,USJ7,BRT,23,1,1,0,0,1,0,13,38.12,3
KG24,TAMAN MIDAH,MRT,19,0,0,0,0,0,0,10,38.91,3
SP4,PWTC,PH,2,0,1,0,0,0,0,15,53.63,3
PY16,SENTUL BARAT,PYL,2,1,1,0,0,0,0,12,41.65,3
KG16,PASAR SENI,MRT,23,0,0,0,0,4,0,11,69.32,4
MR11,TITIWANGSA,MR,2,0,1,0,0,4,0,18,82.57,5
KG27,TAMAN SUNTEX,MRT,15,1,0,0,1,0,0,9,38.91,3
SP19,AWAN BESAR,PH,1,0,1,0,0,0,0,13,54.03,3
PY21,PERSIARAN KLCC,PYL,22,1,0,0,0,3,0,12,50.76,3
KJ14,PASAR SENI,KJ,2,0,1,0,0,4,0,10,73.39,4
SP9,HANG TUAH,PH,4,0,0,0,0,4,0,10,53.37,3
SP1,SENTUL TIMUR,PH,17,0,1,0,3,0,0,4,63.64,4
KJ34,USJ 21,KJ,14,1,0,0,1,0,0,8,37.16,3
PY27,KUCHAI,PYL,19,1,1,0,1,0,0,8,42.18,3
KG23,TAMAN PERTAMA,MRT,13,0,0,0,0,0,0,7,36.58,3
SP2,SENTUL,PH,21,0,0,0,0,0,0,16,45.2,3
SP24,IOI PUCHONG JAYA,PH,23,1,1,0,0,0,0,15,39.68,3
KG22,MALURI,MRT,2,0,0,0,0,1,0,16,59.57,4
PY05,DAMANSARA DAMAI,PYL,3,1,0,0,0,0,0,11,35.1,3
PY22,CONLAY,PYL,3,0,0,0,0,0,0,13,44.07,3
KJ11,KAMPUNG BARU - CBP COOPBANK PERTAMA,KJ,1,1,0,0,0,0,0,17,45.28,3
SP20,MUHIBBAH,PH,3,0,1,0,0,0,0,12,46.24,3
KJ25,LEMBAH SUBANG,KJ,22,1,1,0,0,0,1,16,60.49,4
PY16,SENTUL BARAT,PYL,2,0,0,0,0,0,0,11,48.12,3
KJ23,TAMAN BAHAGIA,KJ,16,0,0,0,1,0,0,8,43.19,3
PY19,RAJA UDA,PYL,13,0,1,0,0,0,0,11,42.42,3
BRT2,MENTARI,BRT,13,0,0,0,0,0,0,10,39.84,3
KJ11,KAMPUNG BARU - CBP COOPBANK PERTAMA,KJ,0,1,1,0,0,0,1,18,61.18,4
KG05,KWASA SENTRAL,MRT,17,0,0,0,3,0,1,4,72.38,4
KJ37,PUTRA HEIGHTS,KJ,2,0,1,0,0,1,0,17,61.92,4
KJ3,WANGSA MAJU,KJ,16,1,0,0,1,2,1,7,49.0,3
PY14,KENTOMEN,PYL,21,1,0,0,1,0,0,11,35.44,3
KJ14,PASAR SENI,KJ,17,0,0,0,2,4,1,4,94.48,5
PY05,DAMANSARA DAMAI,PYL,1,0,0,0,0,0,1,10,50.45,3
SP17,BUKIT JALIL,PH,1,1,0,0,0,2,1,16,55.52,3
PY09,METRO PRIMA,PYL,14,0,0,0,0,0,0,10,44.66,3
MR3,MAHARAJALELA,MR,14,0,0,0,0,0,0,11,32.41,3
AG11,CHAN SOW LIN,AG,5,0,0,0,0,1,0,13,55.33,3
KJ14,PASAR SENI,KJ,13,1,1,0,1,4,1,9,85.76,5
SP10,PUDU,PH,2,0,0,0,0,0,0,17,53.77,3
PY29,SUNGAI BESI,PYL,13,0,0,0,0,1,0,7,43.77,3
KG25,TAMAN MUTIARA,MRT,16,0,1,0,1,0,0,7,55.68,3
SP12,CHERAS,PH,5,0,0,0,0,0,0,12,42.91,3
KG26,TAMAN CONNAUGHT,MRT,20,0,0,0,0,0,0,15,52.53,3
BRT6,SOUTH QUAY-USJ 1,BRT,18,0,0,0,3,0,0,6,58.09,4
KJ9,AMPANG PARK,KJ,4,0,0,0,0,0,0,18,54.81,3
SP17,BUKIT JALIL,PH,23,1,0,0,0,2,0,11,34.07,3
MR9,MEDAN TUANKU,MR,3,1,0,0,0,0,0,18,40.25,3
PY13,KAMPUNG BATU,PYL,20,1,0,0,1,0,0,11,38.13,3
KJ21,ASIA JAYA,KJ,15,1,0,0,1,0,0,9,34.88,3
AG4,PWTC,AG,1,0,1,0,0,0,0,15,51.06,3
SP20,MUHIBBAH,PH,15,0,0,0,0,0,0,10,37.51,3
SP25,PUSAT BANDAR PUCHONG,PH,3,1,0,0,0,0,0,17,32.12,3
KG08,MUTIARA DAMANSARA,MRT,4,1,0,0,0,0,0,14,39.31,3
PY01,KWASA DAMANSARA,PYL,4,0,1,0,0,1,0,15,65.4,4
PY10,KEPONG BARU,PYL,1,0,0,0,0,0,0,12,38.0,3
KG16,PASAR SENI,MRT,20,0,1,0,0,4,1,12,87.35,5
PY01,KWASA DAMANSARA,PYL,2,1,0,0,0,1,0,11,34.61,3
SP8,PLAZA RAKYAT,PH,5,0,1,0,0,1,0,13,65.89,4
PY03,KAMPUNG SELAMAT,PYL,21,1,1,0,1,0,0,7,34.65,3
MR7,RAJA CHULAN,MR,16,0,0,0,1,0,0,10,48.28,3
KJ35,ALAM MEGAH,KJ,0,0,1,0,0,0,0,17,51.11,3
PY27,KUCHAI,PYL,4,0,0,0,0,0,0,10,43.67,3
KG31,BUKIT DUKUNG,MRT,5,0,1,0,0,0,0,11,47.5,3
MR11,TITIWANGSA,MR,13,1,0,0,1,4,1,12,74.79,4
AG14,PANDAN JAYA,AG,12,0,0,0,0,0,0,10,34.71,3
KJ20,TAMAN JAYA,KJ,4,0,1,0,0,0,0,16,54.14,3
SP1,SENTUL TIMUR,PH,4,1,0,0,0,0,0,18,37.47,3
KJ33,WAWASAN,KJ,5,0,0,0,0,0,0,17,60.16,4
PY23,TUN RAZAK EXCHANGE,PYL,4,1,1,0,0,4,0,15,68.0,4
BRT2,MENTARI,BRT,13,1,0,0,1,0,0,13,40.21,3
KG27,TAMAN SUNTEX,MRT,15,0,0,0,0,0,0,10,47.92,3
PY28,TAMAN NAGA EMAS,PYL,22,0,1,0,0,0,0,10,37.36,3
KG30,BATU 11 CHERAS,MRT,16,1,0,0,1,0,1,9,42.96,3
KG10,TAMAN TUN DR ISMAIL,MRT,5,1,1,0,0,0,0,11,34.94,3
AG12,MIHARJA,AG,12,0,0,0,0,0,0,12,44.28,3
KG29,BANDAR TUN HUSSEIN ONN,MRT,22,1,0,0,0,0,0,14,27.29,2
KG23,TAMAN PERTAMA,MRT,3,1,0,0,0,0,0,12,31.37,2
KJ33,WAWASAN,KJ,14,0,1,0,0,0,0,9,44.89,3
PY07,SRI DAMANSARA SENTRAL,PYL,15,1,1,0,1,0,0,9,40.86,3
KG08,MUTIARA DAMANSARA,MRT,15,0,0,0,0,0,0,10,47.5,3
PY01,KWASA DAMANSARA,PYL,15,1,1,0,1,1,0,8,46.68,3
AG2,SENTUL,AG,19,1,0,0,1,0,1,7,46.96,3
KG20,TUN RAZAK EXCHANGE,MRT,23,0,1,0,0,4,0,13,75.7,4
KJ21,ASIA JAYA,KJ,22,1,1,0,0,0,0,10,39.13,3
KG05,KWASA SENTRAL,MRT,19,0,1,0,2,0,1,6,73.14,4
KG13,PUSAT BANDAR DAMANSARA,MRT,13,0,1,0,0,0,0,7,42.85,3
KG34,STADIUM KAJANG,MRT,15,1,1,0,1,2,0,7,48.97,3
PY34,UPM,PYL,5,0,1,0,0,0,0,10,48.5,3
PY31,SERDANG RAYA UTARA,PYL,23,0,1,0,0,0,0,14,51.69,3
KG08,MUTIARA DAMANSARA,MRT,15,1,0,0,1,0,0,9,36.93,3
MR6,BUKIT BINTANG,MR,22,1,0,0,0,3,0,12,48.93,3
PY08,SRI DAMANSARA TIMUR,PYL,20,0,0,0,0,0,0,16,59.19,4
MR8,BUKIT NANAS,MR,2,0,0,0,0,0,0,16,49.86,3
KJ8,DAMAI,KJ,19,1,0,0,1,0,0,7,28.16,2
SP22,KINRARA,PH,19,0,1,0,0,0,0,9,46.82,3
MR8,BUKIT NANAS,MR,12,0,0,0,0,0,0,8,31.51,2
BRT1,SUNWAY-SETIA JAYA,BRT,1,0,1,0,0,0,0,18,51.07,3
KJ23,TAMAN BAHAGIA,KJ,23,1,0,0,0,0,0,12,32.54,3
SP29,PUCHONG PRIMA,PH,19,0,0,0,2,0,0,6,49.23,3
PY31,SERDANG RAYA UTARA,PYL,19,0,0,0,0,0,0,11,41.74,3
SP4,PWTC,PH,4,1,0,0,0,0,0,18,41.15,3
PY39,CYBERJAYA UTARA,PYL,20,0,0,0,0,0,0,12,42.47,3
AG1,SENTUL TIMUR,AG,4,1,0,0,0,0,0,10,31.31,2
MR11,TITIWANGSA,MR,20,0,0,0,0,4,1,11,75.16,4
PY38,16 SIERRA,PYL,5,0,0,0,0,0,0,13,40.05,3
KG30,BATU 11 CHERAS,MRT,12,0,0,0,0,0,0,8,30.0,2
SP19,AWAN BESAR,PH,23,1,0,0,0,0,0,17,37.89,3
KJ7,DATO' KERAMAT,KJ,14,0,1,0,0,0,0,9,41.21,3
KG16,PASAR SENI,MRT,15,1,0,0,1,4,1,8,72.34,4
KJ18,KERINCHI,KJ,18,0,0,0,3,0,0,4,60.91,4
AG13,MALURI,AG,3,0,1,0,0,1,0,12,53.37,3
KG07,SURIAN,MRT,19,0,0,0,0,0,0,9,36.55,3
KJ3,WANGSA MAJU,KJ,16,0,1,0,1,2,0,7,57.69,3
PY40,CYBERJAYA CITY CENTRE,PYL,5,0,1,0,0,0,0,13,52.98,3
PY27,KUCHAI,PYL,5,1,0,0,0,0,0,10,35.86,3
SP5,SULTAN ISMAIL,PH,18,0,0,0,3,0,0,4,58.97,4
AG2,SENTUL,AG,0,0,0,0,0,0,0,14,55.24,3
KG05,KWASA SENTRAL,MRT,3,0,0,0,0,0,1,15,63.73,4
KG34,STADIUM KAJANG,MRT,20,0,0,1,0,2,0,12,68.04,4
BRT4,SUNMED,BRT,5,0,1,0,0,0,0,18,63.77,4
PY41,PUTRAJAYA SENTRAL,PYL,16,0,0,0,2,0,0,6,54.79,3
SP27,BANDAR PUTERI,PH,13,0,0,0,0,0,0,8,35.64,3
KG18A,BUKIT BINTANG,MRT,20,0,0,0,0,3,1,16,84.75,5
BRT4,SUNMED,BRT,5,1,0,0,0,0,1,10,31.27,2
KJ30,SS 18,KJ,2,0,0,0,0,0,0,10,43.84,3
KG22,MALURI,MRT,22,0,0,0,0,1,0,13,54.62,3
KJ14,PASAR SENI,KJ,20,0,0,0,0,4,1,15,88.12,5
PY33,SERDANG JAYA,PYL,13,0,1,0,0,0,0,9,47.72,3
SP3,TITIWANGSA,PH,16,0,0,0,1,4,0,12,79.11,4
PY27,KUCHAI,PYL,1,0,0,0,0,0,0,14,55.13,3
KG23,TAMAN PERTAMA,MRT,0,0,1,0,0,0,0,12,54.88,3
MR8,BUKIT NANAS,MR,13,0,0,0,0,0,0,11,35.0,3
MR9,MEDAN TUANKU,MR,1,0,0,0,0,0,0,10,43.44,3
PY04,SUNGAI BULOH,PYL,18,0,0,0,3,0,0,5,67.17,4
BRT7,USJ7,BRT,21,0,0,0,0,1,0,11,37.36,3
KJ5,SETIAWANGSA,KJ,4,1,0,0,0,0,0,11,29.4,2
KJ23,TAMAN BAHAGIA,KJ,16,0,0,0,2,0,0,5,52.87,3
KG06,KOTA DAMANSARA,MRT,1,1,0,0,0,0,0,11,31.02,2
MR9,MEDAN TUANKU,MR,21,1,0,0,1,0,0,8,30.99,2
KJ31,USJ 7,KJ,17,0,0,0,2,1,0,5,69.95,4
KJ10,KLCC,KJ,23,0,0,0,0,3,0,13,61.62,4
PY22,CONLAY,PYL,17,0,0,0,2,0,0,7,56.12,3
PY23,TUN RAZAK EXCHANGE,PYL,0,0,0,1,0,4,0,12,71.29,4
PY33,SERDANG JAYA,PYL,3,0,0,0,0,0,0,15,50.32,3
KG06,KOTA DAMANSARA,MRT,13,0,0,0,0,0,0,9,43.55,3
SP2,SENTUL,PH,12,1,0,0,1,0,0,9,32.39,3
PY32,SERDANG RAYA SELATAN,PYL,20,0,0,0,0,0,0,14,44.42,3
PY17,TITIWANGSA,PYL,17,0,0,0,3,4,1,4,100.0,5
PY20,AMPANG PARK,PYL,23,1,0,0,0,0,0,13,30.83,2
KJ22,TAMAN PARAMOUNT,KJ,3,0,0,0,0,0,0,17,50.54,3
MR7,RAJA CHULAN,MR,17,0,1,0,2,0,0,8,65.13,4
AG9,HANG TUAH,AG,0,0,0,0,0,4,0,12,66.62,4
PY23,TUN RAZAK EXCHANGE,PYL,16,1,0,0,1,4,1,10,70.08,4
PY07,SRI DAMANSARA SENTRAL,PYL,17,0,0,0,3,0,0,4,68.23,4
KG30,BATU 11 CHERAS,MRT,1,0,0,0,0,0,0,16,46.64,3
SP14,BANDAR TUN RAZAK,PH,23,0,0,0,0,0,0,16,44.5,3
KG33,SUNGAI JERNIH,MRT,20,0,1,0,0,0,0,10,44.63,3
AG13,MALURI,AG,18,0,0,0,3,1,0,4,76.08,4
KJ9,AMPANG PARK,KJ,18,0,0,0,2,0,0,5,59.9,4
AG6,BANDARAYA - UOB,AG,19,1,1,0,1,0,0,7,34.33,3
SP7,MASJID JAMEK,PH,17,0,0,0,2,4,1,6,99.09,5
SP7,MASJID JAMEK,PH,23,0,0,0,0,4,0,11,66.77,4
PY38,16 SIERRA,PYL,13,0,1,0,0,0,1,10,45.56,3
KG07,SURIAN,MRT,16,0,0,0,1,0,0,7,42.41,3
PY41,PUTRAJAYA SENTRAL,PYL,0,0,0,0,0,0,0,14,48.26,3
MR8,BUKIT NANAS,MR,18,0,0,0,3,0,0,5,66.27,4
PY23,TUN RAZAK EXCHANGE,PYL,2,0,0,0,0,4,0,12,70.36,4
SP12,CHERAS,PH,23,0,0,0,0,0,0,11,42.56,3
SP13,SALAK SELATAN,PH,22,1,0,0,0,0,0,14,36.85,3
KG31,BUKIT DUKUNG,MRT,15,1,0,0,1,0,0,9,35.23,3
PY10,KEPONG BARU,PYL,15,1,0,0,1,0,0,9,33.41,3
PY11,JINJANG,PYL,3,1,0,0,0,0,1,13,40.42,3
BRT2,MENTARI,BRT,16,0,1,0,1,0,1,10,60.92,4
MR2,TUN SAMBANTHAN,MR,13,1,0,0,1,0,0,8,22.91,2
SP10,PUDU,PH,17,0,1,0,2,0,0,7,60.08,4
PY15,JALAN IPOH,PYL,12,0,1,0,0,0,0,10,50.51,3
KG14,SEMANTAN,MRT,14,1,1,0,1,0,0,10,44.05,3
SP2,SENTUL,PH,17,0,0,0,2,0,0,5,45.66,3
KJ28,SUBANG JAYA,KJ,18,0,0,0,3,0,0,4,56.35,3
SP12,CHERAS,PH,12,0,0,0,0,0,0,12,46.77,3
MR8,BUKIT NANAS,MR,13,1,1,0,1,0,0,11,45.71,3
KJ9,AMPANG PARK,KJ,15,0,0,0,0,0,0,10,45.57,3
SP18,SRI PETALING,PH,14,1,1,0,1,0,0,10,34.44,3
SP9,HANG TUAH,PH,1,1,0,0,0,4,0,17,60.13,4
PY03,KAMPUNG SELAMAT,PYL,3,0,0,0,0,0,0,12,44.99,3
PY29,SUNGAI BESI,PYL,15,0,0,0,0,1,0,10,43.66,3
PY04,SUNGAI BULOH,PYL,14,0,0,0,0,0,0,10,38.36,3
KJ13,MASJID JAMEK,KJ,4,0,0,0,0,4,1,17,90.52,5
KJ7,DATO' KERAMAT,KJ,3,0,0,0,0,0,0,13,49.62,3
KJ26,ARA DAMANSARA,KJ,21,1,0,0,1,0,0,7,25.28,2
MR6,BUKIT BINTANG,MR,0,0,0,0,0,3,0,16,72.63,4
KG22,MALURI,MRT,15,1,0,0,1,1,0,8,39.15,3
KG26,TAMAN CONNAUGHT,MRT,23,0,1,0,0,0,0,16,61.37,4
KJ30,SS 18,KJ,16,0,0,0,1,0,0,8,49.28,3
AG3,TITIWANGSA,AG,14,0,0,0,0,4,0,10,55.39,3
MR2,TUN SAMBANTHAN,MR,3,0,0,0,0,0,0,10,26.53,2
SP29,PUCHONG PRIMA,PH,12,1,0,0,1,0,0,12,41.29,3
MR1,KL SENTRAL,MR,3,1,0,0,0,4,0,10,54.67,3
KG06,KOTA DAMANSARA,MRT,5,1,0,0,0,0,0,13,33.87,3
KG23,TAMAN PERTAMA,MRT,19,1,1,0,1,0,0,9,39.74,3
PY33,SERDANG JAYA,PYL,17,1,0,0,1,0,0,8,31.1,2
KG12,PHILEO DAMANSARA,MRT,4,0,0,0,0,0,0,12,44.21,3
SP3,TITIWANGSA,PH,14,0,0,1,0,4,0,9,63.72,4
SP6,BANDARAYA - UOB,PH,3,0,0,0,0,0,0,14,53.05,3
AG1,SENTUL TIMUR,AG,17,1,0,0,1,0,0,8,30.68,2
PY29,SUNGAI BESI,PYL,21,0,0,0,0,1,0,13,51.82,3
AG16,CEMPAKA,AG,12,1,0,0,1,0,0,8,30.04,2
PY11,JINJANG,PYL,2,0,1,0,0,0,0,15,50.83,3
KJ12,DANG WANGI,KJ,17,1,0,0,1,0,0,7,34.08,3
SP4,PWTC,PH,2,1,0,0,0,0,0,11,32.12,3
PY08,SRI DAMANSARA TIMUR,PYL,16,0,1,0,1,0,0,8,59.59,4
AG18,AMPANG,AG,17,0,1,0,2,0,0,4,58.38,4
AG14,PANDAN JAYA,AG,18,0,0,0,2,0,0,5,53.02,3
KJ20,TAMAN JAYA,KJ,12,0,0,0,0,0,0,7,36.35,3
MR9,MEDAN TUANKU,MR,12,1,1,0,1,0,0,8,42.51,3
PY19,RAJA UDA,PYL,20,0,1,0,0,0,0,16,46.73,3
PY19,RAJA UDA,PYL,18,1,0,0,1,0,0,11,30.58,2
BRT5,SunU-Monash,BRT,0,0,0,0,0,0,0,15,43.9,3
SP20,MUHIBBAH,PH,17,0,1,0,3,0,0,4,69.52,4
PY31,SERDANG RAYA UTARA,PYL,5,0,0,0,0,0,0,13,46.99,3
KJ37,PUTRA HEIGHTS,KJ,3,0,1,0,0,1,0,18,66.95,4
AG7,MASJID JAMEK,AG,5,0,0,0,0,4,0,16,73.05,4
PY20,AMPANG PARK,PYL,0,1,0,0,0,0,0,11,22.3,2
KG13,PUSAT BANDAR DAMANSARA,MRT,4,1,0,0,0,0,0,10,30.32,2
KG21,COCHRANE,MRT,22,0,1,0,0,0,0,13,48.31,3
PY05,DAMANSARA DAMAI,PYL,0,0,1,0,0,0,0,13,56.64,3
AG15,PANDAN INDAH,AG,22,0,0,0,0,0,0,11,46.39,3
SP16,SUNGAI BESI,PH,0,0,1,0,0,1,0,14,54.95,3
KJ21,ASIA JAYA,KJ,17,0,0,0,3,0,0,4,64.94,4
KG26,TAMAN CONNAUGHT,MRT,1,0,1,0,0,0,0,16,60.05,4
KJ25,LEMBAH SUBANG,KJ,12,0,1,0,0,0,0,8,46.68,3
KJ5,SETIAWANGSA,KJ,2,0,1,0,0,0,0,11,48.48,3
KG24,TAMAN MIDAH,MRT,18,1,0,0,1,0,0,7,32.72,3
AG6,BANDARAYA - UOB,AG,4,0,0,0,0,0,0,17,52.4,3
AG1,SENTUL TIMUR,AG,14,0,1,0,0,0,0,11,52.58,3
PY13,KAMPUNG BATU,PYL,23,0,0,0,0,0,0,10,43.69,3
MR1,KL SENTRAL,MR,4,0,1,0,0,4,0,15,82.6,5
KJ33,WAWASAN,KJ,5,0,0,0,0,0,0,17,60.62,4
SP18,SRI PETALING,PH,5,0,1,0,0,0,0,18,59.56,4
BRT1,SUNWAY-SETIA JAYA,BRT,3,1,0,0,0,0,0,13,28.2,2
KG27,TAMAN SUNTEX,MRT,16,0,1,0,1,0,0,10,63.71,4
PY21,PERSIARAN KLCC,PYL,14,0,1,0,0,3,0,7,52.58,3
KG23,TAMAN PERTAMA,MRT,0,0,1,0,0,0,0,14,51.07,3
KG28,SRI RAYA,MRT,3,1,0,0,0,0,0,16,46.37,3
PY41,PUTRAJAYA SENTRAL,PYL,21,0,1,0,0,0,0,16,55.28,3
BRT6,SOUTH QUAY-USJ 1,BRT,3,1,0,0,0,0,0,13,16.74,2
KJ14,PASAR SENI,KJ,22,0,0,0,0,4,0,18,81.52,4
KG26,TAMAN CONNAUGHT,MRT,15,0,0,0,0,0,0,7,37.03,3
KJ14,PASAR SENI,KJ,14,1,0,0,1,4,1,7,67.14,4
PY23,TUN RAZAK EXCHANGE,PYL,15,0,0,0,0,4,0,10,68.76,4
AG17,CAHAYA,AG,15,1,0,0,1,0,0,8,38.42,3
SP20,MUHIBBAH,PH,3,1,0,0,0,0,0,14,41.09,3
KJ12,DANG WANGI,KJ,15,1,0,0,1,0,0,9,38.29,3
KG10,TAMAN TUN DR ISMAIL,MRT,18,0,0,0,2,0,0,4,44.25,3
KJ2,TAMAN MELATI,KJ,0,0,0,0,0,0,0,15,46.93,3
AG8,PLAZA RAKYAT,AG,13,1,0,0,1,1,0,7,37.84,3
AG1,SENTUL TIMUR,AG,13,0,0,0,0,0,0,8,34.8,3
SP25,PUSAT BANDAR PUCHONG,PH,16,1,0,0,1,0,0,7,25.39,2
PY14,KENTOMEN,PYL,1,0,0,0,0,0,0,16,51.76,3
PY29,SUNGAI BESI,PYL,22,1,0,0,0,1,0,15,41.5,3
PY11,JINJANG,PYL,22,0,1,0,0,0,0,14,46.4,3
KG07,SURIAN,MRT,2,1,0,0,0,0,0,14,38.6,3
PY22,CONLAY,PYL,20,0,0,0,0,0,1,10,47.99,3
BRT5,SunU-Monash,BRT,18,0,0,0,3,0,0,8,66.35,4
SP28,PUCHONG PERDANA,PH,14,0,0,0,0,0,0,9,32.16,3
MR4,HANG TUAH,MR,0,1,0,0,0,4,0,16,51.65,3
SP28,PUCHONG PERDANA,PH,2,1,0,0,0,0,0,14,29.64,2
KJ34,USJ 21,KJ,21,0,0,0,0,0,0,17,54.59,3
KJ10,KLCC,KJ,17,1,0,0,1,3,2,9,77.05,4
PY24,CHAN SOW LIN,PYL,23,0,0,0,0,1,0,13,56.13,3
KJ6,JELATEK,KJ,12,0,1,0,0,0,0,8,40.49,3
SP25,PUSAT BANDAR PUCHONG,PH,18,0,0,0,3,0,1,4,63.31,4
AG9,HANG TUAH,AG,16,0,0,1,1,4,0,8,73.73,4
KG27,TAMAN SUNTEX,MRT,16,1,1,0,1,0,0,10,48.77,3
SP12,CHERAS,PH,23,0,0,0,0,0,0,17,55.02,3
KG21,COCHRANE,MRT,4,0,1,0,0,0,0,13,53.36,3
PY31,SERDANG RAYA UTARA,PYL,12,0,1,0,0,0,0,7,42.77,3
SP3,TITIWANGSA,PH,19,0,0,0,0,4,1,12,71.58,4
SP24,IOI PUCHONG JAYA,PH,0,0,1,0,0,0,0,14,46.07,3
SP24,IOI PUCHONG JAYA,PH,20,0,0,0,0,0,0,14,35.2,3
MR8,BUKIT NANAS,MR,20,0,0,0,0,0,0,13,42.37,3
KJ14,PASAR SENI,KJ,12,1,1,0,1,4,1,10,80.15,4
SP9,HANG TUAH,PH,12,0,1,0,0,4,0,8,53.56,3
AG16,CEMPAKA,AG,18,0,0,0,2,0,0,5,56.06,3
PY41,PUTRAJAYA SENTRAL,PYL,2,0,0,0,0,0,0,16,51.1,3
SP19,AWAN BESAR,PH,22,0,0,0,0,0,0,16,50.37,3
AG7,MASJID JAMEK,AG,16,0,0,0,1,4,0,9,73.25,4
BRT2,MENTARI,BRT,20,0,0,0,0,0,0,17,46.21,3
AG18,AMPANG,AG,2,1,0,0,0,0,0,17,47.71,3
AG8,PLAZA RAKYAT,AG,22,1,1,0,0,1,0,15,49.86,3
KJ12,DANG WANGI,KJ,22,1,0,0,0,0,0,10,33.54,3
KG28,SRI RAYA,MRT,19,1,0,0,1,0,0,7,37.38,3
SP17,BUKIT JALIL,PH,1,0,1,0,0,2,0,12,61.58,4
SP17,BUKIT JALIL,PH,22,1,0,0,0,2,0,10,31.95,2
BRT4,SUNMED,BRT,5,1,0,0,0,0,0,14,33.4,3
SP31,PUTRA HEIGHTS,PH,16,0,1,0,1,1,0,8,62.63,4
KJ10,KLCC,KJ,21,0,0,0,0,3,1,17,77.24,4
PY34,UPM,PYL,19,0,1,0,2,0,0,7,68.99,4
KJ24,KELANA JAYA,KJ,13,0,0,0,0,0,0,8,45.66,3
PY22,CONLAY,PYL,22,0,0,0,0,0,0,15,43.87,3
PY16,SENTUL BARAT,PYL,17,0,0,0,2,0,0,5,54.24,3
SP9,HANG TUAH,PH,18,1,0,0,1,4,1,7,64.49,4
SP5,SULTAN ISMAIL,PH,3,0,0,0,0,0,0,11,37.9,3
SP20,MUHIBBAH,PH,1,1,0,0,0,0,0,11,31.55,2
KJ28,SUBANG JAYA,KJ,20,0,0,0,0,0,0,13,41.11,3
PY28,TAMAN NAGA EMAS,PYL,21,0,0,0,0,0,0,13,36.15,3
PY16,SENTUL BARAT,PYL,18,0,1,0,2,0,0,5,66.0,4
KJ8,DAMAI,KJ,21,0,0,0,0,0,0,18,60.45,4
KJ3,WANGSA MAJU,KJ,17,0,1,0,3,2,0,4,86.22,5
SP18,SRI PETALING,PH,3,0,1,0,0,0,0,13,46.74,3
KG04,KWASA DAMANSARA,MRT,2,0,1,0,0,1,0,12,60.42,4
KJ3,WANGSA MAJU,KJ,4,0,0,0,0,2,1,16,66.35,4
AG10,PUDU,AG,21,1,0,0,1,0,0,9,29.38,2
KJ33,WAWASAN,KJ,17,0,0,1,2,0,0,5,68.18,4
MR10,CHOW KIT,MR,16,0,0,0,1,0,0,9,38.52,3
AG3,TITIWANGSA,AG,19,0,1,0,0,4,1,9,64.25,4
BRT5,SunU-Monash,BRT,5,0,0,0,0,0,0,14,43.71,3
KG04,KWASA DAMANSARA,MRT,2,0,1,0,0,1,0,14,60.81,4
KJ2,TAMAN MELATI,KJ,0,1,0,0,0,0,0,11,26.53,2
SP11,CHAN SOW LIN,PH,18,0,0,0,2,1,0,5,64.29,4
KJ16,BANK RAKYAT BANGSAR,KJ,1,1,1,0,0,0,0,13,43.35,3
KG04,KWASA DAMANSARA,MRT,23,0,0,0,0,1,0,13,52.54,3
PY29,SUNGAI BESI,PYL,18,0,0,0,2,1,0,6,65.88,4
KG22,MALURI,MRT,12,0,0,0,0,1,0,9,49.15,3
SP29,PUCHONG PRIMA,PH,19,0,0,0,0,0,0,9,34.68,3
AG5,SULTAN ISMAIL,AG,22,1,0,0,0,0,0,13,22.62,2
SP1,SENTUL TIMUR,PH,20,0,0,0,0,0,0,16,49.71,3
SP9,HANG TUAH,PH,20,1,0,0,1,4,1,12,64.9,4
MR5,IMBI,MR,23,0,0,0,0,0,0,17,47.74,3
AG4,PWTC,AG,19,0,0,0,0,0,0,7,31.28,2
KG33,SUNGAI JERNIH,MRT,19,0,0,0,2,0,0,4,54.47,3
SP8,PLAZA RAKYAT,PH,17,0,1,0,3,1,0,5,87.54,5
PY31,SERDANG RAYA UTARA,PYL,4,1,0,0,0,0,1,13,42.68,3
KJ33,WAWASAN,KJ,18,0,0,0,2,0,0,5,62.59,4
KG27,TAMAN SUNTEX,MRT,18,0,1,0,2,0,0,4,59.04,4
KJ24,KELANA JAYA,KJ,19,1,1,0,1,0,0,8,41.81,3
KJ12,DANG WANGI,KJ,4,0,0,0,0,0,0,14,46.66,3
SP17,BUKIT JALIL,PH,4,0,0,0,0,2,1,14,65.49,4
MR9,MEDAN TUANKU,MR,23,0,0,0,0,0,0,10,40.4,3
PY05,DAMANSARA DAMAI,PYL,16,0,0,0,1,0,0,7,42.75,3
AG5,SULTAN ISMAIL,AG,19,0,0,0,2,0,0,4,43.01,3
KJ5,SETIAWANGSA,KJ,20,0,0,0,0,0,0,13,40.93,3
SP24,IOI PUCHONG JAYA,PH,23,0,0,0,0,0,0,10,33.55,3
KG09,BANDAR UTAMA,MRT,4,0,0,0,0,3,0,15,77.27,4
SP11,CHAN SOW LIN,PH,4,0,0,0,0,1,0,18,66.81,4
PY36,TAMAN EQUINE,PYL,17,0,0,0,2,0,0,4,58.94,4
PY06,SRI DAMANSARA BARAT,PYL,17,0,0,0,3,0,0,4,68.63,4
BRT5,SunU-Monash,BRT,19,0,0,0,0,0,0,12,39.06,3
KG27,TAMAN SUNTEX,MRT,1,0,0,0,0,0,0,10,49.05,3
KJ22,TAMAN PARAMOUNT,KJ,18,0,1,0,2,0,0,5,59.97,4
SP3,TITIWANGSA,PH,13,0,0,0,0,4,0,9,57.48,3
KJ34,USJ 21,KJ,23,0,0,0,0,0,1,18,64.33,4
KJ5,SETIAWANGSA,KJ,22,1,0,0,0,0,0,16,33.93,3
AG13,MALURI,AG,23,0,0,0,0,1,0,10,43.92,3
SP26,TAMAN PERINDUSTRIAN PUCHONG,PH,17,0,0,0,2,0,0,7,47.61,3
KG07,SURIAN,MRT,22,0,0,0,0,0,0,12,45.34,3
KJ7,DATO' KERAMAT,KJ,12,0,0,0,0,0,1,10,53.48,3
MR4,HANG TUAH,MR,3,0,1,0,0,4,0,12,64.76,4
KJ13,MASJID JAMEK,KJ,14,0,0,0,0,4,0,9,65.69,4
BRT5,SunU-Monash,BRT,5,0,1,0,0,0,0,12,50.84,3
MR8,BUKIT NANAS,MR,21,0,1,0,0,0,0,17,54.19,3
PY38,16 SIERRA,PYL,18,0,1,0,2,0,0,7,55.99,3
KJ1,GOMBAK,KJ,15,0,0,0,0,0,1,7,36.03,3
KJ14,PASAR SENI,KJ,0,0,0,0,0,4,0,13,72.77,4
KJ2,TAMAN MELATI,KJ,20,0,0,0,0,0,0,10,30.25,2
AG16,CEMPAKA,AG,5,0,1,0,0,0,0,11,52.24,3
PY15,JALAN IPOH,PYL,17,0,1,0,2,0,1,5,68.93,4
SP2,SENTUL,PH,14,0,0,0,0,0,0,7,27.49,2
PY31,SERDANG RAYA UTARA,PYL,13,0,1,0,0,0,0,8,47.16,3
PY24,CHAN SOW LIN,PYL,1,0,0,0,0,1,0,10,53.79,3
KJ27,CGC GLENMARIE,KJ,14,0,0,0,0,0,0,7,26.63,2
PY22,CONLAY,PYL,16,1,0,0,1,0,0,9,36.59,3
PY31,SERDANG RAYA UTARA,PYL,3,0,1,0,0,0,0,15,55.11,3
KG12,PHILEO DAMANSARA,MRT,20,1,0,0,1,0,0,9,27.63,2
PY19,RAJA UDA,PYL,23,0,0,0,0,0,0,14,40.77,3
KJ11,KAMPUNG BARU - CBP COOPBANK PERTAMA,KJ,13,0,0,0,0,0,0,9,40.49,3
PY29,SUNGAI BESI,PYL,20,1,0,0,1,1,0,9,37.26,3
KJ31,USJ 7,KJ,17,1,1,0,1,1,0,10,51.81,3
KJ2,TAMAN MELATI,KJ,16,0,0,0,1,0,0,7,33.43,3
BRT1,SUNWAY-SETIA JAYA,BRT,18,1,0,0,1,0,0,13,36.71,3
KJ8,DAMAI,KJ,18,1,0,0,1,0,0,10,41.18,3
SP14,BANDAR TUN RAZAK,PH,16,0,1,0,2,0,0,5,48.12,3
KJ15,KL SENTRAL - REDONE,KJ,18,1,1,0,1,4,1,9,84.9,5
KG25,TAMAN MUTIARA,MRT,21,0,0,0,0,0,0,13,43.79,3
BRT3,SUNWAY LAGOON,BRT,17,0,0,0,2,0,0,6,57.14,3
KJ1,GOMBAK,KJ,0,1,0,0,0,0,0,13,22.77,2
KG04,KWASA DAMANSARA,MRT,3,1,1,0,0,1,0,12,46.58,3
KJ24,KELANA JAYA,KJ,19,0,1,0,2,0,0,5,67.23,4
KG10,TAMAN TUN DR ISMAIL,MRT,15,1,0,0,1,0,0,8,23.45,2
PY04,SUNGAI BULOH,PYL,21,1,0,0,1,0,0,10,36.11,3
MR3,MAHARAJALELA,MR,3,0,0,0,0,0,1,15,48.36,3
BRT6,SOUTH QUAY-USJ 1,BRT,15,0,0,0,0,0,0,9,21.77,2
KJ10,KLCC,KJ,4,0,1,0,0,3,0,14,74.18,4
KG21,COCHRANE,MRT,0,0,0,0,0,0,0,16,51.11,3
KJ26,ARA DAMANSARA,KJ,23,1,0,0,0,0,0,15,26.61,2
KJ26,ARA DAMANSARA,KJ,20,0,0,0,0,0,0,10,36.62,3
KJ22,TAMAN PARAMOUNT,KJ,5,0,0,0,0,0,0,18,58.96,4
AG12,MIHARJA,AG,21,1,1,0,1,0,0,10,41.21,3
MR9,MEDAN TUANKU,MR,2,0,0,0,0,0,0,17,52.71,3
SP21,ALAM SUTERA,PH,19,0,0,0,2,0,0,4,49.85,3
PY29,SUNGAI BESI,PYL,13,0,0,0,0,1,0,10,49.08,3
SP2,SENTUL,PH,2,0,0,0,0,0,0,15,44.94,3
AG4,PWTC,AG,13,0,0,0,0,0,0,11,35.15,3
KG09,BANDAR UTAMA,MRT,16,0,1,0,1,3,0,9,75.26,4
PY36,TAMAN EQUINE,PYL,15,0,0,0,0,0,0,9,48.48,3
KJ27,CGC GLENMARIE,KJ,3,0,0,0,0,0,0,18,52.25,3
SP13,SALAK SELATAN,PH,3,1,0,0,0,0,0,11,32.41,3
PY27,KUCHAI,PYL,12,0,1,0,0,0,0,7,46.99,3
KJ35,ALAM MEGAH,KJ,21,1,0,0,1,0,0,10,28.55,2
KG04,KWASA DAMANSARA,MRT,17,0,0,0,2,1,0,4,58.74,4
KG33,SUNGAI JERNIH,MRT,20,0,0,0,0,0,0,14,50.74,3
MR5,IMBI,MR,18,0,1,0,2,0,0,7,56.64,3
AG3,TITIWANGSA,AG,16,0,0,0,1,4,0,12,67.86,4
KJ23,TAMAN BAHAGIA,KJ,4,1,1,0,0,0,0,18,52.94,3
KG29,BANDAR TUN HUSSEIN ONN,MRT,23,0,1,0,0,0,0,13,45.12,3
AG5,SULTAN ISMAIL,AG,5,0,0,0,0,0,0,12,40.17,3
PY08,SRI DAMANSARA TIMUR,PYL,0,0,0,0,0,0,1,16,69.37,4
MR1,KL SENTRAL,MR,15,0,1,0,0,4,0,12,76.9,4
MR10,CHOW KIT,MR,0,0,0,0,0,0,0,12,40.97,3
AG2,SENTUL,AG,17,0,0,0,3,0,0,4,65.64,4
SP18,SRI PETALING,PH,23,1,1,0,0,0,0,13,35.73,3
KJ2,TAMAN MELATI,KJ,4,0,0,0,0,0,0,10,37.18,3
SP14,BANDAR TUN RAZAK,PH,1,0,1,0,0,0,0,17,54.63,3
AG5,SULTAN ISMAIL,AG,16,1,1,0,1,0,0,10,38.4,3
BRT4,SUNMED,BRT,3,0,0,1,0,0,0,13,49.52,3
SP28,PUCHONG PERDANA,PH,5,0,1,0,0,0,0,12,42.42,3
PY39,CYBERJAYA UTARA,PYL,12,1,0,0,1,0,1,11,42.43,3
PY24,CHAN SOW LIN,PYL,12,1,0,0,1,1,0,7,40.96,3
KG24,TAMAN MIDAH,MRT,20,0,1,0,0,0,0,11,45.67,3
KG12,PHILEO DAMANSARA,MRT,23,0,1,0,0,0,0,11,51.17,3
PY20,AMPANG PARK,PYL,21,0,1,0,0,0,0,15,50.81,3
KJ21,ASIA JAYA,KJ,14,0,0,0,0,0,0,7,37.52,3
PY34,UPM,PYL,2,0,1,0,0,0,0,11,46.49,3
PY16,SENTUL BARAT,PYL,20,0,0,0,0,0,0,11,49.01,3
KJ37,PUTRA HEIGHTS,KJ,20,0,1,0,0,1,0,18,62.92,4
PY28,TAMAN NAGA EMAS,PYL,18,0,0,0,3,0,0,5,58.98,4
SP12,CHERAS,PH,14,0,0,0,0,0,0,9,39.96,3
PY12,SRI DELIMA,PYL,12,0,1,0,0,0,0,11,45.39,3
KJ2,TAMAN MELATI,KJ,20,1,0,0,1,0,0,10,26.94,2
PY24,CHAN SOW LIN,PYL,1,1,0,0,0,1,0,14,51.38,3
KJ3,WANGSA MAJU,KJ,4,0,0,0,0,2,0,12,49.5,3
AG15,PANDAN INDAH,AG,3,0,0,0,0,0,0,12,46.8,3
KJ23,TAMAN BAHAGIA,KJ,2,0,0,0,0,0,0,16,49.73,3
MR9,MEDAN TUANKU,MR,2,1,0,0,0,0,0,12,29.89,2
KG27,TAMAN SUNTEX,MRT,17,0,1,0,2,0,0,4,59.36,4
MR5,IMBI,MR,3,0,0,0,0,0,0,12,35.81,3
KJ1,GOMBAK,KJ,18,0,0,0,3,0,0,4,59.97,4
PY39,CYBERJAYA UTARA,PYL,17,0,1,0,3,0,0,5,69.65,4
PY27,KUCHAI,PYL,21,1,0,0,1,0,0,8,41.24,3
KG35,KAJANG,MRT,13,1,0,0,1,0,0,10,44.54,3
KJ32,TAIPAN,KJ,17,0,1,0,3,0,0,4,74.91,4
PY21,PERSIARAN KLCC,PYL,3,1,0,0,0,3,0,12,50.18,3
SP31,PUTRA HEIGHTS,PH,21,0,0,0,0,1,0,10,53.44,3
SP13,SALAK SELATAN,PH,3,0,1,0,0,0,0,16,63.81,4
SP22,KINRARA,PH,5,1,1,0,0,0,0,13,46.69,3
KJ28,SUBANG JAYA,KJ,15,1,0,0,1,0,0,9,26.83,2
PY27,KUCHAI,PYL,16,1,0,0,1,0,0,11,39.94,3
KG12,PHILEO DAMANSARA,MRT,15,0,0,0,0,0,0,9,32.1,3
AG16,CEMPAKA,AG,13,1,0,0,1,0,0,8,31.44,2
KJ22,TAMAN PARAMOUNT,KJ,21,1,0,0,1,0,0,9,35.69,3
PY04,SUNGAI BULOH,PYL,17,0,0,0,3,0,0,4,66.41,4
KG15,MUZIUM NEGARA,MRT,4,1,1,0,0,0,0,13,39.97,3
SP19,AWAN BESAR,PH,14,1,1,0,1,0,0,10,39.41,3
PY07,SRI DAMANSARA SENTRAL,PYL,17,1,0,0,1,0,0,10,42.44,3
SP18,SRI PETALING,PH,3,0,0,0,0,0,0,16,51.57,3
KJ25,LEMBAH SUBANG,KJ,5,0,1,1,0,0,0,12,57.51,3
KJ2,TAMAN MELATI,KJ,18,0,0,0,2,0,0,5,50.21,3
KJ27,CGC GLENMARIE,KJ,1,0,0,0,0,0,0,10,32.84,3
PY34,UPM,PYL,19,0,1,0,2,0,0,4,63.24,4
SP14,BANDAR TUN RAZAK,PH,16,0,1,0,2,0,0,4,47.23,3
BRT4,SUNMED,BRT,22,0,0,0,0,0,0,17,51.97,3
AG17,CAHAYA,AG,19,0,0,0,0,0,0,9,36.71,3
SP1,SENTUL TIMUR,PH,14,0,1,0,0,0,0,9,35.19,3
KJ1,GOMBAK,KJ,21,0,0,0,0,0,0,16,49.37,3
AG18,AMPANG,AG,20,0,0,0,0,0,0,10,45.45,3
SP14,BANDAR TUN RAZAK,PH,20,1,0,0,1,0,1,7,27.85,2
BRT7,USJ7,BRT,19,0,0,0,2,1,0,8,60.11,4
KG25,TAMAN MUTIARA,MRT,21,0,0,0,0,0,0,13,47.51,3
KJ35,ALAM MEGAH,KJ,23,0,0,0,0,0,0,11,31.69,2
PY20,AMPANG PARK,PYL,5,0,1,0,0,0,0,11,41.71,3
KJ9,AMPANG PARK,KJ,12,0,0,0,0,0,0,9,46.35,3
SP3,TITIWANGSA,PH,14,1,1,0,1,4,1,10,76.18,4
KJ32,TAIPAN,KJ,12,1,0,0,1,0,0,9,41.58,3
PY04,SUNGAI BULOH,PYL,14,1,0,0,1,0,0,8,31.98,2
KG25,TAMAN MUTIARA,MRT,18,1,0,0,1,0,0,9,35.9,3
KG34,STADIUM KAJANG,MRT,19,0,0,0,2,2,0,5,69.44,4
KG31,BUKIT DUKUNG,MRT,2,1,1,0,0,0,0,16,47.18,3
KG28,SRI RAYA,MRT,23,0,0,0,0,0,0,15,54.68,3
SP25,PUSAT BANDAR PUCHONG,PH,23,1,0,0,0,0,0,12,21.58,2
KJ13,MASJID JAMEK,KJ,21,0,1,0,0,4,1,10,76.97,4
KJ28,SUBANG JAYA,KJ,2,0,1,0,0,0,0,18,54.35,3
SP13,SALAK SELATAN,PH,21,1,0,0,1,0,0,8,35.46,3
AG7,MASJID JAMEK,AG,14,0,0,0,0,4,0,12,61.09,4
KJ15,KL SENTRAL - REDONE,KJ,22,0,0,0,0,4,0,17,79.7,4
PY31,SERDANG RAYA UTARA,PYL,5,0,0,0,0,0,0,14,43.42,3
KJ36,SUBANG ALAM,KJ,13,0,1,0,0,0,0,10,36.88,3
KG31,BUKIT DUKUNG,MRT,19,0,0,0,2,0,0,5,47.65,3
KG34,STADIUM KAJANG,MRT,4,0,0,0,0,2,0,15,65.93,4
KJ33,WAWASAN,KJ,22,1,0,0,0,0,0,11,38.53,3
KJ1,GOMBAK,KJ,17,0,1,0,2,0,0,4,48.04,3
SP18,SRI PETALING,PH,19,0,0,0,0,0,0,7,28.02,2
KJ27,CGC GLENMARIE,KJ,18,0,0,0,3,0,0,3,58.9,4
KG22,MALURI,MRT,15,0,0,1,0,1,0,8,56.11,3
PY40,CYBERJAYA CITY CENTRE,PYL,13,1,0,0,1,0,0,9,36.43,3
MR5,IMBI,MR,20,1,1,0,1,0,0,10,34.45,3
PY18,HOSPITAL KUALA LUMPUR,PYL,5,0,0,0,0,0,0,11,45.97,3
PY37,PUTRA PERMAI,PYL,0,0,0,0,0,0,0,12,41.05,3
KJ26,ARA DAMANSARA,KJ,1,0,0,0,0,0,0,16,45.06,3
KJ32,TAIPAN,KJ,22,0,0,0,0,0,0,16,49.47,3
KG17,MERDEKA,MRT,16,0,0,0,2,1,0,6,67.3,4
KG15,MUZIUM NEGARA,MRT,20,0,0,0,0,0,0,15,52.57,3
KJ25,LEMBAH SUBANG,KJ,21,0,0,0,0,0,0,10,49.4,3
KG10,TAMAN TUN DR ISMAIL,MRT,12,0,0,0,0,0,0,9,35.02,3
PY21,PERSIARAN KLCC,PYL,20,0,0,0,0,3,1,11,68.46,4
PY05,DAMANSARA DAMAI,PYL,19,0,0,0,2,0,0,5,53.61,3
KG10,TAMAN TUN DR ISMAIL,MRT,18,0,1,0,3,0,0,4,61.31,4
KJ13,MASJID JAMEK,KJ,20,0,0,0,0,4,1,11,73.19,4
PY31,SERDANG RAYA UTARA,PYL,20,1,0,0,1,0,0,9,33.47,3
AG1,SENTUL TIMUR,AG,0,1,1,0,0,0,0,16,43.5,3
SP9,HANG TUAH,PH,18,0,0,0,3,4,1,5,100.0,5
KG24,TAMAN MIDAH,MRT,2,0,0,0,0,0,0,12,44.21,3
SP27,BANDAR PUTERI,PH,3,0,0,0,0,0,0,15,41.76,3
KG06,KOTA DAMANSARA,MRT,14,0,0,0,0,0,0,9,43.31,3
MR3,MAHARAJALELA,MR,22,0,0,0,0,0,0,13,40.24,3
PY20,AMPANG PARK,PYL,20,0,1,0,0,0,0,16,53.73,3
KG10,TAMAN TUN DR ISMAIL,MRT,0,0,1,0,0,0,0,11,39.91,3
KG15,MUZIUM NEGARA,MRT,22,1,0,0,0,0,0,16,38.2,3
SP28,PUCHONG PERDANA,PH,15,0,0,0,0,0,0,12,45.99,3
SP5,SULTAN ISMAIL,PH,21,0,1,0,0,0,0,15,55.26,3
PY19,RAJA UDA,PYL,22,1,0,0,0,0,0,16,36.83,3
SP3,TITIWANGSA,PH,13,0,0,0,0,4,0,8,59.2,4
SP27,BANDAR PUTERI,PH,14,1,1,0,1,0,0,11,43.33,3
KJ26,ARA DAMANSARA,KJ,12,0,0,0,0,0,0,9,28.36,2
AG18,AMPANG,AG,20,0,0,0,0,0,0,17,60.73,4
SP18,SRI PETALING,PH,0,0,0,0,0,0,0,16,46.88,3
KJ18,KERINCHI,KJ,18,0,0,0,3,0,0,3,61.64,4
PY09,METRO PRIMA,PYL,23,0,1,0,0,0,0,10,51.2,3
SP26,TAMAN PERINDUSTRIAN PUCHONG,PH,18,0,0,0,2,0,0,7,48.89,3
SP22,KINRARA,PH,18,1,0,0,1,0,0,10,36.06,3
KJ8,DAMAI,KJ,16,0,0,0,1,0,0,10,47.25,3
KJ26,ARA DAMANSARA,KJ,14,0,1,0,0,0,0,10,38.73,3
PY36,TAMAN EQUINE,PYL,4,0,0,0,0,0,0,16,52.77,3
PY16,SENTUL BARAT,PYL,13,1,0,0,1,0,0,8,40.47,3
AG9,HANG TUAH,AG,12,0,0,0,0,4,0,8,59.47,4
SP6,BANDARAYA - UOB,PH,17,0,1,0,2,0,0,6,66.07,4
AG6,BANDARAYA - UOB,AG,22,1,0,0,0,0,0,15,36.06,3
SP13,SALAK SELATAN,PH,13,1,1,0,1,0,0,7,40.17,3
SP20,MUHIBBAH,PH,21,0,0,0,0,0,0,14,46.99,3
AG14,PANDAN JAYA,AG,14,1,0,0,1,0,1,9,37.7,3
PY21,PERSIARAN KLCC,PYL,3,0,1,0,0,3,0,16,71.28,4
PY07,SRI DAMANSARA SENTRAL,PYL,2,0,0,0,0,0,0,12,43.82,3
KJ20,TAMAN JAYA,KJ,5,0,1,0,0,0,0,12,44.94,3
MR10,CHOW KIT,MR,3,0,1,0,0,0,0,18,59.54,4
KJ13,MASJID JAMEK,KJ,18,0,1,0,2,4,1,6,100.0,5
SP5,SULTAN ISMAIL,PH,2,0,0,0,0,0,0,13,43.23,3
AG6,BANDARAYA - UOB,AG,12,1,0,0,1,0,0,10,34.25,3
KJ10,KLCC,KJ,17,0,0,0,3,3,1,3,96.64,5
AG11,CHAN SOW LIN,AG,4,0,0,0,0,1,0,16,54.1,3
KJ9,AMPANG PARK,KJ,3,0,1,0,0,0,0,14,51.82,3
BRT7,USJ7,BRT,20,1,0,0,1,1,0,8,29.13,2
PY36,TAMAN EQUINE,PYL,23,0,1,0,0,0,0,15,57.26,3
KJ28,SUBANG JAYA,KJ,2,0,0,0,0,0,0,12,37.7,3
BRT3,SUNWAY LAGOON,BRT,22,1,1,0,0,0,0,18,49.04,3
KG05,KWASA SENTRAL,MRT,16,0,0,0,1,0,0,10,47.5,3
KJ11,KAMPUNG BARU - CBP COOPBANK PERTAMA,KJ,0,0,1,0,0,0,0,16,59.48,4
SP10,PUDU,PH,16,0,0,0,2,0,0,6,53.25,3
PY03,KAMPUNG SELAMAT,PYL,21,0,1,0,0,0,0,11,50.18,3
SP29,PUCHONG PRIMA,PH,14,0,0,0,0,0,0,11,36.84,3
SP4,PWTC,PH,21,0,1,0,0,0,0,14,53.37,3
AG10,PUDU,AG,12,0,0,0,0,0,0,11,33.62,3
SP22,KINRARA,PH,4,0,0,0,0,0,0,13,44.78,3
PY21,PERSIARAN KLCC,PYL,20,1,0,0,1,3,2,7,71.74,4
KG18A,BUKIT BINTANG,MRT,17,1,0,0,1,3,3,8,90.25,5
SP28,PUCHONG PERDANA,PH,4,1,1,0,0,0,0,18,48.32,3
SP1,SENTUL TIMUR,PH,22,0,0,0,0,0,0,10,33.25,3
AG1,SENTUL TIMUR,AG,21,0,0,0,0,0,0,15,55.17,3
KJ13,MASJID JAMEK,KJ,1,1,0,0,0,4,0,11,56.63,3
KJ37,PUTRA HEIGHTS,KJ,4,1,0,0,0,1,0,12,36.82,3
PY38,16 SIERRA,PYL,1,0,0,0,0,0,0,12,41.66,3
KG25,TAMAN MUTIARA,MRT,5,0,1,0,0,0,0,14,56.82,3
PY37,PUTRA PERMAI,PYL,14,0,0,0,0,0,0,7,26.48,2
PY17,TITIWANGSA,PYL,15,0,1,0,0,4,0,9,77.22,4
PY09,METRO PRIMA,PYL,23,0,0,0,0,0,0,11,46.15,3
PY41,PUTRAJAYA SENTRAL,PYL,3,1,1,0,0,0,1,11,42.23,3
PY06,SRI DAMANSARA BARAT,PYL,3,0,0,0,0,0,0,10,39.57,3
PY20,AMPANG PARK,PYL,22,1,1,0,0,0,0,16,45.53,3
KG30,BATU 11 CHERAS,MRT,15,0,0,0,0,0,0,8,31.88,2
SP10,PUDU,PH,2,0,0,0,0,0,0,14,48.15,3
AG2,SENTUL,AG,5,1,1,0,0,0,0,17,46.74,3
SP20,MUHIBBAH,PH,13,0,0,0,0,0,0,11,39.64,3
AG4,PWTC,AG,17,1,0,0,1,0,0,9,28.86,2
SP18,SRI PETALING,PH,18,0,0,0,3,0,0,5,66.54,4
AG3,TITIWANGSA,AG,1,0,1,0,0,4,0,17,73.46,4
PY04,SUNGAI BULOH,PYL,22,0,0,0,0,0,0,14,45.92,3
AG16,CEMPAKA,AG,14,0,1,1,0,0,0,10,50.55,3
PY28,TAMAN NAGA EMAS,PYL,1,1,0,0,0,0,0,10,26.56,2
KG08,MUTIARA DAMANSARA,MRT,16,0,0,0,2,0,0,5,57.62,3
KG27,TAMAN SUNTEX,MRT,22,0,1,0,0,0,0,10,53.14,3
KJ21,ASIA JAYA,KJ,17,1,0,0,1,0,0,9,34.14,3
AG1,SENTUL TIMUR,AG,17,0,0,0,2,0,0,5,60.44,4
BRT1,SUNWAY-SETIA JAYA,BRT,3,1,0,0,0,0,0,13,30.74,2
KJ25,LEMBAH SUBANG,KJ,1,0,0,0,0,0,0,13,49.2,3
PY40,CYBERJAYA CITY CENTRE,PYL,18,1,1,0,1,0,0,7,34.23,3
PY06,SRI DAMANSARA BARAT,PYL,21,1,0,0,1,0,0,9,41.37,3
BRT7,USJ7,BRT,23,0,0,0,0,1,0,16,52.48,3
KJ27,CGC GLENMARIE,KJ,2,1,1,0,0,0,0,13,33.81,3
AG13,MALURI,AG,15,0,0,0,0,1,0,12,55.5,3
PY08,SRI DAMANSARA TIMUR,PYL,17,0,0,0,3,0,0,4,69.74,4
PY41,PUTRAJAYA SENTRAL,PYL,19,1,0,0,1,0,0,8,35.64,3
SP19,AWAN BESAR,PH,14,0,0,0,0,0,0,7,31.79,2
KG16,PASAR SENI,MRT,1,0,0,0,0,4,0,16,78.61,4
PY13,KAMPUNG BATU,PYL,15,0,1,0,0,0,0,10,48.55,3
MR8,BUKIT NANAS,MR,15,1,1,0,1,0,0,12,45.56,3
PY11,JINJANG,PYL,3,0,0,0,0,0,0,14,43.32,3
SP13,SALAK SELATAN,PH,21,0,1,0,0,0,0,16,59.1,4
PY11,JINJANG,PYL,14,0,0,0,0,0,0,7,28.43,2
AG8,PLAZA RAKYAT,AG,19,1,0,0,1,1,0,11,44.79,3
AG7,MASJID JAMEK,AG,16,1,1,0,1,4,1,12,83.2,5
KG15,MUZIUM NEGARA,MRT,5,0,0,0,0,0,0,15,54.76,3
KJ20,TAMAN JAYA,KJ,3,0,1,0,0,0,0,18,56.12,3
SP2,SENTUL,PH,16,0,1,0,2,0,0,5,50.78,3
AG18,AMPANG,AG,22,0,0,0,0,0,0,15,54.22,3
MR8,BUKIT NANAS,MR,2,1,0,0,0,0,1,13,35.48,3
SP13,SALAK SELATAN,PH,3,1,0,0,0,0,0,12,39.58,3
AG1,SENTUL TIMUR,AG,16,1,1,0,1,0,0,7,38.55,3
AG8,PLAZA RAKYAT,AG,18,0,0,0,3,1,0,5,71.72,4
SP27,BANDAR PUTERI,PH,1,0,0,0,0,0,0,13,46.97,3
MR6,BUKIT BINTANG,MR,2,1,0,0,0,3,0,18,55.72,3
PY22,CONLAY,PYL,18,1,1,0,1,0,0,10,39.81,3
KG33,SUNGAI JERNIH,MRT,3,0,0,0,0,0,0,16,54.41,3
MR7,RAJA CHULAN,MR,2,0,0,0,0,0,0,11,34.9,3
AG8,PLAZA RAKYAT,AG,0,0,1,0,0,1,0,13,62.1,4
KJ1,GOMBAK,KJ,15,0,1,0,0,0,0,7,37.36,3
SP9,HANG TUAH,PH,13,0,0,0,0,4,0,12,57.99,3
PY18,HOSPITAL KUALA LUMPUR,PYL,15,1,0,0,1,0,0,9,41.43,3
AG14,PANDAN JAYA,AG,20,1,1,0,1,0,0,9,40.29,3
KJ23,TAMAN BAHAGIA,KJ,5,0,0,0,0,0,0,14,52.54,3
KG30,BATU 11 CHERAS,MRT,5,1,0,0,0,0,0,12,32.32,3
MR10,CHOW KIT,MR,1,0,0,0,0,0,0,14,44.69,3
KG24,TAMAN MIDAH,MRT,19,0,0,0,2,0,0,4,55.72,3
KG33,SUNGAI JERNIH,MRT,18,0,0,0,3,0,0,3,62.55,4
KG29,BANDAR TUN HUSSEIN ONN,MRT,0,0,0,0,0,0,0,15,47.81,3
KG06,KOTA DAMANSARA,MRT,2,1,0,0,0,0,0,11,36.22,3
PY07,SRI DAMANSARA SENTRAL,PYL,4,0,1,0,0,0,1,11,62.61,4
MR2,TUN SAMBANTHAN,MR,0,1,0,0,0,0,0,11,16.37,2
PY36,TAMAN EQUINE,PYL,5,0,0,0,0,0,0,10,45.87,3
SP2,SENTUL,PH,23,0,1,0,0,0,0,11,41.28,3
SP9,HANG TUAH,PH,3,0,0,0,0,4,0,16,69.82,4
AG14,PANDAN JAYA,AG,5,0,0,0,0,0,0,12,43.22,3
PY04,SUNGAI BULOH,PYL,13,1,1,0,1,0,0,8,35.24,3
KJ34,USJ 21,KJ,13,0,1,0,0,0,0,9,50.05,3
SP14,BANDAR TUN RAZAK,PH,18,1,0,0,1,0,0,10,29.39,2
SP21,ALAM SUTERA,PH,13,0,0,0,0,0,0,11,39.91,3
KJ25,LEMBAH SUBANG,KJ,16,1,1,0,1,0,0,9,50.35,3
PY39,CYBERJAYA UTARA,PYL,17,1,0,0,1,0,0,11,30.86,2
PY20,AMPANG PARK,PYL,1,0,1,0,0,0,0,12,44.56,3
KG17,MERDEKA,MRT,1,0,0,0,0,1,0,14,62.12,4
BRT6,SOUTH QUAY-USJ 1,BRT,15,0,0,0,0,0,0,9,29.25,2
KG29,BANDAR TUN HUSSEIN ONN,MRT,2,0,0,0,0,0,0,16,45.69,3
PY06,SRI DAMANSARA BARAT,PYL,13,0,0,0,0,0,0,8,41.95,3
PY41,PUTRAJAYA SENTRAL,PYL,21,0,0,0,0,0,0,11,42.01,3
SP16,SUNGAI BESI,PH,23,0,0,0,0,1,0,13,46.78,3
KJ7,DATO' KERAMAT,KJ,15,0,0,0,0,0,0,10,39.59,3
SP21,ALAM SUTERA,PH,16,0,1,0,1,0,0,9,56.4,3
MR7,RAJA CHULAN,MR,13,0,1,0,0,0,0,12,48.34,3
KJ8,DAMAI,KJ,2,0,0,0,0,0,0,11,41.57,3
AG12,MIHARJA,AG,0,1,0,0,0,0,0,15,37.54,3
SP20,MUHIBBAH,PH,5,0,0,0,0,0,0,15,47.14,3
SP20,MUHIBBAH,PH,18,0,0,0,2,0,0,5,53.75,3
KJ23,TAMAN BAHAGIA,KJ,13,0,0,0,0,0,0,10,45.6,3
AG8,PLAZA RAKYAT,AG,2,0,0,0,0,1,0,15,56.21,3
PY37,PUTRA PERMAI,PYL,16,0,1,0,1,0,0,7,43.75,3
PY32,SERDANG RAYA SELATAN,PYL,14,0,0,0,0,0,0,10,39.55,3
SP28,PUCHONG PERDANA,PH,4,0,0,0,0,0,0,14,42.15,3
KJ3,WANGSA MAJU,KJ,5,0,0,0,0,2,0,15,55.58,3
AG16,CEMPAKA,AG,23,1,1,0,0,0,1,14,55.24,3
KJ13,MASJID JAMEK,KJ,3,0,0,0,0,4,0,17,80.8,4
SP3,TITIWANGSA,PH,16,1,1,0,1,4,1,11,78.16,4
KJ2,TAMAN MELATI,KJ,1,1,0,0,0,0,0,10,19.22,2
PY37,PUTRA PERMAI,PYL,19,0,1,0,2,0,0,5,49.88,3
BRT4,SUNMED,BRT,15,0,0,0,0,0,0,13,45.27,3
KJ5,SETIAWANGSA,KJ,14,0,0,0,0,0,0,8,39.66,3
MR3,MAHARAJALELA,MR,20,0,1,0,0,0,0,11,39.98,3
MR8,BUKIT NANAS,MR,13,0,0,0,0,0,0,10,33.46,3
PY33,SERDANG JAYA,PYL,3,0,0,0,0,0,0,13,49.83,3
KG06,KOTA DAMANSARA,MRT,3,0,0,0,0,0,0,13,43.2,3
MR1,KL SENTRAL,MR,2,0,1,0,0,4,0,14,80.26,4
PY41,PUTRAJAYA SENTRAL,PYL,1,1,0,0,0,0,0,11,33.75,3
KJ21,ASIA JAYA,KJ,22,0,0,0,0,0,0,18,54.42,3
PY41,PUTRAJAYA SENTRAL,PYL,23,0,0,0,0,0,0,11,46.18,3
KJ27,CGC GLENMARIE,KJ,15,1,0,0,1,0,0,10,27.85,2
KJ21,ASIA JAYA,KJ,15,1,0,0,1,0,0,7,31.02,2
KG12,PHILEO DAMANSARA,MRT,23,0,0,0,0,0,0,11,42.44,3
KJ37,PUTRA HEIGHTS,KJ,21,0,0,0,0,1,0,13,50.99,3
SP20,MUHIBBAH,PH,15,0,0,0,0,0,1,9,50.38,3
KJ19,UNIVERSITI,KJ,19,1,0,0,1,0,0,10,28.04,2
MR9,MEDAN TUANKU,MR,23,0,1,0,0,0,0,10,44.18,3
KG12,PHILEO DAMANSARA,MRT,13,1,0,0,1,0,0,9,34.8,3
PY31,SERDANG RAYA UTARA,PYL,4,1,1,0,0,0,0,16,39.64,3
SP22,KINRARA,PH,14,0,0,0,0,0,0,10,42.87,3
AG10,PUDU,AG,17,1,0,0,1,0,0,10,32.07,3
SP17,BUKIT JALIL,PH,0,0,0,0,0,2,0,13,51.69,3
AG17,CAHAYA,AG,14,0,0,0,0,0,0,11,44.27,3
PY40,CYBERJAYA CITY CENTRE,PYL,0,0,1,0,0,0,0,15,55.56,3
KJ15,KL SENTRAL - REDONE,KJ,22,0,1,0,0,4,0,13,79.04,4
KG13,PUSAT BANDAR DAMANSARA,MRT,5,0,0,0,0,0,0,12,46.1,3
KG18A,BUKIT BINTANG,MRT,17,1,0,0,1,3,2,9,87.86,5
PY05,DAMANSARA DAMAI,PYL,23,0,0,0,0,0,0,15,54.15,3
KJ37,PUTRA HEIGHTS,KJ,18,0,0,0,2,1,0,6,66.64,4
KJ27,CGC GLENMARIE,KJ,12,1,0,0,1,0,0,9,29.98,2
KJ21,ASIA JAYA,KJ,20,0,1,0,0,0,0,12,47.84,3
KJ11,KAMPUNG BARU - CBP COOPBANK PERTAMA,KJ,15,1,0,0,1,0,1,8,44.71,3
KJ26,ARA DAMANSARA,KJ,13,0,0,0,0,0,0,8,34.3,3
PY18,HOSPITAL KUALA LUMPUR,PYL,0,0,1,0,0,0,0,14,62.67,4
AG17,CAHAYA,AG,17,0,0,0,2,0,0,5,55.89,3
KJ5,SETIAWANGSA,KJ,15,1,0,0,1,0,0,8,26.12,2
KG15,MUZIUM NEGARA,MRT,19,0,0,0,2,0,0,4,51.5,3
AG10,PUDU,AG,0,1,1,0,0,0,0,13,30.29,2
BRT4,SUNMED,BRT,23,0,0,0,0,0,0,10,37.48,3
KJ32,TAIPAN,KJ,16,1,0,0,1,0,0,8,36.4,3
MR10,CHOW KIT,MR,18,0,0,0,2,0,0,6,52.0,3
AG10,PUDU,AG,13,0,0,0,0,0,0,9,30.07,2
SP21,ALAM SUTERA,PH,22,1,0,0,0,0,0,10,30.72,2
KJ34,USJ 21,KJ,14,1,1,0,1,0,0,10,45.35,3
MR5,IMBI,MR,2,0,0,0,0,0,1,11,45.29,3
KG27,TAMAN SUNTEX,MRT,20,1,1,0,1,0,0,8,46.45,3
SP18,SRI PETALING,PH,4,0,1,0,0,0,0,13,51.78,3
KG21,COCHRANE,MRT,2,1,0,0,0,0,0,11,32.46,3
SP1,SENTUL TIMUR,PH,13,0,1,0,0,0,1,10,47.73,3
AG18,AMPANG,AG,1,1,0,0,0,0,0,11,32.53,3
BRT6,SOUTH QUAY-USJ 1,BRT,3,0,0,0,0,0,0,13,35.03,3
BRT6,SOUTH QUAY-USJ 1,BRT,19,1,0,0,1,0,0,13,32.1,3
SP1,SENTUL TIMUR,PH,20,0,0,0,0,0,0,15,47.81,3
SP29,PUCHONG PRIMA,PH,20,0,0,0,0,0,0,17,56.04,3
PY41,PUTRAJAYA SENTRAL,PYL,3,0,0,0,0,0,0,10,41.95,3
KG05,KWASA SENTRAL,MRT,18,0,0,0,2,0,0,4,55.14,3
PY14,KENTOMEN,PYL,3,0,0,0,0,0,1,10,54.39,3
KJ30,SS 18,KJ,12,0,1,0,0,0,0,9,46.85,3
MR5,IMBI,MR,5,0,1,0,0,0,0,12,46.06,3
KG29,BANDAR TUN HUSSEIN ONN,MRT,18,0,0,0,2,0,0,4,47.1,3
KG13,PUSAT BANDAR DAMANSARA,MRT,1,0,0,0,0,0,0,13,43.51,3
PY18,HOSPITAL KUALA LUMPUR,PYL,2,1,0,0,0,0,0,16,40.32,3
KG16,PASAR SENI,MRT,20,0,1,0,0,4,1,11,79.22,4
SP18,SRI PETALING,PH,1,1,0,0,0,0,0,12,26.29,2
SP4,PWTC,PH,15,0,1,0,0,0,0,7,38.56,3
PY08,SRI DAMANSARA TIMUR,PYL,12,0,0,0,0,0,0,10,47.87,3
SP18,SRI PETALING,PH,4,1,0,0,0,0,0,12,28.63,2
KJ7,DATO' KERAMAT,KJ,4,1,1,0,0,0,0,11,36.09,3
MR7,RAJA CHULAN,MR,13,0,1,0,0,0,0,8,37.39,3
PY10,KEPONG BARU,PYL,1,0,0,0,0,0,0,14,39.55,3
AG13,MALURI,AG,5,0,0,0,0,1,0,18,59.06,4
PY12,SRI DELIMA,PYL,3,0,0,0,0,0,1,12,52.84,3
PY11,JINJANG,PYL,15,0,1,0,0,0,0,11,41.44,3
PY01,KWASA DAMANSARA,PYL,13,0,0,0,0,1,0,9,48.94,3
MR1,KL SENTRAL,MR,23,1,0,0,0,4,0,12,57.57,3
PY16,SENTUL BARAT,PYL,13,1,1,0,1,0,0,8,45.9,3
AG4,PWTC,AG,19,1,1,0,1,0,0,10,32.59,3
SP28,PUCHONG PERDANA,PH,5,0,1,0,0,0,0,18,61.28,4
PY11,JINJANG,PYL,18,0,0,0,2,0,0,6,54.19,3
SP26,TAMAN PERINDUSTRIAN PUCHONG,PH,18,1,1,0,1,0,0,12,45.97,3
SP5,SULTAN ISMAIL,PH,20,1,0,0,1,0,1,11,49.32,3
KG15,MUZIUM NEGARA,MRT,5,0,0,0,0,0,0,12,50.01,3
BRT5,SunU-Monash,BRT,13,0,1,0,0,0,0,11,51.49,3
SP17,BUKIT JALIL,PH,20,0,0,0,0,2,0,14,58.69,4
KG28,SRI RAYA,MRT,13,0,1,0,0,0,0,9,52.67,3
PY17,TITIWANGSA,PYL,20,0,0,0,0,4,2,14,97.06,5
PY05,DAMANSARA DAMAI,PYL,23,0,0,0,0,0,0,12,47.84,3
KJ6,JELATEK,KJ,20,0,0,0,0,0,0,14,42.67,3
PY11,JINJANG,PYL,12,0,0,0,0,0,0,7,27.13,2
KJ5,SETIAWANGSA,KJ,0,1,1,0,0,0,0,18,47.91,3
KJ26,ARA DAMANSARA,KJ,0,0,0,0,0,0,1,16,58.38,4
MR4,HANG TUAH,MR,18,0,1,0,2,4,1,6,90.0,5
KJ29,SS 15,KJ,23,1,0,0,0,2,0,10,33.19,3
MR9,MEDAN TUANKU,MR,21,1,0,0,1,0,0,10,38.57,3
KJ37,PUTRA HEIGHTS,KJ,17,1,0,0,1,1,0,10,46.96,3
PY13,KAMPUNG BATU,PYL,19,0,0,0,2,0,0,5,55.02,3
SP28,PUCHONG PERDANA,PH,1,0,0,0,0,0,0,14,47.0,3
MR8,BUKIT NANAS,MR,16,1,0,0,1,0,0,11,38.31,3
PY18,HOSPITAL KUALA LUMPUR,PYL,21,0,0,0,0,0,0,12,47.8,3
MR8,BUKIT NANAS,MR,15,1,1,0,1,0,0,11,41.4,3
MR7,RAJA CHULAN,MR,22,0,0,0,0,0,0,16,51.89,3
KJ13,MASJID JAMEK,KJ,20,0,0,0,0,4,1,18,93.69,5
BRT4,SUNMED,BRT,16,0,0,0,2,0,0,9,59.78,4
KJ26,ARA DAMANSARA,KJ,15,1,0,0,1,0,0,8,23.43,2
KJ18,KERINCHI,KJ,4,0,1,0,0,0,0,18,59.83,4
PY22,CONLAY,PYL,4,0,1,0,0,0,0,12,44.77,3
KJ37,PUTRA HEIGHTS,KJ,12,1,0,0,1,1,1,10,52.92,3
MR10,CHOW KIT,MR,20,0,0,0,0,0,0,10,35.68,3
MR8,BUKIT NANAS,MR,13,0,0,0,0,0,0,11,38.56,3
PY37,PUTRA PERMAI,PYL,18,1,0,0,1,0,0,10,32.79,3
AG15,PANDAN INDAH,AG,17,0,0,0,2,0,0,6,51.3,3
PY10,KEPONG BARU,PYL,0,1,0,0,0,0,0,15,29.62,2
PY16,SENTUL BARAT,PYL,16,1,0,0,1,0,0,10,38.59,3
KJ14,PASAR SENI,KJ,4,0,0,0,0,4,0,10,71.71,4
KG21,COCHRANE,MRT,14,1,1,0,1,0,0,8,35.94,3
PY14,KENTOMEN,PYL,3,0,0,0,0,0,0,12,46.53,3
PY20,AMPANG PARK,PYL,2,0,1,0,0,0,0,11,44.15,3
KG12,PHILEO DAMANSARA,MRT,23,0,0,0,0,0,0,12,45.14,3
KJ5,SETIAWANGSA,KJ,15,0,1,0,0,0,0,7,38.75,3
KJ23,TAMAN BAHAGIA,KJ,0,0,1,0,0,0,0,11,46.46,3
SP22,KINRARA,PH,19,0,0,1,2,0,0,4,65.64,4
KJ17,ABDULLAH HUKUM,KJ,13,0,0,0,0,3,0,7,43.61,3
KJ16,BANK RAKYAT BANGSAR,KJ,2,0,0,0,0,0,0,17,53.49,3
KG30,BATU 11 CHERAS,MRT,22,1,0,0,0,0,0,14,36.41,3
BRT5,SunU-Monash,BRT,12,0,0,0,0,0,0,11,42.29,3
KG27,TAMAN SUNTEX,MRT,12,0,0,0,0,0,0,7,35.84,3
KG30,BATU 11 CHERAS,MRT,12,1,0,0,1,0,0,9,32.88,3
KJ1,GOMBAK,KJ,5,1,1,0,0,0,0,14,30.98,2
MR7,RAJA CHULAN,MR,17,0,0,0,3,0,1,5,67.81,4
AG1,SENTUL TIMUR,AG,23,1,0,0,0,0,0,16,37.28,3
AG12,MIHARJA,AG,13,0,1,0,0,0,0,7,35.34,3
PY22,CONLAY,PYL,21,0,0,0,0,0,0,15,48.65,3
PY39,CYBERJAYA UTARA,PYL,21,0,0,0,0,0,0,12,42.43,3
KJ17,ABDULLAH HUKUM,KJ,15,1,0,0,1,3,2,8,66.78,4
KJ13,MASJID JAMEK,KJ,20,1,0,0,1,4,1,9,72.77,4
SP1,SENTUL TIMUR,PH,5,0,0,0,0,0,0,13,42.32,3
KG10,TAMAN TUN DR ISMAIL,MRT,19,0,0,0,0,0,0,9,37.13,3
PY13,KAMPUNG BATU,PYL,13,0,0,0,0,0,0,10,39.05,3
PY11,JINJANG,PYL,4,0,1,0,0,0,0,10,42.51,3
PY12,SRI DELIMA,PYL,16,0,0,0,2,0,1,5,57.57,3
KG31,BUKIT DUKUNG,MRT,12,0,0,0,0,0,0,8,34.94,3
SP5,SULTAN ISMAIL,PH,15,1,0,0,1,0,0,7,33.73,3
KJ37,PUTRA HEIGHTS,KJ,4,1,0,0,0,1,0,11,40.95,3
PY09,METRO PRIMA,PYL,0,0,0,0,0,0,0,10,49.33,3
KJ21,ASIA JAYA,KJ,23,0,0,0,0,0,0,12,39.77,3
KJ35,ALAM MEGAH,KJ,20,0,1,0,0,0,0,18,53.45,3
MR5,IMBI,MR,0,1,0,0,0,0,0,18,36.29,3
KG16,PASAR SENI,MRT,18,0,0,0,2,4,1,4,99.31,5
AG4,PWTC,AG,17,0,0,0,2,0,0,4,39.35,3
SP18,SRI PETALING,PH,4,0,0,0,0,0,0,14,41.08,3
KJ35,ALAM MEGAH,KJ,22,0,0,0,0,0,0,17,50.6,3
PY04,SUNGAI BULOH,PYL,2,0,0,0,0,0,0,16,49.86,3
KJ17,ABDULLAH HUKUM,KJ,5,0,0,0,0,3,0,11,57.04,3
KG22,MALURI,MRT,3,0,1,0,0,1,0,13,60.97,4
PY09,METRO PRIMA,PYL,20,1,1,0,1,0,1,11,54.46,3
SP22,KINRARA,PH,23,0,1,0,0,0,0,14,61.7,4
AG3,TITIWANGSA,AG,1,1,0,0,0,4,0,18,60.66,4
KJ24,KELANA JAYA,KJ,20,0,0,0,0,0,0,11,47.68,3
PY10,KEPONG BARU,PYL,12,0,1,0,0,0,0,7,40.57,3
KJ18,KERINCHI,KJ,17,0,0,0,2,0,0,4,43.14,3
KJ21,ASIA JAYA,KJ,17,1,0,0,1,0,0,10,37.31,3
SP28,PUCHONG PERDANA,PH,4,0,0,0,0,0,0,10,35.2,3
PY32,SERDANG RAYA SELATAN,PYL,14,1,0,0,1,0,0,9,32.52,3
KJ6,JELATEK,KJ,13,0,0,0,0,0,0,10,35.11,3
KJ22,TAMAN PARAMOUNT,KJ,19,0,0,1,2,0,0,4,58.07,4
PY34,UPM,PYL,14,0,1,0,0,0,0,11,48.87,3
SP10,PUDU,PH,18,0,0,0,3,0,0,5,67.65,4
SP21,ALAM SUTERA,PH,23,0,0,0,0,0,0,16,56.62,3
PY41,PUTRAJAYA SENTRAL,PYL,15,0,0,0,0,0,1,11,49.09,3
SP21,ALAM SUTERA,PH,18,1,0,0,1,0,0,10,41.43,3
AG16,CEMPAKA,AG,21,0,0,0,0,0,0,13,47.82,3
PY05,DAMANSARA DAMAI,PYL,19,0,0,0,0,0,0,11,46.7,3
KJ3,WANGSA MAJU,KJ,23,0,0,0,0,2,0,18,64.05,4
AG11,CHAN SOW LIN,AG,18,0,0,0,2,1,0,6,61.64,4
SP4,PWTC,PH,17,0,0,0,2,0,0,7,57.12,3
SP12,CHERAS,PH,18,1,0,0,1,0,0,9,35.28,3
KG13,PUSAT BANDAR DAMANSARA,MRT,0,0,0,0,0,0,1,14,51.88,3
SP10,PUDU,PH,12,1,1,0,1,0,0,7,38.31,3
SP17,BUKIT JALIL,PH,2,0,0,0,0,2,0,17,58.89,4
PY37,PUTRA PERMAI,PYL,21,0,0,0,0,0,0,12,40.86,3
MR6,BUKIT BINTANG,MR,14,0,1,0,0,3,0,12,68.96,4
KJ32,TAIPAN,KJ,2,1,0,0,0,0,0,12,34.12,3
KG26,TAMAN CONNAUGHT,MRT,21,0,1,0,0,0,0,11,56.59,3
KJ6,JELATEK,KJ,14,0,0,0,0,0,0,8,34.55,3
SP12,CHERAS,PH,16,1,0,0,1,0,0,7,30.39,2
KG17,MERDEKA,MRT,2,0,0,0,0,1,0,12,56.22,3
PY09,METRO PRIMA,PYL,18,0,1,0,3,0,0,5,80.79,4
KG04,KWASA DAMANSARA,MRT,18,0,0,0,2,1,0,4,64.71,4
PY23,TUN RAZAK EXCHANGE,PYL,16,0,0,0,2,4,1,4,93.31,5
KJ11,KAMPUNG BARU - CBP COOPBANK PERTAMA,KJ,2,0,0,0,0,0,0,12,40.37,3
SP26,TAMAN PERINDUSTRIAN PUCHONG,PH,5,1,0,0,0,0,1,12,40.24,3
KG27,TAMAN SUNTEX,MRT,21,0,0,0,0,0,0,12,53.8,3
KG04,KWASA DAMANSARA,MRT,16,0,0,0,2,1,0,6,67.54,4
PY14,KENTOMEN,PYL,3,1,0,0,0,0,0,15,42.07,3
PY13,KAMPUNG BATU,PYL,15,1,1,0,1,0,0,9,41.15,3
KG31,BUKIT DUKUNG,MRT,4,0,0,0,0,0,0,15,52.63,3
PY33,SERDANG JAYA,PYL,17,0,0,0,2,0,0,4,54.06,3
SP13,SALAK SELATAN,PH,21,1,0,0,1,0,0,9,33.37,3
KG13,PUSAT BANDAR DAMANSARA,MRT,4,0,0,0,0,0,0,12,44.82,3
SP1,SENTUL TIMUR,PH,15,0,0,0,0,0,0,12,37.05,3
PY33,SERDANG JAYA,PYL,19,0,0,0,2,0,0,4,51.4,3
MR10,CHOW KIT,MR,21,0,0,0,0,0,0,16,49.46,3
KJ5,SETIAWANGSA,KJ,15,0,1,0,0,0,0,10,45.21,3
BRT2,MENTARI,BRT,19,0,1,0,2,0,0,7,60.52,4
BRT5,SunU-Monash,BRT,23,0,0,0,0,0,0,13,48.23,3
MR9,MEDAN TUANKU,MR,20,1,1,0,1,0,0,10,39.3,3
SP14,BANDAR TUN RAZAK,PH,4,0,0,0,0,0,0,14,35.4,3
PY19,RAJA UDA,PYL,18,1,0,0,1,0,0,8,22.13,2
PY21,PERSIARAN KLCC,PYL,13,1,0,0,1,3,2,9,75.92,4
KG22,MALURI,MRT,16,0,0,0,2,1,0,5,61.08,4
PY33,SERDANG JAYA,PYL,5,1,1,0,0,0,0,11,42.89,3
PY09,METRO PRIMA,PYL,18,0,0,0,2,0,0,5,62.52,4
KJ9,AMPANG PARK,KJ,1,1,0,0,0,0,0,12,38.38,3
KG20,TUN RAZAK EXCHANGE,MRT,4,1,0,0,0,4,0,12,56.97,3
SP7,MASJID JAMEK,PH,16,1,0,0,1,4,1,10,81.31,4
PY12,SRI DELIMA,PYL,3,0,1,0,0,0,0,12,52.92,3
MR11,TITIWANGSA,MR,18,0,0,0,2,4,1,6,96.23,5
PY15,JALAN IPOH,PYL,21,1,1,0,1,0,0,7,38.56,3
BRT1,SUNWAY-SETIA JAYA,BRT,12,0,0,0,0,0,0,11,37.98,3
AG8,PLAZA RAKYAT,AG,14,1,0,0,1,1,0,11,45.48,3
KJ37,PUTRA HEIGHTS,KJ,13,0,1,0,0,1,0,7,47.08,3
PY09,METRO PRIMA,PYL,22,0,1,0,0,0,0,10,51.83,3
PY18,HOSPITAL KUALA LUMPUR,PYL,18,1,1,0,1,0,0,8,46.82,3
AG11,CHAN SOW LIN,AG,5,0,0,0,0,1,0,11,50.09,3
KJ28,SUBANG JAYA,KJ,16,0,0,0,1,0,0,9,45.44,3
AG18,AMPANG,AG,4,0,0,0,0,0,0,18,62.54,4
AG8,PLAZA RAKYAT,AG,20,0,0,0,0,1,0,10,44.22,3
PY17,TITIWANGSA,PYL,20,0,1,0,0,4,1,14,87.74,5
SP9,HANG TUAH,PH,1,0,1,0,0,4,0,14,68.72,4
BRT6,SOUTH QUAY-USJ 1,BRT,17,0,1,0,2,0,0,9,58.04,4
KG21,COCHRANE,MRT,1,1,0,0,0,0,0,11,27.08,2
AG5,SULTAN ISMAIL,AG,22,0,1,0,0,0,0,18,57.79,3
PY11,JINJANG,PYL,5,1,0,0,0,0,0,11,32.15,3
KG07,SURIAN,MRT,12,0,1,0,0,0,0,9,44.32,3
SP21,ALAM SUTERA,PH,23,1,0,0,0,0,0,16,38.9,3
KJ26,ARA DAMANSARA,KJ,13,1,0,0,1,0,0,8,24.17,2
SP29,PUCHONG PRIMA,PH,2,1,0,0,0,0,0,13,29.53,2
KG09,BANDAR UTAMA,MRT,14,0,1,0,0,3,0,8,67.43,4
KJ12,DANG WANGI,KJ,0,1,0,0,0,0,0,14,32.13,3
KG34,STADIUM KAJANG,MRT,13,1,1,0,1,2,1,9,70.46,4
AG15,PANDAN INDAH,AG,19,0,0,0,2,0,0,5,50.03,3
KG07,SURIAN,MRT,23,0,0,0,0,0,0,16,53.77,3
KG21,COCHRANE,MRT,20,1,0,0,1,0,0,7,24.13,2
PY20,AMPANG PARK,PYL,2,0,0,0,0,0,0,14,43.81,3
MR1,KL SENTRAL,MR,23,0,0,0,0,4,0,14,77.34,4
KJ33,WAWASAN,KJ,20,0,0,0,0,0,0,17,60.82,4
KJ13,MASJID JAMEK,KJ,23,0,1,0,0,4,0,15,78.21,4
KG17,MERDEKA,MRT,20,0,0,0,0,1,0,10,51.03,3
KG21,COCHRANE,MRT,19,0,1,0,2,0,0,6,63.17,4
PY06,SRI DAMANSARA BARAT,PYL,0,0,0,0,0,0,0,10,44.97,3
KJ7,DATO' KERAMAT,KJ,13,1,1,0,1,0,0,7,33.94,3
PY24,CHAN SOW LIN,PYL,5,0,0,1,0,1,0,14,70.35,4
SP26,TAMAN PERINDUSTRIAN PUCHONG,PH,5,0,0,0,0,0,0,13,45.7,3
PY28,TAMAN NAGA EMAS,PYL,12,0,0,0,0,0,0,8,29.48,2
KJ11,KAMPUNG BARU - CBP COOPBANK PERTAMA,KJ,14,0,0,1,0,0,0,7,35.46,3
SP17,BUKIT JALIL,PH,22,0,0,0,0,2,0,14,57.37,3
SP26,TAMAN PERINDUSTRIAN PUCHONG,PH,5,1,1,0,0,0,0,15,41.24,3
KJ4,SRI RAMPAI,KJ,21,0,1,0,0,0,0,13,53.14,3
PY07,SRI DAMANSARA SENTRAL,PYL,0,0,0,0,0,0,0,10,38.58,3
MR10,CHOW KIT,MR,4,0,0,0,0,0,0,11,40.93,3
SP29,PUCHONG PRIMA,PH,18,0,0,0,2,0,0,4,49.81,3
KJ21,ASIA JAYA,KJ,12,1,0,0,1,0,0,10,35.64,3
KJ1,GOMBAK,KJ,2,1,0,0,0,0,0,11,22.81,2
KJ1,GOMBAK,KJ,22,0,0,0,0,0,0,18,48.55,3
MR6,BUKIT BINTANG,MR,16,0,1,0,1,3,0,8,74.5,4
SP12,CHERAS,PH,16,1,0,0,1,0,0,12,46.08,3
PY27,KUCHAI,PYL,18,0,0,0,3,0,0,5,74.03,4
SP5,SULTAN ISMAIL,PH,23,1,0,0,0,0,0,15,40.5,3
SP11,CHAN SOW LIN,PH,2,0,0,0,0,1,0,11,55.63,3
KG31,BUKIT DUKUNG,MRT,5,1,0,0,0,0,0,11,26.04,2
PY04,SUNGAI BULOH,PYL,17,0,1,0,3,0,0,5,67.52,4
PY31,SERDANG RAYA UTARA,PYL,16,0,1,0,1,0,0,7,50.64,3
AG16,CEMPAKA,AG,13,0,0,0,0,0,0,11,42.23,3
PY33,SERDANG JAYA,PYL,5,0,0,0,0,0,0,16,54.55,3
KG20,TUN RAZAK EXCHANGE,MRT,12,1,1,0,1,4,1,8,70.3,4
PY10,KEPONG BARU,PYL,13,0,0,0,0,0,0,8,33.42,3
SP8,PLAZA RAKYAT,PH,0,0,0,0,0,1,0,13,63.99,4
PY39,CYBERJAYA UTARA,PYL,1,0,1,0,0,0,0,11,47.42,3
KG15,MUZIUM NEGARA,MRT,4,0,1,0,0,0,0,15,53.07,3
KG28,SRI RAYA,MRT,22,0,1,0,0,0,0,14,64.38,4
SP14,BANDAR TUN RAZAK,PH,4,0,0,0,0,0,0,12,31.27,2
KJ21,ASIA JAYA,KJ,23,0,0,0,0,0,0,16,50.3,3
KG12,PHILEO DAMANSARA,MRT,2,0,1,0,0,0,0,15,51.13,3
KG26,TAMAN CONNAUGHT,MRT,4,0,0,1,0,0,0,14,61.78,4
BRT3,SUNWAY LAGOON,BRT,15,1,0,0,1,0,0,10,34.68,3
BRT4,SUNMED,BRT,3,0,0,0,0,0,1,15,51.83,3
KJ30,SS 18,KJ,0,0,1,0,0,0,0,10,50.39,3
KG08,MUTIARA DAMANSARA,MRT,13,1,0,0,1,0,1,7,48.89,3
KG27,TAMAN SUNTEX,MRT,15,1,1,0,1,0,0,10,45.06,3
AG11,CHAN SOW LIN,AG,2,0,0,0,0,1,0,11,48.2,3
AG17,CAHAYA,AG,18,1,0,0,1,0,0,12,42.58,3
KG09,BANDAR UTAMA,MRT,14,0,0,0,0,3,0,9,62.36,4
KJ29,SS 15,KJ,22,0,0,0,0,2,0,12,52.68,3
KJ13,MASJID JAMEK,KJ,0,0,0,0,0,4,0,10,64.74,4
KJ13,MASJID JAMEK,KJ,23,0,0,0,0,4,0,15,70.34,4
SP18,SRI PETALING,PH,3,0,0,0,0,0,0,16,44.31,3
SP8,PLAZA RAKYAT,PH,21,0,1,0,0,1,0,15,69.07,4
KJ37,PUTRA HEIGHTS,KJ,12,1,1,0,1,1,0,10,47.95,3
PY20,AMPANG PARK,PYL,15,0,0,0,0,0,0,10,41.49,3
PY18,HOSPITAL KUALA LUMPUR,PYL,4,1,0,0,0,0,0,10,31.65,2
AG17,CAHAYA,AG,5,0,1,0,0,0,0,15,54.94,3
MR7,RAJA CHULAN,MR,1,0,0,0,0,0,0,17,49.76,3
AG11,CHAN SOW LIN,AG,15,1,0,0,1,1,0,10,45.3,3
PY09,METRO PRIMA,PYL,5,0,0,0,0,0,0,12,51.54,3
KJ36,SUBANG ALAM,KJ,4,0,0,0,0,0,1,11,43.39,3
KJ31,USJ 7,KJ,21,0,0,0,0,1,0,16,61.99,4
PY06,SRI DAMANSARA BARAT,PYL,23,1,0,0,0,0,0,15,39.42,3
KJ13,MASJID JAMEK,KJ,22,0,1,0,0,4,0,14,83.89,5
KJ34,USJ 21,KJ,19,0,1,0,2,0,0,6,63.19,4
PY18,HOSPITAL KUALA LUMPUR,PYL,15,0,1,0,0,0,0,11,58.24,4
SP8,PLAZA RAKYAT,PH,2,0,0,0,0,1,0,11,52.65,3
KG08,MUTIARA DAMANSARA,MRT,14,0,0,0,0,0,0,10,45.98,3
PY18,HOSPITAL KUALA LUMPUR,PYL,13,1,0,0,1,0,0,8,33.78,3
AG6,BANDARAYA - UOB,AG,15,0,1,0,0,0,0,9,35.09,3
AG5,SULTAN ISMAIL,AG,5,0,0,0,0,0,0,15,38.46,3
KJ23,TAMAN BAHAGIA,KJ,17,0,0,0,2,0,0,4,53.76,3
SP16,SUNGAI BESI,PH,0,0,0,0,0,1,0,12,51.42,3
PY37,PUTRA PERMAI,PYL,15,1,0,0,1,0,0,7,23.82,2
AG11,CHAN SOW LIN,AG,2,0,1,0,0,1,1,11,61.3,4
KG05,KWASA SENTRAL,MRT,15,1,1,0,1,0,0,10,45.41,3
AG17,CAHAYA,AG,5,1,0,0,0,0,0,13,38.6,3
KG08,MUTIARA DAMANSARA,MRT,0,1,1,0,0,0,0,13,41.62,3
AG14,PANDAN JAYA,AG,13,0,0,0,0,0,0,8,32.44,3
KJ18,KERINCHI,KJ,15,1,0,0,1,0,0,9,32.59,3
KG09,BANDAR UTAMA,MRT,18,0,0,0,3,3,1,4,100.0,5
AG16,CEMPAKA,AG,14,1,0,0,1,0,0,11,35.69,3
PY41,PUTRAJAYA SENTRAL,PYL,4,0,1,0,0,0,0,16,61.79,4
KJ34,USJ 21,KJ,1,0,0,0,0,0,0,17,59.99,4
PY08,SRI DAMANSARA TIMUR,PYL,14,0,0,0,0,0,0,9,44.59,3
KG05,KWASA SENTRAL,MRT,13,0,0,0,0,0,0,10,37.21,3
AG13,MALURI,AG,5,0,0,0,0,1,0,16,57.03,3
PY34,UPM,PYL,21,1,0,0,1,0,0,8,31.99,2
KJ7,DATO' KERAMAT,KJ,3,0,0,0,0,0,1,18,60.18,4
PY28,TAMAN NAGA EMAS,PYL,23,0,0,0,0,0,0,13,34.91,3
SP29,PUCHONG PRIMA,PH,23,1,0,0,0,0,0,11,28.64,2
PY04,SUNGAI BULOH,PYL,13,0,1,0,0,0,0,8,45.23,3
MR4,HANG TUAH,MR,16,0,0,0,2,4,1,6,93.52,5
KJ6,JELATEK,KJ,4,0,0,0,0,0,0,13,46.29,3
PY22,CONLAY,PYL,0,0,0,0,0,0,0,10,42.64,3
KG31,BUKIT DUKUNG,MRT,21,0,1,0,0,0,0,14,53.02,3
KJ33,WAWASAN,KJ,3,0,0,0,0,0,0,17,55.34,3
PY11,JINJANG,PYL,22,0,0,0,0,0,0,11,42.48,3
PY32,SERDANG RAYA SELATAN,PYL,12,1,0,0,1,0,0,7,26.7,2
KG34,STADIUM KAJANG,MRT,17,1,0,0,1,2,0,7,41.86,3
KG13,PUSAT BANDAR DAMANSARA,MRT,0,1,0,0,0,0,0,11,27.02,2
PY13,KAMPUNG BATU,PYL,3,0,0,0,0,0,0,16,50.95,3
PY21,PERSIARAN KLCC,PYL,17,0,1,0,3,3,1,5,100.0,5
MR11,TITIWANGSA,MR,3,0,1,0,0,4,0,17,74.26,4
KG15,MUZIUM NEGARA,MRT,17,1,1,0,1,0,0,7,40.52,3
PY03,KAMPUNG SELAMAT,PYL,21,0,0,0,0,0,0,13,42.57,3
PY06,SRI DAMANSARA BARAT,PYL,12,0,1,0,0,0,0,11,45.84,3
AG7,MASJID JAMEK,AG,15,0,0,0,0,4,0,10,58.59,4
PY06,SRI DAMANSARA BARAT,PYL,3,0,0,0,0,0,0,12,46.88,3
PY14,KENTOMEN,PYL,20,0,0,0,0,0,0,16,55.7,3
KG14,SEMANTAN,MRT,22,1,0,0,0,0,0,14,31.83,2
SP2,SENTUL,PH,13,0,1,0,0,0,0,12,50.06,3
KG24,TAMAN MIDAH,MRT,13,0,0,0,0,0,0,8,35.19,3
AG13,MALURI,AG,3,0,0,0,0,1,0,15,52.08,3
SP7,MASJID JAMEK,PH,22,1,0,0,0,4,0,14,64.99,4
KJ27,CGC GLENMARIE,KJ,1,0,0,0,0,0,0,17,45.39,3
PY27,KUCHAI,PYL,0,0,0,0,0,0,0,14,57.08,3
MR11,TITIWANGSA,MR,16,0,1,0,1,4,0,11,81.27,4
AG2,SENTUL,AG,3,0,0,0,0,0,0,11,45.38,3
KG07,SURIAN,MRT,3,0,0,0,0,0,0,16,57.33,3
KJ23,TAMAN BAHAGIA,KJ,0,0,0,0,0,0,0,16,51.33,3
KG25,TAMAN MUTIARA,MRT,14,0,0,0,0,0,0,9,46.09,3
KJ23,TAMAN BAHAGIA,KJ,2,0,1,0,0,0,0,11,50.03,3
AG2,SENTUL,AG,4,0,0,0,0,0,0,12,44.85,3
SP5,SULTAN ISMAIL,PH,14,0,0,0,0,0,0,9,35.38,3
SP3,TITIWANGSA,PH,12,0,0,0,0,4,0,12,70.2,4
SP26,TAMAN PERINDUSTRIAN PUCHONG,PH,4,0,0,0,0,0,0,11,38.04,3
SP8,PLAZA RAKYAT,PH,20,0,1,0,0,1,0,14,68.83,4
KG08,MUTIARA DAMANSARA,MRT,13,1,1,0,1,0,0,9,43.61,3
AG3,TITIWANGSA,AG,5,0,1,0,0,4,0,13,67.6,4
KJ21,ASIA JAYA,KJ,22,0,1,0,0,0,0,16,55.25,3
AG10,PUDU,AG,15,1,1,0,1,0,0,11,34.28,3
MR8,BUKIT NANAS,MR,17,1,0,0,1,0,0,11,33.66,3
PY32,SERDANG RAYA SELATAN,PYL,5,0,1,0,0,0,0,11,52.01,3
AG7,MASJID JAMEK,AG,5,0,0,0,0,4,0,14,68.72,4
KJ15,KL SENTRAL - REDONE,KJ,15,0,1,0,0,4,0,10,79.02,4
AG15,PANDAN INDAH,AG,18,0,1,0,2,0,0,7,63.77,4
KG14,SEMANTAN,MRT,12,1,0,0,1,0,0,7,35.48,3
KJ16,BANK RAKYAT BANGSAR,KJ,2,1,0,0,0,0,0,17,44.18,3
AG3,TITIWANGSA,AG,14,1,1,0,1,4,1,8,68.57,4
SP4,PWTC,PH,23,0,0,0,0,0,0,16,45.21,3
SP4,PWTC,PH,23,0,0,0,0,0,1,14,52.93,3
KG17,MERDEKA,MRT,14,1,0,0,1,1,0,10,48.27,3
PY22,CONLAY,PYL,13,0,1,0,0,0,0,9,46.47,3
KG21,COCHRANE,MRT,17,0,0,0,3,0,0,3,58.4,4
KG18A,BUKIT BINTANG,MRT,15,1,0,0,1,3,2,9,83.88,5
KJ31,USJ 7,KJ,21,0,0,0,0,1,0,13,52.85,3
PY32,SERDANG RAYA SELATAN,PYL,3,0,0,0,0,0,0,15,52.44,3
KG16,PASAR SENI,MRT,1,1,1,0,0,4,0,14,67.77,4
KJ12,DANG WANGI,KJ,14,0,1,0,0,0,0,8,39.89,3
SP29,PUCHONG PRIMA,PH,14,1,1,0,1,0,0,7,38.81,3
SP26,TAMAN PERINDUSTRIAN PUCHONG,PH,22,1,0,0,0,0,0,11,22.96,2
KJ8,DAMAI,KJ,21,1,0,0,1,0,0,9,38.73,3
KG16,PASAR SENI,MRT,15,0,1,0,0,4,0,8,66.24,4
KJ14,PASAR SENI,KJ,21,0,1,0,0,4,1,15,90.12,5
PY14,KENTOMEN,PYL,22,0,0,0,0,0,0,14,45.16,3
BRT2,MENTARI,BRT,17,0,1,0,3,0,0,7,68.32,4
MR5,IMBI,MR,17,0,0,0,3,0,0,5,57.94,3
KG06,KOTA DAMANSARA,MRT,14,1,0,0,1,0,0,8,38.48,3
KJ12,DANG WANGI,KJ,18,1,1,0,1,0,0,9,39.57,3
KG10,TAMAN TUN DR ISMAIL,MRT,19,0,0,0,2,0,0,4,49.27,3
KJ17,ABDULLAH HUKUM,KJ,21,0,1,0,0,3,1,13,75.42,4
KG15,MUZIUM NEGARA,MRT,1,0,1,0,0,0,1,13,59.69,4
SP1,SENTUL TIMUR,PH,1,1,0,0,0,0,1,16,43.59,3
SP4,PWTC,PH,12,0,0,0,0,0,0,8,30.41,2
PY23,TUN RAZAK EXCHANGE,PYL,16,0,0,0,1,4,1,10,89.02,5
SP22,KINRARA,PH,13,0,0,0,0,0,1,11,59.07,4
SP18,SRI PETALING,PH,19,1,0,0,1,0,0,7,23.49,2
PY38,16 SIERRA,PYL,23,0,0,0,0,0,0,16,46.49,3
KG17,MERDEKA,MRT,15,1,1,0,1,1,0,10,57.47,3
PY31,SERDANG RAYA UTARA,PYL,17,0,0,0,3,0,0,4,64.97,4
BRT3,SUNWAY LAGOON,BRT,22,0,0,0,0,0,0,16,51.57,3
KG31,BUKIT DUKUNG,MRT,0,0,0,0,0,0,1,16,64.06,4
BRT1,SUNWAY-SETIA JAYA,BRT,2,0,0,0,0,0,0,11,41.61,3
KJ5,SETIAWANGSA,KJ,17,0,0,0,3,0,0,4,66.04,4
KJ4,SRI RAMPAI,KJ,1,0,0,0,0,0,0,17,50.61,3
PY10,KEPONG BARU,PYL,5,0,0,0,0,0,0,13,36.63,3
KG28,SRI RAYA,MRT,16,0,0,0,2,0,0,6,64.32,4
PY40,CYBERJAYA CITY CENTRE,PYL,23,0,0,0,0,0,0,12,44.6,3
KJ17,ABDULLAH HUKUM,KJ,5,1,1,0,0,3,0,13,47.21,3
KG22,MALURI,MRT,5,1,0,0,0,1,0,11,39.43,3
KG17,MERDEKA,MRT,16,0,0,0,2,1,0,4,69.24,4
SP3,TITIWANGSA,PH,14,0,0,0,0,4,0,11,64.91,4
KG34,STADIUM KAJANG,MRT,12,1,1,0,1,2,0,7,47.19,3
MR10,CHOW KIT,MR,3,0,0,0,0,0,1,17,59.08,4
KJ30,SS 18,KJ,14,0,1,0,0,0,1,8,54.4,3
SP19,AWAN BESAR,PH,15,1,0,0,1,0,0,10,35.51,3
KJ16,BANK RAKYAT BANGSAR,KJ,4,0,0,0,0,0,0,13,46.97,3
SP4,PWTC,PH,1,0,0,0,0,0,0,13,41.04,3
BRT3,SUNWAY LAGOON,BRT,14,0,0,0,0,0,0,10,32.53,3
MR4,HANG TUAH,MR,1,0,1,0,0,4,0,17,79.9,4
MR3,MAHARAJALELA,MR,21,0,0,0,0,0,0,14,39.35,3
BRT4,SUNMED,BRT,20,1,0,0,1,0,0,11,31.49,2
BRT1,SUNWAY-SETIA JAYA,BRT,3,1,0,0,0,0,0,16,31.03,2
AG16,CEMPAKA,AG,14,0,0,0,0,0,0,12,43.16,3
MR3,MAHARAJALELA,MR,21,0,1,0,0,0,0,11,39.24,3
AG17,CAHAYA,AG,23,0,0,0,0,0,0,11,39.46,3
SP16,SUNGAI BESI,PH,15,0,0,0,0,1,0,12,44.89,3
KJ14,PASAR SENI,KJ,19,0,0,0,2,4,1,4,97.17,5
KJ13,MASJID JAMEK,KJ,20,1,0,0,1,4,1,9,70.16,4
KG10,TAMAN TUN DR ISMAIL,MRT,21,0,1,0,0,0,0,12,44.41,3
MR7,RAJA CHULAN,MR,19,0,0,0,2,0,0,8,51.28,3
SP6,BANDARAYA - UOB,PH,18,0,0,0,2,0,0,5,50.65,3
SP1,SENTUL TIMUR,PH,22,0,0,0,0,0,0,13,42.78,3
SP16,SUNGAI BESI,PH,22,0,1,0,0,1,0,14,56.3,3
PY36,TAMAN EQUINE,PYL,1,1,0,0,0,0,0,15,43.35,3
KJ28,SUBANG JAYA,KJ,12,0,1,0,0,0,0,10,45.47,3
PY08,SRI DAMANSARA TIMUR,PYL,16,1,1,0,1,0,0,10,50.81,3
SP12,CHERAS,PH,15,0,0,0,0,0,0,11,40.98,3
PY10,KEPONG BARU,PYL,4,0,0,0,0,0,0,16,51.41,3
KJ3,WANGSA MAJU,KJ,21,0,0,0,0,2,0,14,58.43,4
PY19,RAJA UDA,PYL,22,0,0,0,0,0,0,14,45.97,3
AG2,SENTUL,AG,2,0,0,0,0,0,0,13,47.82,3
KG21,COCHRANE,MRT,13,0,1,0,0,0,0,9,39.33,3
AG3,TITIWANGSA,AG,16,1,0,0,1,4,2,9,69.58,4
PY28,TAMAN NAGA EMAS,PYL,4,0,0,0,0,0,0,11,34.38,3
PY28,TAMAN NAGA EMAS,PYL,12,0,0,0,0,0,0,7,24.85,2
AG4,PWTC,AG,4,0,1,0,0,0,0,17,51.24,3
AG13,MALURI,AG,5,1,1,0,0,1,0,15,54.62,3
KG27,TAMAN SUNTEX,MRT,13,0,0,0,0,0,0,9,42.5,3
AG11,CHAN SOW LIN,AG,16,0,1,0,1,1,0,7,50.51,3
KG33,SUNGAI JERNIH,MRT,12,0,0,0,0,0,0,7,35.92,3
PY15,JALAN IPOH,PYL,17,0,0,0,3,0,0,4,67.05,4
PY07,SRI DAMANSARA SENTRAL,PYL,3,0,0,0,0,0,0,13,46.99,3
KJ19,UNIVERSITI,KJ,14,0,1,0,0,0,0,8,41.45,3
AG8,PLAZA RAKYAT,AG,20,0,0,0,0,1,0,17,59.79,4
PY39,CYBERJAYA UTARA,PYL,4,0,1,0,0,0,0,12,43.51,3
KJ7,DATO' KERAMAT,KJ,16,1,0,0,1,0,0,10,35.98,3
KG34,STADIUM KAJANG,MRT,2,1,1,0,0,2,0,12,57.26,3
KG30,BATU 11 CHERAS,MRT,23,1,1,0,0,0,0,10,29.47,2
PY05,DAMANSARA DAMAI,PYL,1,0,0,0,0,0,0,10,40.46,3
PY20,AMPANG PARK,PYL,17,0,0,0,3,0,0,4,59.94,4
SP26,TAMAN PERINDUSTRIAN PUCHONG,PH,15,0,1,0,0,0,0,7,33.69,3
MR6,BUKIT BINTANG,MR,16,0,1,0,2,3,1,6,95.79,5
SP2,SENTUL,PH,21,0,0,0,0,0,1,14,53.93,3
SP26,TAMAN PERINDUSTRIAN PUCHONG,PH,17,1,0,0,1,0,0,11,32.59,3
SP14,BANDAR TUN RAZAK,PH,1,0,0,0,0,0,0,15,39.16,3
KJ4,SRI RAMPAI,KJ,20,1,0,0,1,0,0,9,33.79,3
SP5,SULTAN ISMAIL,PH,4,0,0,0,0,0,0,16,49.84,3
KJ14,PASAR SENI,KJ,22,0,1,0,0,4,0,16,87.97,5
BRT3,SUNWAY LAGOON,BRT,16,0,1,0,1,0,0,9,47.08,3
KG33,SUNGAI JERNIH,MRT,19,0,0,0,2,0,0,5,56.66,3
KG29,BANDAR TUN HUSSEIN ONN,MRT,17,1,1,0,1,0,0,7,30.45,2
SP2,SENTUL,PH,16,0,1,0,1,0,0,8,48.36,3
PY04,SUNGAI BULOH,PYL,2,0,0,0,0,0,0,12,42.53,3
KJ30,SS 18,KJ,5,0,0,0,0,0,0,14,48.91,3
PY12,SRI DELIMA,PYL,5,0,1,0,0,0,0,14,56.57,3
KG04,KWASA DAMANSARA,MRT,18,0,0,0,2,1,0,4,64.76,4
PY39,CYBERJAYA UTARA,PYL,0,1,1,0,0,0,0,15,38.58,3
KJ32,TAIPAN,KJ,4,0,0,0,0,0,0,15,47.73,3
AG13,MALURI,AG,5,1,0,0,0,1,0,17,49.61,3
PY07,SRI DAMANSARA SENTRAL,PYL,16,0,0,0,1,0,0,10,53.03,3
BRT4,SUNMED,BRT,19,0,1,0,0,0,0,11,42.75,3
PY05,DAMANSARA DAMAI,PYL,18,0,1,0,2,0,0,7,66.52,4
KG14,SEMANTAN,MRT,5,1,0,0,0,0,0,16,42.75,3
KJ24,KELANA JAYA,KJ,1,1,0,0,0,0,1,14,48.79,3
MR6,BUKIT BINTANG,MR,14,0,0,0,0,3,0,11,64.01,4
BRT1,SUNWAY-SETIA JAYA,BRT,21,1,0,0,1,0,0,10,28.67,2
MR4,HANG TUAH,MR,19,1,0,0,1,4,1,8,66.05,4
SP9,HANG TUAH,PH,15,0,1,0,0,4,0,7,54.07,3
KG06,KOTA DAMANSARA,MRT,2,0,0,0,0,0,1,12,54.82,3
PY31,SERDANG RAYA UTARA,PYL,3,1,0,0,0,0,1,15,47.13,3
KG24,TAMAN MIDAH,MRT,23,0,0,0,0,0,1,12,55.45,3
PY08,SRI DAMANSARA TIMUR,PYL,15,0,1,0,0,0,0,11,50.78,3
KG12,PHILEO DAMANSARA,MRT,22,0,0,0,0,0,0,11,44.44,3
KJ10,KLCC,KJ,3,1,0,0,0,3,0,11,42.19,3
KJ32,TAIPAN,KJ,15,0,0,0,0,0,0,9,45.31,3
SP31,PUTRA HEIGHTS,PH,12,0,0,0,0,1,0,8,45.98,3
KG25,TAMAN MUTIARA,MRT,17,0,1,0,2,0,0,6,62.42,4
KJ32,TAIPAN,KJ,0,0,0,0,0,0,0,11,49.49,3
SP22,KINRARA,PH,23,1,0,0,0,0,0,18,43.9,3
BRT2,MENTARI,BRT,15,1,0,0,1,0,0,12,35.31,3
KJ25,LEMBAH SUBANG,KJ,15,1,1,0,1,0,0,8,39.72,3
KG04,KWASA DAMANSARA,MRT,12,0,0,0,0,1,0,10,50.97,3
SP24,IOI PUCHONG JAYA,PH,12,0,1,0,0,0,0,9,32.76,3
KG08,MUTIARA DAMANSARA,MRT,0,0,0,0,0,0,0,16,54.35,3
AG17,CAHAYA,AG,15,1,0,0,1,0,0,7,36.35,3
PY18,HOSPITAL KUALA LUMPUR,PYL,18,1,0,0,1,0,0,10,41.71,3
BRT1,SUNWAY-SETIA JAYA,BRT,12,1,0,0,1,0,0,10,32.43,3
KJ4,SRI RAMPAI,KJ,18,0,0,0,3,0,0,3,56.1,3
KG18A,BUKIT BINTANG,MRT,14,0,0,0,0,3,0,10,65.85,4
KJ14,PASAR SENI,KJ,19,0,0,0,0,4,1,10,72.34,4
BRT1,SUNWAY-SETIA JAYA,BRT,16,0,0,0,1,0,0,13,52.41,3
SP9,HANG TUAH,PH,2,0,0,0,0,4,0,13,56.72,3
AG15,PANDAN INDAH,AG,20,1,0,0,1,0,0,8,36.65,3
KJ22,TAMAN PARAMOUNT,KJ,12,0,0,0,0,0,0,10,45.42,3
KG10,TAMAN TUN DR ISMAIL,MRT,12,1,0,0,1,0,0,7,29.91,2
SP17,BUKIT JALIL,PH,4,0,0,0,0,2,0,17,60.52,4
PY11,JINJANG,PYL,19,0,0,0,0,0,0,7,33.08,3
KJ37,PUTRA HEIGHTS,KJ,0,0,1,0,0,1,0,13,58.06,4
KJ33,WAWASAN,KJ,15,0,0,0,0,0,1,8,51.49,3
KG18A,BUKIT BINTANG,MRT,14,0,0,0,0,3,0,7,59.98,4
KG29,BANDAR TUN HUSSEIN ONN,MRT,22,0,1,0,0,0,0,12,40.14,3
AG3,TITIWANGSA,AG,2,0,0,0,0,4,0,12,64.24,4
KJ23,TAMAN BAHAGIA,KJ,16,0,1,0,2,0,0,4,57.5,3
KJ36,SUBANG ALAM,KJ,13,0,0,0,0,0,0,7,25.17,2
SP21,ALAM SUTERA,PH,0,0,0,0,0,0,0,15,55.01,3
SP19,AWAN BESAR,PH,13,1,0,0,1,0,0,10,31.06,2
KJ30,SS 18,KJ,22,0,0,0,0,0,0,18,59.68,4
SP29,PUCHONG PRIMA,PH,17,0,0,0,3,0,0,4,57.29,3
PY13,KAMPUNG BATU,PYL,17,1,0,0,1,0,0,9,33.78,3
AG18,AMPANG,AG,3,0,1,0,0,0,0,10,54.21,3
PY16,SENTUL BARAT,PYL,12,1,1,0,1,0,0,8,40.9,3
KJ28,SUBANG JAYA,KJ,20,0,1,0,0,0,0,15,55.83,3
PY14,KENTOMEN,PYL,22,0,1,0,0,0,0,11,53.71,3
PY09,METRO PRIMA,PYL,15,1,0,0,1,0,0,9,39.44,3
BRT1,SUNWAY-SETIA JAYA,BRT,13,0,0,0,0,0,0,10,33.5,3
SP29,PUCHONG PRIMA,PH,17,0,1,0,3,0,0,5,70.67,4
KJ24,KELANA JAYA,KJ,22,1,1,0,0,0,0,15,48.11,3
PY05,DAMANSARA DAMAI,PYL,16,0,0,0,1,0,0,11,53.96,3
PY13,KAMPUNG BATU,PYL,0,0,1,0,0,0,0,11,51.32,3
KG29,BANDAR TUN HUSSEIN ONN,MRT,1,1,1,0,0,0,0,11,25.92,2
PY37,PUTRA PERMAI,PYL,3,0,1,0,0,0,1,14,53.82,3
SP28,PUCHONG PERDANA,PH,2,0,0,0,0,0,1,11,44.08,3
KJ18,KERINCHI,KJ,20,0,0,0,0,0,0,10,30.62,2
SP16,SUNGAI BESI,PH,4,0,0,0,0,1,0,14,52.64,3
BRT7,USJ7,BRT,0,1,0,0,0,1,0,15,39.18,3
KG07,SURIAN,MRT,16,1,0,0,1,0,0,7,35.63,3
KG26,TAMAN CONNAUGHT,MRT,20,1,1,0,1,0,0,8,45.75,3
PY17,TITIWANGSA,PYL,12,0,0,0,0,4,0,11,74.96,4
KJ23,TAMAN BAHAGIA,KJ,17,0,0,0,3,0,0,4,63.07,4
PY24,CHAN SOW LIN,PYL,12,0,1,0,0,1,0,8,54.44,3
AG16,CEMPAKA,AG,4,0,0,0,0,0,0,16,50.11,3
PY40,CYBERJAYA CITY CENTRE,PYL,22,1,0,0,0,0,0,13,30.11,2
MR11,TITIWANGSA,MR,15,0,1,0,0,4,0,9,62.46,4
SP27,BANDAR PUTERI,PH,19,0,0,0,2,0,0,7,56.13,3
KJ28,SUBANG JAYA,KJ,22,0,1,0,0,0,0,11,47.73,3
MR3,MAHARAJALELA,MR,17,1,1,0,1,0,0,9,35.98,3
KG17,MERDEKA,MRT,4,1,0,0,0,1,0,16,53.37,3
KJ28,SUBANG JAYA,KJ,15,1,1,0,1,0,0,7,35.38,3
KG06,KOTA DAMANSARA,MRT,14,0,0,0,0,0,0,10,46.29,3
AG14,PANDAN JAYA,AG,21,0,1,0,0,0,1,12,57.5,3
KG06,KOTA DAMANSARA,MRT,18,0,0,0,3,0,0,3,64.86,4
KG34,STADIUM KAJANG,MRT,16,0,0,0,2,2,0,4,65.76,4
AG6,BANDARAYA - UOB,AG,17,0,1,0,2,0,0,5,51.34,3
KG25,TAMAN MUTIARA,MRT,13,0,0,0,0,0,0,10,43.83,3
BRT3,SUNWAY LAGOON,BRT,2,0,1,0,0,0,0,13,53.71,3
MR7,RAJA CHULAN,MR,17,0,0,0,3,0,0,6,66.47,4
SP22,KINRARA,PH,13,1,0,0,1,0,0,10,35.75,3
KJ23,TAMAN BAHAGIA,KJ,16,1,0,0,1,0,0,9,38.41,3
AG2,SENTUL,AG,15,0,0,0,0,0,1,7,52.39,3
KG15,MUZIUM NEGARA,MRT,3,1,0,0,0,0,0,16,39.34,3
SP29,PUCHONG PRIMA,PH,15,0,0,0,0,0,0,10,41.55,3
PY17,TITIWANGSA,PYL,2,0,0,0,0,4,0,12,76.84,4
SP29,PUCHONG PRIMA,PH,12,0,1,0,0,0,0,11,45.94,3
BRT6,SOUTH QUAY-USJ 1,BRT,15,1,0,0,1,0,0,10,24.22,2
SP9,HANG TUAH,PH,1,0,0,0,0,4,0,16,66.72,4
PY21,PERSIARAN KLCC,PYL,22,1,1,0,0,3,0,14,59.57,4
PY31,SERDANG RAYA UTARA,PYL,14,0,0,0,0,0,0,11,43.08,3
SP26,TAMAN PERINDUSTRIAN PUCHONG,PH,1,0,0,0,0,0,1,17,57.55,3
KG04,KWASA DAMANSARA,MRT,1,1,0,0,0,1,0,11,41.58,3
SP15,BANDAR TASIK SELATAN,PH,3,0,0,0,0,2,0,13,49.6,3
PY07,SRI DAMANSARA SENTRAL,PYL,21,0,1,1,0,0,0,15,60.74,4
MR8,BUKIT NANAS,MR,5,1,0,0,0,0,0,18,42.52,3
PY22,CONLAY,PYL,19,0,0,0,0,0,0,11,42.27,3
SP14,BANDAR TUN RAZAK,PH,23,0,0,0,0,0,0,17,41.68,3
KG21,COCHRANE,MRT,20,0,0,0,0,0,0,13,43.23,3
AG16,CEMPAKA,AG,21,0,1,0,0,0,0,12,50.86,3
SP28,PUCHONG PERDANA,PH,21,0,0,0,0,0,1,17,55.12,3
PY03,KAMPUNG SELAMAT,PYL,14,0,0,0,0,0,0,9,37.02,3
AG16,CEMPAKA,AG,19,0,1,0,0,0,1,8,48.6,3
AG14,PANDAN JAYA,AG,17,0,0,0,3,0,0,4,63.33,4
PY28,TAMAN NAGA EMAS,PYL,20,0,1,0,0,0,1,12,56.11,3
AG10,PUDU,AG,4,0,0,0,0,0,0,10,33.22,3
BRT1,SUNWAY-SETIA JAYA,BRT,16,1,0,0,1,0,0,13,35.04,3
AG1,SENTUL TIMUR,AG,17,0,1,0,2,0,0,7,61.92,4
KJ13,MASJID JAMEK,KJ,19,0,0,0,0,4,1,9,70.5,4
KG28,SRI RAYA,MRT,17,1,0,0,1,0,0,9,44.98,3
KG27,TAMAN SUNTEX,MRT,4,1,0,0,0,0,0,13,42.14,3
SP22,KINRARA,PH,21,0,0,0,0,0,0,10,46.77,3
KJ1,GOMBAK,KJ,5,0,0,0,0,0,0,15,41.57,3
AG2,SENTUL,AG,5,0,0,0,0,0,0,15,53.05,3
PY28,TAMAN NAGA EMAS,PYL,19,1,1,0,1,0,0,11,37.55,3
KJ23,TAMAN BAHAGIA,KJ,2,1,0,0,0,0,0,15,45.29,3
AG13,MALURI,AG,19,0,0,0,2,1,0,7,67.66,4
SP17,BUKIT JALIL,PH,2,1,0,0,0,2,0,16,44.31,3
KJ24,KELANA JAYA,KJ,4,0,0,0,0,0,0,15,51.51,3
KJ35,ALAM MEGAH,KJ,3,0,0,0,0,0,0,10,35.21,3
KG15,MUZIUM NEGARA,MRT,16,0,0,0,1,0,0,10,49.93,3
SP22,KINRARA,PH,0,1,0,0,0,0,0,14,43.0,3
BRT7,USJ7,BRT,15,1,0,0,1,1,0,10,35.23,3
AG2,SENTUL,AG,17,0,0,0,3,0,0,5,64.83,4
PY04,SUNGAI BULOH,PYL,1,1,0,0,0,0,0,10,29.72,2
SP2,SENTUL,PH,17,1,0,0,1,0,0,9,35.66,3
KG24,TAMAN MIDAH,MRT,0,0,0,1,0,0,0,10,49.78,3
KJ22,TAMAN PARAMOUNT,KJ,14,0,1,0,0,0,0,9,47.99,3
KJ13,MASJID JAMEK,KJ,4,1,1,0,0,4,0,16,67.41,4
PY37,PUTRA PERMAI,PYL,22,0,0,0,0,0,0,13,35.21,3
KG28,SRI RAYA,MRT,4,0,1,0,0,0,0,10,55.07,3
AG8,PLAZA RAKYAT,AG,19,0,0,0,2,1,0,5,67.3,4
KJ1,GOMBAK,KJ,1,0,0,0,0,0,0,16,43.74,3
KG26,TAMAN CONNAUGHT,MRT,4,0,0,0,0,0,0,13,52.62,3
AG3,TITIWANGSA,AG,5,1,1,0,0,4,0,14,52.69,3
BRT2,MENTARI,BRT,2,0,1,0,0,0,0,10,38.75,3
MR4,HANG TUAH,MR,3,0,0,0,0,4,0,14,66.6,4
PY18,HOSPITAL KUALA LUMPUR,PYL,15,0,0,0,0,0,0,7,44.33,3
KJ32,TAIPAN,KJ,18,0,0,0,2,0,0,5,54.3,3
PY10,KEPONG BARU,PYL,13,1,0,0,1,0,0,7,28.88,2
KJ19,UNIVERSITI,KJ,19,0,0,0,0,0,0,7,35.5,3
PY31,SERDANG RAYA UTARA,PYL,20,0,0,0,0,0,0,10,43.47,3
PY24,CHAN SOW LIN,PYL,12,0,1,0,0,1,0,7,50.83,3
SP13,SALAK SELATAN,PH,17,0,0,0,3,0,0,4,68.08,4
MR2,TUN SAMBANTHAN,MR,12,0,0,0,0,0,1,12,42.87,3
KG28,SRI RAYA,MRT,16,0,0,0,2,0,0,4,61.23,4
KJ7,DATO' KERAMAT,KJ,1,0,0,0,0,0,0,13,50.19,3
KG17,MERDEKA,MRT,4,1,0,0,0,1,0,15,47.33,3
AG3,TITIWANGSA,AG,16,1,0,0,1,4,1,12,67.67,4
SP6,BANDARAYA - UOB,PH,3,0,0,0,0,0,0,11,38.28,3
AG10,PUDU,AG,14,0,0,0,0,0,0,12,34.28,3
KG18A,BUKIT BINTANG,MRT,16,1,0,0,1,3,2,10,80.76,4
PY29,SUNGAI BESI,PYL,19,0,0,0,0,1,0,9,42.06,3
KG29,BANDAR TUN HUSSEIN ONN,MRT,20,0,0,0,0,0,0,16,50.59,3
SP28,PUCHONG PERDANA,PH,20,1,0,0,1,0,0,9,33.19,3
AG10,PUDU,AG,19,0,0,0,0,0,0,7,29.66,2
SP22,KINRARA,PH,4,1,0,0,0,0,0,12,34.3,3
PY03,KAMPUNG SELAMAT,PYL,1,0,0,0,0,0,0,10,35.93,3
MR11,TITIWANGSA,MR,22,0,0,0,0,4,0,13,62.27,4
KG22,MALURI,MRT,16,1,0,0,1,1,0,10,46.14,3
SP13,SALAK SELATAN,PH,15,0,1,0,0,0,1,7,48.97,3
AG5,SULTAN ISMAIL,AG,4,1,0,0,0,0,0,16,32.95,3
KG26,TAMAN CONNAUGHT,MRT,13,1,0,0,1,0,0,10,35.76,3
KG33,SUNGAI JERNIH,MRT,23,0,0,0,0,0,0,16,56.61,3
AG4,PWTC,AG,22,0,0,0,0,0,0,17,50.25,3
AG2,SENTUL,AG,12,1,0,0,1,0,1,12,55.36,3
SP21,ALAM SUTERA,PH,22,1,0,0,0,0,0,10,29.9,2
PY01,KWASA DAMANSARA,PYL,12,0,1,1,0,1,0,8,54.67,3
KG34,STADIUM KAJANG,MRT,22,0,0,0,0,2,0,10,58.27,4
KG15,MUZIUM NEGARA,MRT,16,0,0,0,2,0,0,5,59.38,4
PY10,KEPONG BARU,PYL,20,0,0,0,0,0,0,10,34.65,3
AG7,MASJID JAMEK,AG,17,0,0,0,2,4,1,5,89.45,5
SP13,SALAK SELATAN,PH,15,1,0,0,1,0,0,8,40.37,3
KJ18,KERINCHI,KJ,4,0,0,0,0,0,0,12,36.38,3
BRT1,SUNWAY-SETIA JAYA,BRT,14,0,1,0,0,0,0,9,38.49,3
PY27,KUCHAI,PYL,2,1,0,0,0,0,0,11,38.46,3
KG05,KWASA SENTRAL,MRT,1,1,0,0,0,0,0,14,40.22,3
KG21,COCHRANE,MRT,16,0,0,0,1,0,0,7,41.78,3
PY28,TAMAN NAGA EMAS,PYL,14,0,0,0,0,0,0,9,28.0,2
BRT6,SOUTH QUAY-USJ 1,BRT,22,0,0,0,0,0,0,18,42.4,3
PY09,METRO PRIMA,PYL,19,0,0,0,2,0,0,4,58.71,4
PY20,AMPANG PARK,PYL,18,0,0,0,2,0,0,5,50.06,3
PY27,KUCHAI,PYL,17,0,0,0,3,0,0,5,67.88,4
MR11,TITIWANGSA,MR,16,1,0,0,1,4,1,8,68.76,4
BRT3,SUNWAY LAGOON,BRT,21,0,0,0,0,0,0,11,37.32,3
KJ24,KELANA JAYA,KJ,22,1,0,0,0,0,0,15,39.15,3
KJ19,UNIVERSITI,KJ,1,1,0,0,0,0,0,12,27.79,2
SP3,TITIWANGSA,PH,5,1,0,0,0,4,0,11,49.54,3
PY36,TAMAN EQUINE,PYL,0,0,0,0,0,0,0,14,56.37,3
KG13,PUSAT BANDAR DAMANSARA,MRT,13,0,0,0,0,0,0,7,36.78,3
SP17,BUKIT JALIL,PH,2,0,0,0,0,2,0,10,50.98,3
AG12,MIHARJA,AG,5,1,0,0,0,0,0,13,32.35,3
SP1,SENTUL TIMUR,PH,15,0,1,0,0,0,0,9,41.54,3
PY40,CYBERJAYA CITY CENTRE,PYL,21,0,0,0,0,0,0,13,49.83,3
KJ26,ARA DAMANSARA,KJ,4,0,1,0,0,0,0,13,46.62,3
KG22,MALURI,MRT,0,1,0,0,0,1,0,11,36.62,3
PY13,KAMPUNG BATU,PYL,20,1,0,0,1,0,0,9,37.73,3
KJ11,KAMPUNG BARU - CBP COOPBANK PERTAMA,KJ,23,1,0,0,0,0,0,15,33.63,3
KG29,BANDAR TUN HUSSEIN ONN,MRT,19,0,0,0,0,0,0,9,35.76,3
KG21,COCHRANE,MRT,16,0,0,0,1,0,0,9,42.01,3
KJ7,DATO' KERAMAT,KJ,20,1,0,0,1,0,0,10,33.34,3
AG2,SENTUL,AG,19,0,0,0,0,0,0,9,40.5,3
PY31,SERDANG RAYA UTARA,PYL,2,1,0,0,0,0,0,14,37.58,3
AG7,MASJID JAMEK,AG,21,1,0,0,1,4,2,9,77.25,4
SP18,SRI PETALING,PH,12,0,1,0,0,0,0,7,33.44,3
AG9,HANG TUAH,AG,4,0,0,0,0,4,0,11,68.79,4
KG05,KWASA SENTRAL,MRT,16,0,0,0,2,0,0,6,59.52,4
PY07,SRI DAMANSARA SENTRAL,PYL,18,0,0,0,2,0,0,5,59.8,4
KG04,KWASA DAMANSARA,MRT,5,0,0,0,0,1,0,14,58.16,4
KJ18,KERINCHI,KJ,2,0,0,0,0,0,1,12,49.13,3
BRT7,USJ7,BRT,4,0,0,0,0,1,0,18,53.89,3
PY41,PUTRAJAYA SENTRAL,PYL,3,0,1,0,0,0,0,12,45.97,3
KJ17,ABDULLAH HUKUM,KJ,12,0,1,0,0,3,0,10,56.89,3
KJ37,PUTRA HEIGHTS,KJ,3,0,0,0,0,1,0,16,53.56,3
KJ16,BANK RAKYAT BANGSAR,KJ,22,1,0,0,0,0,0,14,43.74,3
SP17,BUKIT JALIL,PH,21,0,0,0,0,2,0,15,58.35,4
SP15,BANDAR TASIK SELATAN,PH,2,0,0,0,0,2,0,18,58.02,4
PY19,RAJA UDA,PYL,23,0,0,1,0,0,0,13,42.05,3
SP7,MASJID JAMEK,PH,4,1,0,0,0,4,0,16,66.46,4
MR11,TITIWANGSA,MR,23,0,1,0,0,4,0,16,75.58,4
PY15,JALAN IPOH,PYL,1,1,0,0,0,0,0,10,26.55,2
AG18,AMPANG,AG,12,1,1,0,1,0,0,11,47.72,3
KG13,PUSAT BANDAR DAMANSARA,MRT,14,0,0,0,0,0,0,8,39.82,3
PY28,TAMAN NAGA EMAS,PYL,19,0,0,0,2,0,0,7,47.45,3
AG5,SULTAN ISMAIL,AG,22,0,0,0,0,0,0,16,44.39,3
AG12,MIHARJA,AG,23,0,0,0,0,0,0,13,41.42,3
PY03,KAMPUNG SELAMAT,PYL,14,1,1,0,1,0,0,8,36.09,3
KG10,TAMAN TUN DR ISMAIL,MRT,21,0,0,0,0,0,0,10,31.88,2
KG30,BATU 11 CHERAS,MRT,14,1,1,0,1,0,0,9,43.34,3
SP27,BANDAR PUTERI,PH,15,0,1,0,0,0,0,9,36.29,3
KG18A,BUKIT BINTANG,MRT,1,0,0,0,0,3,0,12,68.09,4
KJ23,TAMAN BAHAGIA,KJ,14,0,0,0,0,0,1,9,48.99,3
SP15,BANDAR TASIK SELATAN,PH,2,0,0,0,0,2,0,10,45.42,3
PY38,16 SIERRA,PYL,13,0,0,0,0,0,0,8,28.06,2
PY12,SRI DELIMA,PYL,17,0,0,0,3,0,0,4,61.56,4
KJ9,AMPANG PARK,KJ,18,1,0,0,1,0,0,8,36.81,3
AG8,PLAZA RAKYAT,AG,0,0,0,0,0,1,0,12,55.56,3
AG16,CEMPAKA,AG,5,0,0,0,0,0,0,17,58.23,4
PY21,PERSIARAN KLCC,PYL,16,0,0,0,2,3,1,7,83.76,5
KG31,BUKIT DUKUNG,MRT,22,0,0,0,0,0,0,15,46.99,3
PY31,SERDANG RAYA UTARA,PYL,23,1,0,0,0,0,0,15,40.47,3
KG12,PHILEO DAMANSARA,MRT,18,0,0,0,3,0,0,4,58.84,4
SP4,PWTC,PH,5,0,0,0,0,0,0,18,50.75,3
MR8,BUKIT NANAS,MR,12,0,0,0,0,0,1,11,51.12,3
KJ34,USJ 21,KJ,16,1,0,0,1,0,0,9,42.14,3
PY18,HOSPITAL KUALA LUMPUR,PYL,12,1,0,0,1,0,0,10,43.54,3
SP7,MASJID JAMEK,PH,18,0,0,0,2,4,1,4,98.66,5
KJ24,KELANA JAYA,KJ,16,0,0,0,2,0,0,5,55.13,3
SP11,CHAN SOW LIN,PH,17,0,1,0,2,1,1,6,82.09,5
BRT2,MENTARI,BRT,15,1,0,0,1,0,0,11,33.57,3
SP24,IOI PUCHONG JAYA,PH,2,0,0,0,0,0,0,15,46.55,3
SP27,BANDAR PUTERI,PH,13,1,1,0,1,0,0,10,40.77,3
PY23,TUN RAZAK EXCHANGE,PYL,20,0,1,0,0,4,2,10,89.22,5
MR10,CHOW KIT,MR,1,0,1,0,0,0,0,13,41.9,3
PY29,SUNGAI BESI,PYL,4,1,1,0,0,1,0,16,51.6,3
SP7,MASJID JAMEK,PH,4,0,0,0,0,4,0,11,70.65,4
MR1,KL SENTRAL,MR,23,0,0,0,0,4,0,12,74.78,4
AG17,CAHAYA,AG,5,0,0,0,0,0,0,10,47.16,3
PY22,CONLAY,PYL,4,0,0,0,0,0,0,11,44.86,3
KG20,TUN RAZAK EXCHANGE,MRT,22,0,0,0,0,4,1,11,67.54,4
PY32,SERDANG RAYA SELATAN,PYL,22,0,0,0,0,0,0,13,49.27,3
KG17,MERDEKA,MRT,21,0,0,0,0,1,0,15,67.54,4
SP8,PLAZA RAKYAT,PH,14,0,0,0,0,1,0,7,51.85,3
KG23,TAMAN PERTAMA,MRT,23,0,0,0,0,0,0,10,44.06,3
AG5,SULTAN ISMAIL,AG,0,0,0,0,0,0,0,13,43.53,3
BRT3,SUNWAY LAGOON,BRT,20,0,1,0,0,0,0,11,43.7,3
AG4,PWTC,AG,5,1,0,0,0,0,0,16,27.52,2
PY27,KUCHAI,PYL,2,0,0,0,0,0,1,14,59.5,4
KG13,PUSAT BANDAR DAMANSARA,MRT,21,1,0,0,1,0,0,8,34.58,3
KG34,STADIUM KAJANG,MRT,3,1,0,0,0,2,0,10,47.46,3
KG26,TAMAN CONNAUGHT,MRT,2,0,1,0,0,0,0,13,54.43,3
PY10,KEPONG BARU,PYL,15,1,1,0,1,0,0,7,34.69,3
KG09,BANDAR UTAMA,MRT,23,0,0,0,0,3,0,10,61.44,4
BRT4,SUNMED,BRT,5,0,0,1,0,0,0,14,55.56,3
AG3,TITIWANGSA,AG,17,0,0,0,3,4,2,4,100.0,5
SP17,BUKIT JALIL,PH,3,0,1,0,0,2,0,15,58.64,4
BRT7,USJ7,BRT,20,0,0,0,0,1,0,17,46.62,3
KG18A,BUKIT BINTANG,MRT,13,0,0,0,0,3,0,8,65.84,4
KG27,TAMAN SUNTEX,MRT,22,0,0,0,0,0,0,15,53.41,3
PY12,SRI DELIMA,PYL,5,0,0,0,0,0,0,11,44.07,3
KG17,MERDEKA,MRT,3,0,1,0,0,1,0,15,67.57,4
PY40,CYBERJAYA CITY CENTRE,PYL,3,0,1,0,0,0,0,16,60.85,4
KG14,SEMANTAN,MRT,12,0,0,0,0,0,0,10,37.03,3
AG12,MIHARJA,AG,2,0,1,0,0,0,0,10,40.69,3
AG9,HANG TUAH,AG,0,0,0,0,0,4,0,16,70.03,4
SP21,ALAM SUTERA,PH,5,1,0,0,0,0,0,12,36.46,3
MR7,RAJA CHULAN,MR,21,0,0,0,0,0,0,17,49.51,3
KG30,BATU 11 CHERAS,MRT,23,1,0,0,0,0,0,14,38.37,3
KJ30,SS 18,KJ,22,0,0,0,0,0,0,10,41.42,3
PY12,SRI DELIMA,PYL,14,0,0,0,0,0,0,9,35.9,3
PY37,PUTRA PERMAI,PYL,17,0,1,0,3,0,0,5,67.59,4
SP20,MUHIBBAH,PH,22,1,0,0,0,0,1,11,38.45,3
PY40,CYBERJAYA CITY CENTRE,PYL,17,0,0,0,2,0,0,5,51.68,3
KJ19,UNIVERSITI,KJ,4,0,1,0,0,0,0,14,49.52,3
KJ19,UNIVERSITI,KJ,2,1,0,0,0,0,0,17,39.47,3
SP1,SENTUL TIMUR,PH,4,0,0,0,0,0,0,17,45.38,3
KG34,STADIUM KAJANG,MRT,0,0,0,0,0,2,0,15,60.82,4
SP13,SALAK SELATAN,PH,17,0,0,0,2,0,0,4,51.9,3
MR7,RAJA CHULAN,MR,15,0,1,0,0,0,0,12,49.14,3
PY33,SERDANG JAYA,PYL,12,0,1,0,0,0,0,9,43.69,3
SP17,BUKIT JALIL,PH,12,0,0,0,0,2,0,9,44.54,3
PY36,TAMAN EQUINE,PYL,16,1,0,0,1,0,0,11,43.34,3
BRT6,SOUTH QUAY-USJ 1,BRT,20,1,1,0,1,0,0,13,36.48,3
AG2,SENTUL,AG,18,0,0,0,2,0,0,5,52.15,3
AG4,PWTC,AG,19,1,1,0,1,0,0,11,39.01,3
SP22,KINRARA,PH,12,0,0,0,0,0,0,12,49.92,3
KJ17,ABDULLAH HUKUM,KJ,12,0,1,0,0,3,0,10,56.93,3
BRT3,SUNWAY LAGOON,BRT,21,0,0,0,0,0,0,11,43.11,3
MR2,TUN SAMBANTHAN,MR,5,0,1,0,0,0,0,10,39.85,3
KG30,BATU 11 CHERAS,MRT,17,0,1,0,3,0,1,4,78.06,4
KG18A,BUKIT BINTANG,MRT,1,0,0,0,0,3,0,10,69.65,4
SP19,AWAN BESAR,PH,16,0,1,0,2,0,0,4,54.32,3
KJ14,PASAR SENI,KJ,1,0,0,0,0,4,0,15,78.14,4
MR11,TITIWANGSA,MR,15,1,0,0,1,4,1,12,69.43,4
KG22,MALURI,MRT,5,1,0,0,0,1,0,12,43.06,3
KJ7,DATO' KERAMAT,KJ,22,1,0,0,0,0,0,17,44.58,3
KJ25,LEMBAH SUBANG,KJ,23,0,0,0,0,0,0,17,61.98,4
PY21,PERSIARAN KLCC,PYL,18,0,0,0,3,3,1,4,95.66,5
KG30,BATU 11 CHERAS,MRT,20,1,0,0,1,0,1,8,41.68,3
SP10,PUDU,PH,5,0,0,0,0,0,0,16,48.01,3
PY38,16 SIERRA,PYL,3,1,0,0,0,0,0,13,28.62,2
SP20,MUHIBBAH,PH,22,0,1,0,0,0,0,15,59.09,4
KG29,BANDAR TUN HUSSEIN ONN,MRT,19,1,0,0,1,0,0,8,30.55,2
KJ26,ARA DAMANSARA,KJ,23,1,0,0,0,0,0,15,31.33,2
PY39,CYBERJAYA UTARA,PYL,5,0,0,0,0,0,0,10,36.87,3
KG08,MUTIARA DAMANSARA,MRT,15,1,1,0,1,0,0,9,40.62,3
KJ37,PUTRA HEIGHTS,KJ,16,0,1,0,2,1,0,5,62.46,4
MR11,TITIWANGSA,MR,22,0,0,0,0,4,0,13,62.43,4
KG31,BUKIT DUKUNG,MRT,15,0,0,0,0,0,0,8,34.26,3
PY38,16 SIERRA,PYL,19,1,0,0,1,0,0,11,37.14,3
SP25,PUSAT BANDAR PUCHONG,PH,19,0,0,0,2,0,0,4,43.63,3
SP28,PUCHONG PERDANA,PH,3,0,0,0,0,0,0,16,46.61,3
KG27,TAMAN SUNTEX,MRT,23,0,1,0,0,0,0,12,54.83,3
KJ25,LEMBAH SUBANG,KJ,13,0,1,0,0,0,0,7,51.09,3
SP1,SENTUL TIMUR,PH,2,1,1,0,0,0,0,14,36.03,3
KJ1,GOMBAK,KJ,15,0,0,0,0,0,0,8,30.3,2
KJ2,TAMAN MELATI,KJ,15,1,1,0,1,0,0,7,28.59,2
PY16,SENTUL BARAT,PYL,5,0,1,0,0,0,0,10,51.77,3
SP22,KINRARA,PH,15,0,0,0,0,0,0,12,46.88,3
KG04,KWASA DAMANSARA,MRT,13,0,0,0,0,1,0,7,48.98,3
PY08,SRI DAMANSARA TIMUR,PYL,0,0,0,0,0,0,0,12,43.92,3
SP15,BANDAR TASIK SELATAN,PH,22,1,1,0,0,2,0,13,47.65,3
PY32,SERDANG RAYA SELATAN,PYL,16,0,0,0,1,0,0,11,49.85,3
AG16,CEMPAKA,AG,15,1,0,0,1,0,0,12,43.54,3
KJ35,ALAM MEGAH,KJ,0,0,1,0,0,0,0,18,52.61,3
PY32,SERDANG RAYA SELATAN,PYL,21,1,0,0,1,0,0,10,37.67,3
PY33,SERDANG JAYA,PYL,3,0,1,0,0,0,1,11,61.3,4
KJ32,TAIPAN,KJ,18,1,0,0,1,0,0,8,39.77,3
SP6,BANDARAYA - UOB,PH,23,1,0,0,0,0,0,10,29.11,2
SP3,TITIWANGSA,PH,22,0,0,0,0,4,0,13,68.1,4
AG15,PANDAN INDAH,AG,14,0,1,0,0,0,0,9,47.93,3
KJ35,ALAM MEGAH,KJ,22,0,1,0,0,0,0,15,51.07,3
SP21,ALAM SUTERA,PH,3,1,0,0,0,0,0,12,34.01,3
KJ34,USJ 21,KJ,1,1,1,0,0,0,0,12,45.7,3
PY05,DAMANSARA DAMAI,PYL,13,0,1,0,0,0,1,7,49.4,3
AG8,PLAZA RAKYAT,AG,12,0,1,0,0,1,0,10,53.87,3
AG16,CEMPAKA,AG,18,1,0,0,1,0,1,7,37.88,3
PY16,SENTUL BARAT,PYL,12,1,0,0,1,0,0,7,38.35,3
KG33,SUNGAI JERNIH,MRT,19,1,0,0,1,0,0,9,40.82,3
KJ29,SS 15,KJ,4,1,0,0,0,2,0,18,49.83,3
BRT4,SUNMED,BRT,19,1,1,0,1,0,0,12,40.04,3
AG12,MIHARJA,AG,15,0,0,0,0,0,0,7,30.26,2
KJ15,KL SENTRAL - REDONE,KJ,0,1,0,0,0,4,0,16,67.77,4
PY03,KAMPUNG SELAMAT,PYL,18,0,1,0,3,0,0,5,65.96,4
AG14,PANDAN JAYA,AG,20,0,1,0,0,0,0,10,42.62,3
PY37,PUTRA PERMAI,PYL,20,1,0,0,1,0,0,7,21.41,2
PY23,TUN RAZAK EXCHANGE,PYL,20,0,1,0,0,4,1,11,84.02,5
AG14,PANDAN JAYA,AG,19,0,0,0,2,0,0,7,53.83,3
AG8,PLAZA RAKYAT,AG,22,1,0,0,0,1,0,16,44.66,3
KG04,KWASA DAMANSARA,MRT,1,1,1,0,0,1,0,11,40.67,3
PY27,KUCHAI,PYL,19,0,0,0,2,0,0,7,58.54,4
PY20,AMPANG PARK,PYL,13,1,0,0,1,0,0,11,31.92,2
SP19,AWAN BESAR,PH,14,0,1,0,0,0,0,8,40.9,3
PY37,PUTRA PERMAI,PYL,14,0,1,0,0,0,0,7,30.59,2
KJ9,AMPANG PARK,KJ,2,0,0,0,0,0,0,15,47.72,3
SP8,PLAZA RAKYAT,PH,16,0,0,0,1,1,0,11,60.83,4
PY17,TITIWANGSA,PYL,16,0,0,0,2,4,1,7,100.0,5
KG08,MUTIARA DAMANSARA,MRT,5,1,1,0,0,0,0,16,49.5,3
KG10,TAMAN TUN DR ISMAIL,MRT,15,0,1,0,0,0,0,10,40.39,3
SP3,TITIWANGSA,PH,20,1,0,0,1,4,1,11,74.0,4
PY31,SERDANG RAYA UTARA,PYL,5,0,0,0,0,0,0,16,51.33,3
AG15,PANDAN INDAH,AG,3,0,0,0,0,0,0,14,47.98,3
SP20,MUHIBBAH,PH,16,1,0,0,1,0,0,8,29.36,2
SP11,CHAN SOW LIN,PH,22,1,0,0,0,1,0,12,39.0,3
MR8,BUKIT NANAS,MR,20,1,1,0,1,0,0,11,41.01,3
PY31,SERDANG RAYA UTARA,PYL,18,0,0,0,2,0,0,6,57.27,3
PY21,PERSIARAN KLCC,PYL,23,0,1,0,0,3,0,14,68.36,4
KJ36,SUBANG ALAM,KJ,15,0,0,0,0,0,0,8,30.02,2
PY11,JINJANG,PYL,18,0,0,0,3,0,0,4,65.57,4
PY20,AMPANG PARK,PYL,21,0,1,0,0,0,0,13,49.49,3
AG1,SENTUL TIMUR,AG,1,1,1,0,0,0,0,13,43.78,3
PY15,JALAN IPOH,PYL,5,1,1,0,0,0,0,15,47.14,3
PY38,16 SIERRA,PYL,12,1,0,0,1,0,0,8,32.35,3
PY11,JINJANG,PYL,4,0,0,0,0,0,0,16,50.81,3
AG16,CEMPAKA,AG,13,0,1,0,0,0,0,10,50.01,3
