line_id,hour,is_weekend,is_raining,occupancy_percent,occupancy_level
mrt_kajang,17,0,0,98.84,3
mrt_kajang,8,1,0,64.43,2
mrt_pjy,13,0,0,72.63,2
komuter_utara,16,1,1,35.23,1
mrt_pjy,14,1,0,32.15,1
mrt_kajang,23,1,0,20.84,0
lrt_kj,14,0,0,97.55,3
lrt_kj,17,1,0,62.96,2
mrt_kajang,17,0,0,100.0,3
ets,17,1,0,36.19,1
lrt_kj,7,0,0,100.0,3
monorail,16,1,0,25.73,0
lrt_kj,8,0,0,100.0,3
lrt_ampang,9,0,0,100.0,3
monorail,13,1,1,27.21,0
lrt_ampang,14,1,0,36.1,1
lrt_ampang,11,0,0,76.65,2
lrt_kj,8,0,1,100.0,3
lrt_ampang,18,1,0,62.83,2
lrt_ampang,13,1,0,39.05,1
monorail,18,0,0,73.44,2
mrt_kajang,17,0,0,100.0,3
komuter,8,0,0,55.74,1
lrt_ampang,15,1,0,44.72,1
komuter,19,1,0,55.86,1
lrt_kj,15,1,0,45.5,1
lrt_kj,6,0,1,100.0,3
monorail,17,0,0,73.78,2
mrt_kajang,22,1,0,37.78,1
monorail,18,0,1,89.17,3
lrt_kj,20,0,0,89.2,3
lrt_kj,21,1,1,59.7,1
lrt_kj,17,0,0,100.0,3
mrt_kajang,20,0,0,94.68,3
mrt_kajang,16,0,1,86.82,3
mrt_kajang,14,1,0,46.9,1
lrt_ampang,8,0,0,87.05,3
monorail,18,0,0,62.49,2
lrt_ampang,12,0,0,84.23,2
mrt_kajang,11,1,1,50.22,1
mrt_kajang,12,0,1,91.11,3
mrt_kajang,18,0,0,100.0,3
mrt_kajang,15,1,0,40.83,1
lrt_kj,17,0,1,100.0,3
lrt_ampang,8,1,0,51.43,1
lrt_ampang,11,1,0,41.45,1
lrt_ampang,7,0,0,93.34,3
lrt_ampang,16,0,0,76.04,2
lrt_kj,19,0,0,100.0,3
lrt_ampang,12,0,0,70.3,2
mrt_pjy,7,0,1,97.31,3
mrt_kajang,16,1,1,47.86,1
lrt_kj,12,1,0,41.1,1
lrt_ampang,12,0,0,66.47,2
lrt_kj,17,0,0,100.0,3
mrt_pjy,10,0,0,81.7,2
mrt_kajang,16,1,0,47.2,1
lrt_ampang,19,0,0,100.0,3
lrt_ampang,22,1,0,27.8,0
mrt_kajang,18,0,1,100.0,3
monorail,8,0,0,70.07,2
lrt_kj,18,0,1,100.0,3
mrt_pjy,7,0,0,92.9,3
mrt_kajang,10,0,1,97.81,3
lrt_kj,8,0,1,100.0,3
mrt_kajang,20,0,1,93.17,3
mrt_pjy,8,1,1,47.6,1
monorail,6,0,0,37.1,1
lrt_kj,10,0,1,98.49,3
tebrau,11,1,1,24.16,0
lrt_ampang,10,1,0,37.39,1
lrt_ampang,17,1,0,63.45,2
komuter,9,0,1,78.67,2
mrt_pjy,17,1,1,56.27,1
lrt_ampang,16,0,1,76.4,2
lrt_ampang,17,0,1,100.0,3
mrt_kajang,17,0,0,100.0,3
lrt_ampang,14,1,1,52.67,1
lrt_ampang,15,1,0,33.69,1
mrt_pjy,14,0,0,83.15,2
lrt_ampang,10,0,0,80.42,2
mrt_kajang,12,0,0,68.58,2
lrt_kj,13,0,0,85.83,3
monorail,17,0,0,76.15,2
mrt_kajang,16,0,0,81.86,2
mrt_kajang,22,1,0,43.35,1
mrt_kajang,14,0,0,88.62,3
mrt_pjy,9,0,0,84.81,2
lrt_kj,20,1,1,57.02,1
mrt_kajang,11,0,1,100.0,3
lrt_kj,11,0,0,87.55,3
lrt_ampang,8,0,0,100.0,3
tebrau,22,0,0,49.92,1
lrt_kj,18,0,0,100.0,3
lrt_ampang,7,0,0,99.45,3
lrt_kj,14,0,0,80.58,2
mrt_pjy,17,0,1,95.57,3
lrt_kj,19,0,0,100.0,3
mrt_pjy,16,0,1,75.24,2
lrt_kj,16,1,0,45.33,1
lrt_ampang,13,0,0,66.71,2
ets,17,0,0,54.34,1
mrt_kajang,19,0,1,100.0,3
mrt_pjy,17,0,0,87.11,3
mrt_kajang,11,1,1,57.07,1
lrt_ampang,18,0,0,100.0,3
lrt_kj,19,1,0,63.23,2
mrt_kajang,20,1,0,32.74,1
komuter,17,0,1,78.52,2
mrt_kajang,9,0,0,98.04,3
ets,6,0,0,37.08,1
mrt_kajang,19,0,0,100.0,3
lrt_kj,9,0,1,100.0,3
lrt_kj,19,1,1,76.23,2
lrt_ampang,17,0,0,100.0,3
mrt_pjy,8,0,0,79.25,2
lrt_ampang,16,0,0,74.72,2
mrt_pjy,15,1,0,31.56,1
lrt_ampang,15,0,1,93.9,3
lrt_kj,10,0,0,100.0,3
monorail,13,1,0,28.84,0
mrt_kajang,21,1,1,55.66,1
lrt_ampang,14,0,0,83.65,2
mrt_pjy,7,0,0,80.23,2
lrt_kj,7,0,0,100.0,3
komuter,8,0,0,62.63,2
lrt_kj,19,0,0,100.0,3
lrt_kj,12,0,1,100.0,3
lrt_kj,17,0,0,100.0,3
mrt_pjy,13,0,0,70.46,2
komuter,6,0,0,51.71,1
lrt_ampang,9,0,0,88.94,3
mrt_pjy,16,0,0,66.89,2
mrt_pjy,20,0,0,83.31,2
mrt_pjy,10,0,1,91.73,3
lrt_kj,7,0,0,97.9,3
komuter,17,0,1,83.27,2
monorail,8,0,0,68.55,2
lrt_kj,6,1,1,57.55,1
mrt_pjy,15,1,0,31.08,1
komuter,17,0,1,85.22,3
lrt_ampang,11,1,0,32.69,1
lrt_kj,16,0,1,100.0,3
lrt_kj,18,0,0,100.0,3
lrt_ampang,17,1,0,52.03,1
lrt_ampang,19,0,1,96.29,3
mrt_kajang,14,1,1,58.36,1
monorail,19,0,1,85.4,3
lrt_ampang,23,1,0,34.55,1
mrt_pjy,10,0,0,73.23,2
lrt_kj,13,0,0,93.22,3
lrt_kj,8,0,0,96.83,3
mrt_pjy,18,0,1,100.0,3
lrt_ampang,13,0,0,76.9,2
lrt_kj,14,1,0,43.54,1
lrt_kj,21,1,1,49.1,1
mrt_pjy,10,0,0,52.54,1
mrt_pjy,15,0,0,67.54,2
lrt_ampang,18,1,0,53.52,1
lrt_kj,19,1,0,58.68,1
lrt_ampang,11,1,1,48.58,1
lrt_kj,17,0,1,100.0,3
lrt_kj,8,0,1,100.0,3
lrt_kj,15,0,0,90.94,3
lrt_ampang,14,0,1,88.71,3
lrt_ampang,6,0,0,79.57,2
lrt_kj,12,0,0,90.51,3
tebrau,18,1,0,41.29,1
mrt_pjy,10,0,1,84.27,2
mrt_kajang,20,0,0,79.53,2
ets,7,1,0,32.67,1
lrt_ampang,12,0,1,80.89,2
lrt_kj,13,0,1,100.0,3
mrt_kajang,6,1,0,42.59,1
mrt_kajang,17,1,0,78.9,2
lrt_kj,13,1,0,44.4,1
lrt_kj,16,1,0,40.72,1
lrt_kj,7,0,0,100.0,3
mrt_kajang,8,0,1,100.0,3
mrt_kajang,9,0,0,100.0,3
mrt_kajang,15,1,0,37.72,1
mrt_kajang,16,0,0,91.4,3
lrt_kj,12,0,1,100.0,3
mrt_pjy,12,1,0,37.03,1
mrt_kajang,19,0,1,100.0,3
mrt_kajang,19,1,0,58.9,1
lrt_ampang,9,0,0,93.77,3
lrt_ampang,20,1,0,39.85,1
lrt_kj,9,1,1,69.18,2
tebrau,8,0,0,78.03,2
mrt_pjy,9,1,1,58.74,1
mrt_kajang,18,0,0,100.0,3
monorail,17,0,1,89.23,3
lrt_ampang,23,1,0,25.92,0
lrt_kj,11,0,1,100.0,3
lrt_kj,18,0,1,100.0,3
lrt_ampang,9,1,0,47.09,1
komuter,13,0,1,52.52,1
mrt_kajang,19,0,1,100.0,3
lrt_ampang,17,0,0,99.21,3
lrt_kj,12,1,0,35.23,1
mrt_kajang,7,0,0,100.0,3
mrt_kajang,8,0,0,100.0,3
lrt_kj,23,1,1,22.65,0
mrt_kajang,15,0,0,100.0,3
mrt_kajang,7,0,0,87.76,3
lrt_ampang,18,0,0,100.0,3
lrt_ampang,10,0,0,71.25,2
komuter_utara,19,0,0,68.9,2
mrt_pjy,14,0,1,91.63,3
monorail,8,0,0,56.45,1
lrt_kj,8,0,1,100.0,3
komuter,16,0,0,44.87,1
mrt_pjy,7,0,0,71.75,2
lrt_ampang,20,1,0,41.49,1
komuter,10,0,1,64.04,2
lrt_ampang,14,1,1,54.37,1
monorail,10,0,0,58.68,1
mrt_pjy,12,0,0,70.53,2
mrt_pjy,13,1,0,38.91,1
monorail,15,0,0,53.13,1
lrt_kj,8,0,1,100.0,3
monorail,20,1,1,38.21,1
komuter,13,1,1,31.83,1
komuter,6,0,1,49.27,1
lrt_kj,18,0,0,100.0,3
lrt_kj,8,0,1,100.0,3
mrt_pjy,20,1,0,25.38,0
mrt_pjy,18,0,0,89.51,3
mrt_pjy,12,0,0,64.84,2
lrt_ampang,11,1,0,53.12,1
komuter,13,0,0,41.53,1
mrt_kajang,7,0,0,100.0,3
lrt_ampang,8,0,0,87.33,3
mrt_pjy,21,0,0,74.1,2
mrt_pjy,12,0,0,72.05,2
lrt_kj,6,1,0,50.03,1
mrt_pjy,20,0,1,83.2,2
mrt_pjy,19,0,0,91.2,3
lrt_kj,21,0,0,90.34,3
lrt_kj,21,1,0,33.02,1
mrt_pjy,22,1,0,34.69,1
monorail,21,0,0,28.25,0
lrt_kj,11,0,0,100.0,3
lrt_ampang,22,1,0,32.21,1
lrt_ampang,21,0,0,75.93,2
mrt_pjy,7,1,0,46.69,1
lrt_ampang,19,0,0,100.0,3
lrt_ampang,21,1,1,41.52,1
lrt_ampang,20,0,0,75.33,2
lrt_kj,17,0,0,100.0,3
lrt_ampang,9,1,1,62.07,2
lrt_kj,13,0,1,100.0,3
lrt_kj,16,0,0,91.99,3
komuter,21,1,0,15.6,0
mrt_kajang,18,0,0,100.0,3
mrt_pjy,17,0,0,88.42,3
lrt_kj,18,0,0,100.0,3
lrt_kj,8,0,0,100.0,3
mrt_kajang,11,1,0,30.07,1
lrt_ampang,15,0,1,98.04,3
lrt_ampang,14,0,0,78.24,2
lrt_kj,17,0,0,100.0,3
mrt_kajang,20,1,0,36.31,1
lrt_ampang,13,0,0,60.2,2
mrt_kajang,9,0,0,100.0,3
lrt_kj,18,0,1,100.0,3
mrt_pjy,16,1,1,46.25,1
lrt_kj,14,0,0,96.2,3
monorail,18,0,0,64.76,2
mrt_kajang,21,1,1,53.08,1
lrt_ampang,20,0,0,72.46,2
lrt_kj,7,0,1,100.0,3
mrt_kajang,8,0,1,100.0,3
lrt_ampang,9,0,0,87.94,3
lrt_ampang,12,0,0,76.55,2
mrt_kajang,8,0,0,100.0,3
tebrau,8,0,0,62.22,2
lrt_ampang,11,0,0,70.09,2
lrt_kj,19,0,0,100.0,3
mrt_pjy,20,0,0,61.5,2
mrt_kajang,13,0,0,81.77,2
lrt_kj,19,0,1,100.0,3
lrt_ampang,20,0,0,97.25,3
mrt_pjy,8,0,0,92.83,3
lrt_ampang,20,1,1,53.17,1
mrt_pjy,18,0,0,93.25,3
mrt_pjy,13,1,1,32.23,1
mrt_kajang,8,1,0,58.65,1
lrt_kj,12,0,1,100.0,3
mrt_kajang,8,0,1,100.0,3
mrt_pjy,12,1,0,41.84,1
mrt_pjy,19,0,0,89.16,3
lrt_kj,21,1,0,42.03,1
lrt_kj,18,0,0,100.0,3
mrt_kajang,14,0,0,87.6,3
mrt_pjy,20,0,0,57.97,1
mrt_pjy,21,1,0,35.01,1
mrt_kajang,6,0,1,99.21,3
mrt_kajang,14,0,0,84.91,2
lrt_ampang,12,1,0,35.22,1
mrt_pjy,22,1,0,33.5,1
lrt_ampang,7,0,1,100.0,3
mrt_kajang,18,0,0,100.0,3
mrt_kajang,13,0,0,74.49,2
lrt_ampang,11,1,0,46.35,1
mrt_pjy,19,0,0,95.17,3
lrt_kj,17,0,1,100.0,3
lrt_kj,16,0,0,93.06,3
mrt_kajang,17,0,0,99.76,3
lrt_kj,13,0,1,100.0,3
monorail,14,1,0,28.59,0
mrt_pjy,16,0,1,78.36,2
lrt_kj,14,1,0,46.8,1
lrt_kj,7,0,0,100.0,3
mrt_kajang,6,1,0,43.5,1
mrt_pjy,10,0,0,67.19,2
mrt_kajang,19,0,0,100.0,3
mrt_pjy,11,1,0,30.45,1
monorail,23,1,0,0.93,0
mrt_pjy,15,1,1,49.19,1
mrt_pjy,21,1,1,35.01,1
monorail,16,0,0,57.82,1
lrt_kj,8,0,0,100.0,3
lrt_kj,15,0,0,92.79,3
lrt_ampang,9,0,0,98.18,3
monorail,8,0,0,70.07,2
lrt_kj,18,0,1,100.0,3
mrt_pjy,8,0,0,82.66,2
mrt_kajang,14,1,0,57.2,1
lrt_kj,11,0,0,93.03,3
lrt_kj,16,0,1,100.0,3
lrt_ampang,9,0,0,90.78,3
lrt_kj,8,0,1,100.0,3
mrt_pjy,20,0,0,70.53,2
mrt_pjy,23,1,0,15.12,0
mrt_pjy,12,0,0,66.75,2
mrt_kajang,17,0,1,100.0,3
lrt_kj,12,1,0,31.59,1
lrt_kj,18,1,0,74.26,2
lrt_kj,16,1,1,41.02,1
mrt_pjy,7,0,0,81.13,2
komuter_utara,9,0,0,54.18,1
lrt_kj,13,1,1,49.44,1
mrt_pjy,8,0,0,90.89,3
lrt_kj,13,0,0,86.51,3
lrt_kj,11,0,0,79.06,2
intercity,13,0,0,34.87,1
lrt_kj,6,0,0,87.19,3
lrt_kj,18,0,1,100.0,3
mrt_kajang,16,0,1,97.77,3
lrt_kj,8,0,0,100.0,3
intercity,10,0,0,51.09,1
lrt_kj,7,0,1,100.0,3
lrt_ampang,14,0,1,85.05,3
mrt_pjy,9,0,1,95.53,3
mrt_pjy,6,0,0,74.13,2
mrt_kajang,17,0,0,100.0,3
lrt_kj,12,1,1,60.83,2
mrt_pjy,7,0,0,96.17,3
lrt_ampang,19,1,1,74.12,2
mrt_kajang,12,1,0,47.2,1
lrt_kj,6,0,1,100.0,3
lrt_ampang,9,0,0,90.83,3
lrt_ampang,10,0,0,80.06,2
komuter,18,0,1,86.79,3
lrt_kj,18,0,1,100.0,3
mrt_kajang,11,1,1,60.02,2
mrt_kajang,7,0,1,100.0,3
mrt_pjy,9,0,0,90.45,3
lrt_kj,12,0,1,100.0,3
lrt_kj,14,0,0,93.04,3
lrt_kj,15,0,0,99.79,3
lrt_ampang,19,1,1,78.19,2
lrt_kj,16,0,0,90.24,3
lrt_ampang,17,0,0,95.49,3
mrt_kajang,9,0,0,96.03,3
mrt_pjy,9,1,0,41.59,1
mrt_kajang,7,0,1,100.0,3
lrt_kj,8,1,0,49.66,1
mrt_pjy,13,0,0,60.98,2
mrt_pjy,17,0,0,97.72,3
mrt_kajang,7,0,1,100.0,3
lrt_ampang,11,0,0,81.93,2
komuter,11,0,0,44.99,1
mrt_kajang,10,0,0,81.85,2
lrt_kj,15,0,1,100.0,3
lrt_kj,22,0,0,100.0,3
monorail,14,0,1,65.11,2
mrt_kajang,20,1,1,49.69,1
lrt_ampang,13,1,0,27.0,0
mrt_kajang,7,0,1,100.0,3
lrt_kj,16,1,0,47.07,1
komuter,7,1,0,44.04,1
mrt_pjy,14,1,0,23.86,0
lrt_kj,16,0,1,100.0,3
lrt_kj,9,0,0,100.0,3
lrt_kj,6,1,0,48.04,1
lrt_ampang,8,0,0,91.16,3
lrt_kj,11,0,1,100.0,3
mrt_kajang,15,1,0,43.4,1
komuter_utara,11,1,1,41.58,1
mrt_pjy,7,0,1,94.8,3
lrt_kj,14,1,0,52.66,1
lrt_ampang,14,1,1,53.22,1
lrt_ampang,11,0,0,77.89,2
lrt_kj,11,0,0,76.78,2
mrt_kajang,17,0,1,100.0,3
ets,22,0,0,47.3,1
komuter_utara,18,0,0,63.44,2
monorail,9,1,0,43.32,1
monorail,18,1,1,45.51,1
monorail,20,0,0,41.33,1
lrt_kj,14,0,0,100.0,3
lrt_kj,8,0,0,100.0,3
lrt_ampang,18,1,0,55.11,1
mrt_kajang,18,1,0,64.92,2
mrt_kajang,15,1,0,48.14,1
mrt_kajang,10,1,0,38.33,1
monorail,12,0,0,51.6,1
mrt_kajang,19,1,0,72.57,2
mrt_kajang,9,0,0,84.51,2
mrt_kajang,9,0,1,100.0,3
monorail,13,0,1,61.08,2
lrt_kj,8,0,0,100.0,3
lrt_kj,7,0,0,99.03,3
lrt_kj,8,1,0,50.15,1
lrt_kj,20,0,1,98.81,3
lrt_ampang,6,1,0,41.39,1
mrt_kajang,7,0,1,100.0,3
mrt_kajang,8,0,0,92.3,3
mrt_pjy,9,0,0,82.63,2
lrt_ampang,16,0,1,89.89,3
mrt_pjy,16,1,0,33.62,1
mrt_kajang,16,0,1,91.37,3
lrt_kj,13,0,0,92.37,3
mrt_pjy,9,0,0,100.0,3
mrt_kajang,11,1,0,48.41,1
lrt_ampang,16,0,0,88.74,3
lrt_kj,12,0,0,100.0,3
mrt_kajang,15,1,1,64.69,2
mrt_kajang,19,0,0,100.0,3
komuter,10,1,0,15.28,0
lrt_kj,13,0,0,89.87,3
mrt_pjy,9,0,1,100.0,3
mrt_pjy,13,1,0,37.65,1
mrt_kajang,16,0,0,83.79,2
lrt_kj,20,1,0,46.35,1
lrt_ampang,19,0,1,100.0,3
mrt_pjy,20,0,0,68.68,2
monorail,9,0,0,75.79,2
mrt_pjy,15,0,0,62.75,2
lrt_ampang,18,1,1,81.24,2
lrt_kj,18,1,1,76.44,2
tebrau,18,0,0,72.76,2
lrt_kj,7,0,0,100.0,3
lrt_kj,14,0,1,100.0,3
monorail,16,0,0,44.96,1
lrt_kj,13,0,1,100.0,3
mrt_kajang,9,1,0,57.19,1
mrt_kajang,9,0,0,94.22,3
lrt_kj,23,1,1,39.14,1
komuter,17,0,0,70.23,2
mrt_kajang,13,0,1,90.77,3
mrt_kajang,10,1,0,53.55,1
lrt_ampang,22,0,0,70.34,2
lrt_kj,13,1,0,33.62,1
mrt_kajang,12,0,1,86.52,3
monorail,13,0,0,50.37,1
mrt_kajang,7,0,1,100.0,3
lrt_kj,9,1,0,59.95,1
lrt_ampang,20,1,0,39.83,1
mrt_kajang,17,1,0,67.03,2
mrt_pjy,10,0,0,77.28,2
lrt_kj,22,0,0,87.36,3
mrt_pjy,18,0,0,91.98,3
lrt_kj,8,0,0,100.0,3
lrt_kj,17,0,0,100.0,3
mrt_pjy,7,0,1,100.0,3
monorail,11,0,0,46.67,1
tebrau,16,0,0,27.74,0
lrt_kj,9,1,0,60.46,2
mrt_pjy,6,0,0,70.85,2
monorail,20,0,0,52.73,1
komuter,18,1,0,38.09,1
mrt_kajang,10,1,0,45.66,1
mrt_kajang,17,0,0,100.0,3
komuter,13,1,0,28.41,0
lrt_ampang,7,0,1,100.0,3
lrt_kj,12,1,1,57.4,1
lrt_kj,13,1,0,47.64,1
lrt_ampang,8,0,0,88.34,3
mrt_pjy,13,0,0,59.34,1
lrt_ampang,12,0,0,76.9,2
lrt_ampang,10,0,0,66.2,2
komuter,8,1,0,35.07,1
mrt_pjy,22,0,0,75.84,2
lrt_ampang,12,0,0,80.73,2
lrt_ampang,16,1,1,53.97,1
monorail,8,0,0,71.21,2
lrt_kj,19,0,0,100.0,3
tebrau,8,0,0,51.86,1
monorail,11,0,0,39.01,1
lrt_ampang,19,0,0,88.3,3
lrt_kj,6,0,1,98.85,3
lrt_ampang,12,0,0,82.26,2
mrt_pjy,19,1,0,50.48,1
lrt_kj,8,0,0,100.0,3
mrt_pjy,9,0,0,92.64,3
lrt_kj,8,0,0,100.0,3
lrt_ampang,20,1,0,32.61,1
mrt_kajang,16,1,0,53.89,1
mrt_kajang,7,0,0,100.0,3
mrt_kajang,20,1,0,50.15,1
monorail,8,0,1,82.69,2
monorail,18,0,0,68.96,2
monorail,18,0,0,70.78,2
mrt_kajang,9,0,0,100.0,3
lrt_ampang,12,0,1,82.82,2
lrt_kj,9,0,1,100.0,3
mrt_kajang,9,0,1,100.0,3
ets,16,0,0,35.87,1
mrt_kajang,21,0,0,82.21,2
mrt_pjy,19,0,0,91.61,3
mrt_kajang,16,0,0,95.17,3
lrt_ampang,13,0,0,76.8,2
lrt_kj,8,0,1,100.0,3
mrt_pjy,18,1,1,69.97,2
mrt_kajang,9,0,0,98.65,3
mrt_kajang,11,1,0,40.12,1
monorail,22,1,1,48.91,1
komuter,11,0,0,43.04,1
mrt_pjy,18,0,0,95.27,3
lrt_kj,8,0,1,100.0,3
mrt_kajang,16,0,0,76.85,2
lrt_ampang,8,0,0,100.0,3
lrt_kj,15,0,0,89.16,3
mrt_pjy,19,0,0,89.06,3
mrt_kajang,7,1,1,71.83,2
lrt_ampang,7,1,1,57.41,1
mrt_kajang,6,1,0,35.73,1
lrt_ampang,10,0,0,71.29,2
mrt_pjy,21,0,0,75.76,2
mrt_kajang,7,0,0,100.0,3
mrt_kajang,18,1,1,75.4,2
mrt_pjy,6,0,0,74.28,2
lrt_ampang,7,0,0,100.0,3
mrt_pjy,9,0,0,84.2,2
monorail,11,0,0,51.53,1
lrt_ampang,19,1,1,79.76,2
mrt_pjy,7,0,0,77.4,2
lrt_kj,18,0,0,100.0,3
mrt_kajang,9,0,0,100.0,3
mrt_kajang,17,1,0,70.43,2
mrt_kajang,14,0,0,100.0,3
lrt_kj,8,0,0,100.0,3
lrt_kj,19,0,0,100.0,3
lrt_kj,15,0,0,99.4,3
mrt_pjy,15,0,0,71.66,2
komuter,8,1,0,39.84,1
komuter,7,0,0,54.53,1
lrt_ampang,18,0,1,100.0,3
monorail,17,0,1,82.46,2
lrt_kj,17,0,0,100.0,3
lrt_ampang,16,0,0,70.91,2
lrt_kj,17,0,0,100.0,3
lrt_kj,14,1,0,45.41,1
mrt_pjy,9,0,1,100.0,3
komuter_utara,7,0,1,79.52,2
mrt_kajang,7,0,1,100.0,3
lrt_kj,17,0,1,100.0,3
lrt_kj,14,1,0,50.39,1
lrt_ampang,11,0,0,72.59,2
mrt_pjy,15,0,0,66.06,2
lrt_ampang,17,0,1,100.0,3
lrt_kj,7,0,0,100.0,3
lrt_kj,14,0,0,89.1,3
lrt_kj,16,0,0,100.0,3
lrt_kj,8,0,0,100.0,3
komuter,9,1,0,32.79,1
ets,22,1,0,36.13,1
mrt_pjy,8,0,0,84.95,2
mrt_pjy,8,0,0,91.31,3
komuter,22,1,0,6.63,0
mrt_kajang,18,0,0,100.0,3
mrt_pjy,14,1,0,31.89,1
lrt_ampang,14,0,0,81.5,2
lrt_ampang,18,0,0,100.0,3
mrt_pjy,12,0,0,73.27,2
lrt_ampang,22,1,1,47.22,1
mrt_pjy,15,0,0,70.14,2
ets,9,0,0,61.64,2
lrt_kj,17,1,1,68.15,2
mrt_kajang,6,0,0,87.46,3
mrt_kajang,6,1,1,52.37,1
ets,18,0,1,75.15,2
lrt_kj,13,1,0,43.24,1
monorail,18,0,1,94.91,3
lrt_kj,15,0,0,99.85,3
lrt_ampang,16,0,0,62.72,2
mrt_kajang,17,0,1,100.0,3
lrt_kj,6,0,0,99.84,3
monorail,17,0,0,84.95,2
mrt_kajang,23,1,1,28.87,0
lrt_ampang,15,0,1,87.51,3
lrt_kj,7,0,0,100.0,3
lrt_kj,13,0,0,100.0,3
mrt_kajang,16,0,0,73.69,2
mrt_pjy,9,0,0,78.38,2
lrt_kj,8,1,1,80.22,2
lrt_kj,18,0,0,100.0,3
mrt_kajang,17,0,0,100.0,3
lrt_ampang,20,1,0,45.4,1
lrt_kj,9,1,0,50.34,1
lrt_kj,9,0,1,100.0,3
mrt_kajang,17,0,1,100.0,3
lrt_kj,19,1,0,71.2,2
lrt_ampang,23,0,1,78.32,2
lrt_kj,14,0,0,87.47,3
ets,9,0,0,69.22,2
mrt_kajang,19,0,0,100.0,3
lrt_kj,10,0,1,100.0,3
lrt_kj,15,1,1,56.48,1
lrt_ampang,21,0,0,80.83,2
monorail,8,0,1,77.68,2
komuter,9,1,0,36.68,1
lrt_kj,19,0,0,100.0,3
lrt_kj,10,0,0,95.11,3
lrt_kj,10,1,1,59.84,1
lrt_ampang,8,0,0,92.52,3
monorail,9,0,0,62.49,2
mrt_pjy,16,0,0,66.34,2
mrt_kajang,14,0,0,90.84,3
lrt_kj,16,1,0,49.27,1
mrt_kajang,18,0,0,100.0,3
komuter,12,0,1,62.73,2
mrt_kajang,10,0,0,75.9,2
mrt_kajang,18,1,1,77.6,2
mrt_pjy,22,1,0,31.25,1
lrt_kj,13,1,1,45.6,1
lrt_ampang,20,0,1,98.65,3
lrt_ampang,11,1,1,57.94,1
lrt_ampang,14,0,0,68.6,2
lrt_ampang,11,1,0,38.21,1
lrt_kj,13,0,0,89.12,3
lrt_kj,9,1,1,82.12,2
lrt_ampang,14,0,0,81.14,2
mrt_kajang,23,1,0,13.78,0
mrt_kajang,7,0,1,100.0,3
mrt_pjy,10,1,0,21.82,0
mrt_pjy,17,0,0,96.63,3
komuter,15,0,0,44.23,1
mrt_kajang,6,0,0,74.27,2
lrt_ampang,8,0,0,95.31,3
mrt_pjy,8,1,0,48.86,1
lrt_kj,12,0,0,97.91,3
mrt_pjy,15,1,0,42.95,1
monorail,10,0,1,66.44,2
mrt_kajang,9,0,0,100.0,3
komuter,11,1,0,16.29,0
mrt_kajang,14,0,1,82.84,2
lrt_kj,9,0,0,100.0,3
mrt_kajang,13,0,0,80.01,2
lrt_kj,17,0,0,100.0,3
lrt_kj,16,0,0,75.19,2
lrt_ampang,8,0,1,100.0,3
mrt_pjy,17,0,1,97.76,3
mrt_pjy,22,0,1,86.99,3
lrt_ampang,15,0,1,85.59,3
lrt_kj,8,0,0,100.0,3
mrt_kajang,17,0,1,100.0,3
mrt_kajang,13,0,1,93.48,3
lrt_kj,17,0,0,100.0,3
mrt_pjy,20,0,0,80.07,2
lrt_kj,21,1,0,33.94,1
lrt_kj,14,0,0,71.82,2
mrt_kajang,7,0,0,95.93,3
mrt_kajang,19,0,0,96.25,3
mrt_pjy,21,0,1,93.92,3
monorail,22,1,0,22.96,0
lrt_kj,9,0,0,97.21,3
lrt_kj,12,0,0,83.2,2
lrt_ampang,7,0,0,89.56,3
lrt_ampang,17,0,0,93.87,3
monorail,7,0,0,54.29,1
tebrau,23,1,0,0.62,0
lrt_kj,7,0,0,99.4,3
lrt_ampang,12,1,1,47.35,1
lrt_ampang,8,0,0,96.4,3
lrt_ampang,6,1,0,44.93,1
lrt_ampang,17,0,0,96.8,3
lrt_kj,19,1,1,83.6,2
lrt_kj,12,1,0,41.49,1
lrt_ampang,10,0,1,98.15,3
lrt_kj,22,1,0,38.57,1
lrt_ampang,11,0,0,69.63,2
mrt_kajang,18,0,1,100.0,3
lrt_kj,23,1,0,21.3,0
monorail,9,0,0,60.8,2
lrt_ampang,17,0,0,100.0,3
komuter,16,0,0,41.9,1
lrt_kj,17,0,0,100.0,3
mrt_pjy,7,0,0,92.35,3
mrt_kajang,9,1,0,64.54,2
monorail,19,0,0,74.99,2
monorail,19,0,0,76.58,2
mrt_kajang,12,1,1,60.28,2
mrt_kajang,16,0,1,88.38,3
mrt_pjy,12,1,1,42.89,1
lrt_kj,21,1,1,48.45,1
lrt_kj,14,0,1,100.0,3
lrt_kj,7,0,0,100.0,3
lrt_ampang,13,0,0,81.01,2
lrt_kj,6,0,1,96.46,3
lrt_ampang,19,0,0,100.0,3
lrt_ampang,12,0,0,86.9,3
mrt_pjy,9,0,1,100.0,3
mrt_pjy,19,0,1,96.52,3
lrt_kj,8,1,0,51.67,1
lrt_kj,17,0,0,100.0,3
lrt_kj,19,0,0,100.0,3
lrt_ampang,8,1,0,68.55,2
mrt_kajang,13,0,0,77.46,2
lrt_kj,7,0,0,100.0,3
mrt_kajang,17,0,0,100.0,3
lrt_kj,9,0,1,100.0,3
monorail,6,0,1,56.44,1
lrt_ampang,19,0,0,100.0,3
mrt_kajang,14,1,0,43.73,1
mrt_pjy,8,0,1,94.66,3
lrt_ampang,7,0,0,83.63,2
mrt_pjy,21,0,1,71.84,2
mrt_kajang,18,0,1,100.0,3
mrt_pjy,7,0,0,73.35,2
lrt_kj,11,0,0,92.19,3
mrt_pjy,19,0,0,100.0,3
mrt_kajang,7,0,0,95.18,3
lrt_kj,16,0,0,82.49,2
lrt_kj,11,0,0,88.22,3
monorail,20,0,0,50.42,1
mrt_kajang,6,0,0,91.59,3
mrt_kajang,13,1,1,76.68,2
komuter,7,0,1,87.58,3
lrt_ampang,7,1,0,62.61,2
komuter_utara,14,0,1,44.57,1
mrt_kajang,19,1,1,85.24,3
lrt_ampang,7,0,1,100.0,3
lrt_kj,18,0,0,100.0,3
mrt_kajang,8,1,0,53.58,1
lrt_ampang,9,0,0,93.56,3
lrt_ampang,17,0,0,98.28,3
komuter,10,0,0,55.92,1
mrt_pjy,9,1,1,56.32,1
mrt_kajang,17,0,0,100.0,3
lrt_ampang,19,1,1,78.42,2
lrt_ampang,16,0,1,86.71,3
lrt_ampang,18,0,0,100.0,3
mrt_kajang,6,0,0,79.93,2
lrt_kj,9,0,0,100.0,3
lrt_ampang,9,0,0,100.0,3
mrt_pjy,15,1,0,42.84,1
lrt_ampang,10,0,0,73.69,2
mrt_pjy,14,1,0,25.86,0
monorail,19,0,1,89.64,3
lrt_kj,16,0,0,87.06,3
lrt_kj,10,0,1,100.0,3
lrt_ampang,9,0,1,100.0,3
komuter,17,0,0,83.25,2
mrt_kajang,16,1,1,68.57,2
lrt_kj,8,1,0,58.96,1
lrt_kj,8,1,0,70.59,2
lrt_kj,19,0,1,100.0,3
mrt_kajang,12,0,0,91.13,3
mrt_kajang,16,0,0,79.91,2
lrt_ampang,12,0,0,75.84,2
lrt_ampang,12,0,1,100.0,3
monorail,10,1,0,21.27,0
lrt_kj,14,0,0,80.73,2
mrt_kajang,12,1,0,37.31,1
tebrau,11,0,0,25.0,0
lrt_ampang,7,1,0,58.41,1
mrt_kajang,18,0,1,100.0,3
mrt_kajang,11,1,1,52.55,1
mrt_kajang,15,0,0,86.86,3
mrt_pjy,19,0,0,87.72,3
lrt_ampang,7,0,0,96.79,3
mrt_pjy,19,1,0,56.27,1
mrt_kajang,10,1,0,32.92,1
lrt_ampang,13,0,0,68.16,2
lrt_kj,20,0,1,100.0,3
lrt_kj,8,1,1,78.92,2
mrt_kajang,10,0,0,81.9,2
monorail,8,0,1,78.13,2
lrt_ampang,19,0,0,100.0,3
lrt_ampang,10,0,0,76.27,2
komuter,17,0,0,82.81,2
lrt_ampang,7,0,0,85.2,3
mrt_pjy,10,0,0,63.29,2
mrt_kajang,12,0,1,94.21,3
monorail,17,0,1,95.39,3
monorail,10,0,1,63.02,2
lrt_kj,9,0,0,100.0,3
lrt_ampang,19,0,1,100.0,3
mrt_kajang,12,1,0,47.6,1
mrt_pjy,10,1,1,46.21,1
mrt_kajang,14,0,0,87.23,3
mrt_pjy,11,0,0,74.92,2
lrt_ampang,8,0,0,97.53,3
lrt_ampang,16,0,0,90.44,3
monorail,8,0,0,65.51,2
lrt_ampang,10,0,1,100.0,3
lrt_kj,19,0,0,92.47,3
mrt_pjy,7,1,0,47.73,1
lrt_ampang,18,0,0,100.0,3
komuter,19,0,0,62.01,2
lrt_kj,14,0,1,100.0,3
tebrau,14,0,0,34.52,1
lrt_kj,9,0,0,100.0,3
lrt_ampang,12,0,0,68.88,2
ets,12,0,0,37.67,1
mrt_kajang,19,0,0,100.0,3
mrt_pjy,18,0,0,89.85,3
lrt_kj,20,0,0,97.91,3
lrt_ampang,19,0,1,100.0,3
komuter,17,0,0,66.1,2
lrt_kj,15,0,0,91.54,3
mrt_pjy,9,0,0,90.82,3
monorail,11,1,0,24.78,0
lrt_kj,12,0,1,100.0,3
lrt_kj,17,0,0,100.0,3
komuter_utara,8,0,1,73.21,2
lrt_kj,10,0,0,85.87,3
lrt_ampang,18,1,1,68.06,2
mrt_pjy,16,0,0,68.71,2
lrt_kj,19,1,0,59.01,1
lrt_kj,13,0,0,96.1,3
lrt_ampang,15,0,0,70.08,2
mrt_kajang,11,0,0,95.2,3
mrt_kajang,19,0,0,100.0,3
lrt_kj,10,1,0,43.61,1
lrt_ampang,9,0,0,95.21,3
mrt_kajang,9,0,0,100.0,3
mrt_kajang,8,0,0,89.01,3
lrt_ampang,11,0,1,91.78,3
mrt_kajang,12,0,0,86.82,3
lrt_ampang,14,1,0,26.71,0
lrt_kj,18,1,0,64.92,2
lrt_ampang,8,0,0,100.0,3
mrt_kajang,7,0,0,100.0,3
lrt_kj,16,1,1,62.57,2
lrt_ampang,23,1,0,6.71,0
mrt_pjy,11,0,0,72.32,2
lrt_ampang,9,0,0,100.0,3
lrt_kj,16,0,0,90.31,3
lrt_kj,13,1,0,28.77,0
mrt_kajang,21,1,0,44.44,1
lrt_ampang,16,0,0,72.62,2
lrt_ampang,19,0,0,91.53,3
monorail,13,0,0,51.98,1
lrt_ampang,18,0,0,97.0,3
lrt_kj,17,1,0,71.29,2
lrt_kj,17,0,0,100.0,3
lrt_kj,13,0,1,100.0,3
mrt_kajang,16,0,0,88.62,3
monorail,19,0,0,73.98,2
mrt_kajang,19,0,0,100.0,3
mrt_kajang,10,0,0,73.88,2
tebrau,18,0,0,74.58,2
lrt_ampang,8,0,1,100.0,3
monorail,7,0,0,68.41,2
lrt_kj,14,0,0,100.0,3
lrt_ampang,9,0,0,90.28,3
lrt_kj,14,1,0,24.16,0
mrt_kajang,16,0,0,84.87,2
mrt_pjy,12,0,1,83.33,2
mrt_kajang,11,0,1,92.33,3
mrt_kajang,15,1,0,41.64,1
mrt_kajang,13,1,0,43.0,1
lrt_kj,16,1,1,56.24,1
mrt_pjy,18,0,0,91.62,3
mrt_kajang,15,0,0,81.94,2
lrt_kj,20,0,1,100.0,3
lrt_ampang,14,0,0,74.05,2
lrt_ampang,16,1,0,30.57,1
mrt_pjy,19,0,0,92.65,3
lrt_ampang,7,0,0,100.0,3
komuter_utara,16,0,0,34.93,1
tebrau,8,1,0,34.76,1
mrt_kajang,8,0,0,93.74,3
mrt_kajang,7,1,0,65.94,2
lrt_ampang,15,0,0,75.46,2
ets,7,0,1,64.13,2
mrt_pjy,17,0,0,89.63,3
mrt_pjy,13,1,0,29.53,0
lrt_kj,8,0,0,100.0,3
komuter,20,0,0,39.23,1
lrt_kj,19,0,0,100.0,3
lrt_kj,9,0,0,100.0,3
monorail,14,0,0,46.86,1
ets,9,0,1,79.66,2
lrt_kj,8,0,0,100.0,3
monorail,9,0,0,66.97,2
lrt_kj,8,0,0,100.0,3
lrt_kj,9,0,1,100.0,3
mrt_kajang,8,0,0,98.0,3
lrt_ampang,12,1,0,47.82,1
mrt_pjy,22,1,1,59.78,1
lrt_kj,15,1,0,37.49,1
mrt_kajang,23,1,0,16.18,0
lrt_ampang,15,1,0,27.05,0
lrt_kj,17,0,1,100.0,3
lrt_ampang,7,0,0,83.9,2
mrt_kajang,16,0,1,83.7,2
lrt_kj,9,0,0,100.0,3
lrt_kj,20,0,0,100.0,3
lrt_ampang,19,0,0,97.41,3
lrt_ampang,13,0,0,75.34,2
mrt_kajang,8,0,0,100.0,3
mrt_kajang,9,0,0,95.61,3
mrt_pjy,9,0,0,73.13,2
mrt_kajang,19,0,1,100.0,3
mrt_pjy,16,1,0,46.45,1
mrt_kajang,8,0,1,100.0,3
lrt_kj,20,1,0,44.61,1
tebrau,17,0,0,63.43,2
mrt_kajang,18,0,0,99.17,3
mrt_kajang,18,0,0,100.0,3
lrt_kj,15,1,0,33.07,1
lrt_kj,10,0,0,87.98,3
komuter,8,0,0,60.96,2
monorail,9,1,0,44.44,1
lrt_ampang,12,1,0,46.76,1
lrt_kj,8,0,0,100.0,3
lrt_kj,6,1,1,48.13,1
mrt_kajang,12,1,0,45.48,1
lrt_kj,8,1,1,70.52,2
lrt_ampang,18,0,1,100.0,3
mrt_kajang,15,0,0,84.22,2
monorail,22,1,0,22.79,0
mrt_kajang,7,0,0,90.88,3
lrt_ampang,19,1,1,74.53,2
lrt_ampang,7,0,1,100.0,3
lrt_ampang,16,0,1,83.18,2
lrt_kj,19,0,1,100.0,3
lrt_kj,17,1,0,59.18,1
mrt_pjy,21,0,0,71.64,2
lrt_ampang,7,0,0,92.63,3
lrt_kj,15,1,0,34.35,1
lrt_kj,21,0,0,86.05,3
lrt_ampang,13,0,0,70.48,2
mrt_kajang,10,0,0,88.16,3
mrt_kajang,18,0,0,100.0,3
mrt_pjy,16,1,0,32.35,1
mrt_pjy,16,0,0,65.75,2
lrt_kj,17,1,0,61.22,2
komuter_utara,8,0,0,58.48,1
lrt_kj,8,0,1,100.0,3
lrt_ampang,10,1,0,31.29,1
lrt_ampang,6,1,0,30.96,1
lrt_kj,21,0,0,76.94,2
mrt_kajang,10,0,0,96.26,3
mrt_pjy,9,0,0,96.42,3
lrt_kj,6,1,0,42.64,1
mrt_pjy,16,0,0,72.66,2
komuter_utara,15,1,0,16.79,0
monorail,17,0,0,65.42,2
lrt_kj,9,0,0,100.0,3
mrt_kajang,13,0,0,81.34,2
mrt_kajang,17,0,1,100.0,3
lrt_kj,12,0,0,84.68,2
mrt_kajang,7,0,0,99.49,3
mrt_kajang,12,1,0,49.4,1
monorail,8,0,1,84.45,2
lrt_kj,8,0,1,100.0,3
mrt_kajang,15,0,0,78.92,2
mrt_kajang,19,0,0,96.21,3
mrt_kajang,15,1,0,42.87,1
lrt_ampang,18,0,0,100.0,3
lrt_kj,12,0,0,96.24,3
lrt_ampang,21,1,0,39.46,1
lrt_kj,11,1,0,46.76,1
mrt_pjy,18,0,0,84.49,2
mrt_kajang,19,0,1,100.0,3
mrt_kajang,21,0,0,91.14,3
lrt_ampang,8,1,0,59.38,1
komuter_utara,19,0,1,83.24,2
lrt_kj,11,1,1,60.45,2
lrt_ampang,16,1,0,42.92,1
lrt_kj,19,1,1,88.87,3
lrt_ampang,23,1,1,25.63,0
mrt_kajang,16,1,0,49.18,1
lrt_ampang,7,0,1,100.0,3
lrt_kj,16,0,0,72.98,2
mrt_kajang,10,1,0,52.6,1
komuter,17,0,0,82.56,2
tebrau,19,0,0,52.95,1
mrt_pjy,14,1,1,42.96,1
lrt_ampang,16,1,0,38.66,1
mrt_kajang,16,0,1,96.4,3
mrt_kajang,18,0,0,100.0,3
lrt_kj,17,0,0,100.0,3
lrt_kj,11,0,0,86.19,3
mrt_pjy,12,1,0,25.86,0
lrt_ampang,18,0,0,100.0,3
lrt_kj,7,0,1,100.0,3
lrt_ampang,10,0,0,84.3,2
lrt_kj,10,1,0,41.71,1
tebrau,6,1,0,10.59,0
mrt_kajang,15,0,0,100.0,3
komuter,17,0,0,78.29,2
mrt_kajang,10,1,0,42.19,1
lrt_ampang,8,0,0,100.0,3
lrt_ampang,10,0,0,84.16,2
mrt_pjy,7,0,0,90.21,3
mrt_pjy,16,0,0,61.34,2
komuter,8,1,1,45.0,1
mrt_pjy,18,0,0,92.24,3
mrt_kajang,9,0,0,100.0,3
lrt_ampang,9,0,0,91.01,3
mrt_kajang,11,1,0,44.15,1
mrt_kajang,8,0,1,100.0,3
komuter,10,1,0,33.79,1
monorail,17,0,1,94.57,3
lrt_ampang,6,1,0,36.33,1
mrt_kajang,10,0,0,88.52,3
komuter,16,0,0,48.7,1
mrt_kajang,8,0,0,100.0,3
mrt_kajang,18,0,0,96.53,3
mrt_kajang,15,0,1,95.38,3
mrt_kajang,8,0,0,98.22,3
lrt_kj,17,1,0,67.02,2
lrt_kj,14,1,0,33.44,1
mrt_pjy,12,1,0,38.46,1
mrt_pjy,13,1,0,25.99,0
lrt_ampang,17,0,1,100.0,3
mrt_kajang,6,0,0,75.0,2
komuter,18,0,1,85.51,3
lrt_ampang,20,1,1,59.35,1
mrt_pjy,13,0,0,68.29,2
tebrau,21,1,0,25.84,0
lrt_kj,18,0,1,100.0,3
lrt_kj,9,0,0,100.0,3
monorail,6,1,0,19.0,0
monorail,21,1,0,23.92,0
lrt_ampang,19,0,0,93.27,3
lrt_kj,20,0,0,93.77,3
lrt_ampang,16,1,0,32.14,1
mrt_pjy,6,0,0,57.18,1
lrt_ampang,10,1,0,41.91,1
komuter_utara,16,0,0,45.19,1
lrt_kj,16,0,0,81.78,2
lrt_ampang,20,1,0,26.19,0
mrt_pjy,16,0,0,66.68,2
lrt_ampang,13,1,1,51.78,1
mrt_pjy,11,0,0,59.68,1
komuter_utara,9,0,0,63.54,2
lrt_ampang,17,0,0,97.52,3
lrt_ampang,10,1,0,29.24,0
lrt_ampang,16,0,0,78.43,2
mrt_kajang,20,0,1,89.32,3
lrt_kj,7,0,0,100.0,3
ets,17,1,0,27.85,0
monorail,16,1,0,10.95,0
mrt_kajang,13,1,0,35.77,1
lrt_kj,12,1,0,41.76,1
komuter,18,0,0,64.66,2
mrt_kajang,16,1,0,49.98,1
lrt_ampang,14,0,0,75.88,2
mrt_kajang,22,0,0,88.58,3
lrt_ampang,12,0,0,73.56,2
mrt_pjy,11,0,0,81.55,2
lrt_ampang,17,0,0,94.11,3
lrt_kj,8,0,0,92.41,3
lrt_kj,13,0,0,87.31,3
lrt_kj,12,1,0,44.47,1
mrt_kajang,15,1,0,35.51,1
komuter,8,1,1,60.5,2
lrt_kj,10,1,0,55.82,1
mrt_pjy,8,1,0,42.21,1
mrt_pjy,7,0,0,90.05,3
mrt_pjy,7,0,0,99.26,3
lrt_ampang,6,0,0,67.92,2
lrt_ampang,7,0,1,100.0,3
lrt_ampang,15,1,0,28.6,0
lrt_kj,22,1,1,56.64,1
mrt_kajang,16,1,0,25.85,0
lrt_ampang,8,0,1,100.0,3
mrt_pjy,17,0,0,86.81,3
mrt_pjy,14,0,0,78.57,2
lrt_kj,9,0,0,100.0,3
lrt_ampang,19,0,0,100.0,3
lrt_ampang,20,0,0,56.7,1
mrt_kajang,10,0,0,90.15,3
mrt_pjy,21,1,0,30.52,1
mrt_kajang,14,1,0,42.99,1
mrt_pjy,13,1,0,24.02,0
lrt_kj,16,0,0,92.56,3
mrt_pjy,12,0,0,65.14,2
mrt_kajang,23,1,0,28.0,0
lrt_ampang,19,0,0,100.0,3
mrt_kajang,18,1,0,68.71,2
lrt_ampang,21,0,0,75.97,2
mrt_kajang,16,0,1,95.03,3
monorail,9,1,0,38.52,1
lrt_kj,21,0,0,84.69,2
lrt_ampang,18,0,0,100.0,3
lrt_kj,8,0,1,100.0,3
lrt_kj,18,0,0,100.0,3
lrt_ampang,8,0,0,95.56,3
lrt_ampang,16,1,0,39.44,1
lrt_kj,14,1,1,64.36,2
lrt_ampang,17,0,0,94.52,3
mrt_kajang,14,0,0,76.38,2
mrt_kajang,17,0,0,100.0,3
lrt_ampang,11,1,0,47.21,1
lrt_ampang,22,1,1,56.88,1
tebrau,7,0,1,82.67,2
lrt_kj,14,1,1,49.37,1
mrt_pjy,6,0,1,74.83,2
mrt_pjy,19,0,0,91.24,3
lrt_kj,19,0,0,100.0,3
mrt_pjy,6,1,1,30.83,1
monorail,9,1,1,42.53,1
mrt_kajang,8,0,0,100.0,3
lrt_kj,10,0,1,100.0,3
lrt_kj,9,0,1,100.0,3
lrt_kj,16,0,0,88.38,3
mrt_pjy,20,0,0,66.87,2
mrt_pjy,17,0,0,100.0,3
lrt_ampang,7,1,0,53.52,1
mrt_pjy,9,0,0,96.23,3
lrt_ampang,13,1,0,29.31,0
lrt_kj,17,0,0,100.0,3
mrt_kajang,16,0,0,84.57,2
mrt_pjy,16,1,1,55.15,1
lrt_ampang,21,0,1,90.88,3
mrt_kajang,23,0,0,73.78,2
lrt_ampang,12,0,0,88.85,3
lrt_ampang,7,0,1,100.0,3
ets,11,1,0,26.57,0
mrt_pjy,19,0,0,95.7,3
mrt_kajang,6,0,0,84.86,2
mrt_pjy,8,0,0,86.12,3
komuter,15,1,1,46.67,1
mrt_kajang,6,1,1,48.49,1
mrt_kajang,7,0,0,99.58,3
lrt_kj,17,0,0,100.0,3
lrt_kj,21,0,1,96.97,3
mrt_pjy,9,0,0,90.13,3
lrt_kj,19,0,0,100.0,3
lrt_kj,8,0,0,100.0,3
komuter,17,0,1,74.06,2
lrt_ampang,19,0,0,100.0,3
lrt_kj,19,0,1,100.0,3
lrt_kj,15,0,0,100.0,3
mrt_pjy,13,0,0,67.34,2
lrt_kj,8,0,1,100.0,3
mrt_kajang,18,1,1,75.19,2
lrt_kj,8,0,0,100.0,3
komuter,18,0,0,73.49,2
lrt_kj,8,1,1,61.07,2
mrt_kajang,16,0,0,79.91,2
ets,16,0,0,26.32,0
mrt_kajang,9,0,1,100.0,3
lrt_ampang,13,1,0,45.78,1
monorail,17,1,0,43.07,1
mrt_pjy,12,0,0,71.61,2
lrt_kj,14,1,0,43.4,1
monorail,11,0,0,59.6,1
komuter,14,0,0,42.18,1
mrt_kajang,12,1,0,39.59,1
mrt_kajang,18,0,0,100.0,3
lrt_ampang,14,0,0,75.72,2
mrt_kajang,20,0,0,86.99,3
lrt_ampang,7,0,0,87.45,3
mrt_kajang,8,0,1,100.0,3
lrt_kj,15,0,0,99.82,3
mrt_kajang,14,1,0,39.59,1
mrt_pjy,7,0,0,80.6,2
mrt_pjy,22,0,1,74.17,2
lrt_ampang,8,0,1,100.0,3
mrt_kajang,8,0,0,100.0,3
lrt_kj,9,0,1,100.0,3
lrt_kj,15,0,0,85.88,3
monorail,13,0,0,40.59,1
lrt_kj,10,0,0,100.0,3
komuter_utara,18,0,1,78.83,2
lrt_ampang,16,0,0,84.84,2
komuter_utara,8,0,1,79.25,2
mrt_pjy,15,0,0,57.68,1
lrt_kj,19,1,1,69.75,2
mrt_kajang,17,0,1,100.0,3
mrt_kajang,18,0,1,100.0,3
lrt_kj,9,0,1,100.0,3
lrt_ampang,17,1,0,69.68,2
mrt_pjy,7,0,0,100.0,3
lrt_kj,11,0,1,100.0,3
mrt_kajang,16,1,1,49.24,1
mrt_kajang,15,0,0,78.57,2
lrt_kj,16,0,0,95.05,3
monorail,16,0,0,51.01,1
lrt_kj,20,0,0,87.29,3
mrt_kajang,17,0,1,100.0,3
mrt_kajang,16,0,0,84.85,2
ets,9,0,1,64.67,2
mrt_pjy,13,1,1,29.65,0
mrt_pjy,19,0,0,83.3,2
komuter,15,0,0,55.94,1
ets,23,1,0,0.0,0
komuter,22,0,1,66.16,2
lrt_ampang,9,0,0,92.05,3
ets,8,0,0,61.32,2
mrt_kajang,19,0,1,100.0,3
lrt_ampang,21,0,1,96.78,3
lrt_kj,9,0,0,100.0,3
lrt_ampang,19,0,0,100.0,3
lrt_kj,9,0,0,100.0,3
mrt_kajang,22,1,0,51.13,1
mrt_kajang,15,0,1,85.52,3
tebrau,20,0,1,61.8,2
lrt_ampang,18,0,0,96.7,3
lrt_kj,16,0,1,100.0,3
lrt_ampang,9,0,0,100.0,3
lrt_ampang,7,0,0,89.69,3
mrt_kajang,8,0,1,100.0,3
lrt_kj,21,1,0,37.81,1
lrt_ampang,6,0,1,98.85,3
tebrau,13,0,1,56.08,1
mrt_kajang,10,0,0,82.73,2
lrt_ampang,8,0,0,100.0,3
mrt_kajang,17,0,0,100.0,3
mrt_kajang,15,0,1,100.0,3
mrt_kajang,22,1,0,41.41,1
monorail,16,0,1,60.99,2
mrt_kajang,6,0,0,88.83,3
mrt_kajang,11,0,0,87.25,3
mrt_pjy,11,1,0,34.21,1
lrt_kj,12,0,0,82.38,2
lrt_ampang,9,0,0,100.0,3
mrt_kajang,8,1,1,69.12,2
lrt_kj,21,0,0,93.77,3
lrt_kj,8,0,0,100.0,3
mrt_kajang,18,0,0,100.0,3
mrt_kajang,8,0,0,100.0,3
lrt_kj,7,0,0,100.0,3
lrt_ampang,11,1,0,42.32,1
lrt_kj,11,0,0,100.0,3
mrt_pjy,9,0,0,90.05,3
lrt_kj,10,1,1,55.07,1
lrt_kj,16,1,0,36.69,1
lrt_kj,7,1,1,79.38,2
komuter,7,0,0,64.01,2
mrt_pjy,20,0,0,78.17,2
mrt_kajang,13,1,0,48.95,1
mrt_kajang,9,1,0,65.47,2
mrt_pjy,8,1,0,57.07,1
lrt_kj,8,0,0,98.14,3
mrt_kajang,19,0,0,96.54,3
mrt_kajang,15,1,0,34.88,1
mrt_kajang,12,0,0,80.99,2
lrt_kj,8,0,1,100.0,3
lrt_kj,7,0,0,100.0,3
mrt_kajang,12,0,0,84.58,2
lrt_ampang,12,1,0,37.49,1
mrt_pjy,8,0,1,100.0,3
mrt_pjy,10,0,0,60.48,2
lrt_kj,7,0,0,100.0,3
monorail,11,0,0,47.99,1
lrt_ampang,18,0,1,100.0,3
lrt_ampang,18,0,1,100.0,3
mrt_pjy,15,0,0,60.19,2
mrt_pjy,11,0,0,69.49,2
mrt_pjy,18,0,0,94.33,3
komuter,9,0,0,57.4,1
mrt_kajang,13,1,0,44.83,1
lrt_ampang,14,0,0,78.88,2
mrt_pjy,8,0,1,94.49,3
monorail,18,0,0,72.1,2
lrt_kj,8,0,0,89.77,3
mrt_kajang,23,0,0,68.64,2
mrt_pjy,18,1,0,53.97,1
lrt_kj,11,0,0,85.03,3
mrt_pjy,9,1,0,50.2,1
mrt_kajang,13,0,0,96.16,3
lrt_kj,20,0,0,81.04,2
mrt_kajang,17,0,0,100.0,3
komuter,6,1,0,21.69,0
mrt_kajang,8,0,1,100.0,3
lrt_kj,9,0,0,100.0,3
lrt_kj,15,1,1,50.67,1
lrt_ampang,6,0,1,96.22,3
lrt_ampang,18,1,0,64.4,2
mrt_kajang,17,0,0,97.74,3
lrt_kj,23,1,1,44.48,1
mrt_kajang,17,0,0,100.0,3
mrt_pjy,11,0,0,76.62,2
lrt_kj,8,0,0,100.0,3
mrt_kajang,8,0,0,100.0,3
lrt_kj,21,0,0,77.7,2
lrt_ampang,20,0,0,74.46,2
mrt_pjy,15,0,0,77.62,2
ets,17,1,0,47.88,1
mrt_kajang,12,1,1,56.39,1
lrt_kj,13,0,0,92.08,3
komuter,21,0,0,50.94,1
komuter_utara,6,0,1,53.04,1
komuter,19,0,0,76.42,2
monorail,8,0,1,73.51,2
lrt_kj,20,1,0,40.72,1
lrt_kj,12,0,0,80.14,2
mrt_pjy,19,0,1,100.0,3
lrt_kj,19,1,1,75.4,2
lrt_kj,17,1,1,77.2,2
mrt_kajang,8,0,0,100.0,3
mrt_pjy,20,1,0,36.88,1
mrt_pjy,7,0,0,68.91,2
mrt_pjy,6,0,1,77.3,2
mrt_kajang,7,0,0,100.0,3
mrt_kajang,15,1,0,46.15,1
mrt_kajang,19,1,0,64.11,2
lrt_kj,22,1,0,22.42,0
mrt_kajang,16,0,0,62.01,2
lrt_ampang,14,1,0,34.85,1
mrt_pjy,23,1,1,39.39,1
mrt_pjy,14,0,0,53.77,1
lrt_kj,12,0,0,87.3,3
lrt_ampang,18,0,0,92.49,3
lrt_ampang,15,0,0,82.53,2
lrt_kj,11,0,0,95.33,3
mrt_kajang,9,0,0,100.0,3
lrt_kj,13,1,0,49.9,1
komuter,19,0,0,61.19,2
lrt_ampang,17,0,0,91.24,3
lrt_ampang,13,1,1,54.6,1
lrt_kj,18,0,1,100.0,3
lrt_kj,9,0,1,100.0,3
mrt_pjy,21,1,0,33.14,1
lrt_kj,11,0,1,100.0,3
mrt_kajang,11,0,1,100.0,3
lrt_ampang,20,0,0,70.04,2
lrt_ampang,17,1,1,70.64,2
lrt_ampang,21,0,0,83.47,2
lrt_kj,14,0,0,97.79,3
mrt_kajang,10,1,1,49.23,1
lrt_ampang,14,1,0,41.83,1
mrt_kajang,20,0,0,81.93,2
monorail,15,0,0,46.45,1
mrt_kajang,13,1,0,41.17,1
lrt_kj,8,0,1,100.0,3
lrt_ampang,17,1,0,68.59,2
mrt_kajang,17,0,1,100.0,3
lrt_ampang,16,0,0,74.1,2
lrt_kj,17,0,0,100.0,3
monorail,9,0,1,90.67,3
mrt_pjy,6,1,0,20.28,0
intercity,16,0,0,36.78,1
komuter,15,0,0,48.56,1
mrt_kajang,22,1,0,41.25,1
lrt_kj,11,0,0,96.41,3
mrt_kajang,15,0,1,87.21,3
lrt_kj,7,0,1,100.0,3
mrt_kajang,17,1,1,83.29,2
mrt_kajang,22,0,0,84.14,2
mrt_pjy,23,1,1,27.19,0
lrt_kj,18,0,0,100.0,3
lrt_ampang,13,0,0,80.92,2
lrt_kj,8,0,0,100.0,3
lrt_ampang,8,0,0,88.13,3
lrt_kj,16,0,0,94.74,3
lrt_kj,19,0,0,100.0,3
mrt_pjy,17,0,0,92.71,3
lrt_ampang,9,1,0,62.61,2
mrt_kajang,14,0,1,81.62,2
mrt_kajang,15,0,0,82.77,2
mrt_pjy,21,1,0,26.91,0
mrt_pjy,23,1,1,29.48,0
mrt_pjy,15,0,1,72.91,2
komuter,8,0,0,55.3,1
mrt_pjy,9,0,0,88.57,3
mrt_kajang,18,0,1,100.0,3
mrt_kajang,6,0,0,81.37,2
mrt_kajang,16,0,0,81.75,2
mrt_pjy,14,0,0,73.92,2
mrt_pjy,16,0,0,71.41,2
lrt_kj,12,0,0,98.74,3
mrt_pjy,12,0,1,85.96,3
lrt_ampang,15,1,0,41.48,1
mrt_kajang,17,1,1,70.99,2
lrt_kj,17,0,0,100.0,3
mrt_kajang,9,1,0,54.33,1
lrt_ampang,15,1,0,45.58,1
mrt_pjy,6,0,0,61.97,2
tebrau,7,0,0,58.15,1
mrt_kajang,9,1,0,53.13,1
lrt_kj,22,0,0,94.08,3
lrt_ampang,13,0,1,77.11,2
mrt_kajang,6,1,0,32.7,1
mrt_kajang,9,0,0,100.0,3
mrt_kajang,16,0,0,80.65,2
mrt_kajang,16,0,0,96.22,3
mrt_pjy,17,0,0,88.92,3
mrt_kajang,19,1,1,82.82,2
monorail,10,0,0,48.11,1
lrt_kj,16,0,0,92.16,3
lrt_ampang,14,1,0,40.74,1
mrt_pjy,21,0,1,87.41,3
lrt_kj,9,0,0,100.0,3
mrt_kajang,21,0,0,83.04,2
mrt_pjy,15,0,0,70.99,2
mrt_kajang,15,0,0,83.45,2
mrt_kajang,12,0,1,97.04,3
mrt_kajang,17,1,1,80.66,2
mrt_pjy,8,0,0,83.82,2
komuter,11,1,0,16.58,0
lrt_kj,16,0,1,100.0,3
mrt_kajang,9,0,0,100.0,3
monorail,10,0,1,65.46,2
lrt_ampang,17,0,0,100.0,3
mrt_kajang,20,0,0,85.89,3
lrt_ampang,14,1,0,25.8,0
komuter,12,1,1,30.18,1
komuter_utara,7,0,0,60.04,2
mrt_kajang,10,1,1,56.39,1
monorail,7,0,1,86.15,3
mrt_pjy,18,1,0,43.58,1
lrt_ampang,18,1,0,74.17,2
lrt_kj,12,1,0,30.66,1
lrt_kj,7,0,0,100.0,3
mrt_pjy,18,0,1,100.0,3
mrt_kajang,17,0,0,100.0,3
lrt_kj,9,0,0,100.0,3
lrt_ampang,17,0,0,95.22,3
mrt_pjy,10,0,0,66.22,2
mrt_pjy,11,1,0,33.9,1
lrt_kj,19,0,0,100.0,3
monorail,14,1,0,18.61,0
lrt_ampang,17,0,1,100.0,3
mrt_kajang,15,0,0,89.95,3
mrt_pjy,8,0,0,91.93,3
mrt_pjy,19,1,0,55.7,1
mrt_kajang,19,0,0,100.0,3
mrt_pjy,11,0,0,82.58,2
lrt_ampang,8,1,0,49.2,1
lrt_ampang,16,0,0,68.33,2
mrt_pjy,14,0,0,58.2,1
lrt_kj,11,0,1,99.34,3
monorail,13,0,0,43.57,1
lrt_kj,18,0,1,100.0,3
lrt_ampang,20,0,1,79.23,2
mrt_pjy,17,0,0,91.91,3
lrt_kj,20,0,1,100.0,3
lrt_kj,17,1,1,80.8,2
mrt_kajang,16,0,0,87.12,3
mrt_pjy,18,0,1,100.0,3
mrt_pjy,10,0,0,71.77,2
mrt_pjy,13,0,0,61.02,2
lrt_ampang,8,0,0,100.0,3
mrt_pjy,15,0,1,85.45,3
mrt_pjy,11,0,0,71.87,2
lrt_kj,18,0,0,100.0,3
lrt_kj,13,0,0,86.05,3
komuter,18,0,0,68.81,2
mrt_pjy,19,1,0,58.59,1
mrt_pjy,19,0,0,88.35,3
lrt_ampang,6,1,0,36.67,1
lrt_ampang,17,0,0,100.0,3
lrt_ampang,11,1,0,36.07,1
mrt_pjy,15,0,1,81.78,2
lrt_ampang,21,0,0,75.98,2
mrt_pjy,17,1,1,65.25,2
komuter,17,0,0,86.51,3
mrt_pjy,9,0,0,86.3,3
lrt_kj,14,1,1,39.79,1
mrt_kajang,17,0,1,100.0,3
lrt_ampang,9,0,1,91.84,3
mrt_pjy,12,0,0,66.89,2
lrt_kj,16,0,1,100.0,3
mrt_pjy,6,0,0,78.66,2
lrt_ampang,15,0,0,88.41,3
lrt_kj,13,0,0,91.07,3
lrt_kj,13,0,0,90.04,3
mrt_kajang,12,0,0,81.36,2
komuter,17,0,0,78.29,2
mrt_kajang,8,0,0,100.0,3
mrt_kajang,16,0,0,87.95,3
lrt_ampang,22,1,0,46.83,1
mrt_kajang,10,0,1,100.0,3
lrt_kj,6,0,0,100.0,3
lrt_kj,15,0,0,94.48,3
tebrau,10,0,0,39.47,1
mrt_kajang,17,0,0,100.0,3
mrt_pjy,10,0,0,77.51,2
lrt_kj,9,0,0,100.0,3
mrt_pjy,17,0,0,95.08,3
monorail,12,1,1,30.69,1
mrt_kajang,17,1,1,84.91,2
mrt_kajang,10,1,0,42.96,1
lrt_ampang,18,0,0,100.0,3
ets,14,0,0,54.62,1
lrt_ampang,9,0,0,100.0,3
lrt_kj,8,0,0,100.0,3
lrt_kj,8,1,1,76.52,2
komuter,15,0,0,52.74,1
lrt_kj,18,1,0,70.45,2
tebrau,11,0,0,37.84,1
lrt_kj,18,0,0,100.0,3
lrt_kj,6,1,0,41.31,1
mrt_kajang,12,0,0,77.04,2
mrt_kajang,12,0,1,100.0,3
lrt_ampang,8,0,0,100.0,3
monorail,17,0,0,68.86,2
mrt_kajang,15,1,0,36.08,1
mrt_pjy,17,0,0,86.6,3
mrt_kajang,10,1,0,43.21,1
mrt_pjy,9,0,0,90.14,3
lrt_kj,21,1,1,45.33,1
monorail,16,0,0,46.39,1
lrt_ampang,8,0,0,96.25,3
monorail,19,0,1,79.99,2
monorail,22,1,0,35.39,1
mrt_kajang,12,1,0,39.34,1
mrt_kajang,21,1,1,56.53,1
mrt_pjy,7,0,0,85.68,3
lrt_ampang,17,0,0,100.0,3
lrt_ampang,16,0,1,97.12,3
monorail,23,1,0,0.44,0
lrt_ampang,8,0,1,100.0,3
lrt_ampang,11,0,1,95.62,3
lrt_kj,12,0,0,96.62,3
mrt_pjy,18,0,0,91.18,3
mrt_pjy,14,0,1,85.52,3
komuter,8,0,0,54.59,1
mrt_kajang,17,0,1,100.0,3
lrt_ampang,10,0,0,70.22,2
lrt_ampang,12,1,1,48.34,1
mrt_kajang,9,0,0,100.0,3
mrt_kajang,9,0,0,97.78,3
mrt_pjy,13,1,1,35.03,1
lrt_kj,21,0,0,82.07,2
mrt_kajang,8,0,1,100.0,3
lrt_ampang,20,0,0,83.9,2
komuter_utara,19,1,0,44.44,1
mrt_kajang,9,0,0,91.27,3
mrt_pjy,11,0,0,69.85,2
ets,11,0,0,35.08,1
lrt_kj,14,0,0,90.14,3
lrt_kj,20,1,0,48.88,1
lrt_ampang,20,0,0,76.98,2
lrt_kj,18,0,0,100.0,3
lrt_kj,6,1,0,38.58,1
lrt_ampang,12,0,1,100.0,3
mrt_pjy,19,0,0,100.0,3
komuter,8,0,0,67.51,2
komuter,17,0,1,89.24,3
mrt_pjy,17,0,1,100.0,3
mrt_pjy,17,0,0,92.87,3
mrt_kajang,10,0,1,94.4,3
lrt_kj,19,0,0,99.68,3
komuter,11,0,0,38.08,1
komuter_utara,12,0,1,38.6,1
monorail,20,1,1,17.45,0
komuter,20,1,1,26.99,0
lrt_ampang,16,0,0,68.72,2
lrt_ampang,17,0,0,100.0,3
lrt_ampang,6,1,0,50.4,1
lrt_kj,8,0,0,100.0,3
lrt_ampang,13,1,0,39.77,1
lrt_ampang,16,0,0,76.09,2
monorail,14,1,0,12.09,0
mrt_kajang,10,1,0,53.64,1
lrt_kj,14,1,0,47.58,1
mrt_pjy,16,0,0,66.0,2
mrt_kajang,12,1,1,56.75,1
mrt_kajang,17,0,0,100.0,3
lrt_kj,17,0,0,100.0,3
lrt_kj,13,0,1,91.48,3
komuter,13,1,0,27.32,0
lrt_kj,15,0,1,99.17,3
lrt_kj,12,0,0,100.0,3
mrt_kajang,14,0,0,71.39,2
lrt_ampang,8,0,0,93.39,3
lrt_ampang,23,1,0,29.3,0
mrt_kajang,7,0,0,92.64,3
mrt_kajang,18,1,0,68.95,2
mrt_kajang,15,0,0,65.22,2
lrt_ampang,9,0,0,79.3,2
lrt_ampang,12,1,0,45.99,1
mrt_kajang,9,0,1,100.0,3
lrt_ampang,18,0,1,100.0,3
lrt_ampang,12,1,0,33.07,1
komuter,19,1,1,49.39,1
mrt_kajang,19,0,0,100.0,3
lrt_kj,21,0,0,92.98,3
komuter,11,0,0,54.55,1
lrt_kj,9,0,0,100.0,3
mrt_kajang,10,1,0,40.96,1
lrt_kj,7,0,0,100.0,3
lrt_ampang,14,1,1,66.98,2
komuter_utara,16,1,0,18.13,0
mrt_pjy,10,0,1,74.79,2
lrt_kj,7,0,1,100.0,3
lrt_ampang,19,0,0,96.04,3
lrt_ampang,20,0,0,72.81,2
mrt_kajang,9,0,0,99.58,3
lrt_kj,12,1,0,46.56,1
monorail,16,0,0,43.0,1
mrt_pjy,7,0,1,96.97,3
mrt_kajang,15,0,0,89.65,3
komuter,7,0,0,58.31,1
mrt_kajang,13,1,0,33.07,1
lrt_kj,18,0,0,100.0,3
monorail,18,0,0,70.23,2
mrt_kajang,17,0,0,100.0,3
mrt_pjy,16,0,0,66.58,2
lrt_kj,18,0,0,100.0,3
mrt_kajang,19,1,1,68.75,2
mrt_pjy,23,0,0,62.6,2
lrt_ampang,12,0,0,83.45,2
lrt_kj,18,0,0,100.0,3
mrt_kajang,15,1,0,28.6,0
mrt_kajang,18,0,0,100.0,3
mrt_kajang,13,0,0,70.31,2
lrt_kj,17,0,0,100.0,3
lrt_ampang,20,1,0,37.81,1
mrt_kajang,7,0,0,95.36,3
lrt_ampang,18,0,0,97.46,3
mrt_kajang,10,1,0,53.56,1
mrt_kajang,9,0,1,100.0,3
monorail,11,1,0,17.14,0
lrt_kj,9,0,0,100.0,3
lrt_ampang,15,1,0,35.06,1
lrt_ampang,21,0,1,83.47,2
lrt_ampang,10,1,0,44.68,1
lrt_ampang,7,0,0,100.0,3
lrt_kj,18,1,0,53.15,1
mrt_pjy,23,0,0,44.11,1
lrt_ampang,20,0,1,94.64,3
mrt_pjy,7,0,0,79.17,2
lrt_ampang,17,1,0,63.96,2
lrt_ampang,16,0,0,78.39,2
mrt_kajang,13,0,0,87.64,3
lrt_ampang,21,1,0,38.71,1
lrt_ampang,6,1,0,33.12,1
monorail,7,0,1,81.53,2
mrt_kajang,22,1,0,50.12,1
lrt_ampang,7,0,1,100.0,3
lrt_kj,17,0,0,100.0,3
lrt_ampang,8,1,0,52.12,1
lrt_ampang,16,0,0,72.23,2
mrt_kajang,7,0,0,99.14,3
monorail,7,0,0,58.58,1
mrt_kajang,17,0,0,100.0,3
lrt_ampang,7,0,0,84.01,2
lrt_ampang,19,1,1,74.21,2
mrt_kajang,7,0,1,100.0,3
lrt_kj,10,0,1,100.0,3
lrt_ampang,8,0,1,100.0,3
mrt_pjy,20,0,0,70.41,2
lrt_ampang,6,0,0,69.02,2
mrt_kajang,17,0,1,100.0,3
mrt_kajang,20,0,0,76.19,2
mrt_pjy,10,0,0,68.03,2
monorail,11,1,1,27.95,0
lrt_ampang,14,1,0,35.95,1
lrt_ampang,18,0,0,92.1,3
lrt_kj,20,0,0,99.34,3
mrt_kajang,7,0,1,100.0,3
mrt_pjy,21,0,1,80.3,2
lrt_ampang,12,0,0,81.17,2
komuter,11,1,0,18.77,0
mrt_pjy,9,1,0,44.87,1
mrt_kajang,15,0,0,88.24,3
lrt_kj,7,0,0,100.0,3
lrt_kj,8,0,1,100.0,3
mrt_kajang,20,1,1,35.5,1
lrt_ampang,19,0,0,100.0,3
tebrau,16,0,1,50.44,1
mrt_kajang,11,1,0,52.29,1
lrt_ampang,6,0,0,57.04,1
mrt_kajang,11,0,0,79.93,2
mrt_kajang,21,1,1,50.34,1
mrt_pjy,6,0,0,61.78,2
mrt_kajang,9,0,1,100.0,3
lrt_kj,15,0,0,83.73,2
mrt_kajang,18,0,1,100.0,3
lrt_ampang,17,0,0,100.0,3
lrt_ampang,9,0,0,93.71,3
lrt_ampang,8,0,1,96.74,3
komuter,16,0,0,42.93,1
komuter,7,0,0,61.49,2
mrt_kajang,17,0,0,100.0,3
mrt_kajang,11,0,0,87.63,3
mrt_pjy,6,0,0,66.69,2
mrt_kajang,15,1,0,44.24,1
komuter,13,1,0,24.57,0
lrt_ampang,17,0,1,100.0,3
lrt_kj,16,1,0,43.37,1
mrt_kajang,15,0,1,96.34,3
komuter,11,0,0,54.67,1
lrt_ampang,16,0,0,76.87,2
lrt_ampang,20,0,0,80.69,2
ets,9,1,1,44.41,1
mrt_kajang,11,0,1,100.0,3
lrt_kj,8,0,0,100.0,3
lrt_ampang,19,1,0,61.91,2
monorail,6,0,1,57.38,1
mrt_kajang,22,1,0,36.64,1
mrt_kajang,16,0,0,79.24,2
mrt_kajang,7,0,0,100.0,3
lrt_ampang,10,0,0,80.35,2
lrt_ampang,15,1,0,44.61,1
lrt_ampang,17,1,0,70.97,2
lrt_kj,14,0,0,92.09,3
lrt_kj,9,0,1,100.0,3
lrt_ampang,11,1,0,46.15,1
lrt_ampang,15,0,0,86.62,3
mrt_kajang,14,0,1,100.0,3
lrt_kj,13,0,0,83.78,2
intercity,16,0,0,35.19,1
mrt_kajang,22,0,0,84.58,2
lrt_ampang,7,0,0,98.1,3
ets,16,1,0,5.91,0
mrt_pjy,12,1,0,36.48,1
lrt_kj,11,0,0,84.03,2
lrt_ampang,17,0,0,100.0,3
komuter,8,0,0,56.22,1
lrt_ampang,14,0,0,79.11,2
mrt_pjy,16,0,1,86.65,3
lrt_ampang,23,0,0,59.55,1
mrt_pjy,19,0,0,84.77,2
mrt_kajang,23,1,1,28.96,0
lrt_kj,6,0,0,77.65,2
lrt_kj,21,0,0,92.48,3
komuter,12,0,1,56.61,1
lrt_kj,21,1,0,40.91,1
komuter_utara,20,0,0,38.22,1
lrt_ampang,19,0,0,99.21,3
lrt_ampang,15,1,0,41.24,1
mrt_kajang,8,0,1,100.0,3
mrt_kajang,9,1,0,65.73,2
lrt_ampang,19,0,0,100.0,3
mrt_pjy,9,0,1,94.26,3
mrt_kajang,10,0,1,89.61,3
lrt_kj,10,0,1,96.2,3
mrt_pjy,10,0,0,62.17,2
lrt_ampang,8,0,0,95.75,3
mrt_pjy,19,0,0,89.65,3
mrt_pjy,8,0,1,100.0,3
komuter,10,0,0,43.46,1
mrt_pjy,7,0,0,80.14,2
lrt_kj,12,1,0,57.56,1
lrt_kj,11,1,1,62.04,2
lrt_kj,20,0,1,100.0,3
lrt_ampang,10,0,1,88.83,3
mrt_kajang,9,0,0,87.03,3
mrt_kajang,7,0,0,100.0,3
monorail,9,0,1,69.42,2
lrt_kj,20,0,0,100.0,3
mrt_kajang,19,1,0,71.53,2
mrt_kajang,14,0,0,82.08,2
lrt_kj,6,0,0,84.03,2
monorail,6,0,0,54.21,1
mrt_kajang,18,1,1,75.82,2
komuter_utara,11,0,0,41.36,1
lrt_kj,9,0,1,100.0,3
lrt_kj,6,0,0,81.28,2
lrt_kj,13,1,0,44.25,1
mrt_kajang,21,1,0,36.38,1
lrt_kj,12,1,1,56.22,1
komuter_utara,10,0,0,42.57,1
lrt_kj,17,1,1,72.14,2
lrt_ampang,18,0,0,100.0,3
mrt_pjy,13,0,1,83.13,2
mrt_pjy,14,1,0,36.28,1
mrt_kajang,7,1,0,60.68,2
monorail,10,1,0,14.47,0
monorail,14,1,0,26.0,0
lrt_ampang,14,0,0,59.27,1
mrt_kajang,14,1,1,69.26,2
lrt_kj,16,0,0,92.07,3
lrt_ampang,19,0,0,97.69,3
monorail,8,0,1,75.8,2
lrt_kj,23,1,0,12.29,0
lrt_kj,15,1,0,55.16,1
mrt_kajang,15,0,1,92.39,3
lrt_kj,17,0,0,100.0,3
lrt_kj,7,0,0,100.0,3
lrt_kj,22,0,0,91.73,3
lrt_ampang,18,0,0,100.0,3
lrt_kj,17,0,0,100.0,3
mrt_kajang,16,1,0,45.82,1
lrt_ampang,20,0,0,82.36,2
mrt_kajang,12,0,1,90.02,3
lrt_ampang,16,0,0,68.21,2
mrt_kajang,6,0,0,82.7,2
lrt_kj,14,1,0,37.59,1
mrt_kajang,12,0,0,90.61,3
lrt_kj,18,0,0,100.0,3
ets,14,0,0,43.33,1
mrt_pjy,13,1,0,31.75,1
tebrau,7,0,1,61.59,2
lrt_ampang,19,0,1,99.74,3
mrt_kajang,12,0,0,71.1,2
mrt_kajang,17,0,0,97.7,3
lrt_kj,9,0,0,99.11,3
mrt_kajang,13,1,0,51.63,1
lrt_kj,21,0,0,97.63,3
mrt_kajang,16,0,0,92.24,3
tebrau,13,0,1,50.26,1
mrt_pjy,17,0,0,92.34,3
lrt_kj,16,0,1,97.95,3
lrt_ampang,18,0,0,94.69,3
lrt_ampang,8,0,0,93.24,3
monorail,21,1,1,35.58,1
mrt_pjy,17,0,0,94.1,3
mrt_kajang,10,0,0,88.0,3
lrt_kj,15,0,1,100.0,3
lrt_ampang,10,1,1,45.7,1
monorail,8,0,1,72.95,2
mrt_pjy,7,0,1,100.0,3
lrt_kj,16,1,0,44.85,1
mrt_pjy,20,0,0,64.77,2
lrt_kj,17,0,1,100.0,3
lrt_ampang,13,1,0,26.38,0
lrt_kj,21,0,0,83.26,2
komuter_utara,16,1,0,9.58,0
lrt_kj,7,0,1,100.0,3
mrt_pjy,13,1,0,18.87,0
mrt_pjy,10,1,0,29.56,0
lrt_ampang,11,0,0,71.59,2
mrt_pjy,13,1,1,49.42,1
mrt_kajang,7,0,1,100.0,3
lrt_kj,16,1,0,50.0,1
mrt_pjy,10,0,0,65.43,2
mrt_kajang,12,1,0,32.82,1
lrt_ampang,17,0,0,100.0,3
lrt_ampang,17,0,1,100.0,3
lrt_ampang,23,0,1,81.79,2
lrt_kj,7,0,0,99.03,3
lrt_kj,22,1,0,50.94,1
mrt_kajang,14,0,1,95.67,3
mrt_kajang,18,0,1,100.0,3
mrt_pjy,9,0,1,99.4,3
mrt_kajang,20,1,1,54.93,1
mrt_kajang,21,0,0,83.51,2
mrt_kajang,13,1,0,42.44,1
mrt_kajang,18,0,0,100.0,3
lrt_ampang,7,0,0,85.95,3
tebrau,19,1,1,45.8,1
mrt_kajang,11,1,0,49.97,1
lrt_kj,22,1,1,43.82,1
mrt_kajang,14,0,1,93.56,3
lrt_kj,8,0,0,100.0,3
mrt_pjy,20,0,1,73.12,2
lrt_ampang,11,1,0,47.59,1
mrt_kajang,6,1,0,43.48,1
monorail,19,0,0,79.32,2
lrt_kj,16,0,0,100.0,3
mrt_kajang,8,0,1,100.0,3
mrt_pjy,15,0,0,72.38,2
mrt_pjy,10,1,0,35.95,1
monorail,9,0,0,71.91,2
mrt_pjy,10,0,0,65.04,2
komuter_utara,18,1,0,51.32,1
mrt_pjy,12,0,0,68.26,2
mrt_kajang,16,0,0,79.2,2
komuter,10,0,0,55.28,1
mrt_kajang,17,0,1,100.0,3
mrt_kajang,17,0,0,100.0,3
lrt_kj,12,0,0,84.46,2
mrt_pjy,17,0,0,100.0,3
lrt_kj,11,1,0,48.41,1
lrt_ampang,17,0,1,100.0,3
mrt_kajang,23,0,0,52.03,1
lrt_kj,7,0,1,100.0,3
mrt_pjy,15,0,1,75.56,2
lrt_kj,13,0,0,100.0,3
lrt_kj,6,1,0,41.26,1
lrt_kj,9,0,0,100.0,3
komuter,22,1,0,31.37,1
mrt_kajang,21,0,0,66.95,2
mrt_kajang,15,0,0,96.94,3
lrt_kj,15,0,1,95.51,3
lrt_ampang,18,1,0,61.66,2
lrt_ampang,12,1,1,55.43,1
lrt_kj,20,0,1,100.0,3
lrt_kj,20,0,0,88.97,3
mrt_pjy,22,1,0,25.01,0
mrt_pjy,21,0,0,72.81,2
lrt_ampang,20,0,0,77.35,2
monorail,13,1,0,22.69,0
lrt_kj,15,0,0,86.71,3
lrt_ampang,17,0,0,86.16,3
tebrau,19,0,0,76.69,2
monorail,18,0,0,70.24,2
lrt_kj,19,1,0,63.29,2
mrt_pjy,19,1,0,43.04,1
mrt_pjy,19,0,0,96.04,3
mrt_pjy,12,0,0,71.5,2
lrt_kj,23,1,1,36.14,1
komuter,22,1,0,19.03,0
tebrau,19,0,1,68.84,2
monorail,12,1,1,44.49,1
mrt_kajang,13,1,0,40.78,1
lrt_ampang,12,0,0,69.75,2
lrt_ampang,20,0,0,74.14,2
monorail,9,0,0,66.9,2
lrt_kj,11,0,1,94.36,3
lrt_kj,7,1,0,75.6,2
mrt_kajang,17,0,0,100.0,3
lrt_kj,15,1,1,54.53,1
lrt_ampang,11,0,0,82.38,2
komuter,12,0,1,50.16,1
mrt_kajang,9,1,1,82.33,2
lrt_kj,7,0,0,100.0,3
lrt_kj,11,0,0,94.44,3
mrt_pjy,7,0,1,78.5,2
lrt_ampang,18,0,0,99.34,3
lrt_ampang,22,1,1,49.09,1
lrt_ampang,9,0,0,92.98,3
lrt_ampang,7,0,0,92.54,3
lrt_ampang,9,0,1,98.77,3
mrt_pjy,11,1,0,23.65,0
lrt_ampang,20,1,0,40.78,1
mrt_pjy,7,1,0,54.11,1
mrt_pjy,14,0,0,62.76,2
mrt_pjy,6,0,0,79.7,2
komuter_utara,20,0,0,41.45,1
lrt_kj,16,0,0,80.08,2
intercity,8,0,0,43.18,1
lrt_ampang,8,0,0,96.37,3
mrt_kajang,8,1,0,60.89,2
lrt_kj,7,0,1,100.0,3
mrt_kajang,17,0,0,100.0,3
lrt_ampang,17,0,0,100.0,3
komuter_utara,7,1,1,55.58,1
lrt_kj,8,1,1,65.73,2
mrt_kajang,14,1,0,53.39,1
lrt_ampang,18,0,0,90.5,3
lrt_kj,9,0,0,100.0,3
lrt_ampang,15,0,0,81.55,2
lrt_ampang,17,0,0,96.19,3
lrt_kj,8,0,0,100.0,3
lrt_ampang,12,0,0,86.29,3
mrt_kajang,19,0,0,100.0,3
mrt_pjy,9,0,1,100.0,3
monorail,17,0,1,86.32,3
lrt_kj,23,1,1,32.99,1
lrt_ampang,10,1,0,26.19,0
monorail,7,0,0,77.9,2
intercity,11,0,0,38.51,1
mrt_pjy,10,0,0,65.87,2
mrt_kajang,22,1,0,38.1,1
lrt_ampang,9,0,0,96.13,3
lrt_ampang,10,0,0,68.38,2
lrt_kj,7,1,0,70.17,2
komuter,8,0,0,61.07,2
lrt_kj,10,1,0,54.21,1
lrt_kj,16,1,1,57.7,1
mrt_kajang,9,1,0,62.32,2
mrt_pjy,19,0,0,83.07,2
lrt_kj,8,0,0,100.0,3
lrt_kj,17,0,0,100.0,3
lrt_kj,17,0,0,100.0,3
mrt_kajang,9,1,1,75.83,2
lrt_ampang,16,0,0,71.55,2
lrt_kj,8,0,0,100.0,3
monorail,18,1,1,49.42,1
mrt_pjy,16,1,0,22.85,0
mrt_kajang,9,1,0,64.34,2
lrt_ampang,19,0,0,100.0,3
lrt_kj,18,0,1,100.0,3
lrt_ampang,6,0,1,91.63,3
lrt_kj,23,1,0,21.4,0
mrt_kajang,7,0,1,100.0,3
lrt_kj,9,0,1,100.0,3
lrt_kj,13,1,0,48.94,1
lrt_ampang,6,0,0,92.15,3
mrt_kajang,16,1,0,33.8,1
lrt_kj,20,0,1,100.0,3
lrt_ampang,8,0,0,88.96,3
intercity,15,1,0,10.97,0
lrt_kj,19,0,0,100.0,3
ets,11,1,0,0.0,0
monorail,11,0,1,64.35,2
monorail,7,0,1,72.29,2
mrt_kajang,18,0,0,100.0,3
komuter,8,1,0,41.38,1
mrt_kajang,7,1,0,68.38,2
lrt_kj,16,0,0,90.6,3
mrt_kajang,16,0,0,87.47,3
lrt_kj,21,0,0,81.38,2
mrt_pjy,8,0,0,79.72,2
lrt_kj,13,1,0,46.4,1
tebrau,18,0,0,56.39,1
lrt_ampang,15,0,0,79.32,2
lrt_kj,21,0,1,89.95,3
lrt_ampang,9,0,1,100.0,3
lrt_ampang,17,0,0,100.0,3
lrt_ampang,23,0,0,67.6,2
mrt_kajang,6,0,0,83.82,2
lrt_ampang,20,1,0,44.03,1
lrt_ampang,18,0,0,93.13,3
mrt_kajang,11,1,0,30.75,1
lrt_kj,14,0,0,91.36,3
lrt_kj,18,0,0,100.0,3
mrt_pjy,13,1,0,24.89,0
lrt_ampang,10,0,0,78.47,2
lrt_kj,15,0,0,86.76,3
lrt_kj,8,0,1,100.0,3
lrt_kj,17,0,0,100.0,3
lrt_kj,13,0,0,90.03,3
mrt_kajang,9,0,1,100.0,3
lrt_kj,19,0,1,100.0,3
lrt_ampang,17,0,0,100.0,3
lrt_ampang,10,0,1,88.93,3
mrt_kajang,19,1,0,63.97,2
lrt_ampang,15,0,0,82.55,2
mrt_kajang,7,0,0,100.0,3
mrt_pjy,17,0,0,100.0,3
lrt_ampang,10,0,0,72.83,2
lrt_kj,17,0,0,100.0,3
lrt_kj,20,1,1,46.58,1
lrt_kj,16,0,0,100.0,3
lrt_kj,9,0,0,100.0,3
mrt_kajang,8,1,0,60.87,2
mrt_kajang,10,0,0,90.07,3
lrt_kj,7,0,0,100.0,3
komuter_utara,6,0,0,40.47,1
lrt_kj,17,0,0,100.0,3
ets,20,0,0,42.33,1
monorail,16,0,0,48.11,1
lrt_kj,18,1,0,64.74,2
lrt_ampang,17,0,0,100.0,3
lrt_ampang,12,0,0,86.54,3
mrt_kajang,16,0,0,75.46,2
mrt_pjy,22,1,1,46.02,1
mrt_kajang,7,0,0,100.0,3
lrt_kj,17,1,0,58.41,1
lrt_ampang,7,0,0,90.58,3
monorail,19,0,0,75.8,2
mrt_kajang,19,0,1,100.0,3
lrt_kj,14,0,0,89.51,3
lrt_ampang,11,0,1,99.51,3
lrt_ampang,15,0,1,100.0,3
mrt_kajang,16,0,0,77.19,2
lrt_ampang,16,0,0,77.68,2
lrt_kj,18,0,0,100.0,3
mrt_kajang,16,0,1,93.13,3
mrt_pjy,18,0,0,100.0,3
lrt_ampang,6,0,0,66.3,2
lrt_ampang,20,0,0,84.32,2
lrt_kj,17,0,0,100.0,3
lrt_kj,19,0,1,100.0,3
mrt_pjy,17,1,1,45.55,1
mrt_kajang,18,1,0,54.34,1
lrt_kj,20,1,1,54.83,1
mrt_kajang,16,1,1,49.08,1
mrt_kajang,9,0,0,98.19,3
mrt_kajang,12,0,0,82.31,2
mrt_pjy,23,0,1,65.75,2
lrt_ampang,10,1,0,41.72,1
mrt_kajang,7,0,1,100.0,3
lrt_kj,10,1,1,67.84,2
lrt_ampang,9,0,1,100.0,3
lrt_kj,8,0,0,99.95,3
lrt_ampang,22,1,0,25.8,0
lrt_kj,18,0,0,100.0,3
mrt_kajang,11,0,0,79.6,2
lrt_ampang,9,0,1,100.0,3
mrt_pjy,7,0,0,96.13,3
tebrau,15,1,0,15.57,0
lrt_kj,17,0,0,100.0,3
lrt_kj,14,0,0,88.11,3
mrt_kajang,19,0,0,100.0,3
mrt_kajang,7,0,1,100.0,3
lrt_ampang,11,0,0,71.71,2
lrt_kj,7,0,0,100.0,3
monorail,11,0,0,56.69,1
mrt_kajang,18,0,0,100.0,3
lrt_ampang,16,1,0,36.17,1
lrt_kj,15,0,1,100.0,3
lrt_ampang,19,0,0,96.64,3
mrt_pjy,16,1,0,18.58,0
mrt_kajang,9,0,0,100.0,3
lrt_kj,7,0,1,100.0,3
lrt_kj,16,0,0,84.49,2
lrt_ampang,6,0,0,80.17,2
mrt_kajang,10,0,0,72.79,2
komuter_utara,11,0,0,46.33,1
mrt_pjy,11,1,0,24.37,0
mrt_pjy,8,0,0,82.22,2
mrt_pjy,18,0,1,100.0,3
mrt_kajang,9,1,0,68.79,2
lrt_kj,15,1,0,36.85,1
mrt_kajang,17,0,0,100.0,3
mrt_kajang,6,0,0,78.91,2
mrt_kajang,7,0,0,100.0,3
lrt_ampang,19,0,0,95.77,3
mrt_pjy,13,0,1,81.87,2
lrt_kj,16,1,0,41.26,1
ets,8,0,0,56.84,1
lrt_ampang,9,0,0,96.56,3
lrt_ampang,18,0,1,100.0,3
mrt_pjy,12,0,0,66.29,2
mrt_kajang,17,0,1,100.0,3
lrt_kj,17,0,1,100.0,3
mrt_kajang,9,0,0,100.0,3
mrt_pjy,20,0,0,61.56,2
mrt_pjy,17,1,0,42.84,1
mrt_kajang,14,0,1,100.0,3
lrt_kj,15,0,0,97.0,3
lrt_ampang,7,1,1,69.44,2
lrt_kj,13,1,0,31.16,1
lrt_ampang,14,1,0,34.18,1
lrt_ampang,9,1,0,57.25,1
mrt_kajang,17,0,0,100.0,3
komuter,22,1,0,18.3,0
lrt_ampang,20,0,0,81.71,2
mrt_kajang,16,0,0,81.64,2
tebrau,8,0,0,45.58,1
mrt_pjy,17,0,0,98.7,3
mrt_pjy,19,0,0,96.75,3
lrt_kj,11,0,1,100.0,3
mrt_pjy,7,0,0,89.29,3
lrt_ampang,8,0,0,87.8,3
lrt_ampang,10,0,0,64.12,2
lrt_ampang,17,0,0,80.03,2
mrt_pjy,9,1,0,51.12,1
lrt_ampang,14,1,0,48.14,1
lrt_ampang,9,0,1,100.0,3
lrt_kj,16,0,1,100.0,3
lrt_ampang,19,0,0,97.95,3
ets,8,0,0,46.73,1
mrt_kajang,12,0,1,86.07,3
lrt_kj,16,0,1,98.67,3
lrt_kj,7,1,0,71.3,2
lrt_kj,16,0,0,91.31,3
mrt_kajang,17,0,0,100.0,3
mrt_kajang,17,0,1,100.0,3
mrt_kajang,6,1,0,38.75,1
lrt_kj,14,0,0,86.85,3
komuter,23,0,0,29.02,0
mrt_pjy,21,0,0,68.57,2
lrt_ampang,12,0,1,89.11,3
lrt_ampang,8,0,0,87.31,3
mrt_kajang,18,0,0,100.0,3
lrt_kj,10,1,0,38.12,1
lrt_ampang,8,1,0,46.64,1
mrt_kajang,7,0,0,100.0,3
mrt_kajang,6,0,0,87.43,3
mrt_kajang,21,0,0,92.22,3
mrt_kajang,16,0,0,86.97,3
lrt_kj,10,1,0,39.34,1
lrt_kj,22,1,0,37.83,1
lrt_ampang,17,0,0,93.92,3
mrt_pjy,17,0,0,89.79,3
mrt_kajang,8,0,0,94.03,3
lrt_kj,12,1,0,33.77,1
lrt_kj,20,0,0,89.37,3
lrt_ampang,17,0,0,97.03,3
monorail,13,0,0,56.1,1
lrt_kj,17,0,0,100.0,3
lrt_ampang,12,0,1,97.01,3
lrt_ampang,11,0,0,75.83,2
mrt_pjy,7,0,0,95.15,3
lrt_ampang,18,0,1,100.0,3
lrt_kj,22,0,0,91.02,3
mrt_pjy,16,0,0,62.18,2
mrt_pjy,13,0,0,75.03,2
mrt_kajang,12,1,0,50.89,1
lrt_kj,16,1,1,66.1,2
mrt_kajang,13,1,0,41.25,1
mrt_kajang,22,1,0,34.51,1
mrt_kajang,10,0,1,100.0,3
lrt_ampang,8,0,1,100.0,3
lrt_ampang,19,1,1,79.19,2
monorail,9,0,0,74.84,2
lrt_kj,13,1,0,45.39,1
ets,14,1,0,6.21,0
lrt_kj,12,0,1,100.0,3
lrt_ampang,8,0,1,100.0,3
lrt_ampang,17,0,1,99.33,3
lrt_kj,17,0,0,100.0,3
komuter_utara,19,0,0,59.76,1
lrt_ampang,10,0,0,85.5,3
mrt_kajang,21,0,0,78.55,2
lrt_ampang,13,0,1,85.41,3
mrt_kajang,20,0,0,84.85,2
mrt_kajang,18,0,1,100.0,3
mrt_kajang,11,0,1,91.91,3
lrt_kj,17,0,0,100.0,3
lrt_kj,15,0,1,100.0,3
lrt_kj,6,0,1,100.0,3
lrt_kj,7,0,0,100.0,3
mrt_kajang,11,1,1,46.45,1
mrt_pjy,16,0,1,89.95,3
lrt_kj,10,0,1,95.6,3
lrt_ampang,10,1,0,39.62,1
lrt_kj,15,1,0,35.77,1
lrt_kj,10,0,0,87.06,3
monorail,17,0,0,74.56,2
komuter,13,0,1,46.37,1
monorail,16,0,0,50.94,1
mrt_kajang,16,1,0,32.91,1
ets,16,0,1,52.51,1
mrt_kajang,8,1,0,63.56,2
lrt_ampang,22,1,1,52.62,1
mrt_kajang,8,0,0,100.0,3
mrt_pjy,15,0,0,65.77,2
komuter_utara,18,0,1,85.92,3
lrt_ampang,14,0,0,78.12,2
lrt_ampang,9,0,0,74.6,2
monorail,20,0,0,45.96,1
lrt_kj,7,0,0,100.0,3
mrt_pjy,9,0,1,100.0,3
lrt_ampang,15,1,1,48.61,1
mrt_kajang,11,1,0,41.97,1
lrt_ampang,6,1,1,49.99,1
mrt_kajang,17,0,0,100.0,3
mrt_kajang,20,0,1,100.0,3
mrt_pjy,17,0,1,88.76,3
mrt_kajang,16,0,1,100.0,3
mrt_kajang,22,1,0,45.79,1
mrt_kajang,6,0,0,78.13,2
lrt_kj,9,1,1,86.02,3
lrt_kj,20,0,0,100.0,3
mrt_pjy,16,0,0,79.39,2
monorail,13,0,1,68.33,2
lrt_kj,18,0,0,100.0,3
lrt_kj,14,0,0,85.88,3
lrt_kj,19,0,0,100.0,3
lrt_ampang,10,0,0,81.73,2
mrt_pjy,9,1,0,48.4,1
mrt_kajang,16,0,0,79.54,2
lrt_kj,12,0,1,100.0,3
komuter_utara,8,0,1,57.67,1
mrt_kajang,12,0,0,81.33,2
komuter,13,0,0,44.92,1
lrt_ampang,12,1,1,42.85,1
lrt_kj,18,0,0,100.0,3
monorail,12,0,1,53.97,1
mrt_kajang,10,1,0,35.78,1
lrt_kj,8,0,1,100.0,3
lrt_ampang,11,0,0,88.9,3
lrt_kj,11,0,0,87.91,3
ets,16,0,0,28.47,0
mrt_pjy,7,0,1,100.0,3
mrt_kajang,7,0,0,94.78,3
lrt_ampang,9,0,0,92.02,3
monorail,10,0,1,53.41,1
lrt_kj,18,0,1,100.0,3
mrt_kajang,9,0,0,87.73,3
lrt_kj,18,1,1,80.46,2
lrt_kj,17,0,0,100.0,3
mrt_pjy,12,1,0,42.45,1
mrt_kajang,7,0,0,100.0,3
lrt_kj,8,0,0,100.0,3
lrt_kj,12,1,1,47.18,1
lrt_ampang,7,0,0,89.29,3
lrt_kj,16,1,0,46.36,1
lrt_kj,22,1,0,28.1,0
mrt_kajang,17,0,1,100.0,3
lrt_ampang,8,1,0,53.04,1
mrt_kajang,8,0,1,100.0,3
mrt_pjy,14,0,0,74.22,2
mrt_kajang,19,0,1,100.0,3
mrt_pjy,6,0,0,74.03,2
lrt_ampang,8,0,0,78.05,2
lrt_ampang,9,1,1,66.36,2
lrt_ampang,9,0,1,100.0,3
lrt_ampang,16,0,0,74.87,2
lrt_ampang,9,0,1,99.69,3
lrt_kj,19,0,1,100.0,3
mrt_kajang,9,0,0,99.12,3
lrt_kj,15,1,1,41.9,1
lrt_kj,8,0,1,100.0,3
lrt_kj,17,0,0,99.81,3
monorail,15,0,0,27.12,0
lrt_kj,17,0,0,99.99,3
lrt_ampang,9,0,0,94.79,3
lrt_kj,9,1,0,61.18,2
mrt_pjy,8,0,1,91.56,3
lrt_ampang,6,0,0,81.4,2
komuter,9,1,0,28.2,0
lrt_ampang,16,0,0,72.32,2
mrt_kajang,19,0,0,100.0,3
mrt_pjy,21,0,0,75.71,2
lrt_kj,9,0,1,100.0,3
mrt_pjy,23,0,1,61.81,2
lrt_ampang,13,0,0,79.32,2
mrt_kajang,19,0,1,100.0,3
lrt_ampang,9,1,0,57.83,1
mrt_kajang,18,0,0,100.0,3
lrt_kj,7,0,0,100.0,3
mrt_kajang,17,1,0,61.28,2
lrt_ampang,9,0,0,98.83,3
lrt_kj,11,0,0,100.0,3
mrt_kajang,7,0,0,100.0,3
lrt_ampang,20,1,1,42.34,1
mrt_kajang,18,1,1,73.09,2
lrt_ampang,7,0,0,94.07,3
lrt_kj,10,1,0,34.93,1
mrt_kajang,6,0,0,85.68,3
mrt_kajang,10,1,1,69.3,2
lrt_ampang,9,0,0,98.07,3
lrt_kj,14,0,1,100.0,3
mrt_kajang,7,0,1,100.0,3
mrt_kajang,13,0,0,74.73,2
komuter_utara,8,0,0,72.39,2
lrt_ampang,18,1,0,56.26,1
lrt_kj,13,1,0,42.09,1
lrt_kj,15,1,0,30.9,1
mrt_pjy,8,0,1,100.0,3
lrt_kj,14,0,0,96.66,3
lrt_kj,18,0,0,100.0,3
mrt_pjy,20,0,0,69.86,2
komuter_utara,16,0,0,37.67,1
lrt_ampang,18,0,0,100.0,3
komuter,15,0,0,39.52,1
lrt_ampang,8,0,0,91.66,3
mrt_kajang,8,0,0,100.0,3
lrt_kj,20,0,0,97.01,3
lrt_ampang,12,0,1,89.34,3
lrt_kj,19,1,1,88.86,3
lrt_kj,12,0,0,81.14,2
mrt_kajang,9,0,0,97.45,3
lrt_ampang,11,1,1,55.89,1
mrt_kajang,19,0,0,100.0,3
lrt_kj,16,0,1,100.0,3
lrt_ampang,7,0,0,88.86,3
mrt_kajang,8,0,1,100.0,3
mrt_kajang,21,1,0,54.84,1
lrt_ampang,7,0,1,100.0,3
lrt_kj,18,0,0,100.0,3
mrt_pjy,15,0,1,73.98,2
komuter,11,0,0,54.19,1
lrt_kj,11,0,1,95.65,3
mrt_pjy,18,0,0,87.26,3
mrt_pjy,11,0,0,66.23,2
mrt_kajang,13,0,1,99.38,3
komuter,17,0,0,69.01,2
lrt_kj,10,0,0,100.0,3
komuter,9,0,0,67.96,2
ets,11,1,1,12.75,0
mrt_kajang,8,1,0,75.7,2
ets,15,0,1,52.71,1
mrt_kajang,11,1,1,51.27,1
mrt_pjy,18,1,0,52.72,1
lrt_ampang,9,1,0,49.19,1
lrt_kj,18,0,0,100.0,3
lrt_ampang,18,0,0,93.62,3
lrt_kj,20,0,0,78.68,2
lrt_ampang,15,0,1,85.56,3
lrt_kj,16,0,0,92.82,3
mrt_pjy,8,0,0,78.94,2
lrt_kj,7,0,0,100.0,3
komuter,12,1,0,19.1,0
lrt_kj,6,0,0,72.91,2
lrt_ampang,10,0,0,85.62,3
lrt_ampang,10,0,0,76.32,2
lrt_ampang,7,1,0,57.84,1
lrt_ampang,21,0,0,81.7,2
lrt_ampang,9,0,0,79.22,2
lrt_kj,18,0,1,100.0,3
mrt_kajang,19,0,0,100.0,3
lrt_kj,19,1,0,54.66,1
mrt_pjy,15,0,0,69.46,2
mrt_kajang,19,0,0,100.0,3
monorail,15,0,1,61.68,2
mrt_pjy,10,1,0,19.95,0
lrt_kj,10,0,0,100.0,3
mrt_kajang,11,0,1,99.04,3
lrt_kj,12,1,0,51.71,1
lrt_ampang,22,0,1,77.94,2
mrt_kajang,9,0,0,100.0,3
lrt_kj,16,1,0,39.92,1
komuter,8,0,0,58.24,1
mrt_kajang,16,0,0,84.4,2
lrt_kj,21,0,0,86.69,3
mrt_kajang,21,0,0,86.94,3
lrt_ampang,23,1,1,34.49,1
lrt_ampang,17,0,0,97.98,3
lrt_ampang,12,0,1,88.29,3
mrt_kajang,14,0,0,64.59,2
mrt_kajang,18,0,0,100.0,3
lrt_ampang,14,1,0,39.71,1
lrt_kj,16,0,1,100.0,3
mrt_pjy,13,0,0,64.3,2
lrt_ampang,18,0,0,100.0,3
lrt_kj,19,0,0,100.0,3
lrt_ampang,18,0,0,100.0,3
lrt_ampang,14,0,0,63.06,2
mrt_pjy,8,0,1,100.0,3
lrt_kj,11,0,0,93.77,3
monorail,17,0,0,71.01,2
komuter,13,1,0,27.47,0
mrt_kajang,19,0,0,100.0,3
monorail,18,0,0,65.98,2
tebrau,14,0,0,43.45,1
mrt_kajang,15,0,0,90.78,3
mrt_kajang,19,0,0,100.0,3
mrt_pjy,17,1,0,48.43,1
mrt_kajang,6,1,1,52.74,1
mrt_kajang,23,1,0,10.4,0
lrt_kj,9,1,1,67.18,2
lrt_kj,13,1,0,31.74,1
mrt_kajang,11,1,0,36.85,1
lrt_ampang,22,1,1,67.02,2
lrt_ampang,17,1,1,68.76,2
tebrau,18,1,0,45.63,1
lrt_kj,9,0,0,100.0,3
lrt_ampang,17,0,0,94.16,3
komuter,21,1,1,36.18,1
mrt_pjy,20,0,1,82.47,2
lrt_kj,18,0,0,100.0,3
monorail,17,0,1,86.84,3
mrt_kajang,14,0,0,93.27,3
mrt_pjy,10,0,0,74.72,2
mrt_kajang,20,1,0,53.78,1
mrt_pjy,10,0,1,81.06,2
lrt_kj,15,0,0,80.98,2
lrt_ampang,18,0,0,91.58,3
mrt_kajang,18,1,0,59.8,1
mrt_kajang,16,0,0,84.45,2
lrt_ampang,12,0,0,79.88,2
lrt_kj,6,0,0,100.0,3
lrt_ampang,16,0,1,93.03,3
lrt_kj,22,1,0,54.11,1
lrt_ampang,23,1,1,32.69,1
lrt_ampang,21,0,0,91.26,3
lrt_ampang,7,0,1,97.53,3
lrt_ampang,12,0,0,76.84,2
mrt_pjy,16,0,1,85.51,3
mrt_pjy,18,1,0,40.95,1
mrt_pjy,18,0,0,98.98,3
mrt_kajang,20,1,0,41.13,1
mrt_kajang,11,1,0,33.84,1
komuter,18,0,1,81.31,2
lrt_kj,19,0,0,100.0,3
lrt_kj,15,0,1,100.0,3
mrt_kajang,9,0,0,99.11,3
mrt_kajang,14,0,1,100.0,3
mrt_pjy,10,0,0,59.37,1
mrt_kajang,21,1,1,45.1,1
mrt_pjy,15,0,1,78.02,2
mrt_pjy,21,0,0,57.53,1
mrt_kajang,7,0,0,96.15,3
lrt_kj,18,1,0,72.04,2
lrt_kj,22,1,0,29.02,0
intercity,11,0,1,47.03,1
lrt_ampang,13,0,1,90.3,3
ets,18,0,0,69.02,2
mrt_kajang,12,0,0,76.81,2
mrt_kajang,6,0,1,100.0,3
lrt_kj,19,0,0,100.0,3
lrt_ampang,16,0,1,93.23,3
lrt_kj,19,1,1,84.45,2
mrt_kajang,16,0,0,89.37,3
lrt_ampang,17,1,0,66.99,2
monorail,11,0,1,49.92,1
mrt_pjy,19,0,0,100.0,3
lrt_ampang,17,0,0,99.53,3
mrt_pjy,9,0,1,100.0,3
komuter,14,0,1,37.09,1
mrt_kajang,15,0,0,86.85,3
mrt_pjy,16,0,0,66.08,2
mrt_pjy,9,0,0,79.28,2
komuter,12,0,1,54.97,1
mrt_kajang,12,0,0,82.23,2
lrt_kj,21,0,1,100.0,3
monorail,20,0,1,64.09,2
lrt_ampang,8,0,1,100.0,3
mrt_kajang,22,1,1,60.96,2
lrt_kj,9,1,0,58.33,1
mrt_kajang,14,1,0,48.33,1
mrt_kajang,16,0,0,80.6,2
lrt_kj,17,0,0,100.0,3
mrt_pjy,17,1,0,49.63,1
mrt_kajang,9,0,1,100.0,3
mrt_pjy,11,0,0,62.69,2
ets,18,0,0,52.24,1
mrt_pjy,10,1,1,40.6,1
mrt_pjy,13,0,0,77.2,2
lrt_kj,19,0,0,100.0,3
lrt_ampang,11,0,0,63.02,2
mrt_kajang,16,0,0,93.21,3
mrt_kajang,17,0,1,100.0,3
monorail,11,1,0,16.43,0
lrt_kj,16,0,0,92.92,3
mrt_kajang,8,0,0,92.71,3
lrt_kj,8,0,0,100.0,3
mrt_kajang,7,0,0,100.0,3
mrt_kajang,11,1,0,33.74,1
lrt_ampang,8,1,1,67.95,2
mrt_pjy,16,0,1,73.1,2
mrt_pjy,14,0,1,82.75,2
mrt_kajang,16,0,1,100.0,3
mrt_kajang,16,0,0,80.91,2
lrt_ampang,10,0,0,70.43,2
mrt_kajang,22,1,1,54.08,1
lrt_ampang,16,0,0,72.13,2
mrt_kajang,20,0,1,100.0,3
mrt_kajang,7,1,0,58.68,1
komuter,9,0,0,62.23,2
mrt_kajang,17,0,0,94.92,3
lrt_ampang,20,0,1,82.3,2
lrt_kj,8,0,0,100.0,3
mrt_pjy,9,0,0,100.0,3
mrt_kajang,7,0,0,98.57,3
lrt_kj,18,0,0,100.0,3
lrt_kj,13,0,1,100.0,3
mrt_pjy,8,0,0,87.06,3
mrt_kajang,21,1,0,32.42,1
mrt_pjy,15,1,1,46.23,1
lrt_kj,9,0,1,100.0,3
mrt_kajang,16,0,0,73.94,2
mrt_kajang,9,1,1,66.04,2
lrt_kj,18,0,1,100.0,3
mrt_kajang,10,0,1,85.76,3
mrt_kajang,22,1,0,32.93,1
mrt_pjy,16,0,0,72.82,2
mrt_kajang,23,0,0,73.66,2
lrt_ampang,13,0,1,86.43,3
lrt_kj,7,0,0,100.0,3
lrt_ampang,13,0,1,81.98,2
mrt_kajang,19,0,1,100.0,3
lrt_kj,10,1,0,41.05,1
mrt_pjy,18,1,0,55.16,1
mrt_kajang,18,0,0,100.0,3
mrt_pjy,6,0,0,66.55,2
lrt_kj,15,0,0,98.32,3
mrt_kajang,17,1,0,61.1,2
mrt_kajang,10,0,1,79.89,2
mrt_kajang,15,0,0,87.46,3
lrt_kj,10,1,0,31.1,1
mrt_kajang,14,0,0,74.39,2
mrt_kajang,18,0,0,98.8,3
mrt_kajang,20,0,1,94.25,3
lrt_kj,22,1,1,53.33,1
komuter,15,0,0,61.29,2
lrt_ampang,7,1,0,51.23,1
lrt_kj,13,0,0,99.79,3
lrt_ampang,10,1,1,39.3,1
mrt_kajang,7,0,0,100.0,3
mrt_pjy,15,0,1,83.53,2
mrt_pjy,14,0,0,76.65,2
mrt_kajang,17,0,0,100.0,3
mrt_kajang,6,1,0,41.22,1
mrt_pjy,19,0,0,86.72,3
lrt_kj,14,1,0,48.46,1
monorail,19,0,0,73.52,2
mrt_pjy,19,0,0,100.0,3
mrt_pjy,19,0,0,100.0,3
lrt_kj,7,0,0,99.65,3
mrt_kajang,8,0,0,88.06,3
lrt_ampang,18,0,0,99.09,3
mrt_pjy,16,0,0,61.21,2
lrt_kj,10,0,0,89.86,3
lrt_ampang,6,0,0,72.79,2
monorail,15,1,0,12.4,0
mrt_pjy,7,0,1,94.32,3
lrt_ampang,17,0,0,100.0,3
mrt_pjy,23,0,0,46.29,1
mrt_pjy,7,0,0,91.4,3
mrt_kajang,13,1,0,30.4,1
lrt_kj,7,0,0,100.0,3
lrt_ampang,16,0,0,72.88,2
lrt_ampang,20,1,0,27.67,0
mrt_kajang,9,0,0,100.0,3
lrt_kj,13,1,0,30.18,1
mrt_kajang,19,0,0,100.0,3
komuter,15,1,1,26.32,0
mrt_kajang,6,0,0,96.77,3
lrt_kj,14,1,0,50.45,1
lrt_kj,10,0,1,100.0,3
lrt_ampang,15,0,1,89.23,3
mrt_kajang,18,1,0,68.49,2
mrt_pjy,11,0,0,68.66,2
mrt_kajang,17,0,1,100.0,3
mrt_kajang,14,1,1,64.03,2
lrt_ampang,18,0,1,100.0,3
lrt_kj,8,1,0,53.03,1
lrt_kj,10,0,1,100.0,3
lrt_ampang,18,0,0,99.81,3
lrt_kj,6,1,0,48.8,1
mrt_pjy,20,1,0,32.5,1
lrt_kj,16,0,1,98.12,3
lrt_ampang,21,1,0,41.26,1
mrt_kajang,18,0,0,100.0,3
monorail,12,1,0,28.91,0
mrt_pjy,14,1,0,45.31,1
mrt_pjy,21,1,0,37.65,1
mrt_pjy,8,0,0,85.25,3
mrt_kajang,13,1,0,45.62,1
lrt_ampang,16,0,0,62.7,2
mrt_kajang,11,0,0,87.03,3
mrt_kajang,18,0,0,100.0,3
lrt_ampang,16,0,0,79.82,2
monorail,18,1,0,39.17,1
lrt_ampang,18,0,0,93.41,3
mrt_kajang,9,0,0,100.0,3
lrt_ampang,19,0,0,98.95,3
komuter_utara,13,1,0,15.94,0
monorail,14,0,0,52.68,1
lrt_ampang,12,0,1,88.84,3
lrt_kj,7,0,0,100.0,3
lrt_kj,20,0,0,96.61,3
lrt_kj,21,0,0,95.02,3
komuter,20,1,0,29.02,0
mrt_kajang,16,0,0,79.67,2
lrt_kj,8,0,0,100.0,3
lrt_ampang,17,0,0,92.66,3
komuter,11,1,0,13.38,0
lrt_ampang,18,0,0,100.0,3
lrt_kj,18,0,0,100.0,3
komuter_utara,10,0,0,40.68,1
mrt_pjy,8,0,0,79.28,2
lrt_kj,9,0,0,100.0,3
mrt_pjy,18,0,1,100.0,3
mrt_kajang,13,0,1,91.86,3
lrt_ampang,17,0,0,100.0,3
lrt_kj,8,0,1,100.0,3
lrt_ampang,7,0,1,100.0,3
mrt_kajang,18,0,0,100.0,3
mrt_pjy,19,1,0,58.36,1
lrt_ampang,21,1,0,41.75,1
komuter_utara,8,0,0,60.27,2
lrt_kj,11,1,0,42.0,1
lrt_kj,6,0,0,85.89,3
mrt_kajang,16,0,1,86.86,3
mrt_pjy,19,1,0,54.77,1
mrt_kajang,20,0,0,79.91,2
lrt_kj,8,1,1,77.24,2
lrt_ampang,7,0,1,100.0,3
mrt_kajang,9,0,0,97.16,3
mrt_pjy,16,0,1,67.68,2
lrt_kj,17,0,0,100.0,3
lrt_ampang,12,1,0,45.09,1
lrt_kj,7,0,0,100.0,3
mrt_pjy,15,0,0,69.58,2
mrt_kajang,19,0,0,94.08,3
mrt_pjy,15,0,1,84.73,2
lrt_kj,8,0,0,100.0,3
mrt_kajang,6,0,0,80.81,2
lrt_kj,14,1,0,42.83,1
mrt_kajang,15,1,0,43.21,1
mrt_pjy,20,0,0,75.47,2
lrt_kj,12,1,1,51.72,1
mrt_pjy,8,1,0,42.93,1
lrt_ampang,13,0,0,82.04,2
monorail,20,0,1,61.74,2
lrt_ampang,8,0,0,90.21,3
mrt_pjy,8,0,0,83.17,2
mrt_pjy,18,1,0,57.07,1
lrt_kj,12,1,0,41.82,1
lrt_ampang,14,0,0,76.48,2
mrt_kajang,18,0,1,100.0,3
mrt_kajang,10,0,0,73.94,2
mrt_kajang,20,0,0,81.19,2
mrt_pjy,14,0,1,91.25,3
mrt_kajang,8,1,0,47.5,1
mrt_kajang,13,0,0,89.46,3
mrt_kajang,18,0,0,100.0,3
komuter,9,0,0,60.3,2
mrt_pjy,15,0,0,71.15,2
lrt_ampang,8,0,0,94.89,3
lrt_ampang,8,1,0,67.04,2
mrt_pjy,19,0,0,99.97,3
mrt_kajang,11,1,0,49.08,1
monorail,23,1,0,5.64,0
mrt_pjy,7,0,0,80.23,2
mrt_kajang,9,1,0,53.01,1
monorail,18,0,0,80.85,2
lrt_kj,17,0,0,100.0,3
lrt_kj,20,0,1,100.0,3
mrt_kajang,7,0,0,94.63,3
lrt_kj,9,0,0,100.0,3
lrt_ampang,18,0,0,100.0,3
lrt_kj,17,0,0,100.0,3
mrt_pjy,21,0,0,72.58,2
mrt_kajang,15,1,1,58.1,1
lrt_kj,20,0,0,92.43,3
lrt_kj,22,0,0,85.16,3
lrt_kj,17,0,0,100.0,3
mrt_kajang,9,0,0,99.57,3
lrt_kj,14,0,0,89.7,3
komuter,17,0,0,68.58,2
lrt_ampang,15,0,0,90.19,3
lrt_kj,15,0,0,85.69,3
lrt_kj,18,0,1,100.0,3
lrt_kj,13,1,0,24.64,0
komuter,16,0,1,59.14,1
lrt_kj,19,0,1,100.0,3
lrt_ampang,7,0,0,81.64,2
ets,9,1,0,35.36,1
mrt_kajang,18,0,1,100.0,3
mrt_kajang,18,0,0,100.0,3
mrt_pjy,17,0,0,91.08,3
mrt_kajang,10,1,0,38.93,1
komuter_utara,8,0,0,51.56,1
intercity,18,1,0,41.61,1
komuter,11,1,1,28.19,0
mrt_pjy,8,0,0,83.37,2
mrt_pjy,6,1,0,14.2,0
mrt_pjy,11,1,1,53.06,1
mrt_kajang,6,1,1,56.29,1
mrt_kajang,10,0,0,80.63,2
lrt_kj,6,0,1,97.39,3
lrt_ampang,17,0,1,100.0,3
lrt_kj,18,0,1,100.0,3
lrt_ampang,15,0,0,75.91,2
mrt_kajang,15,0,0,80.38,2
lrt_kj,18,0,0,100.0,3
lrt_kj,7,0,0,100.0,3
lrt_kj,12,1,0,44.43,1
lrt_kj,13,0,0,100.0,3
ets,8,0,0,64.94,2
komuter_utara,13,1,0,12.33,0
lrt_kj,14,0,0,83.05,2
lrt_kj,21,1,1,54.72,1
mrt_kajang,17,0,0,100.0,3
mrt_kajang,22,0,1,93.99,3
komuter,8,0,0,75.1,2
lrt_kj,19,1,0,65.31,2
komuter,19,1,0,40.45,1
mrt_kajang,13,0,1,94.3,3
mrt_kajang,20,0,0,84.86,2
mrt_kajang,20,0,0,83.27,2
mrt_kajang,7,0,1,100.0,3
lrt_ampang,12,1,0,31.52,1
lrt_kj,21,1,1,36.46,1
mrt_pjy,12,0,1,94.31,3
lrt_kj,12,0,1,88.66,3
lrt_ampang,17,0,1,100.0,3
mrt_kajang,12,0,0,88.92,3
mrt_kajang,7,0,1,100.0,3
mrt_kajang,17,0,1,100.0,3
lrt_ampang,8,0,0,86.18,3
mrt_pjy,6,1,0,28.36,0
lrt_kj,16,0,0,91.11,3
mrt_pjy,18,0,0,91.33,3
mrt_pjy,7,0,0,82.75,2
mrt_pjy,17,1,0,46.85,1
mrt_kajang,20,0,0,83.77,2
mrt_pjy,17,0,0,95.19,3
mrt_kajang,9,0,0,100.0,3
lrt_kj,18,0,0,100.0,3
monorail,19,0,0,68.6,2
lrt_kj,18,0,0,100.0,3
mrt_pjy,15,0,0,67.24,2
mrt_kajang,17,0,0,100.0,3
lrt_kj,19,0,0,100.0,3
komuter,17,0,0,69.35,2
lrt_ampang,7,1,0,52.38,1
mrt_pjy,16,0,0,79.16,2
mrt_pjy,13,0,0,84.29,2
lrt_ampang,7,0,1,100.0,3
lrt_kj,13,0,0,82.95,2
lrt_kj,6,0,0,98.68,3
tebrau,20,0,0,28.69,0
tebrau,23,1,0,0.0,0
mrt_kajang,9,0,1,100.0,3
lrt_kj,21,0,0,98.94,3
lrt_ampang,14,1,0,38.12,1
mrt_kajang,13,1,1,57.28,1
mrt_pjy,19,1,0,55.88,1
lrt_ampang,11,0,0,82.07,2
lrt_ampang,6,1,0,38.22,1
lrt_kj,17,0,0,100.0,3
lrt_kj,8,0,0,100.0,3
mrt_pjy,15,1,0,32.76,1
mrt_kajang,21,0,0,87.37,3
mrt_pjy,12,0,0,67.97,2
mrt_pjy,10,0,0,86.05,3
lrt_ampang,17,0,1,100.0,3
lrt_kj,6,1,0,35.3,1
tebrau,19,1,0,41.72,1
komuter,18,0,1,79.76,2
lrt_kj,19,0,0,100.0,3
lrt_kj,8,0,0,100.0,3
monorail,8,0,1,72.77,2
lrt_ampang,7,0,0,100.0,3
lrt_kj,13,0,1,100.0,3
mrt_pjy,10,1,0,26.85,0
lrt_ampang,16,0,1,81.1,2
mrt_kajang,7,0,1,100.0,3
mrt_kajang,20,0,1,91.74,3
komuter,16,0,1,67.33,2
lrt_ampang,22,0,1,80.55,2
monorail,9,0,0,64.1,2
lrt_kj,15,1,0,37.35,1
lrt_kj,17,0,0,100.0,3
ets,17,0,0,60.54,2
mrt_kajang,15,0,0,73.9,2
lrt_kj,22,0,1,100.0,3
lrt_ampang,13,1,1,35.97,1
lrt_kj,20,0,0,88.84,3
mrt_pjy,10,0,0,74.7,2
lrt_kj,9,1,0,71.35,2
komuter_utara,16,0,0,49.02,1
mrt_kajang,19,0,1,100.0,3
lrt_kj,18,0,1,100.0,3
komuter_utara,9,0,0,59.96,1
mrt_pjy,22,0,1,71.64,2
mrt_kajang,13,0,0,74.92,2
lrt_kj,9,0,0,100.0,3
lrt_kj,21,0,0,91.71,3
lrt_ampang,12,0,1,91.97,3
lrt_kj,22,1,0,42.8,1
mrt_pjy,23,1,0,25.33,0
lrt_kj,18,0,0,100.0,3
mrt_kajang,16,0,0,79.07,2
lrt_ampang,16,0,1,100.0,3
lrt_kj,14,0,0,91.19,3
mrt_kajang,6,0,0,81.38,2
lrt_kj,12,1,0,43.3,1
lrt_ampang,18,1,0,60.7,2
lrt_kj,8,0,0,100.0,3
lrt_kj,7,0,0,100.0,3
lrt_kj,17,0,1,100.0,3
mrt_kajang,10,0,0,75.61,2
tebrau,7,0,0,52.62,1
lrt_ampang,17,0,0,100.0,3
mrt_pjy,7,0,0,86.47,3
monorail,19,0,0,74.37,2
monorail,10,0,0,47.69,1
lrt_kj,18,0,0,100.0,3
lrt_kj,17,0,0,100.0,3
mrt_pjy,16,1,0,39.63,1
lrt_ampang,8,0,0,95.12,3
lrt_ampang,21,1,0,28.72,0
lrt_kj,12,1,0,36.33,1
lrt_ampang,10,1,0,42.69,1
lrt_ampang,18,0,1,100.0,3
lrt_ampang,19,1,1,76.27,2
lrt_ampang,7,1,0,54.69,1
mrt_kajang,12,1,0,44.76,1
mrt_kajang,14,0,1,100.0,3
mrt_kajang,18,0,1,100.0,3
mrt_pjy,23,1,0,14.11,0
lrt_kj,15,0,0,97.31,3
lrt_ampang,23,1,0,33.48,1
lrt_ampang,17,0,0,100.0,3
lrt_kj,7,0,0,100.0,3
lrt_kj,8,1,0,65.76,2
lrt_kj,19,0,0,100.0,3
komuter_utara,14,0,0,31.04,1
komuter_utara,8,0,1,81.48,2
lrt_ampang,19,0,0,100.0,3
mrt_pjy,19,0,1,98.56,3
lrt_kj,14,0,0,81.44,2
mrt_pjy,15,0,0,70.58,2
mrt_kajang,7,0,0,92.68,3
mrt_kajang,19,0,0,100.0,3
mrt_kajang,8,0,1,100.0,3
lrt_ampang,18,0,1,100.0,3
mrt_pjy,17,0,1,100.0,3
mrt_pjy,9,0,0,71.39,2
lrt_kj,19,0,0,100.0,3
lrt_ampang,16,0,0,82.79,2
lrt_kj,19,0,0,100.0,3
lrt_ampang,18,0,0,100.0,3
mrt_kajang,17,1,0,64.77,2
mrt_kajang,9,0,0,100.0,3
komuter,8,0,0,64.85,2
monorail,18,0,0,74.11,2
lrt_kj,14,0,0,89.93,3
lrt_kj,18,0,1,100.0,3
mrt_kajang,7,0,1,100.0,3
mrt_kajang,22,0,0,78.84,2
mrt_kajang,17,0,0,100.0,3
lrt_kj,8,1,0,62.86,2
mrt_pjy,12,1,1,38.6,1
mrt_kajang,12,0,1,100.0,3
lrt_kj,9,1,1,67.52,2
mrt_pjy,8,0,1,100.0,3
lrt_ampang,17,0,0,95.96,3
lrt_kj,15,0,0,85.86,3
lrt_kj,7,0,0,100.0,3
lrt_ampang,9,0,0,93.72,3
lrt_ampang,13,1,1,50.36,1
mrt_kajang,17,0,0,100.0,3
mrt_pjy,21,0,1,93.97,3
mrt_kajang,7,1,0,48.55,1
mrt_pjy,15,0,0,67.08,2
lrt_kj,14,0,0,90.43,3
lrt_kj,21,1,1,55.1,1
mrt_pjy,17,1,0,58.56,1
tebrau,23,1,0,3.0,0
mrt_pjy,15,0,0,78.39,2
mrt_pjy,8,0,0,92.68,3
lrt_kj,9,0,0,100.0,3
lrt_kj,17,0,0,100.0,3
lrt_kj,13,0,0,77.64,2
mrt_kajang,19,0,0,100.0,3
mrt_kajang,20,0,1,100.0,3
mrt_kajang,9,1,1,68.17,2
tebrau,6,0,0,42.1,1
intercity,16,1,0,9.39,0
lrt_ampang,14,1,0,38.89,1
lrt_kj,11,1,0,35.0,1
mrt_kajang,11,1,0,39.16,1
lrt_kj,15,1,0,43.61,1
mrt_kajang,18,0,0,97.02,3
mrt_kajang,8,1,0,73.38,2
lrt_kj,7,0,0,100.0,3
mrt_kajang,21,0,0,74.3,2
mrt_kajang,16,0,0,90.34,3
mrt_kajang,15,0,0,76.68,2
mrt_pjy,8,0,0,95.27,3
lrt_ampang,18,0,1,100.0,3
lrt_kj,15,0,1,100.0,3
lrt_kj,13,1,1,69.29,2
lrt_kj,13,1,0,40.41,1
ets,8,0,0,51.28,1
mrt_kajang,23,1,0,21.78,0
lrt_ampang,8,1,0,51.94,1
mrt_kajang,16,0,1,83.33,2
monorail,21,0,1,62.04,2
lrt_kj,19,0,1,100.0,3
mrt_kajang,8,0,0,100.0,3
lrt_ampang,11,1,1,32.47,1
lrt_kj,6,0,0,92.95,3
mrt_pjy,23,1,0,18.12,0
mrt_kajang,22,1,1,57.52,1
komuter,7,0,0,57.64,1
mrt_kajang,10,0,0,80.08,2
lrt_ampang,18,0,0,100.0,3
monorail,8,0,1,72.79,2
mrt_kajang,9,0,0,96.55,3
mrt_pjy,18,0,0,91.17,3
lrt_kj,16,0,0,94.85,3
mrt_kajang,6,0,1,100.0,3
mrt_pjy,15,1,0,22.01,0
mrt_kajang,9,1,0,48.65,1
lrt_kj,6,1,0,34.09,1
lrt_ampang,12,1,0,41.05,1
lrt_kj,14,0,0,90.86,3
mrt_pjy,13,0,1,86.33,3
monorail,11,1,0,22.51,0
lrt_ampang,10,1,0,43.41,1
lrt_kj,18,0,1,100.0,3
lrt_kj,20,0,1,100.0,3
lrt_kj,7,0,1,100.0,3
mrt_pjy,11,1,0,19.37,0
mrt_pjy,19,0,1,100.0,3
mrt_pjy,13,0,0,66.0,2
mrt_kajang,9,0,1,100.0,3
mrt_pjy,12,1,0,40.51,1
mrt_pjy,10,0,0,67.97,2
lrt_ampang,9,1,1,66.19,2
mrt_pjy,16,0,0,45.33,1
lrt_kj,17,0,1,100.0,3
lrt_ampang,7,0,0,87.06,3
tebrau,15,0,1,40.95,1
mrt_kajang,7,0,0,100.0,3
lrt_ampang,17,0,0,92.31,3
mrt_kajang,11,0,0,87.51,3
mrt_kajang,6,1,1,44.7,1
komuter_utara,10,0,1,50.25,1
mrt_kajang,9,0,0,98.44,3
mrt_pjy,12,0,1,76.45,2
mrt_kajang,8,0,1,100.0,3
mrt_pjy,19,1,0,62.35,2
lrt_ampang,10,0,1,97.01,3
mrt_kajang,9,0,0,100.0,3
lrt_kj,20,0,1,100.0,3
mrt_pjy,7,1,0,46.41,1
lrt_kj,9,0,0,100.0,3
mrt_kajang,7,1,0,61.7,2
mrt_kajang,19,0,1,100.0,3
lrt_kj,10,0,0,86.55,3
lrt_kj,16,0,1,100.0,3
lrt_kj,6,1,0,53.36,1
mrt_kajang,16,0,1,80.68,2
komuter,21,0,0,42.43,1
lrt_ampang,17,0,0,100.0,3
mrt_kajang,8,0,0,100.0,3
lrt_kj,9,0,0,100.0,3
lrt_kj,19,0,1,100.0,3
mrt_pjy,17,1,0,62.98,2
mrt_pjy,17,0,0,93.02,3
mrt_pjy,17,0,1,99.12,3
monorail,7,1,0,38.17,1
lrt_kj,18,0,0,100.0,3
mrt_pjy,8,0,0,88.07,3
lrt_ampang,6,0,0,80.8,2
lrt_kj,9,0,0,100.0,3
lrt_ampang,23,0,0,59.91,1
mrt_kajang,6,1,0,35.34,1
mrt_kajang,19,0,0,100.0,3
lrt_ampang,18,0,0,94.75,3
mrt_kajang,19,1,1,85.69,3
lrt_kj,9,1,0,51.75,1
mrt_kajang,21,0,0,97.46,3
monorail,19,0,0,80.01,2
mrt_kajang,19,0,1,100.0,3
lrt_kj,10,0,1,100.0,3
mrt_pjy,9,0,0,90.45,3
lrt_ampang,15,1,0,41.04,1
lrt_kj,19,0,1,100.0,3
monorail,8,0,0,71.23,2
lrt_kj,14,1,0,46.7,1
mrt_pjy,16,0,0,62.77,2
lrt_kj,9,0,0,100.0,3
lrt_kj,7,0,0,100.0,3
mrt_kajang,17,0,0,100.0,3
lrt_ampang,16,1,0,39.31,1
lrt_kj,10,1,1,54.42,1
mrt_kajang,18,0,0,100.0,3
mrt_kajang,7,0,0,84.62,2
mrt_pjy,9,0,0,94.07,3
mrt_kajang,14,0,0,77.79,2
mrt_kajang,13,0,1,97.07,3
lrt_kj,17,0,0,100.0,3
lrt_ampang,15,1,0,52.72,1
lrt_ampang,6,0,0,79.82,2
lrt_kj,13,0,1,100.0,3
mrt_pjy,11,0,0,68.34,2
lrt_ampang,18,0,0,98.52,3
lrt_kj,22,1,0,38.29,1
lrt_kj,8,0,1,100.0,3
lrt_kj,11,0,0,92.39,3
komuter,6,1,0,13.77,0
mrt_kajang,16,1,0,55.4,1
lrt_ampang,17,0,0,91.58,3
monorail,15,1,0,27.11,0
ets,8,0,1,71.6,2
lrt_ampang,20,1,0,48.46,1
lrt_ampang,8,1,0,55.87,1
lrt_kj,20,0,0,86.61,3
monorail,7,0,0,66.52,2
mrt_pjy,17,0,0,89.05,3
lrt_kj,10,0,0,95.2,3
lrt_ampang,10,1,0,32.56,1
mrt_kajang,17,0,0,100.0,3
mrt_pjy,15,1,1,41.86,1
tebrau,8,0,1,89.82,3
mrt_pjy,19,0,0,95.83,3
lrt_kj,18,0,0,100.0,3
lrt_ampang,10,1,1,52.73,1
lrt_ampang,8,0,0,85.22,3
lrt_ampang,10,0,0,75.1,2
mrt_kajang,12,0,0,100.0,3
lrt_kj,15,1,0,44.66,1
mrt_pjy,19,0,0,97.4,3
lrt_ampang,18,0,0,100.0,3
komuter,14,1,1,32.01,1
mrt_kajang,18,0,1,100.0,3
mrt_kajang,9,0,1,100.0,3
lrt_kj,14,1,0,32.27,1
lrt_kj,11,0,0,91.11,3
mrt_kajang,9,0,0,83.71,2
mrt_pjy,13,1,0,34.08,1
lrt_ampang,23,1,0,12.74,0
lrt_kj,17,0,0,100.0,3
lrt_kj,20,0,1,100.0,3
lrt_kj,9,0,0,100.0,3
lrt_kj,10,1,0,39.44,1
lrt_kj,8,1,0,53.94,1
monorail,15,0,1,57.36,1
lrt_ampang,15,1,0,25.51,0
lrt_kj,19,0,0,100.0,3
lrt_kj,8,0,1,100.0,3
komuter,8,0,0,62.12,2
mrt_pjy,18,0,0,94.98,3
lrt_kj,9,1,1,75.35,2
lrt_ampang,21,1,0,41.43,1
mrt_pjy,16,0,0,72.3,2
lrt_kj,12,0,1,100.0,3
lrt_ampang,14,0,0,65.85,2
lrt_ampang,16,0,1,95.8,3
lrt_kj,7,1,0,59.6,1
lrt_kj,22,1,0,29.65,0
lrt_kj,16,0,0,82.64,2
mrt_kajang,16,0,0,68.51,2
mrt_pjy,6,1,0,25.83,0
mrt_kajang,17,0,1,100.0,3
lrt_kj,7,0,0,100.0,3
mrt_pjy,12,0,0,65.4,2
ets,14,0,1,62.17,2
lrt_kj,21,0,0,82.1,2
mrt_pjy,9,1,1,71.15,2
lrt_kj,19,1,0,63.51,2
mrt_kajang,22,1,1,60.17,2
tebrau,14,0,0,25.31,0
lrt_kj,20,0,1,98.63,3
lrt_kj,16,0,1,99.93,3
lrt_ampang,10,1,0,28.28,0
mrt_kajang,15,0,0,82.32,2
lrt_ampang,20,1,0,39.54,1
lrt_ampang,18,1,0,65.3,2
tebrau,17,0,1,92.39,3
lrt_kj,21,1,0,42.88,1
mrt_pjy,10,0,0,63.52,2
mrt_kajang,20,0,1,100.0,3
mrt_pjy,21,0,0,66.95,2
mrt_kajang,6,0,0,73.81,2
mrt_pjy,8,0,0,91.51,3
lrt_ampang,16,0,1,86.93,3
mrt_kajang,12,1,1,60.84,2
lrt_kj,18,0,1,100.0,3
komuter_utara,20,0,0,38.94,1
lrt_kj,10,1,0,53.17,1
mrt_pjy,8,0,0,90.97,3
lrt_ampang,21,1,0,40.23,1
lrt_kj,19,0,0,100.0,3
mrt_pjy,19,0,0,98.26,3
lrt_kj,14,0,1,91.68,3
komuter,7,0,0,67.49,2
mrt_kajang,6,1,1,67.82,2
mrt_kajang,20,0,0,91.84,3
mrt_pjy,11,0,0,75.68,2
lrt_kj,22,0,1,100.0,3
mrt_kajang,9,1,0,64.51,2
lrt_kj,16,0,0,90.84,3
lrt_kj,9,0,0,100.0,3
lrt_kj,8,0,0,100.0,3
mrt_kajang,13,0,0,92.7,3
mrt_kajang,12,1,0,39.15,1
lrt_ampang,11,0,0,71.47,2
lrt_kj,14,0,0,92.01,3
lrt_ampang,15,1,0,39.61,1
lrt_ampang,8,0,0,100.0,3
lrt_kj,16,0,0,95.24,3
lrt_ampang,19,1,1,73.75,2
mrt_kajang,7,0,0,100.0,3
lrt_kj,23,1,0,21.49,0
mrt_kajang,19,1,0,65.02,2
mrt_pjy,19,1,1,78.36,2
mrt_pjy,6,0,0,57.2,1
mrt_pjy,11,1,0,35.54,1
mrt_kajang,11,0,0,86.07,3
mrt_kajang,10,1,0,38.27,1
lrt_kj,7,0,1,100.0,3
lrt_kj,6,0,0,84.75,2
mrt_pjy,6,0,0,65.94,2
lrt_ampang,19,0,0,100.0,3
lrt_kj,17,0,1,100.0,3
lrt_kj,12,1,0,33.37,1
lrt_ampang,18,0,1,98.24,3
mrt_kajang,6,0,0,79.38,2
lrt_kj,8,0,1,100.0,3
mrt_pjy,8,0,0,79.31,2
mrt_pjy,14,0,0,77.23,2
mrt_kajang,16,0,0,76.37,2
mrt_kajang,13,0,0,80.05,2
lrt_ampang,12,1,0,38.24,1
lrt_kj,9,1,0,50.7,1
lrt_kj,19,1,0,52.03,1
mrt_kajang,19,0,0,94.94,3
mrt_pjy,20,0,0,64.19,2
mrt_kajang,17,0,0,100.0,3
lrt_kj,16,1,0,37.08,1
lrt_ampang,10,0,0,67.52,2
komuter,21,0,0,46.94,1
mrt_pjy,18,0,0,78.02,2
mrt_kajang,9,0,0,93.28,3
mrt_kajang,21,0,0,92.56,3
lrt_kj,14,0,0,83.99,2
lrt_ampang,17,0,0,100.0,3
mrt_kajang,12,0,1,88.15,3
lrt_kj,6,0,0,76.81,2
lrt_ampang,7,0,0,93.53,3
lrt_kj,14,1,0,48.11,1
mrt_kajang,12,0,0,80.03,2
mrt_kajang,20,0,1,96.47,3
lrt_kj,9,0,1,100.0,3
mrt_pjy,9,0,0,93.88,3
lrt_kj,14,1,1,44.16,1
lrt_kj,7,0,0,100.0,3
lrt_kj,16,0,1,100.0,3
intercity,14,0,0,43.92,1
mrt_kajang,6,0,0,79.3,2
mrt_kajang,20,0,1,96.64,3
mrt_kajang,16,0,1,86.56,3
mrt_pjy,8,0,1,93.4,3
monorail,14,1,0,25.31,0
lrt_kj,20,0,0,76.18,2
mrt_pjy,11,1,1,44.5,1
lrt_kj,13,0,1,100.0,3
lrt_ampang,13,1,1,57.96,1
mrt_kajang,20,0,0,88.96,3
lrt_ampang,13,0,0,74.37,2
lrt_kj,10,1,0,41.23,1
lrt_kj,22,1,0,48.11,1
lrt_ampang,19,0,0,100.0,3
mrt_kajang,17,0,0,100.0,3
lrt_kj,21,0,0,88.7,3
mrt_pjy,18,0,0,82.05,2
mrt_kajang,12,0,0,88.42,3
lrt_ampang,8,0,0,92.63,3
komuter,21,1,0,34.18,1
lrt_kj,18,0,0,100.0,3
mrt_kajang,18,0,0,100.0,3
mrt_kajang,10,0,0,87.51,3
lrt_kj,17,0,1,100.0,3
lrt_ampang,12,0,1,87.39,3
mrt_kajang,16,0,0,88.26,3
lrt_kj,13,1,0,47.29,1
lrt_kj,7,0,1,100.0,3
mrt_kajang,12,0,0,78.73,2
komuter,6,0,0,40.71,1
lrt_kj,7,0,0,100.0,3
lrt_ampang,20,0,0,72.67,2
mrt_kajang,18,0,0,100.0,3
mrt_pjy,17,0,0,89.65,3
monorail,16,0,0,49.31,1
lrt_ampang,6,1,0,38.55,1
lrt_kj,8,0,1,100.0,3
mrt_kajang,19,0,1,100.0,3
monorail,7,1,0,42.57,1
mrt_kajang,10,0,1,87.25,3
mrt_kajang,10,1,1,55.3,1
komuter_utara,15,0,0,55.27,1
lrt_kj,14,0,0,86.11,3
mrt_kajang,20,0,0,84.79,2
mrt_kajang,16,1,0,36.66,1
mrt_kajang,17,1,0,69.83,2
mrt_pjy,17,0,0,86.67,3
lrt_kj,17,0,0,100.0,3
mrt_kajang,11,0,0,77.76,2
mrt_kajang,11,1,0,36.3,1
monorail,18,0,0,75.86,2
komuter,16,0,1,64.59,2
lrt_ampang,18,0,1,100.0,3
mrt_kajang,9,0,0,98.54,3
mrt_pjy,20,0,1,85.08,3
mrt_kajang,7,0,1,100.0,3
mrt_pjy,12,0,0,58.15,1
lrt_kj,19,0,1,100.0,3
mrt_kajang,9,0,0,99.66,3
komuter,11,1,0,14.18,0
lrt_ampang,21,1,0,41.39,1
lrt_ampang,16,0,0,75.92,2
lrt_ampang,16,0,1,90.5,3
lrt_kj,17,0,0,100.0,3
mrt_pjy,16,0,1,68.6,2
lrt_ampang,20,0,0,86.42,3
komuter,12,0,0,49.52,1
intercity,15,1,1,31.67,1
lrt_ampang,17,0,0,91.8,3
mrt_kajang,16,0,1,100.0,3
monorail,17,0,0,72.23,2
mrt_kajang,15,1,0,33.81,1
komuter_utara,15,0,0,44.31,1
lrt_kj,10,0,0,94.38,3
mrt_pjy,11,1,0,30.31,1
mrt_kajang,14,1,0,35.99,1
lrt_ampang,9,1,1,76.28,2
lrt_ampang,17,0,0,100.0,3
lrt_kj,15,0,0,96.65,3
komuter,14,0,0,53.03,1
mrt_kajang,10,0,0,70.62,2
lrt_ampang,18,0,0,100.0,3
mrt_kajang,12,0,1,100.0,3
monorail,9,0,0,75.68,2
lrt_kj,10,1,0,37.49,1
lrt_ampang,22,0,1,88.81,3
lrt_kj,13,0,1,100.0,3
lrt_ampang,8,0,1,100.0,3
lrt_kj,16,1,1,65.67,2
lrt_ampang,11,1,1,52.01,1
lrt_kj,18,0,0,100.0,3
lrt_kj,21,1,0,49.08,1
komuter,12,0,0,39.79,1
lrt_kj,8,0,1,100.0,3
mrt_pjy,15,1,0,22.39,0
lrt_ampang,7,0,0,87.71,3
lrt_ampang,17,1,0,50.87,1
komuter,18,0,0,74.98,2
lrt_kj,15,0,0,76.49,2
mrt_kajang,19,0,0,95.47,3
mrt_kajang,21,0,1,87.42,3
mrt_kajang,15,1,0,40.36,1
lrt_ampang,16,0,0,66.92,2
mrt_kajang,8,0,0,100.0,3
lrt_kj,18,0,0,100.0,3
lrt_ampang,18,0,0,100.0,3
mrt_kajang,16,1,0,52.42,1
monorail,15,1,0,11.39,0
lrt_kj,16,0,0,84.84,2
monorail,8,0,0,63.8,2
ets,10,0,0,35.78,1
lrt_kj,14,1,1,55.89,1
monorail,14,1,0,15.28,0
mrt_pjy,9,1,0,52.59,1
mrt_kajang,16,0,0,90.58,3
lrt_ampang,12,1,0,42.83,1
lrt_kj,15,0,0,85.18,3
lrt_ampang,13,0,0,82.05,2
lrt_ampang,16,0,0,71.35,2
lrt_ampang,15,0,1,71.6,2
lrt_kj,7,0,0,100.0,3
lrt_kj,9,0,0,100.0,3
mrt_pjy,18,0,0,94.59,3
lrt_ampang,12,0,1,88.97,3
lrt_ampang,20,1,0,35.21,1
mrt_kajang,11,1,1,55.44,1
mrt_kajang,9,1,0,65.12,2
lrt_ampang,22,0,1,89.03,3
lrt_ampang,18,0,0,100.0,3
mrt_pjy,19,0,0,90.02,3
mrt_kajang,19,0,0,100.0,3
lrt_ampang,10,1,0,47.53,1
lrt_ampang,17,0,1,100.0,3
monorail,15,1,0,29.45,0
mrt_pjy,16,0,1,95.77,3
lrt_kj,16,0,0,83.88,2
ets,23,1,1,18.44,0
lrt_kj,19,0,1,100.0,3
lrt_kj,10,0,0,99.36,3
monorail,11,0,1,67.31,2
mrt_kajang,20,0,0,77.22,2
lrt_ampang,16,0,0,70.81,2
mrt_kajang,8,1,0,59.13,1
mrt_kajang,12,0,0,91.01,3
lrt_kj,10,0,0,97.26,3
lrt_ampang,15,0,0,78.3,2
lrt_ampang,13,1,0,37.12,1
komuter,17,0,0,76.92,2
ets,15,0,0,36.17,1
lrt_kj,11,1,0,56.68,1
mrt_kajang,8,0,0,100.0,3
monorail,8,0,0,66.75,2
monorail,17,0,1,84.54,2
mrt_pjy,8,0,0,87.18,3
mrt_kajang,18,0,0,100.0,3
lrt_ampang,8,0,0,88.58,3
lrt_ampang,11,0,1,88.74,3
ets,23,0,1,30.42,1
lrt_kj,19,1,1,94.53,3
mrt_kajang,12,0,1,92.51,3
mrt_kajang,18,0,0,100.0,3
mrt_kajang,23,0,0,59.99,1
komuter,20,1,1,20.25,0
lrt_ampang,10,1,1,52.39,1
mrt_kajang,17,1,0,86.45,3
lrt_kj,16,1,1,56.13,1
lrt_kj,21,1,0,47.19,1
lrt_kj,10,0,0,73.1,2
lrt_kj,12,0,0,96.36,3
lrt_kj,20,0,1,100.0,3
mrt_pjy,16,1,1,45.92,1
lrt_ampang,14,0,0,62.03,2
mrt_pjy,22,1,1,39.96,1
mrt_kajang,11,0,1,92.43,3
monorail,18,0,0,47.22,1
lrt_ampang,6,0,0,72.6,2
lrt_kj,9,0,0,100.0,3
tebrau,7,1,1,37.48,1
mrt_pjy,17,0,0,100.0,3
mrt_kajang,7,0,0,87.16,3
lrt_ampang,11,1,0,42.47,1
lrt_kj,9,0,1,100.0,3
lrt_ampang,7,0,1,100.0,3
mrt_pjy,17,0,0,91.17,3
lrt_kj,11,1,1,49.93,1
mrt_pjy,19,0,1,100.0,3
mrt_pjy,17,1,0,64.81,2
mrt_kajang,10,0,0,74.42,2
lrt_ampang,8,0,1,100.0,3
mrt_pjy,14,0,1,78.37,2
mrt_kajang,9,0,1,100.0,3
mrt_pjy,19,1,0,48.87,1
monorail,17,0,0,75.04,2
mrt_pjy,14,0,0,77.12,2
mrt_kajang,8,0,0,93.29,3
intercity,19,1,0,32.02,1
mrt_kajang,7,0,0,95.9,3
mrt_pjy,19,1,1,65.56,2
lrt_ampang,7,1,0,50.26,1
lrt_kj,9,0,0,99.68,3
lrt_ampang,13,0,0,93.23,3
lrt_kj,15,0,1,100.0,3
monorail,22,0,1,64.65,2
monorail,22,1,0,22.61,0
lrt_ampang,12,1,0,41.51,1
mrt_pjy,9,0,0,89.02,3
mrt_kajang,6,1,0,34.62,1
mrt_pjy,18,0,1,100.0,3
lrt_ampang,18,1,1,69.99,2
lrt_ampang,9,0,0,92.77,3
mrt_kajang,13,1,0,42.68,1
lrt_kj,19,0,0,100.0,3
mrt_kajang,7,0,0,100.0,3
lrt_kj,8,0,0,100.0,3
lrt_kj,8,1,0,58.81,1
lrt_ampang,9,1,0,66.73,2
mrt_kajang,19,0,0,100.0,3
lrt_kj,14,0,0,88.53,3
lrt_kj,17,0,0,100.0,3
lrt_kj,6,0,0,100.0,3
lrt_ampang,7,0,0,99.61,3
lrt_kj,12,1,0,23.88,0
lrt_ampang,18,0,1,100.0,3
lrt_kj,11,1,0,30.14,1
monorail,6,0,1,54.0,1
lrt_kj,16,1,0,42.58,1
mrt_pjy,11,0,1,69.59,2
lrt_ampang,16,0,0,81.51,2
mrt_kajang,8,0,1,100.0,3
lrt_ampang,17,0,0,100.0,3
monorail,12,0,1,66.05,2
mrt_kajang,8,0,0,100.0,3
mrt_kajang,10,0,0,78.91,2
lrt_ampang,17,1,0,64.98,2
lrt_ampang,19,0,1,100.0,3
mrt_kajang,7,1,1,81.99,2
lrt_ampang,15,0,0,85.21,3
mrt_kajang,17,0,0,100.0,3
lrt_ampang,21,0,0,80.92,2
mrt_kajang,9,0,0,100.0,3
mrt_pjy,7,1,1,51.39,1
mrt_pjy,11,0,1,92.05,3
mrt_kajang,18,0,1,100.0,3
lrt_kj,23,0,1,78.8,2
lrt_kj,18,1,0,66.66,2
mrt_pjy,19,0,0,100.0,3
mrt_kajang,11,1,0,39.81,1
mrt_pjy,20,1,0,14.14,0
lrt_ampang,13,1,0,38.56,1
lrt_ampang,17,0,1,100.0,3
mrt_kajang,6,0,0,89.75,3
lrt_ampang,17,0,0,100.0,3
monorail,14,1,0,6.57,0
mrt_kajang,7,0,0,100.0,3
lrt_kj,15,1,1,65.15,2
mrt_pjy,7,0,0,68.75,2
mrt_kajang,7,0,1,100.0,3
komuter_utara,20,1,0,13.31,0
mrt_kajang,16,0,1,100.0,3
lrt_ampang,17,0,1,100.0,3
lrt_kj,17,0,0,100.0,3
komuter,17,0,0,78.14,2
mrt_pjy,14,1,1,53.68,1
komuter_utara,6,0,1,61.66,2
mrt_pjy,16,1,0,28.87,0
mrt_kajang,19,0,1,100.0,3
lrt_ampang,10,0,0,81.45,2
lrt_ampang,17,0,0,100.0,3
lrt_kj,15,1,0,42.89,1
komuter,8,0,1,78.5,2
mrt_pjy,17,0,1,87.44,3
monorail,16,0,0,51.71,1
komuter_utara,11,0,0,39.5,1
lrt_ampang,12,0,0,83.19,2
mrt_pjy,6,1,1,33.12,1
lrt_ampang,9,0,0,94.75,3
mrt_kajang,13,0,0,77.22,2
lrt_ampang,19,0,0,95.3,3
lrt_ampang,18,0,0,100.0,3
mrt_kajang,17,0,1,100.0,3
komuter,17,1,1,63.95,2
ets,13,0,0,31.17,1
mrt_kajang,9,0,1,100.0,3
lrt_ampang,10,1,0,43.71,1
komuter_utara,17,1,0,36.43,1
monorail,9,1,0,47.01,1
mrt_kajang,6,1,0,50.09,1
mrt_pjy,8,0,0,96.78,3
mrt_pjy,17,0,0,97.73,3
mrt_kajang,6,0,1,87.1,3
lrt_kj,11,0,0,81.72,2
lrt_ampang,12,1,1,55.5,1
mrt_pjy,7,0,0,95.92,3
mrt_kajang,11,1,1,51.43,1
komuter,9,0,0,65.98,2
mrt_kajang,17,0,0,100.0,3
komuter,13,1,1,38.35,1
mrt_kajang,18,0,0,100.0,3
lrt_kj,18,0,0,100.0,3
komuter,15,0,0,40.38,1
mrt_pjy,15,0,1,77.53,2
lrt_kj,9,1,1,77.02,2
lrt_ampang,14,1,0,47.91,1
lrt_kj,17,0,0,100.0,3
mrt_kajang,15,0,1,89.54,3
mrt_pjy,16,1,1,41.2,1
lrt_ampang,17,0,0,98.73,3
mrt_kajang,22,0,1,95.17,3
komuter,21,1,1,32.28,1
mrt_kajang,12,0,0,88.07,3
mrt_kajang,16,0,0,98.74,3
mrt_pjy,18,0,0,90.73,3
mrt_kajang,10,1,0,45.3,1
lrt_kj,20,0,0,90.63,3
ets,13,0,0,46.03,1
mrt_kajang,9,0,1,100.0,3
komuter_utara,12,1,1,30.18,1
lrt_ampang,8,1,0,54.86,1
lrt_ampang,15,1,0,44.38,1
mrt_kajang,18,0,1,100.0,3
mrt_kajang,7,0,0,100.0,3
lrt_kj,23,1,0,21.24,0
mrt_kajang,17,0,0,100.0,3
lrt_ampang,10,1,0,34.47,1
lrt_kj,12,0,1,100.0,3
lrt_ampang,19,0,1,100.0,3
mrt_kajang,18,0,1,100.0,3
lrt_kj,7,0,0,100.0,3
lrt_ampang,11,0,1,100.0,3
mrt_pjy,16,1,1,39.37,1
mrt_pjy,7,0,0,83.52,2
lrt_ampang,11,1,1,57.81,1
mrt_pjy,18,0,0,91.04,3
mrt_pjy,17,0,0,87.98,3
lrt_kj,19,0,1,100.0,3
mrt_kajang,8,1,1,68.49,2
mrt_pjy,15,0,0,71.96,2
lrt_ampang,20,0,1,89.12,3
lrt_ampang,16,0,0,63.86,2
lrt_kj,15,1,0,38.59,1
lrt_kj,13,0,1,100.0,3
mrt_kajang,11,1,1,57.84,1
mrt_kajang,17,0,1,100.0,3
komuter,19,0,0,68.41,2
lrt_kj,18,0,0,100.0,3
mrt_pjy,13,1,0,39.03,1
lrt_kj,19,0,0,100.0,3
lrt_kj,11,0,0,95.1,3
mrt_pjy,20,1,1,36.18,1
lrt_kj,17,0,1,100.0,3
komuter,11,1,1,27.29,0
mrt_pjy,14,0,0,74.67,2
lrt_kj,18,0,1,100.0,3
monorail,8,0,0,54.1,1
mrt_pjy,19,0,1,100.0,3
mrt_pjy,8,0,1,100.0,3
lrt_ampang,10,0,0,75.01,2
mrt_kajang,19,0,0,100.0,3
mrt_pjy,22,1,0,39.56,1
lrt_ampang,18,0,1,100.0,3
tebrau,11,0,0,47.93,1
lrt_kj,13,0,0,97.31,3
komuter,18,0,0,80.48,2
mrt_kajang,17,0,1,100.0,3
lrt_kj,16,0,0,100.0,3
mrt_kajang,22,0,1,100.0,3
mrt_kajang,16,0,0,80.62,2
lrt_kj,14,0,1,100.0,3
lrt_kj,11,0,0,87.77,3
lrt_ampang,17,0,0,100.0,3
monorail,12,0,0,43.78,1
tebrau,16,0,1,56.39,1
monorail,6,0,1,52.89,1
lrt_kj,7,0,1,100.0,3
lrt_kj,9,0,0,100.0,3
mrt_pjy,10,0,0,61.23,2
mrt_kajang,7,0,1,100.0,3
lrt_kj,10,0,1,91.73,3
lrt_ampang,15,0,1,100.0,3
lrt_kj,7,1,1,74.1,2
komuter,20,0,0,45.26,1
lrt_kj,12,1,0,48.32,1
lrt_kj,9,0,1,100.0,3
mrt_pjy,11,0,0,68.31,2
tebrau,17,0,1,67.29,2
lrt_kj,18,0,0,100.0,3
komuter_utara,10,0,0,39.93,1
mrt_pjy,9,0,1,100.0,3
lrt_kj,17,0,1,100.0,3
mrt_kajang,18,0,0,97.32,3
mrt_pjy,12,0,0,72.6,2
mrt_kajang,12,0,1,100.0,3
lrt_ampang,6,0,0,79.25,2
lrt_kj,22,0,0,87.21,3
lrt_kj,11,1,0,43.63,1
lrt_kj,11,1,0,51.52,1
lrt_ampang,23,0,0,60.87,2
mrt_kajang,21,0,0,94.26,3
mrt_kajang,15,0,0,86.32,3
lrt_ampang,11,1,1,57.98,1
mrt_pjy,18,0,0,93.72,3
mrt_kajang,19,1,1,80.25,2
lrt_kj,15,1,1,48.05,1
lrt_kj,10,0,1,98.98,3
monorail,7,1,0,29.09,0
lrt_ampang,10,0,0,64.17,2
mrt_pjy,23,1,0,4.3,0
komuter,17,0,1,77.45,2
monorail,22,1,0,20.52,0
lrt_kj,17,0,0,100.0,3
lrt_ampang,12,1,1,60.44,2
lrt_ampang,7,0,0,91.67,3
monorail,13,1,0,6.17,0
mrt_kajang,17,0,0,100.0,3
lrt_ampang,18,0,0,100.0,3
mrt_kajang,7,0,0,100.0,3
komuter_utara,7,0,0,66.26,2
lrt_ampang,9,0,1,100.0,3
lrt_kj,12,0,1,100.0,3
lrt_ampang,10,0,1,83.45,2
lrt_kj,11,0,0,100.0,3
lrt_ampang,19,0,0,100.0,3
lrt_kj,6,0,0,92.12,3
lrt_ampang,10,1,0,30.01,1
mrt_pjy,6,0,1,84.65,2
lrt_kj,18,0,0,100.0,3
lrt_kj,16,0,0,92.79,3
mrt_pjy,15,0,0,75.54,2
mrt_kajang,22,1,0,42.26,1
lrt_ampang,15,1,0,45.57,1
monorail,21,1,0,18.51,0
mrt_kajang,7,0,1,100.0,3
komuter_utara,7,0,0,67.81,2
mrt_pjy,9,0,0,78.61,2
mrt_kajang,13,0,0,77.93,2
mrt_pjy,14,0,0,85.92,3
mrt_kajang,14,0,1,89.95,3
mrt_pjy,11,0,0,80.94,2
lrt_ampang,8,0,1,100.0,3
lrt_kj,19,0,1,100.0,3
lrt_kj,19,1,1,75.26,2
mrt_pjy,18,0,0,88.24,3
mrt_pjy,10,0,0,52.21,1
lrt_kj,17,0,1,100.0,3
lrt_kj,15,0,1,100.0,3
mrt_kajang,18,0,0,100.0,3
mrt_kajang,13,1,0,47.81,1
mrt_pjy,18,0,1,100.0,3
lrt_ampang,9,0,1,100.0,3
lrt_kj,11,1,0,31.14,1
mrt_pjy,16,0,0,72.84,2
intercity,8,0,0,56.28,1
komuter_utara,7,1,0,20.32,0
lrt_ampang,14,1,0,33.72,1
lrt_kj,12,1,0,43.51,1
lrt_kj,23,1,0,31.75,1
monorail,13,0,1,58.4,1
lrt_kj,8,0,0,100.0,3
mrt_pjy,9,0,0,78.88,2
lrt_kj,15,0,0,82.43,2
lrt_kj,6,0,0,90.31,3
lrt_kj,20,1,1,47.66,1
komuter,12,1,0,18.29,0
lrt_kj,20,0,0,100.0,3
lrt_kj,13,1,1,41.2,1
lrt_kj,6,0,0,96.74,3
mrt_pjy,8,0,0,93.45,3
tebrau,8,0,0,63.93,2
lrt_ampang,9,0,1,100.0,3
lrt_kj,9,1,1,74.77,2
lrt_ampang,20,1,0,37.47,1
mrt_kajang,15,0,0,81.06,2
mrt_pjy,19,0,0,86.83,3
lrt_kj,13,0,0,80.6,2
mrt_kajang,6,0,1,90.76,3
lrt_kj,17,0,0,100.0,3
mrt_kajang,6,0,0,69.16,2
lrt_ampang,19,1,0,58.22,1
lrt_kj,18,0,0,100.0,3
lrt_ampang,10,0,0,86.27,3
lrt_kj,15,0,0,75.11,2
lrt_kj,7,1,0,67.04,2
lrt_kj,21,0,0,90.96,3
mrt_kajang,14,0,1,100.0,3
lrt_ampang,8,0,0,95.52,3
lrt_kj,8,0,0,100.0,3
mrt_kajang,9,0,0,100.0,3
mrt_pjy,12,0,1,73.79,2
lrt_kj,14,1,1,45.07,1
lrt_ampang,15,1,0,33.09,1
mrt_pjy,7,0,0,94.16,3
lrt_kj,17,0,0,100.0,3
lrt_kj,16,0,0,97.63,3
lrt_kj,12,1,1,51.43,1
komuter,12,1,0,16.82,0
mrt_pjy,13,1,0,23.15,0
lrt_kj,19,1,0,63.38,2
mrt_kajang,21,0,1,99.58,3
lrt_kj,9,0,1,100.0,3
lrt_kj,14,1,0,41.89,1
lrt_kj,16,0,0,98.2,3
komuter,19,0,0,63.25,2
komuter_utara,17,0,0,64.49,2
mrt_pjy,10,0,0,72.38,2
monorail,8,0,0,64.29,2
tebrau,13,0,1,69.87,2
lrt_ampang,9,0,1,100.0,3
lrt_ampang,18,0,0,100.0,3
lrt_kj,10,0,1,100.0,3
monorail,14,0,0,44.79,1
lrt_kj,14,1,1,51.8,1
lrt_kj,15,1,0,48.07,1
lrt_kj,15,1,0,45.67,1
lrt_kj,7,0,1,100.0,3
mrt_kajang,10,1,0,36.95,1
lrt_kj,9,0,0,100.0,3
mrt_kajang,17,0,1,100.0,3
mrt_kajang,8,0,0,100.0,3
lrt_kj,18,1,1,86.64,3
lrt_ampang,12,1,1,35.29,1
mrt_kajang,8,1,0,55.64,1
mrt_pjy,16,0,0,58.32,1
lrt_ampang,17,1,1,70.85,2
monorail,17,0,0,77.01,2
mrt_pjy,20,0,1,88.29,3
mrt_kajang,17,0,0,100.0,3
lrt_kj,11,0,0,100.0,3
mrt_kajang,21,1,1,54.21,1
lrt_ampang,18,0,1,100.0,3
mrt_pjy,14,1,1,40.7,1
lrt_kj,15,1,1,53.51,1
lrt_kj,10,0,0,92.19,3
komuter,10,0,0,33.33,1
lrt_ampang,20,0,0,74.42,2
lrt_kj,21,0,0,88.61,3
mrt_kajang,8,0,0,100.0,3
mrt_kajang,17,0,0,95.97,3
mrt_kajang,19,0,0,100.0,3
mrt_kajang,9,0,0,100.0,3
mrt_kajang,13,0,1,100.0,3
lrt_ampang,7,0,1,100.0,3
lrt_kj,15,0,0,99.2,3
mrt_kajang,19,0,0,100.0,3
mrt_pjy,13,0,1,92.08,3
lrt_kj,8,0,0,100.0,3
lrt_kj,6,0,0,90.04,3
lrt_kj,8,1,1,81.96,2
lrt_kj,15,1,0,36.72,1
lrt_ampang,11,1,0,46.98,1
mrt_kajang,15,1,1,41.69,1
lrt_kj,19,0,0,100.0,3
mrt_pjy,14,1,0,37.35,1
lrt_ampang,13,0,0,69.68,2
lrt_kj,16,1,0,46.69,1
lrt_ampang,8,0,0,92.98,3
lrt_kj,8,0,0,100.0,3
mrt_kajang,14,0,0,93.3,3
lrt_kj,8,1,1,80.99,2
mrt_pjy,14,0,1,72.87,2
mrt_kajang,9,0,0,100.0,3
lrt_ampang,14,1,0,51.3,1
mrt_kajang,9,1,1,67.67,2
monorail,14,0,0,51.73,1
lrt_kj,19,0,0,100.0,3
mrt_pjy,19,0,1,100.0,3
lrt_kj,21,1,0,56.03,1
mrt_kajang,7,0,1,100.0,3
ets,14,1,1,32.15,1
mrt_kajang,14,0,1,94.04,3
mrt_pjy,14,1,0,28.12,0
lrt_kj,7,1,1,71.08,2
lrt_kj,15,1,1,52.59,1
lrt_ampang,6,0,0,72.78,2
lrt_kj,13,0,0,90.2,3
mrt_kajang,14,1,1,54.16,1
lrt_kj,23,1,0,31.26,1
mrt_pjy,10,0,0,74.62,2
mrt_kajang,9,0,1,100.0,3
monorail,7,0,1,80.82,2
mrt_pjy,18,0,0,75.48,2
komuter,12,0,0,51.86,1
komuter,17,0,0,67.15,2
mrt_pjy,13,0,0,78.29,2
mrt_pjy,21,0,1,93.33,3
mrt_kajang,6,1,0,31.32,1
lrt_ampang,18,1,0,63.03,2
lrt_ampang,9,1,0,62.82,2
mrt_kajang,12,1,0,43.69,1
lrt_ampang,11,1,0,42.9,1
mrt_pjy,18,0,0,91.47,3
mrt_kajang,17,0,1,100.0,3
mrt_kajang,8,0,1,100.0,3
mrt_pjy,14,0,0,61.06,2
mrt_kajang,20,0,1,100.0,3
lrt_ampang,10,1,0,37.55,1
lrt_kj,6,0,0,91.29,3
lrt_kj,7,1,0,63.93,2
lrt_ampang,11,1,0,35.9,1
mrt_pjy,11,0,0,68.07,2
mrt_kajang,15,0,1,94.19,3
mrt_kajang,6,0,0,73.21,2
lrt_kj,15,0,0,83.11,2
mrt_pjy,18,0,0,98.16,3
mrt_pjy,7,0,0,94.35,3
monorail,9,0,1,74.31,2
monorail,16,0,0,41.3,1
lrt_ampang,10,0,0,72.05,2
mrt_kajang,7,0,0,86.02,3
lrt_kj,18,0,0,100.0,3
komuter,15,0,0,56.69,1
lrt_ampang,21,0,0,87.89,3
lrt_kj,12,0,0,72.66,2
lrt_kj,16,0,0,86.05,3
lrt_kj,13,1,0,38.04,1
lrt_ampang,7,0,0,97.33,3
lrt_kj,7,0,1,100.0,3
lrt_ampang,18,0,0,100.0,3
lrt_kj,13,1,0,55.27,1
monorail,22,1,0,13.21,0
lrt_kj,19,0,0,100.0,3
lrt_ampang,20,1,0,50.43,1
lrt_ampang,8,1,1,84.37,2
mrt_kajang,11,0,0,96.46,3
lrt_kj,21,1,0,50.49,1
lrt_kj,17,0,1,100.0,3
mrt_kajang,20,1,1,48.51,1
lrt_kj,7,0,0,100.0,3
mrt_kajang,20,1,0,39.71,1
monorail,20,0,0,52.96,1
lrt_ampang,16,1,0,42.7,1
lrt_kj,18,0,0,100.0,3
komuter,17,0,0,78.56,2
mrt_pjy,15,1,1,39.52,1
lrt_kj,7,0,0,100.0,3
mrt_kajang,13,1,0,49.7,1
lrt_ampang,8,1,1,72.52,2
mrt_pjy,21,1,0,26.78,0
intercity,17,0,1,72.97,2
mrt_pjy,6,0,0,83.57,2
mrt_kajang,16,0,0,87.89,3
lrt_kj,20,0,1,100.0,3
mrt_kajang,6,1,0,32.33,1
mrt_kajang,16,0,1,86.99,3
lrt_ampang,7,1,0,44.39,1
lrt_ampang,8,0,0,85.64,3
ets,16,1,0,8.8,0
mrt_kajang,9,1,0,52.67,1
mrt_kajang,17,0,0,100.0,3
lrt_ampang,19,1,0,67.92,2
mrt_kajang,9,0,0,100.0,3
mrt_kajang,9,0,0,100.0,3
mrt_kajang,20,0,1,77.0,2
mrt_kajang,17,0,0,100.0,3
lrt_ampang,16,0,0,72.34,2
mrt_kajang,10,0,1,100.0,3
mrt_pjy,18,0,0,80.83,2
mrt_kajang,7,0,0,92.56,3
mrt_kajang,17,1,1,84.81,2
lrt_kj,9,0,0,100.0,3
lrt_ampang,12,1,1,56.81,1
mrt_kajang,16,1,0,46.74,1
mrt_kajang,7,0,1,100.0,3
lrt_ampang,14,0,1,90.98,3
lrt_kj,8,1,0,57.75,1
mrt_kajang,21,0,1,100.0,3
mrt_pjy,18,0,0,97.76,3
mrt_pjy,16,0,1,78.96,2
komuter_utara,23,0,1,31.48,1
lrt_kj,15,0,0,98.42,3
lrt_kj,10,0,0,81.79,2
lrt_ampang,20,1,0,20.37,0
mrt_kajang,21,1,0,46.47,1
monorail,19,0,0,74.37,2
lrt_kj,16,0,0,91.86,3
lrt_ampang,11,1,0,41.16,1
monorail,8,1,0,33.0,1
lrt_kj,12,0,1,95.24,3
lrt_kj,13,0,1,100.0,3
lrt_kj,18,0,0,100.0,3
mrt_kajang,17,0,1,100.0,3
lrt_kj,16,0,0,92.78,3
mrt_kajang,9,0,0,100.0,3
mrt_kajang,10,1,1,63.34,2
komuter,16,0,0,44.05,1
lrt_kj,18,1,1,68.07,2
lrt_kj,21,1,0,42.21,1
lrt_kj,7,0,0,100.0,3
mrt_pjy,19,0,0,94.6,3
lrt_kj,17,1,0,52.32,1
ets,8,0,1,67.17,2
intercity,16,1,0,30.18,1
lrt_ampang,19,1,0,59.41,1
monorail,12,0,0,51.85,1
lrt_kj,13,0,0,100.0,3
mrt_pjy,18,0,0,99.14,3
lrt_ampang,17,0,1,100.0,3
mrt_kajang,18,0,0,100.0,3
mrt_kajang,15,0,0,90.33,3
mrt_kajang,14,0,1,100.0,3
lrt_kj,13,1,1,61.18,2
mrt_kajang,11,0,0,73.23,2
mrt_kajang,18,0,0,100.0,3
monorail,18,0,1,88.58,3
mrt_kajang,17,0,0,100.0,3
mrt_pjy,16,0,0,64.61,2
mrt_kajang,7,0,1,100.0,3
mrt_kajang,6,0,0,82.84,2
mrt_pjy,21,0,1,85.17,3
lrt_ampang,12,0,0,71.77,2
lrt_kj,11,0,0,82.98,2
mrt_kajang,18,0,0,99.91,3
komuter,22,1,1,23.92,0
mrt_kajang,13,0,0,78.35,2
mrt_kajang,8,0,0,95.89,3
monorail,16,0,0,48.1,1
lrt_ampang,8,0,1,93.52,3
mrt_kajang,19,0,1,100.0,3
lrt_kj,16,0,0,93.29,3
lrt_ampang,6,0,0,90.26,3
lrt_kj,15,0,1,100.0,3
lrt_kj,13,0,0,84.95,2
mrt_pjy,13,0,1,72.15,2
mrt_kajang,8,0,1,100.0,3
lrt_kj,18,1,0,61.49,2
lrt_kj,15,1,1,54.51,1
mrt_pjy,18,0,0,89.32,3
lrt_kj,17,0,0,100.0,3
lrt_kj,16,0,0,95.51,3
lrt_kj,15,0,1,100.0,3
lrt_ampang,18,1,0,59.43,1
komuter,14,1,0,23.5,0
mrt_pjy,12,0,0,69.67,2
mrt_kajang,11,1,0,41.53,1
mrt_kajang,7,1,0,64.13,2
monorail,9,0,0,64.82,2
mrt_kajang,14,0,1,100.0,3
mrt_pjy,7,0,1,95.98,3
mrt_pjy,9,0,0,85.98,3
lrt_ampang,20,0,1,97.1,3
lrt_kj,11,0,0,86.4,3
mrt_kajang,9,0,0,100.0,3
mrt_pjy,12,0,1,93.42,3
lrt_kj,18,0,1,100.0,3
lrt_kj,9,0,0,100.0,3
lrt_kj,8,0,0,100.0,3
ets,6,1,0,16.19,0
lrt_kj,16,0,0,88.81,3
lrt_ampang,9,0,0,100.0,3
mrt_kajang,9,0,0,100.0,3
mrt_pjy,10,0,1,84.3,2
lrt_kj,16,1,0,34.36,1
lrt_kj,13,0,1,100.0,3
mrt_kajang,11,0,0,80.54,2
lrt_ampang,6,0,1,94.04,3
mrt_pjy,8,0,0,89.0,3
lrt_ampang,17,1,0,64.79,2
mrt_kajang,20,1,0,29.06,0
lrt_kj,10,0,0,91.6,3
lrt_ampang,12,1,1,47.89,1
komuter,13,0,0,47.18,1
mrt_kajang,15,1,1,50.07,1
mrt_kajang,8,0,1,100.0,3
mrt_pjy,7,0,0,90.28,3
komuter_utara,12,1,0,11.59,0
lrt_kj,10,0,0,83.36,2
lrt_ampang,8,0,0,100.0,3
mrt_kajang,16,0,0,90.19,3
lrt_kj,11,0,0,91.81,3
mrt_kajang,8,0,0,100.0,3
mrt_pjy,18,0,0,91.65,3
lrt_kj,12,0,0,100.0,3
mrt_kajang,15,0,0,91.93,3
lrt_kj,7,0,0,100.0,3
lrt_ampang,17,0,0,98.22,3
monorail,18,0,1,88.63,3
monorail,17,0,0,63.03,2
mrt_pjy,12,0,0,77.51,2
monorail,14,0,0,42.03,1
komuter,8,0,1,75.1,2
lrt_kj,6,0,1,100.0,3
mrt_kajang,7,1,0,60.65,2
lrt_kj,9,0,1,100.0,3
ets,18,1,1,47.75,1
lrt_ampang,20,0,1,82.87,2
mrt_pjy,18,0,1,100.0,3
lrt_ampang,17,0,0,97.32,3
lrt_kj,13,0,0,88.55,3
mrt_kajang,9,0,1,100.0,3
lrt_ampang,21,0,0,85.54,3
lrt_kj,14,0,0,81.49,2
mrt_kajang,12,1,1,55.88,1
mrt_pjy,20,1,0,36.96,1
lrt_kj,19,0,0,100.0,3
mrt_pjy,10,1,0,22.71,0
lrt_ampang,18,0,1,100.0,3
lrt_ampang,20,1,1,40.74,1
monorail,7,0,0,65.35,2
mrt_pjy,19,1,0,53.01,1
lrt_kj,8,0,1,100.0,3
mrt_kajang,8,0,0,100.0,3
mrt_kajang,6,0,0,79.67,2
komuter,11,0,0,39.66,1
lrt_ampang,8,1,0,56.74,1
mrt_pjy,7,0,1,94.54,3
lrt_kj,9,0,1,100.0,3
mrt_kajang,11,0,1,90.08,3
lrt_ampang,13,1,0,41.63,1
lrt_ampang,18,0,0,95.07,3
lrt_ampang,21,1,1,53.99,1
lrt_kj,9,0,0,100.0,3
lrt_kj,9,0,0,100.0,3
ets,12,1,0,15.84,0
lrt_kj,6,0,0,85.24,3
mrt_pjy,9,0,0,79.61,2
mrt_kajang,18,0,0,100.0,3
lrt_kj,9,0,0,100.0,3
komuter_utara,18,0,0,54.78,1
mrt_kajang,15,0,1,93.74,3
mrt_pjy,13,1,0,27.07,0
lrt_kj,18,0,0,100.0,3
tebrau,20,0,0,38.19,1
komuter,9,0,0,66.61,2
lrt_ampang,20,0,0,78.92,2
komuter,18,1,1,61.39,2
lrt_kj,11,1,1,46.63,1
lrt_kj,11,1,1,39.91,1
lrt_ampang,21,1,1,54.62,1
mrt_kajang,10,0,0,75.38,2
lrt_kj,20,0,0,99.27,3
mrt_kajang,14,1,0,51.7,1
mrt_kajang,15,1,0,45.08,1
mrt_kajang,8,0,0,99.08,3
lrt_ampang,17,0,1,100.0,3
mrt_kajang,9,0,0,91.49,3
lrt_kj,8,1,0,63.62,2
lrt_kj,21,0,0,97.32,3
mrt_kajang,19,0,0,100.0,3
monorail,10,0,0,47.97,1
komuter,11,0,1,52.82,1
mrt_pjy,20,0,0,67.29,2
lrt_kj,7,0,1,100.0,3
komuter,18,1,0,40.19,1
lrt_ampang,10,1,0,41.6,1
lrt_ampang,18,0,0,98.14,3
monorail,9,0,1,84.57,2
mrt_kajang,23,1,0,30.18,1
komuter,13,0,0,48.03,1
lrt_kj,12,1,0,33.37,1
mrt_kajang,6,1,1,52.27,1
lrt_kj,18,0,0,100.0,3
mrt_kajang,15,0,0,79.51,2
lrt_kj,10,0,1,100.0,3
lrt_kj,11,0,0,94.85,3
mrt_pjy,17,0,0,92.56,3
lrt_ampang,8,0,1,100.0,3
mrt_kajang,20,0,0,87.61,3
lrt_kj,7,0,1,100.0,3
lrt_ampang,11,0,0,68.84,2
lrt_kj,9,0,0,100.0,3
lrt_kj,16,0,0,80.93,2
lrt_ampang,9,0,0,84.24,2
mrt_kajang,19,0,0,100.0,3
lrt_kj,20,1,0,54.92,1
mrt_kajang,9,0,0,96.44,3
mrt_pjy,7,0,0,88.17,3
mrt_pjy,19,0,1,100.0,3
lrt_kj,16,0,0,87.09,3
lrt_kj,21,0,0,94.32,3
lrt_ampang,17,0,0,92.76,3
ets,20,0,1,57.9,1
lrt_kj,18,1,0,72.38,2
lrt_ampang,11,0,0,70.53,2
monorail,9,0,0,70.78,2
lrt_kj,12,1,0,29.19,0
mrt_kajang,18,1,1,83.53,2
ets,18,1,1,50.82,1
mrt_kajang,9,1,0,53.08,1
lrt_kj,19,0,0,100.0,3
mrt_kajang,11,1,0,47.18,1
lrt_kj,12,1,0,42.59,1
komuter,7,0,0,83.3,2
mrt_pjy,17,1,0,41.81,1
lrt_kj,14,0,0,87.86,3
lrt_kj,6,0,0,99.03,3
monorail,16,0,0,50.31,1
lrt_kj,10,1,0,36.43,1
mrt_pjy,17,0,0,87.76,3
monorail,12,0,0,41.95,1
mrt_kajang,21,1,1,45.21,1
lrt_ampang,16,1,1,51.5,1
lrt_ampang,19,0,0,100.0,3
lrt_kj,12,0,0,100.0,3
lrt_ampang,9,0,0,100.0,3
mrt_pjy,21,0,1,65.53,2
lrt_ampang,11,1,0,42.6,1
mrt_pjy,17,0,0,95.26,3
lrt_kj,21,0,1,100.0,3
komuter,17,0,0,62.77,2
lrt_kj,17,0,1,100.0,3
mrt_kajang,8,0,0,100.0,3
intercity,17,0,0,51.37,1
lrt_kj,15,1,0,55.92,1
monorail,16,0,0,42.17,1
mrt_kajang,10,0,0,86.71,3
lrt_kj,8,0,0,100.0,3
mrt_kajang,12,1,0,36.33,1
lrt_kj,19,0,0,100.0,3
lrt_kj,11,1,0,46.83,1
lrt_ampang,9,0,0,88.85,3
lrt_ampang,14,1,0,38.2,1
mrt_pjy,7,0,1,90.4,3
lrt_ampang,17,0,0,100.0,3
lrt_kj,8,0,1,100.0,3
mrt_pjy,7,0,0,88.8,3
monorail,9,0,0,76.03,2
lrt_kj,12,0,1,97.28,3
lrt_kj,6,0,0,94.95,3
lrt_ampang,17,0,0,100.0,3
tebrau,14,0,1,50.81,1
mrt_kajang,15,0,0,79.48,2
mrt_kajang,8,0,0,93.68,3
komuter,15,0,0,50.07,1
mrt_kajang,21,0,0,88.08,3
intercity,14,0,0,27.18,0
lrt_ampang,16,0,0,70.03,2
komuter,15,1,0,22.63,0
lrt_kj,12,0,0,92.75,3
monorail,12,0,1,61.32,2
mrt_kajang,19,0,0,100.0,3
komuter,9,0,0,49.65,1
lrt_kj,12,0,0,100.0,3
mrt_kajang,6,1,0,36.13,1
mrt_kajang,18,1,0,62.79,2
monorail,18,0,1,77.27,2
mrt_pjy,16,1,1,27.0,0
lrt_ampang,18,0,0,90.96,3
lrt_kj,14,1,0,25.23,0
lrt_kj,14,0,1,99.67,3
lrt_ampang,9,0,1,100.0,3
mrt_kajang,12,1,1,69.67,2
mrt_kajang,23,0,0,57.89,1
lrt_ampang,7,0,1,100.0,3
lrt_kj,19,0,1,100.0,3
lrt_kj,17,0,0,100.0,3
mrt_kajang,11,0,0,76.3,2
komuter,15,0,0,55.99,1
mrt_kajang,7,0,0,99.98,3
mrt_pjy,10,0,0,62.47,2
mrt_kajang,14,0,0,92.29,3
monorail,14,0,0,46.45,1
lrt_ampang,16,1,0,26.52,0
lrt_ampang,8,1,0,52.66,1
lrt_ampang,20,0,1,84.83,2
lrt_ampang,18,0,0,98.1,3
mrt_kajang,8,0,0,100.0,3
lrt_kj,18,0,0,100.0,3
lrt_ampang,8,0,1,100.0,3
mrt_pjy,21,0,0,72.2,2
tebrau,11,1,0,7.88,0
lrt_ampang,10,0,0,79.75,2
lrt_kj,13,0,0,97.45,3
mrt_kajang,14,0,0,87.49,3
mrt_kajang,12,1,0,38.82,1
lrt_ampang,7,1,1,73.26,2
lrt_ampang,13,0,0,66.89,2
lrt_ampang,6,0,0,83.66,2
intercity,10,1,0,4.45,0
monorail,6,0,1,64.78,2
lrt_ampang,16,1,0,27.63,0
lrt_kj,16,0,1,96.57,3
lrt_kj,18,0,0,100.0,3
lrt_ampang,17,1,0,67.8,2
mrt_pjy,18,1,1,61.6,2
monorail,18,0,0,82.19,2
lrt_kj,10,0,0,85.35,3
lrt_ampang,18,0,0,100.0,3
lrt_kj,7,1,0,60.32,2
mrt_kajang,8,0,0,100.0,3
lrt_ampang,21,1,0,26.44,0
lrt_kj,18,0,0,100.0,3
mrt_kajang,10,1,0,45.76,1
lrt_kj,9,0,0,94.77,3
komuter,11,1,0,3.53,0
lrt_ampang,18,0,0,100.0,3
komuter_utara,8,0,1,79.61,2
lrt_kj,11,0,0,100.0,3
lrt_ampang,17,0,1,100.0,3
monorail,19,0,0,55.8,1
mrt_pjy,8,0,1,89.68,3
mrt_pjy,17,0,1,100.0,3
lrt_ampang,14,1,0,42.46,1
mrt_pjy,18,0,0,89.66,3
monorail,12,1,0,22.48,0
lrt_kj,6,0,0,97.57,3
mrt_kajang,17,1,0,57.11,1
lrt_kj,17,0,0,100.0,3
lrt_kj,13,0,0,97.47,3
mrt_kajang,19,0,0,100.0,3
lrt_ampang,15,0,1,100.0,3
lrt_kj,14,1,0,43.63,1
monorail,8,0,0,76.26,2
mrt_pjy,13,0,1,83.65,2
monorail,21,0,0,46.5,1
lrt_kj,17,0,1,100.0,3
lrt_ampang,18,0,0,100.0,3
lrt_kj,17,0,1,100.0,3
lrt_ampang,16,0,0,77.71,2
mrt_kajang,18,0,0,100.0,3
lrt_kj,9,0,0,100.0,3
mrt_pjy,17,0,1,100.0,3
mrt_kajang,7,1,0,58.05,1
lrt_ampang,17,0,0,97.56,3
mrt_kajang,13,0,0,76.32,2
mrt_pjy,10,1,0,26.85,0
lrt_ampang,14,0,1,88.61,3
mrt_pjy,12,0,0,67.55,2
lrt_ampang,12,0,0,80.17,2
mrt_pjy,20,0,0,70.67,2
lrt_ampang,18,0,0,90.19,3
lrt_ampang,17,0,1,100.0,3
lrt_ampang,19,0,0,100.0,3
mrt_kajang,12,0,0,84.42,2
monorail,9,0,0,66.96,2
komuter,9,0,0,62.2,2
mrt_pjy,9,0,0,87.57,3
mrt_kajang,6,1,0,28.19,0
lrt_kj,7,0,1,100.0,3
lrt_kj,16,1,1,66.28,2
lrt_kj,19,0,1,100.0,3
lrt_kj,8,0,0,100.0,3
mrt_kajang,12,0,0,91.98,3
mrt_pjy,7,0,0,80.24,2
lrt_kj,15,0,0,100.0,3
mrt_kajang,19,1,1,75.56,2
lrt_kj,19,0,1,100.0,3
mrt_kajang,7,0,0,96.69,3
lrt_ampang,19,0,0,100.0,3
lrt_ampang,14,1,0,42.5,1
lrt_kj,18,0,0,100.0,3
lrt_kj,10,0,0,100.0,3
mrt_pjy,7,0,0,80.48,2
lrt_kj,17,0,1,100.0,3
lrt_kj,15,0,1,100.0,3
mrt_pjy,9,1,1,69.8,2
mrt_kajang,20,1,0,51.39,1
mrt_kajang,20,1,0,45.32,1
mrt_pjy,14,1,0,33.56,1
lrt_kj,15,1,0,24.27,0
mrt_pjy,14,0,0,62.33,2
mrt_kajang,14,0,0,71.71,2
monorail,9,0,1,84.94,2
komuter_utara,9,1,1,53.14,1
lrt_ampang,15,1,0,24.53,0
mrt_pjy,7,0,0,84.47,2
lrt_ampang,6,1,1,53.83,1
lrt_ampang,10,0,0,72.97,2
mrt_kajang,17,0,0,83.24,2
komuter,10,0,0,53.64,1
monorail,17,1,0,32.56,1
lrt_kj,10,0,0,85.83,3
lrt_kj,18,0,0,100.0,3
lrt_ampang,18,0,0,100.0,3
mrt_pjy,16,0,0,79.01,2
lrt_kj,9,0,0,100.0,3
lrt_ampang,16,0,0,64.78,2
mrt_pjy,18,0,0,98.52,3
lrt_kj,10,0,0,91.05,3
lrt_ampang,10,0,1,75.66,2
monorail,19,1,0,38.8,1
mrt_pjy,19,0,1,100.0,3
lrt_kj,7,0,1,100.0,3
lrt_kj,8,0,1,100.0,3
mrt_pjy,7,0,1,89.5,3
monorail,13,1,1,32.24,1
mrt_kajang,17,0,1,100.0,3
komuter_utara,8,0,1,78.29,2
mrt_kajang,9,0,1,100.0,3
lrt_ampang,15,0,0,72.68,2
mrt_pjy,17,0,0,96.04,3
lrt_kj,9,0,0,100.0,3
lrt_ampang,9,0,0,100.0,3
monorail,19,0,1,74.74,2
lrt_kj,6,0,0,89.4,3
lrt_kj,18,0,0,100.0,3
mrt_kajang,14,0,0,69.29,2
mrt_kajang,7,0,0,100.0,3
lrt_ampang,7,0,1,87.55,3
lrt_kj,11,0,1,99.48,3
mrt_pjy,7,0,1,91.33,3
mrt_pjy,9,0,0,77.97,2
lrt_kj,18,0,0,100.0,3
lrt_kj,19,1,1,76.54,2
mrt_pjy,16,0,0,61.11,2
lrt_kj,17,0,0,100.0,3
mrt_pjy,9,0,0,92.0,3
lrt_ampang,11,1,1,61.45,2
lrt_kj,17,0,0,100.0,3
lrt_ampang,13,1,0,39.07,1
lrt_ampang,9,1,1,70.45,2
mrt_kajang,18,0,0,97.26,3
lrt_kj,16,0,1,95.87,3
komuter_utara,9,1,1,42.55,1
lrt_kj,18,1,0,71.21,2
lrt_ampang,9,0,1,100.0,3
mrt_kajang,9,0,0,100.0,3
mrt_kajang,14,1,1,72.29,2
lrt_kj,12,1,1,53.51,1
mrt_pjy,17,0,1,100.0,3
lrt_ampang,21,1,0,29.9,0
komuter,15,1,1,17.73,0
komuter_utara,20,1,0,15.69,0
lrt_ampang,15,0,0,71.68,2
mrt_kajang,17,0,0,99.87,3
lrt_ampang,7,0,0,89.59,3
mrt_pjy,15,1,0,40.46,1
tebrau,6,0,1,62.02,2
mrt_kajang,14,1,1,59.08,1
ets,7,0,0,63.96,2
mrt_pjy,18,0,0,94.07,3
lrt_kj,8,0,0,100.0,3
komuter,17,0,0,76.65,2
mrt_kajang,19,0,1,100.0,3
lrt_kj,13,1,1,52.32,1
mrt_kajang,12,1,0,44.73,1
lrt_kj,16,1,1,56.76,1
mrt_pjy,13,1,0,23.59,0
ets,8,0,0,50.81,1
tebrau,13,1,0,13.66,0
lrt_ampang,16,1,0,44.23,1
mrt_pjy,7,0,0,82.85,2
lrt_ampang,20,0,0,77.0,2
lrt_kj,15,0,1,100.0,3
lrt_ampang,17,1,0,66.09,2
mrt_kajang,19,0,0,100.0,3
lrt_ampang,11,0,0,85.23,3
lrt_ampang,19,0,0,100.0,3
mrt_pjy,6,0,1,88.28,3
komuter,19,0,1,80.29,2
mrt_kajang,8,0,1,100.0,3
lrt_kj,15,0,0,79.12,2
lrt_kj,14,0,0,91.8,3
monorail,16,1,1,41.42,1
lrt_ampang,6,0,0,73.11,2
mrt_kajang,16,1,0,38.25,1
mrt_kajang,7,0,0,100.0,3
mrt_kajang,23,1,0,16.18,0
mrt_kajang,17,0,0,100.0,3
lrt_kj,9,0,0,100.0,3
mrt_kajang,20,1,0,30.91,1
lrt_kj,17,0,0,100.0,3
lrt_kj,15,0,1,100.0,3
mrt_kajang,11,0,1,91.62,3
lrt_kj,21,0,0,91.05,3
lrt_ampang,9,0,0,96.73,3
lrt_ampang,18,0,1,100.0,3
lrt_ampang,14,1,1,49.65,1
lrt_ampang,14,0,1,95.67,3
lrt_kj,10,0,0,98.51,3
lrt_ampang,18,0,1,100.0,3
mrt_pjy,8,0,0,89.54,3
mrt_kajang,12,1,1,50.87,1
lrt_ampang,18,1,0,71.32,2
lrt_ampang,20,0,0,86.37,3
mrt_pjy,10,0,0,67.64,2
mrt_kajang,8,0,0,97.4,3
lrt_kj,19,0,1,100.0,3
mrt_pjy,14,0,0,62.29,2
lrt_ampang,18,1,0,55.65,1
mrt_pjy,10,1,0,30.69,1
mrt_kajang,21,1,0,43.92,1
mrt_pjy,13,0,0,71.39,2
komuter,17,0,0,66.04,2
lrt_ampang,12,0,1,100.0,3
mrt_kajang,21,0,0,86.1,3
lrt_kj,18,0,1,100.0,3
lrt_kj,10,1,0,46.16,1
monorail,6,0,1,57.75,1
lrt_kj,18,0,0,100.0,3
komuter,16,0,0,41.06,1
komuter,18,0,1,74.97,2
mrt_pjy,12,1,0,32.85,1
lrt_kj,8,0,1,100.0,3
mrt_pjy,19,0,0,90.6,3
mrt_kajang,17,0,1,100.0,3
lrt_kj,8,1,1,87.92,3
mrt_kajang,6,0,0,77.3,2
komuter,14,0,1,65.55,2
mrt_kajang,13,0,1,82.67,2
mrt_kajang,13,0,0,77.34,2
lrt_kj,20,0,1,100.0,3
mrt_kajang,9,0,0,100.0,3
lrt_kj,14,1,0,51.24,1
lrt_kj,17,0,0,100.0,3
mrt_pjy,19,0,1,100.0,3
lrt_kj,11,0,0,89.17,3
monorail,19,0,0,63.7,2
mrt_kajang,20,0,1,100.0,3
mrt_pjy,19,1,1,67.7,2
monorail,10,0,1,62.7,2
lrt_ampang,16,0,0,83.26,2
lrt_kj,9,0,0,100.0,3
mrt_pjy,10,0,0,57.31,1
intercity,11,0,0,38.26,1
mrt_pjy,9,0,0,95.29,3
komuter,6,0,0,52.09,1
lrt_ampang,22,0,0,83.79,2
lrt_ampang,11,1,1,60.9,2
mrt_kajang,14,1,0,43.61,1
mrt_pjy,8,0,0,83.69,2
lrt_kj,8,0,0,100.0,3
lrt_ampang,11,1,0,25.0,0
mrt_kajang,11,1,0,47.52,1
lrt_ampang,19,1,1,77.97,2
mrt_pjy,7,0,0,85.8,3
mrt_kajang,13,0,0,88.04,3
lrt_ampang,19,0,1,100.0,3
komuter_utara,15,1,0,8.76,0
mrt_pjy,9,0,0,79.05,2
komuter_utara,9,0,0,60.89,2
lrt_kj,19,0,0,100.0,3
lrt_ampang,17,0,0,100.0,3
lrt_ampang,6,0,0,86.79,3
komuter,17,0,0,71.96,2
komuter_utara,9,0,0,50.52,1
lrt_kj,9,0,0,100.0,3
mrt_kajang,8,0,1,100.0,3
mrt_kajang,19,0,0,100.0,3
lrt_kj,15,0,1,100.0,3
lrt_kj,15,0,0,86.95,3
lrt_ampang,19,0,0,96.59,3
mrt_pjy,18,0,0,96.32,3
mrt_kajang,23,1,0,24.53,0
lrt_kj,22,1,1,68.13,2
mrt_kajang,6,0,0,70.14,2
lrt_ampang,12,0,1,77.25,2
lrt_ampang,13,1,1,55.33,1
lrt_kj,15,0,0,84.3,2
lrt_ampang,13,0,0,71.34,2
lrt_kj,18,0,1,100.0,3
mrt_kajang,6,1,0,43.45,1
mrt_kajang,17,0,1,100.0,3
mrt_kajang,19,0,0,100.0,3
mrt_pjy,9,0,0,85.73,3
mrt_kajang,10,0,0,83.31,2
monorail,11,0,1,61.05,2
mrt_pjy,10,0,0,57.36,1
lrt_ampang,19,1,1,75.72,2
mrt_kajang,8,0,1,100.0,3
lrt_kj,8,1,0,53.13,1
mrt_kajang,10,0,0,82.91,2
mrt_kajang,17,0,0,100.0,3
komuter_utara,15,0,1,58.24,1
mrt_kajang,9,0,1,100.0,3
mrt_kajang,8,0,0,95.93,3
mrt_kajang,10,1,0,41.61,1
lrt_ampang,12,0,0,70.98,2
komuter,23,1,0,0.0,0
lrt_kj,18,0,0,100.0,3
lrt_kj,17,1,1,67.49,2
monorail,18,0,0,81.71,2
mrt_pjy,8,1,1,65.62,2
mrt_pjy,18,0,0,96.47,3
mrt_kajang,19,0,1,100.0,3
mrt_pjy,19,0,1,100.0,3
mrt_pjy,15,0,0,65.41,2
mrt_kajang,14,1,0,41.6,1
mrt_kajang,17,0,0,96.81,3
mrt_pjy,8,0,0,80.84,2
mrt_pjy,17,0,0,91.8,3
mrt_kajang,15,0,0,78.41,2
lrt_kj,18,0,0,100.0,3
lrt_kj,18,0,1,100.0,3
lrt_kj,14,1,0,39.21,1
komuter,17,0,0,62.79,2
mrt_kajang,19,0,0,100.0,3
lrt_kj,20,0,0,91.43,3
mrt_pjy,23,0,0,36.13,1
mrt_kajang,13,1,0,63.17,2
mrt_kajang,14,0,0,84.13,2
mrt_pjy,20,0,1,92.09,3
lrt_kj,14,1,0,28.43,0
mrt_kajang,13,0,0,79.82,2
lrt_ampang,18,0,0,100.0,3
mrt_kajang,7,0,0,99.54,3
mrt_pjy,12,0,1,79.84,2
komuter,8,0,0,66.02,2
lrt_ampang,13,0,1,87.16,3
mrt_kajang,12,1,0,57.21,1
lrt_kj,9,0,0,100.0,3
lrt_ampang,13,0,1,97.88,3
lrt_kj,17,1,0,66.26,2
lrt_kj,21,1,0,30.81,1
mrt_pjy,11,1,1,43.12,1
lrt_ampang,7,0,0,87.0,3
lrt_kj,19,1,0,63.6,2
monorail,20,0,0,43.95,1
lrt_kj,16,0,0,92.74,3
lrt_kj,17,0,0,100.0,3
lrt_ampang,7,0,1,100.0,3
mrt_pjy,14,0,1,88.13,3
mrt_pjy,16,1,0,20.31,0
lrt_kj,17,0,0,100.0,3
lrt_kj,15,0,0,74.48,2
komuter,9,0,0,64.63,2
lrt_kj,10,0,0,96.8,3
lrt_ampang,18,0,1,100.0,3
komuter,14,1,0,12.26,0
mrt_kajang,14,0,0,81.87,2
lrt_ampang,14,1,0,42.2,1
lrt_kj,8,0,0,100.0,3
lrt_ampang,17,1,0,61.45,2
mrt_pjy,9,0,0,84.48,2
komuter_utara,13,0,0,50.26,1
lrt_kj,8,0,0,100.0,3
komuter_utara,11,1,1,39.8,1
lrt_ampang,7,0,0,100.0,3
lrt_kj,11,0,0,100.0,3
lrt_ampang,17,0,1,100.0,3
lrt_kj,18,1,0,64.1,2
lrt_kj,13,1,1,56.81,1
lrt_kj,8,0,1,100.0,3
lrt_kj,10,0,0,97.09,3
mrt_kajang,8,0,0,94.94,3
lrt_kj,7,0,0,100.0,3
lrt_ampang,14,0,0,78.83,2
mrt_pjy,8,0,0,77.26,2
lrt_ampang,22,1,1,65.71,2
mrt_kajang,17,0,1,100.0,3
lrt_ampang,16,1,0,39.46,1
lrt_ampang,9,0,0,95.22,3
mrt_kajang,19,0,0,100.0,3
lrt_kj,18,0,0,100.0,3
lrt_ampang,20,1,0,37.08,1
lrt_ampang,10,1,0,37.18,1
lrt_kj,8,1,1,63.06,2
lrt_ampang,18,0,1,100.0,3
lrt_ampang,17,0,0,100.0,3
lrt_ampang,19,0,0,99.76,3
monorail,13,1,0,17.92,0
lrt_kj,14,0,1,100.0,3
lrt_kj,14,0,0,92.82,3
lrt_kj,9,0,0,100.0,3
lrt_ampang,23,1,0,15.89,0
mrt_kajang,12,0,0,90.7,3
mrt_pjy,8,0,0,74.79,2
lrt_kj,20,1,1,53.47,1
mrt_kajang,6,0,1,95.07,3
lrt_ampang,9,0,1,100.0,3
lrt_ampang,19,0,0,100.0,3
lrt_kj,6,0,0,90.71,3
ets,15,0,0,47.81,1
lrt_kj,11,0,0,80.88,2
ets,18,0,0,73.3,2
lrt_ampang,11,1,0,31.53,1
mrt_kajang,13,0,0,76.48,2
mrt_pjy,14,1,1,41.04,1
mrt_kajang,15,0,1,95.14,3
mrt_kajang,19,0,0,100.0,3
lrt_ampang,10,0,0,65.09,2
lrt_kj,18,0,0,100.0,3
mrt_kajang,10,0,0,93.91,3
lrt_kj,14,0,0,92.27,3
lrt_kj,19,0,1,100.0,3
mrt_kajang,21,0,0,94.11,3
mrt_pjy,17,0,1,98.24,3
mrt_pjy,22,1,0,10.4,0
monorail,18,1,0,41.02,1
mrt_pjy,13,0,1,68.98,2
monorail,10,0,0,47.37,1
mrt_pjy,19,0,0,90.3,3
mrt_kajang,20,0,0,82.36,2
lrt_kj,16,0,0,86.9,3
monorail,12,0,1,72.26,2
komuter,19,0,0,79.98,2
mrt_kajang,12,1,0,37.94,1
mrt_kajang,19,0,0,100.0,3
lrt_ampang,8,0,1,100.0,3
mrt_kajang,14,0,0,77.71,2
mrt_kajang,14,1,0,47.89,1
lrt_ampang,10,1,0,31.5,1
lrt_kj,18,0,1,100.0,3
mrt_pjy,9,0,0,100.0,3
mrt_kajang,7,0,0,95.09,3
mrt_kajang,19,1,1,62.75,2
monorail,13,1,0,18.94,0
mrt_pjy,12,0,0,61.55,2
mrt_kajang,12,0,1,76.13,2
lrt_ampang,13,1,1,58.51,1
mrt_kajang,9,0,0,97.25,3
lrt_kj,11,1,0,41.9,1
mrt_kajang,17,0,0,100.0,3
mrt_kajang,14,1,0,40.55,1
lrt_kj,10,0,1,100.0,3
mrt_pjy,8,0,0,78.63,2
mrt_kajang,23,1,0,13.88,0
lrt_kj,9,0,0,100.0,3
lrt_kj,8,0,0,100.0,3
lrt_kj,13,1,1,54.93,1
mrt_pjy,7,0,0,93.57,3
monorail,8,0,1,76.29,2
mrt_pjy,14,1,0,42.39,1
tebrau,16,1,0,9.74,0
ets,8,0,0,58.1,1
lrt_kj,18,0,0,100.0,3
lrt_kj,23,0,1,82.88,2
tebrau,20,1,0,1.32,0
lrt_ampang,19,0,0,92.24,3
mrt_pjy,10,1,0,27.66,0
mrt_pjy,17,0,1,100.0,3
mrt_pjy,8,0,1,100.0,3
lrt_kj,8,0,1,100.0,3
mrt_pjy,20,1,0,27.9,0
lrt_kj,13,0,0,90.45,3
lrt_ampang,16,0,0,78.62,2
mrt_kajang,8,1,1,61.62,2
mrt_pjy,18,0,0,100.0,3
lrt_kj,10,0,0,99.42,3
lrt_ampang,18,0,0,98.29,3
lrt_ampang,18,0,0,96.92,3
mrt_kajang,17,0,1,100.0,3
mrt_pjy,19,1,0,62.88,2
mrt_kajang,18,0,0,100.0,3
mrt_kajang,13,1,0,34.25,1
lrt_kj,13,0,1,100.0,3
mrt_kajang,17,0,0,99.2,3
mrt_kajang,7,1,0,53.49,1
ets,8,0,0,54.25,1
komuter_utara,18,0,1,75.34,2
lrt_ampang,21,1,1,50.39,1
mrt_pjy,16,1,0,25.75,0
mrt_kajang,19,0,0,100.0,3
lrt_ampang,13,0,0,80.06,2
lrt_ampang,11,0,0,80.53,2
mrt_kajang,17,0,0,95.93,3
lrt_ampang,18,0,0,100.0,3
lrt_ampang,10,1,0,35.92,1
tebrau,6,1,1,25.92,0
lrt_kj,11,0,0,97.34,3
monorail,19,0,0,74.55,2
lrt_ampang,14,0,0,77.65,2
lrt_kj,11,1,1,42.0,1
mrt_kajang,17,0,0,100.0,3
lrt_kj,19,0,0,100.0,3
lrt_ampang,18,0,1,100.0,3
lrt_ampang,12,1,0,34.97,1
lrt_kj,7,1,0,67.62,2
lrt_ampang,22,1,1,55.98,1
lrt_kj,17,0,0,100.0,3
mrt_kajang,15,0,0,84.92,2
mrt_kajang,12,1,0,39.23,1
lrt_ampang,18,0,0,97.44,3
lrt_kj,14,1,0,28.04,0
komuter_utara,20,0,0,42.12,1
intercity,20,1,0,0.58,0
komuter,17,0,1,82.81,2
mrt_pjy,21,0,1,83.94,2
lrt_kj,17,0,1,100.0,3
lrt_kj,8,1,0,72.66,2
ets,14,1,1,24.36,0
lrt_ampang,15,0,0,81.33,2
mrt_kajang,9,0,0,100.0,3
mrt_pjy,16,0,0,76.64,2
mrt_pjy,7,0,0,80.97,2
mrt_kajang,19,0,1,100.0,3
lrt_kj,12,0,0,97.09,3
ets,18,0,1,78.82,2
lrt_ampang,16,0,0,86.28,3
komuter,8,0,0,63.86,2
lrt_ampang,19,0,0,100.0,3
lrt_kj,18,0,0,100.0,3
mrt_kajang,22,1,0,47.2,1
lrt_kj,8,0,0,100.0,3
lrt_kj,16,0,0,98.41,3
mrt_kajang,12,1,1,65.17,2
mrt_kajang,19,0,1,100.0,3
mrt_kajang,15,0,0,86.47,3
lrt_kj,13,0,0,83.48,2
lrt_kj,16,0,1,99.19,3
mrt_kajang,17,0,1,100.0,3
mrt_kajang,18,0,0,97.77,3
komuter,17,0,1,86.94,3
mrt_pjy,12,1,1,43.32,1
lrt_kj,19,1,1,67.6,2
lrt_kj,11,1,0,45.29,1
lrt_kj,17,0,1,100.0,3
monorail,16,0,1,51.84,1
mrt_pjy,20,0,0,64.74,2
lrt_ampang,20,1,0,29.2,0
monorail,12,0,1,58.34,1
mrt_kajang,11,1,0,48.13,1
mrt_kajang,18,1,0,63.57,2
lrt_ampang,17,0,0,100.0,3
lrt_ampang,18,1,0,57.13,1
mrt_pjy,8,0,0,86.62,3
mrt_kajang,12,0,1,100.0,3
monorail,16,1,0,15.14,0
lrt_kj,19,0,1,100.0,3
lrt_kj,8,0,0,100.0,3
lrt_ampang,19,0,0,89.81,3
mrt_kajang,19,0,0,100.0,3
lrt_kj,17,0,0,100.0,3
mrt_kajang,19,0,0,91.02,3
mrt_kajang,13,0,0,76.79,2
mrt_kajang,9,0,1,100.0,3
mrt_pjy,18,0,0,81.61,2
mrt_pjy,8,0,0,94.31,3
lrt_kj,13,0,1,100.0,3
mrt_kajang,18,0,0,100.0,3
mrt_kajang,9,0,0,98.15,3
lrt_ampang,9,0,0,92.71,3
tebrau,17,0,0,62.62,2
monorail,16,0,0,36.34,1
lrt_ampang,9,0,0,100.0,3
mrt_kajang,18,0,0,100.0,3
lrt_ampang,12,1,1,53.92,1
lrt_kj,9,0,0,100.0,3
lrt_ampang,7,0,0,91.45,3
lrt_kj,17,0,0,100.0,3
lrt_ampang,8,0,0,90.86,3
lrt_ampang,15,0,0,77.93,2
mrt_kajang,12,0,0,88.06,3
monorail,17,0,0,81.92,2
mrt_kajang,16,0,0,88.53,3
mrt_kajang,6,0,0,86.76,3
monorail,20,0,1,69.04,2
mrt_pjy,9,0,1,100.0,3
mrt_pjy,9,1,0,44.95,1
monorail,16,0,0,43.93,1
mrt_pjy,15,0,0,79.34,2
mrt_kajang,14,1,1,69.2,2
mrt_pjy,20,0,0,67.37,2
lrt_ampang,17,0,0,99.81,3
mrt_kajang,17,0,0,100.0,3
mrt_pjy,16,0,1,90.14,3
mrt_pjy,15,0,1,81.05,2
lrt_kj,19,0,0,100.0,3
mrt_pjy,18,0,0,99.61,3
lrt_kj,9,1,1,72.54,2
tebrau,19,0,0,72.3,2
mrt_pjy,7,0,0,95.45,3
lrt_ampang,7,0,0,96.92,3
lrt_kj,20,0,0,89.9,3
mrt_pjy,8,0,0,75.31,2
lrt_kj,18,0,0,100.0,3
lrt_ampang,17,0,0,100.0,3
lrt_kj,13,1,1,52.04,1
lrt_kj,16,0,0,100.0,3
lrt_ampang,14,1,0,41.58,1
mrt_kajang,13,1,0,36.9,1
mrt_pjy,18,0,0,91.86,3
mrt_kajang,17,0,1,100.0,3
komuter_utara,17,0,0,70.58,2
mrt_kajang,17,0,0,100.0,3
lrt_ampang,19,0,0,100.0,3
lrt_ampang,18,0,0,97.72,3
mrt_pjy,10,1,0,37.06,1
monorail,17,0,0,85.33,3
lrt_kj,13,0,1,100.0,3
mrt_kajang,9,1,1,69.68,2
mrt_kajang,8,0,0,97.99,3
mrt_pjy,13,1,0,24.25,0
mrt_pjy,14,1,1,49.37,1
mrt_kajang,7,0,0,100.0,3
lrt_ampang,13,0,0,81.53,2
lrt_ampang,7,0,1,100.0,3
lrt_kj,6,0,0,93.97,3
mrt_kajang,9,0,0,98.67,3
lrt_kj,9,0,0,100.0,3
lrt_kj,6,0,0,77.38,2
mrt_kajang,10,0,0,81.16,2
mrt_kajang,16,0,1,100.0,3
lrt_kj,22,0,0,96.85,3
lrt_kj,17,0,0,100.0,3
tebrau,11,1,0,12.85,0
lrt_kj,18,1,0,68.98,2
mrt_kajang,9,0,0,90.49,3
komuter,8,0,0,57.74,1
lrt_ampang,7,1,0,65.9,2
lrt_kj,10,0,0,85.33,3
lrt_ampang,15,1,0,27.54,0
lrt_kj,10,0,1,85.71,3
lrt_kj,14,1,1,45.83,1
mrt_kajang,15,0,1,100.0,3
mrt_pjy,15,0,0,78.01,2
lrt_kj,17,0,1,100.0,3
lrt_kj,16,1,1,65.93,2
lrt_kj,18,1,0,63.77,2
mrt_pjy,12,1,0,35.17,1
lrt_ampang,11,1,1,39.39,1
mrt_pjy,9,0,1,100.0,3
mrt_kajang,13,1,1,71.71,2
lrt_kj,11,0,0,86.25,3
mrt_kajang,18,0,1,100.0,3
mrt_pjy,17,0,1,100.0,3
mrt_kajang,6,1,0,40.53,1
lrt_kj,13,1,1,39.94,1
mrt_pjy,19,0,1,100.0,3
mrt_pjy,13,1,0,35.7,1
mrt_kajang,11,1,0,45.82,1
mrt_pjy,13,1,0,33.76,1
mrt_kajang,20,0,0,92.29,3
lrt_ampang,19,0,1,100.0,3
lrt_ampang,8,0,0,96.14,3
lrt_ampang,10,0,1,97.76,3
lrt_ampang,18,1,0,62.43,2
lrt_ampang,14,1,0,43.09,1
lrt_kj,9,1,0,46.9,1
mrt_pjy,8,1,0,52.73,1
lrt_ampang,14,0,0,73.45,2
mrt_kajang,17,0,0,100.0,3
lrt_ampang,10,0,0,76.6,2
ets,11,0,0,44.13,1
mrt_pjy,7,1,0,42.48,1
komuter_utara,21,1,0,13.99,0
mrt_kajang,21,0,0,77.26,2
lrt_ampang,19,1,0,73.38,2
mrt_kajang,20,1,0,31.12,1
lrt_kj,17,0,0,100.0,3
lrt_kj,18,0,0,100.0,3
lrt_kj,9,0,0,100.0,3
mrt_pjy,16,0,0,78.79,2
lrt_kj,10,0,1,94.82,3
mrt_pjy,8,0,0,91.58,3
lrt_kj,8,0,0,99.82,3
lrt_kj,16,0,0,95.51,3
lrt_ampang,8,0,0,99.01,3
monorail,8,1,1,49.29,1
lrt_kj,15,0,1,100.0,3
mrt_kajang,15,1,0,45.05,1
mrt_kajang,21,1,0,50.83,1
lrt_ampang,15,0,0,81.84,2
lrt_ampang,18,0,0,96.96,3
lrt_kj,18,0,0,100.0,3
lrt_ampang,19,0,0,89.13,3
monorail,10,0,1,68.01,2
mrt_kajang,8,0,0,95.75,3
lrt_ampang,12,1,0,27.32,0
lrt_ampang,10,0,0,80.43,2
mrt_kajang,17,1,0,56.64,1
mrt_kajang,20,0,0,86.75,3
mrt_kajang,23,1,0,27.82,0
mrt_kajang,14,1,1,59.77,1
mrt_kajang,9,0,0,100.0,3
mrt_kajang,17,1,0,78.37,2
mrt_pjy,17,0,0,96.98,3
mrt_kajang,10,0,1,100.0,3
komuter,18,0,0,69.02,2
lrt_ampang,16,0,0,83.46,2
lrt_kj,9,1,0,58.8,1
lrt_ampang,16,0,0,79.93,2
mrt_kajang,17,0,0,100.0,3
mrt_kajang,6,1,0,35.33,1
lrt_kj,17,0,0,100.0,3
lrt_ampang,17,0,0,100.0,3
monorail,20,0,1,54.07,1
mrt_kajang,23,1,0,19.64,0
lrt_ampang,17,0,0,90.99,3
mrt_pjy,16,0,1,89.65,3
lrt_kj,14,0,0,91.17,3
mrt_kajang,12,0,0,71.37,2
lrt_kj,20,0,0,86.77,3
mrt_pjy,8,0,0,78.48,2
lrt_kj,8,0,0,100.0,3
lrt_kj,7,0,0,100.0,3
lrt_ampang,14,0,0,98.39,3
komuter_utara,19,1,0,40.04,1
mrt_kajang,18,0,0,100.0,3
mrt_kajang,9,0,0,89.34,3
lrt_ampang,7,0,0,93.3,3
lrt_kj,9,0,0,100.0,3
lrt_kj,13,1,1,57.09,1
lrt_kj,7,0,0,99.96,3
mrt_pjy,13,0,0,76.2,2
komuter_utara,11,0,0,39.16,1
intercity,17,0,0,51.68,1
mrt_kajang,9,0,1,100.0,3
lrt_kj,18,0,1,100.0,3
lrt_kj,9,1,0,52.68,1
mrt_pjy,8,0,0,84.41,2
lrt_kj,19,0,1,100.0,3
lrt_kj,9,0,0,100.0,3
mrt_pjy,11,0,1,84.08,2
mrt_kajang,13,0,1,88.87,3
lrt_ampang,21,0,0,73.06,2
mrt_pjy,22,0,1,80.87,2
lrt_ampang,16,0,0,61.7,2
mrt_kajang,7,0,0,100.0,3
lrt_ampang,21,0,1,100.0,3
lrt_ampang,21,0,0,84.27,2
komuter,7,0,0,66.94,2
mrt_pjy,9,0,1,90.53,3
mrt_kajang,23,1,1,32.76,1
lrt_ampang,11,0,0,76.81,2
mrt_kajang,7,1,0,64.91,2
monorail,8,0,0,67.07,2
lrt_kj,7,0,0,100.0,3
monorail,16,0,0,51.08,1
lrt_kj,9,0,1,100.0,3
lrt_kj,10,0,0,88.0,3
komuter,16,1,0,11.54,0
mrt_pjy,10,1,0,25.26,0
mrt_pjy,14,1,0,33.91,1
ets,18,0,0,73.77,2
lrt_ampang,8,0,0,89.69,3
lrt_kj,14,0,1,100.0,3
ets,16,0,1,54.4,1
lrt_ampang,16,0,0,76.03,2
monorail,17,0,1,100.0,3
lrt_kj,9,0,0,100.0,3
mrt_kajang,16,1,1,61.6,2
lrt_ampang,8,0,1,100.0,3
lrt_kj,15,1,0,33.18,1
mrt_kajang,9,0,1,100.0,3
lrt_ampang,21,1,1,45.69,1
lrt_kj,15,0,0,84.26,2
lrt_ampang,13,0,1,81.25,2
monorail,16,0,1,72.73,2
lrt_ampang,17,0,1,100.0,3
mrt_pjy,13,0,0,74.81,2
mrt_pjy,9,1,1,58.01,1
monorail,9,0,0,57.23,1
lrt_ampang,18,0,0,100.0,3
lrt_ampang,6,0,0,69.2,2
lrt_kj,18,0,0,100.0,3
lrt_kj,8,0,0,97.97,3
mrt_pjy,18,0,1,100.0,3
monorail,10,0,0,56.51,1
mrt_kajang,14,1,0,48.56,1
mrt_kajang,17,0,1,100.0,3
lrt_ampang,18,1,1,67.53,2
lrt_ampang,7,0,0,97.92,3
lrt_kj,13,0,0,81.58,2
mrt_kajang,23,1,0,29.28,0
lrt_kj,18,0,0,100.0,3
lrt_kj,14,0,0,85.64,3
mrt_pjy,8,0,1,96.87,3
lrt_ampang,20,0,0,86.03,3
mrt_pjy,17,0,1,100.0,3
mrt_kajang,10,0,0,95.58,3
mrt_pjy,14,1,0,33.39,1
lrt_ampang,19,0,1,100.0,3
mrt_kajang,11,0,1,85.01,3
monorail,14,0,1,71.08,2
lrt_kj,14,1,1,60.11,2
mrt_pjy,17,0,1,100.0,3
lrt_kj,14,0,0,90.78,3
mrt_kajang,9,0,0,100.0,3
mrt_kajang,19,0,0,100.0,3
lrt_kj,19,0,0,100.0,3
mrt_pjy,20,0,0,65.0,2
komuter,12,0,1,58.1,1
lrt_ampang,9,0,0,94.64,3
mrt_pjy,8,1,0,58.49,1
lrt_ampang,23,1,0,19.24,0
lrt_kj,9,0,1,100.0,3
ets,6,1,1,33.18,1
mrt_kajang,15,1,0,38.15,1
monorail,15,0,0,43.27,1
lrt_ampang,19,0,0,99.07,3
mrt_pjy,16,0,0,57.57,1
lrt_kj,17,0,0,100.0,3
mrt_pjy,17,0,0,89.36,3
lrt_ampang,17,0,0,93.21,3
lrt_ampang,8,0,1,100.0,3
lrt_ampang,13,1,0,35.66,1
lrt_ampang,16,0,0,76.99,2
lrt_kj,17,0,0,100.0,3
lrt_ampang,21,0,0,70.56,2
komuter,16,0,0,37.02,1
lrt_ampang,18,0,0,100.0,3
lrt_kj,15,1,0,35.77,1
lrt_ampang,6,1,1,50.38,1
lrt_ampang,11,0,0,71.18,2
mrt_kajang,8,1,0,67.32,2
mrt_kajang,19,0,0,100.0,3
komuter_utara,17,0,0,81.63,2
mrt_pjy,14,1,0,25.75,0
lrt_kj,18,0,0,100.0,3
mrt_kajang,9,0,0,100.0,3
lrt_kj,18,0,1,100.0,3
lrt_kj,10,0,0,83.99,2
lrt_kj,8,0,1,100.0,3
komuter_utara,10,1,0,15.49,0
komuter_utara,16,0,0,43.88,1
mrt_kajang,13,1,0,52.28,1
mrt_pjy,16,1,0,24.76,0
lrt_kj,19,0,0,100.0,3
mrt_pjy,17,0,0,94.69,3
mrt_kajang,6,1,0,29.05,0
mrt_pjy,20,0,1,84.36,2
mrt_pjy,12,0,0,71.33,2
lrt_kj,16,0,0,89.93,3
lrt_kj,16,1,1,42.98,1
komuter,12,1,1,30.98,1
lrt_kj,18,0,0,100.0,3
mrt_kajang,18,0,0,100.0,3
lrt_kj,11,0,0,95.24,3
komuter,17,0,0,80.88,2
ets,19,0,0,59.89,1
lrt_kj,18,0,0,100.0,3
lrt_ampang,7,0,0,92.85,3
lrt_ampang,7,0,0,83.68,2
monorail,12,0,0,37.08,1
lrt_kj,17,0,0,100.0,3
komuter,17,1,1,58.98,1
mrt_kajang,17,0,0,100.0,3
komuter,8,0,0,64.26,2
mrt_kajang,17,1,0,59.0,1
lrt_ampang,19,0,0,100.0,3
lrt_kj,12,0,0,75.07,2
mrt_kajang,17,1,1,72.45,2
mrt_pjy,8,0,0,92.54,3
mrt_pjy,9,0,0,86.61,3
lrt_kj,16,0,0,86.24,3
lrt_ampang,14,0,0,80.91,2
mrt_kajang,15,0,0,67.3,2
monorail,20,1,0,21.25,0
mrt_pjy,21,1,1,41.64,1
mrt_kajang,18,0,0,100.0,3
mrt_kajang,9,1,0,65.8,2
mrt_pjy,7,0,0,88.94,3
lrt_kj,11,0,0,92.15,3
mrt_kajang,13,0,1,81.89,2
lrt_kj,17,1,0,64.02,2
lrt_kj,18,1,1,62.0,2
lrt_kj,21,0,1,100.0,3
lrt_ampang,19,0,0,100.0,3
lrt_ampang,14,0,0,82.0,2
mrt_pjy,18,0,1,96.95,3
monorail,18,0,0,78.12,2
mrt_kajang,19,0,0,97.38,3
mrt_kajang,15,0,1,95.87,3
lrt_ampang,8,0,0,97.04,3
mrt_pjy,17,0,0,84.48,2
monorail,8,1,0,38.13,1
lrt_ampang,13,1,1,43.55,1
mrt_pjy,19,0,1,100.0,3
mrt_pjy,12,0,0,79.69,2
mrt_pjy,15,1,0,25.74,0
mrt_kajang,9,0,0,97.82,3
lrt_kj,19,0,0,100.0,3
mrt_kajang,12,0,0,94.94,3
lrt_kj,8,1,0,63.07,2
lrt_kj,20,0,1,100.0,3
mrt_pjy,7,0,0,77.33,2
mrt_pjy,21,0,0,80.89,2
lrt_kj,9,0,0,100.0,3
mrt_kajang,7,0,1,100.0,3
mrt_kajang,6,0,0,72.06,2
lrt_kj,17,0,1,100.0,3
lrt_kj,18,0,0,100.0,3
mrt_kajang,18,0,0,100.0,3
lrt_kj,7,0,1,100.0,3
lrt_ampang,20,1,0,40.99,1
mrt_pjy,6,0,1,85.21,3
lrt_kj,18,0,0,100.0,3
mrt_kajang,8,0,0,100.0,3
mrt_pjy,14,0,0,81.21,2
ets,8,0,1,70.14,2
komuter,14,0,0,39.37,1
lrt_ampang,18,0,1,100.0,3
mrt_kajang,16,1,0,42.83,1
lrt_kj,21,1,1,53.53,1
mrt_pjy,11,0,0,76.59,2
lrt_kj,11,0,0,97.41,3
monorail,19,1,0,33.92,1
komuter_utara,23,1,0,2.93,0
lrt_kj,20,1,0,42.29,1
mrt_kajang,21,0,0,85.04,3
lrt_kj,18,0,0,100.0,3
lrt_ampang,18,1,0,67.95,2
lrt_ampang,22,1,0,31.12,1
mrt_pjy,19,0,0,87.74,3
lrt_kj,14,0,1,100.0,3
lrt_ampang,8,0,0,89.01,3
lrt_kj,17,0,0,100.0,3
lrt_kj,11,0,0,89.86,3
mrt_pjy,9,0,1,100.0,3
mrt_pjy,11,0,1,78.93,2
monorail,15,0,0,47.81,1
lrt_kj,9,0,0,100.0,3
monorail,12,1,0,16.78,0
mrt_kajang,19,0,0,100.0,3
lrt_kj,16,0,1,94.91,3
mrt_pjy,21,1,1,45.84,1
komuter,20,0,1,68.96,2
lrt_kj,6,0,1,100.0,3
mrt_kajang,20,1,0,32.57,1
lrt_ampang,18,0,1,100.0,3
mrt_pjy,11,1,0,26.09,0
lrt_kj,16,1,1,48.71,1
lrt_kj,8,0,0,100.0,3
lrt_kj,19,1,1,81.0,2
ets,9,0,0,60.6,2
lrt_kj,22,0,1,100.0,3
lrt_kj,17,0,1,100.0,3
lrt_ampang,13,0,0,81.37,2
komuter,18,0,0,83.33,2
mrt_kajang,18,1,0,64.16,2
lrt_kj,16,0,0,96.52,3
tebrau,8,0,0,59.66,1
monorail,17,1,0,39.84,1
lrt_ampang,10,0,0,77.08,2
lrt_ampang,9,0,1,100.0,3
lrt_kj,20,0,0,94.54,3
mrt_pjy,15,0,0,55.62,1
lrt_kj,21,1,0,44.85,1
lrt_ampang,10,1,0,27.17,0
lrt_ampang,9,0,1,93.92,3
mrt_kajang,16,0,0,83.44,2
mrt_pjy,16,0,1,92.94,3
lrt_kj,20,0,0,96.3,3
mrt_pjy,20,0,0,64.83,2
mrt_pjy,13,0,0,62.32,2
lrt_kj,23,1,1,30.17,1
lrt_ampang,20,0,1,100.0,3
lrt_kj,10,0,1,100.0,3
mrt_pjy,16,0,1,86.31,3
mrt_kajang,8,0,0,87.54,3
mrt_kajang,6,0,1,92.55,3
lrt_ampang,18,0,0,100.0,3
lrt_ampang,10,1,0,40.45,1
mrt_kajang,6,1,1,42.31,1
mrt_pjy,11,0,0,75.49,2
lrt_kj,14,0,0,92.75,3
lrt_kj,11,0,0,92.61,3
tebrau,7,0,1,82.12,2
mrt_pjy,20,0,0,87.47,3
lrt_kj,6,0,0,88.05,3
lrt_ampang,18,1,1,70.28,2
mrt_pjy,19,0,1,100.0,3
lrt_kj,17,0,0,100.0,3
lrt_ampang,12,0,0,80.59,2
mrt_pjy,18,0,0,91.28,3
komuter,15,0,0,52.66,1
lrt_kj,18,0,0,100.0,3
monorail,20,0,0,50.92,1
mrt_pjy,21,0,1,82.61,2
lrt_kj,9,0,0,100.0,3
mrt_pjy,13,0,0,68.96,2
lrt_ampang,10,0,0,77.06,2
lrt_kj,6,1,0,38.3,1
lrt_kj,16,0,0,100.0,3
lrt_kj,21,0,0,86.76,3
mrt_pjy,15,1,1,47.8,1
lrt_ampang,19,0,1,100.0,3
monorail,17,0,0,71.33,2
lrt_ampang,18,0,0,100.0,3
mrt_kajang,18,0,0,100.0,3
komuter,11,0,1,49.92,1
mrt_kajang,10,1,0,41.0,1
lrt_ampang,17,0,0,89.08,3
mrt_kajang,16,0,0,72.48,2
lrt_kj,11,0,0,77.59,2
lrt_kj,16,0,0,100.0,3
mrt_kajang,18,0,1,100.0,3
mrt_kajang,18,0,1,100.0,3
lrt_kj,18,1,1,73.93,2
lrt_ampang,12,0,0,79.47,2
mrt_pjy,7,0,0,76.75,2
mrt_pjy,11,0,0,68.64,2
lrt_ampang,9,0,0,84.42,2
lrt_ampang,14,1,1,47.68,1
mrt_kajang,13,0,1,100.0,3
komuter,16,1,1,35.62,1
mrt_pjy,15,0,0,66.99,2
komuter,9,0,0,52.6,1
lrt_kj,21,1,1,50.19,1
mrt_kajang,13,0,1,97.01,3
mrt_kajang,9,1,0,69.06,2
intercity,8,1,0,35.64,1
monorail,8,0,1,70.93,2
lrt_ampang,7,0,1,100.0,3
mrt_kajang,7,0,1,100.0,3
monorail,18,0,0,63.86,2
lrt_kj,19,0,0,100.0,3
lrt_ampang,17,1,1,76.84,2
ets,15,1,0,8.95,0
mrt_kajang,12,1,0,38.38,1
mrt_pjy,8,0,0,94.13,3
lrt_kj,17,1,0,68.98,2
lrt_kj,8,0,1,100.0,3
lrt_ampang,6,0,0,65.14,2
lrt_ampang,16,0,0,66.96,2
lrt_kj,12,1,1,55.87,1
mrt_pjy,15,1,0,21.66,0
lrt_ampang,22,0,0,78.95,2
lrt_ampang,11,0,1,100.0,3
mrt_pjy,16,0,0,71.63,2
lrt_kj,17,0,0,100.0,3
mrt_pjy,17,0,0,100.0,3
mrt_pjy,18,1,0,60.16,2
lrt_ampang,14,1,0,39.74,1
mrt_kajang,7,0,0,100.0,3
mrt_pjy,7,0,1,100.0,3
mrt_kajang,18,1,0,60.39,2
mrt_kajang,15,0,1,96.11,3
mrt_kajang,10,0,1,98.68,3
ets,7,0,0,60.11,2
lrt_ampang,17,1,0,66.78,2
lrt_ampang,11,1,0,35.19,1
mrt_kajang,15,0,0,87.08,3
lrt_ampang,18,0,0,100.0,3
lrt_ampang,16,0,0,79.73,2
mrt_pjy,9,1,1,57.41,1
lrt_kj,8,1,0,47.75,1
ets,7,0,1,74.27,2
tebrau,22,1,0,14.86,0
mrt_pjy,15,0,0,73.31,2
mrt_kajang,11,0,0,86.13,3
lrt_kj,20,0,0,97.33,3
mrt_pjy,19,1,0,58.06,1
monorail,7,0,1,72.3,2
lrt_ampang,15,0,1,81.78,2
ets,10,0,0,42.99,1
mrt_kajang,8,0,1,98.3,3
lrt_kj,14,0,0,100.0,3
lrt_kj,16,0,1,100.0,3
komuter,21,0,1,57.59,1
mrt_pjy,20,0,0,66.8,2
lrt_kj,14,0,1,100.0,3
mrt_kajang,12,0,0,73.22,2
monorail,15,0,1,51.53,1
komuter,10,0,0,40.59,1
mrt_pjy,16,0,0,58.63,1
lrt_kj,19,0,0,100.0,3
lrt_kj,23,1,1,28.97,0
ets,11,0,1,59.63,1
lrt_kj,15,0,1,100.0,3
mrt_kajang,20,0,1,89.39,3
mrt_kajang,21,0,0,86.05,3
lrt_ampang,19,0,0,100.0,3
lrt_ampang,15,1,0,38.2,1
monorail,14,0,0,43.6,1
lrt_kj,6,1,0,25.48,0
lrt_kj,6,0,0,87.65,3
mrt_kajang,8,0,0,100.0,3
mrt_kajang,21,0,0,80.1,2
lrt_kj,19,0,1,100.0,3
lrt_kj,14,1,0,44.69,1
mrt_pjy,20,0,1,93.07,3
komuter_utara,8,0,0,51.98,1
lrt_kj,10,0,0,91.21,3
mrt_kajang,21,0,1,96.13,3
monorail,12,1,0,24.58,0
lrt_kj,23,1,0,23.92,0
lrt_ampang,10,0,0,80.75,2
lrt_ampang,8,0,1,100.0,3
lrt_kj,12,0,0,80.91,2
mrt_pjy,17,0,0,94.42,3
mrt_pjy,17,0,1,94.74,3
lrt_ampang,21,1,1,50.33,1
mrt_pjy,7,0,0,85.62,3
lrt_ampang,10,1,0,48.42,1
komuter,9,0,1,88.39,3
mrt_kajang,7,0,1,100.0,3
mrt_kajang,9,0,1,100.0,3
lrt_ampang,9,0,0,88.31,3
mrt_kajang,9,0,1,100.0,3
lrt_kj,16,0,0,97.7,3
lrt_ampang,9,0,1,100.0,3
lrt_kj,18,0,1,100.0,3
mrt_pjy,9,0,0,78.07,2
lrt_kj,11,1,1,52.7,1
lrt_ampang,6,1,0,22.17,0
mrt_kajang,18,0,0,100.0,3
lrt_ampang,10,1,1,58.48,1
komuter,18,1,0,40.9,1
lrt_ampang,10,0,0,63.75,2
lrt_kj,13,0,0,92.86,3
tebrau,10,0,1,41.43,1
lrt_kj,17,0,0,100.0,3
komuter_utara,17,0,0,59.76,1
lrt_kj,21,1,0,44.79,1
mrt_kajang,14,1,0,35.73,1
mrt_kajang,8,1,0,80.95,2
mrt_pjy,23,1,1,25.49,0
mrt_pjy,9,0,0,87.78,3
mrt_pjy,18,0,0,97.31,3
mrt_kajang,16,0,1,94.12,3
monorail,20,1,0,18.77,0
lrt_kj,8,0,0,100.0,3
mrt_kajang,11,0,1,99.24,3
lrt_kj,20,1,0,48.77,1
lrt_kj,11,1,0,33.07,1
mrt_kajang,9,0,0,89.68,3
lrt_ampang,9,0,1,100.0,3
lrt_kj,16,0,0,98.09,3
lrt_ampang,7,0,1,100.0,3
mrt_pjy,15,0,0,63.72,2
komuter,20,0,0,45.18,1
lrt_ampang,10,1,1,47.2,1
lrt_ampang,19,0,0,82.83,2
mrt_kajang,17,0,1,100.0,3
lrt_kj,13,0,0,84.98,2
mrt_pjy,7,1,1,66.28,2
mrt_pjy,19,1,0,46.7,1
mrt_kajang,10,0,0,95.84,3
mrt_pjy,7,0,0,100.0,3
mrt_pjy,12,0,1,89.38,3
lrt_ampang,9,0,1,100.0,3
mrt_kajang,22,1,0,30.85,1
komuter,16,0,0,28.96,0
lrt_ampang,13,1,1,54.35,1
lrt_ampang,8,0,1,97.09,3
lrt_kj,16,0,0,100.0,3
lrt_ampang,18,1,1,84.83,2
lrt_kj,14,0,0,79.95,2
mrt_kajang,19,1,0,69.55,2
lrt_kj,17,1,0,71.32,2
lrt_kj,14,0,0,87.01,3
lrt_kj,16,0,0,91.41,3
lrt_ampang,7,0,1,100.0,3
lrt_kj,20,0,1,94.78,3
lrt_kj,6,0,0,88.91,3
lrt_kj,19,0,0,100.0,3
lrt_ampang,8,0,1,100.0,3
lrt_ampang,19,0,0,100.0,3
lrt_kj,18,0,0,100.0,3
lrt_ampang,15,0,1,89.64,3
lrt_ampang,16,1,1,46.07,1
ets,15,0,1,53.01,1
mrt_pjy,8,1,0,37.73,1
mrt_kajang,18,0,1,100.0,3
monorail,21,0,1,59.93,1
lrt_kj,22,1,1,49.99,1
lrt_ampang,21,1,0,43.08,1
lrt_kj,16,0,0,89.67,3
mrt_kajang,19,0,1,100.0,3
mrt_kajang,21,0,0,69.58,2
lrt_ampang,18,1,0,64.82,2
lrt_kj,18,0,0,100.0,3
lrt_kj,14,0,0,72.53,2
lrt_ampang,10,0,0,70.38,2
mrt_kajang,15,0,0,96.48,3
mrt_kajang,14,1,0,51.53,1
lrt_kj,10,1,0,38.37,1
mrt_pjy,19,0,1,100.0,3
lrt_kj,8,0,0,100.0,3
mrt_pjy,12,0,1,81.23,2
lrt_kj,9,0,0,100.0,3
lrt_kj,17,0,0,100.0,3
mrt_pjy,21,0,1,70.94,2
tebrau,17,0,0,70.37,2
monorail,11,0,0,45.1,1
mrt_kajang,15,1,0,39.08,1
lrt_kj,11,0,0,87.4,3
lrt_kj,16,0,0,97.75,3
lrt_kj,21,1,1,45.95,1
mrt_kajang,16,0,0,98.44,3
lrt_ampang,18,0,0,98.4,3
komuter_utara,11,0,1,64.42,2
lrt_kj,8,0,0,100.0,3
komuter,16,1,0,24.65,0
lrt_ampang,14,0,1,97.59,3
lrt_kj,8,0,0,100.0,3
lrt_kj,19,0,0,100.0,3
monorail,18,0,1,90.1,3
lrt_kj,7,1,0,61.63,2
intercity,11,0,0,42.06,1
monorail,17,0,0,78.61,2
mrt_pjy,6,0,0,78.62,2
mrt_kajang,18,1,0,63.53,2
lrt_ampang,7,0,0,98.81,3
ets,9,1,0,53.87,1
mrt_pjy,6,1,0,20.59,0
lrt_ampang,8,0,1,100.0,3
mrt_kajang,17,0,0,95.04,3
lrt_kj,11,1,0,54.25,1
mrt_kajang,11,0,0,90.29,3
lrt_kj,12,1,1,59.07,1
lrt_ampang,12,0,0,72.4,2
monorail,17,0,0,73.25,2
mrt_pjy,9,1,1,61.59,2
tebrau,8,0,1,67.34,2
komuter,7,0,1,75.57,2
mrt_kajang,14,1,0,51.43,1
monorail,21,0,0,49.47,1
mrt_kajang,22,0,0,73.36,2
lrt_ampang,14,0,1,94.26,3
intercity,15,1,0,2.14,0
lrt_ampang,15,0,0,71.43,2
lrt_ampang,9,0,0,93.69,3
komuter,7,0,0,70.68,2
lrt_kj,12,0,1,100.0,3
mrt_kajang,8,0,1,100.0,3
ets,18,0,0,73.72,2
mrt_pjy,8,1,0,43.36,1
mrt_kajang,17,1,0,63.93,2
mrt_kajang,16,0,0,77.99,2
mrt_pjy,16,0,0,68.04,2
lrt_kj,8,1,1,62.96,2
ets,7,0,0,54.4,1
mrt_kajang,15,1,0,44.65,1
lrt_ampang,20,0,0,57.47,1
lrt_kj,9,0,0,100.0,3
komuter,19,0,1,91.98,3
lrt_kj,13,0,0,99.5,3
lrt_kj,7,1,0,66.37,2
tebrau,11,0,0,42.59,1
lrt_ampang,16,0,1,95.53,3
mrt_kajang,14,0,0,92.27,3
lrt_kj,18,0,0,100.0,3
lrt_ampang,16,0,0,75.16,2
lrt_kj,16,0,1,100.0,3
mrt_kajang,15,1,0,38.76,1
mrt_kajang,17,0,1,100.0,3
lrt_kj,17,0,0,100.0,3
mrt_kajang,7,0,0,100.0,3
lrt_kj,16,1,0,44.6,1
lrt_ampang,19,1,0,52.33,1
lrt_kj,18,0,0,100.0,3
lrt_ampang,12,0,1,100.0,3
mrt_kajang,18,1,0,67.82,2
mrt_kajang,17,1,0,58.55,1
komuter,17,0,0,66.19,2
lrt_kj,8,0,0,100.0,3
mrt_pjy,18,0,0,96.04,3
mrt_kajang,16,1,0,38.29,1
lrt_ampang,17,0,0,96.79,3
mrt_pjy,8,1,0,55.69,1
lrt_kj,17,0,0,100.0,3
mrt_pjy,15,1,0,32.36,1
mrt_pjy,17,0,0,100.0,3
mrt_kajang,16,1,0,38.75,1
lrt_kj,8,0,0,100.0,3
mrt_kajang,7,0,0,100.0,3
mrt_pjy,14,0,0,74.73,2
lrt_kj,11,0,0,83.21,2
ets,13,1,0,9.78,0
lrt_ampang,16,1,1,38.8,1
lrt_kj,18,1,0,69.04,2
mrt_pjy,16,0,0,62.53,2
mrt_kajang,15,1,1,58.62,1
lrt_ampang,8,0,0,92.79,3
mrt_kajang,16,0,1,97.02,3
mrt_pjy,15,1,0,17.23,0
monorail,16,0,1,52.43,1
mrt_kajang,22,1,0,53.8,1
komuter,10,0,1,66.7,2
mrt_kajang,12,0,1,100.0,3
lrt_kj,20,0,0,89.46,3
mrt_pjy,16,0,0,72.55,2
lrt_ampang,15,0,1,77.43,2
lrt_ampang,15,1,1,50.92,1
lrt_ampang,9,0,0,100.0,3
lrt_kj,16,0,0,80.62,2
mrt_pjy,18,0,0,86.45,3
mrt_kajang,16,0,0,80.51,2
mrt_kajang,9,0,1,100.0,3
lrt_ampang,17,0,1,100.0,3
lrt_ampang,8,0,0,100.0,3
lrt_ampang,14,1,1,46.49,1
monorail,14,0,1,61.72,2
mrt_kajang,12,1,0,40.05,1
monorail,16,0,0,51.38,1
mrt_pjy,21,0,0,68.95,2
lrt_kj,16,0,0,97.11,3
mrt_pjy,9,0,1,97.79,3
mrt_pjy,19,0,0,82.82,2
komuter_utara,7,1,1,49.67,1
monorail,8,0,0,68.72,2
monorail,13,1,0,12.2,0
komuter,8,0,0,66.77,2
komuter,17,0,0,62.01,2
lrt_kj,19,0,1,100.0,3
lrt_kj,9,0,1,100.0,3
lrt_ampang,19,0,0,100.0,3
lrt_ampang,17,0,1,100.0,3
mrt_kajang,19,0,0,100.0,3
mrt_pjy,6,0,1,84.42,2
lrt_ampang,9,0,1,100.0,3
mrt_kajang,15,0,0,84.97,2
komuter,9,0,0,41.37,1
lrt_ampang,11,0,0,81.55,2
mrt_pjy,18,1,0,59.32,1
lrt_kj,14,0,0,100.0,3
lrt_ampang,9,0,0,90.48,3
komuter,14,0,0,39.71,1
lrt_ampang,14,0,1,94.44,3
ets,17,0,0,58.14,1
lrt_kj,11,1,0,40.46,1
lrt_ampang,10,1,0,46.31,1
ets,6,0,0,41.87,1
lrt_kj,10,1,1,54.88,1
mrt_kajang,13,1,0,40.26,1
lrt_kj,10,1,0,34.0,1
mrt_kajang,12,0,0,83.75,2
mrt_kajang,18,0,1,100.0,3
lrt_kj,12,0,0,90.35,3
mrt_kajang,19,0,0,100.0,3
mrt_kajang,20,1,1,74.07,2
mrt_pjy,8,0,0,90.17,3
mrt_kajang,9,0,0,100.0,3
mrt_pjy,17,0,0,94.89,3
mrt_pjy,14,0,0,62.54,2
mrt_kajang,9,0,1,100.0,3
mrt_kajang,7,0,0,100.0,3
lrt_kj,14,0,0,91.34,3
lrt_kj,7,0,1,100.0,3
mrt_pjy,15,0,0,73.08,2
mrt_pjy,8,0,1,95.09,3
mrt_kajang,13,0,1,96.79,3
lrt_ampang,16,0,0,75.87,2
lrt_ampang,17,0,1,100.0,3
lrt_kj,7,0,0,100.0,3
mrt_kajang,15,0,0,89.41,3
ets,9,0,1,74.43,2
mrt_kajang,17,0,0,92.17,3
mrt_kajang,14,0,1,100.0,3
lrt_kj,9,0,0,100.0,3
lrt_kj,14,1,0,38.79,1
mrt_kajang,8,0,0,90.37,3
lrt_ampang,7,0,0,100.0,3
mrt_kajang,11,1,1,43.63,1
mrt_kajang,20,0,0,84.09,2
lrt_ampang,9,0,1,100.0,3
komuter,13,0,0,54.05,1
mrt_kajang,12,1,1,51.81,1
lrt_kj,14,0,0,93.82,3
mrt_pjy,7,0,0,68.71,2
komuter,12,0,0,49.24,1
tebrau,17,0,1,71.39,2
mrt_kajang,7,1,1,83.72,2
lrt_ampang,17,0,1,100.0,3
mrt_kajang,14,1,1,63.96,2
lrt_ampang,9,0,1,100.0,3
lrt_kj,15,0,1,100.0,3
lrt_kj,10,0,1,100.0,3
tebrau,8,0,1,68.75,2
lrt_ampang,18,0,0,91.14,3
mrt_pjy,19,1,1,77.92,2
lrt_kj,13,0,0,100.0,3
komuter,11,0,0,35.15,1
lrt_ampang,17,0,1,100.0,3
mrt_pjy,20,1,0,25.49,0
komuter_utara,20,0,0,42.18,1
tebrau,7,0,0,47.53,1
lrt_kj,8,0,0,96.76,3
lrt_kj,18,0,0,100.0,3
mrt_kajang,22,0,0,84.46,2
lrt_ampang,6,1,0,29.0,0
lrt_kj,22,1,1,50.41,1
lrt_kj,8,0,1,100.0,3
lrt_kj,9,0,0,100.0,3
mrt_kajang,8,0,0,100.0,3
mrt_kajang,16,0,0,81.17,2
lrt_ampang,8,1,0,61.76,2
mrt_pjy,18,0,1,100.0,3
mrt_kajang,21,1,1,32.63,1
lrt_kj,10,0,0,96.25,3
lrt_kj,16,0,0,78.57,2
lrt_kj,7,0,0,100.0,3
lrt_ampang,11,1,0,26.71,0
monorail,17,0,0,64.48,2
lrt_ampang,9,1,1,66.98,2
monorail,10,0,0,56.37,1
lrt_kj,11,0,0,95.7,3
lrt_ampang,6,1,0,35.06,1
lrt_kj,17,0,0,100.0,3
mrt_pjy,9,0,0,89.46,3
mrt_pjy,8,1,1,71.31,2
mrt_kajang,18,0,1,100.0,3
mrt_kajang,8,0,0,100.0,3
lrt_kj,15,1,0,36.49,1
lrt_kj,14,1,0,46.4,1
mrt_pjy,23,1,0,12.58,0
mrt_kajang,7,0,0,100.0,3
lrt_ampang,15,0,0,67.81,2
mrt_pjy,7,0,0,89.3,3
lrt_kj,20,0,0,93.03,3
mrt_kajang,7,1,0,53.11,1
mrt_kajang,11,1,0,45.59,1
mrt_pjy,18,0,1,100.0,3
lrt_ampang,7,0,0,99.6,3
mrt_kajang,23,1,0,27.64,0
lrt_kj,20,1,0,42.19,1
lrt_kj,9,0,0,100.0,3
mrt_kajang,7,0,0,100.0,3
lrt_ampang,7,0,0,96.56,3
monorail,6,0,0,46.15,1
lrt_kj,19,0,0,100.0,3
mrt_kajang,8,1,0,70.77,2
mrt_kajang,8,0,1,100.0,3
lrt_ampang,8,0,1,100.0,3
mrt_kajang,8,0,0,100.0,3
lrt_kj,16,1,0,34.89,1
intercity,8,0,0,48.6,1
ets,16,0,1,57.62,1
lrt_kj,20,1,0,44.53,1
lrt_ampang,11,0,1,100.0,3
mrt_pjy,8,0,1,99.21,3
komuter,10,0,0,55.03,1
ets,14,1,0,18.36,0
lrt_kj,7,0,1,100.0,3
mrt_kajang,7,0,0,100.0,3
mrt_pjy,15,0,0,73.81,2
mrt_pjy,10,0,0,65.97,2
lrt_kj,18,0,0,100.0,3
lrt_kj,7,1,1,55.69,1
monorail,22,0,1,51.59,1
mrt_kajang,6,0,0,90.86,3
lrt_ampang,17,0,0,85.89,3
lrt_kj,21,1,0,44.93,1
komuter,18,1,0,50.42,1
komuter,7,0,0,60.02,2
komuter_utara,6,0,0,40.13,1
lrt_kj,17,0,0,100.0,3
mrt_kajang,13,1,1,59.52,1
komuter_utara,15,0,1,37.92,1
mrt_kajang,11,1,0,52.01,1
lrt_kj,18,0,1,100.0,3
mrt_kajang,10,1,0,28.15,0
lrt_ampang,8,1,0,62.33,2
mrt_kajang,19,0,1,100.0,3
mrt_kajang,18,0,1,100.0,3
lrt_ampang,10,1,1,48.46,1
mrt_pjy,15,1,1,39.93,1
mrt_pjy,8,0,0,78.78,2
komuter,16,0,0,52.52,1
lrt_ampang,19,0,0,96.46,3
mrt_pjy,7,1,0,48.0,1
mrt_kajang,23,1,0,24.82,0
lrt_kj,11,0,0,87.3,3
mrt_pjy,11,0,0,65.89,2
komuter,10,1,1,24.35,0
mrt_kajang,11,0,0,80.57,2
mrt_pjy,17,0,0,96.4,3
lrt_ampang,14,0,1,85.91,3
lrt_ampang,10,0,0,74.68,2
lrt_kj,18,0,1,100.0,3
lrt_kj,21,0,0,100.0,3
tebrau,20,0,0,37.1,1
mrt_kajang,7,0,0,100.0,3
lrt_ampang,17,0,0,94.82,3
lrt_ampang,8,0,1,91.74,3
mrt_kajang,19,1,0,70.0,2
mrt_kajang,11,0,1,99.19,3
mrt_pjy,18,0,0,97.38,3
mrt_pjy,21,0,0,80.82,2
mrt_kajang,16,0,0,83.93,2
mrt_kajang,17,0,0,100.0,3
lrt_ampang,22,1,1,59.57,1
komuter,17,0,0,54.76,1
lrt_kj,14,0,0,98.07,3
lrt_ampang,20,0,0,84.15,2
lrt_ampang,19,0,1,100.0,3
mrt_pjy,15,0,1,89.07,3
mrt_kajang,12,1,0,62.17,2
mrt_kajang,17,0,0,100.0,3
mrt_pjy,18,0,0,78.58,2
mrt_kajang,19,0,1,100.0,3
lrt_kj,16,0,0,100.0,3
lrt_ampang,11,0,1,92.72,3
lrt_kj,16,0,1,100.0,3
mrt_pjy,19,0,0,86.41,3
mrt_kajang,15,0,1,97.9,3
mrt_pjy,12,0,0,64.83,2
mrt_kajang,19,0,0,100.0,3
lrt_kj,10,0,1,100.0,3
mrt_pjy,8,0,0,72.83,2
monorail,19,1,0,44.52,1
mrt_pjy,18,0,1,100.0,3
lrt_kj,18,0,1,100.0,3
lrt_kj,6,0,1,98.98,3
lrt_kj,13,1,0,40.13,1
lrt_kj,17,0,0,98.77,3
lrt_ampang,9,0,0,92.47,3
monorail,9,0,0,62.76,2
lrt_kj,13,0,0,74.2,2
mrt_kajang,10,0,0,89.15,3
lrt_kj,13,0,1,99.36,3
lrt_kj,18,1,1,78.53,2
mrt_pjy,7,0,0,79.14,2
lrt_kj,7,0,0,100.0,3
mrt_kajang,6,1,1,63.74,2
mrt_kajang,18,0,0,100.0,3
lrt_kj,17,1,0,74.78,2
lrt_ampang,18,0,1,100.0,3
lrt_kj,16,0,0,87.34,3
lrt_ampang,7,0,1,98.8,3
lrt_ampang,15,1,0,54.72,1
lrt_kj,10,1,0,17.84,0
lrt_kj,15,0,0,99.31,3
lrt_ampang,15,1,1,58.67,1
monorail,9,1,1,61.91,2
mrt_pjy,19,0,0,90.08,3
lrt_ampang,9,0,0,98.68,3
lrt_kj,23,1,0,35.47,1
mrt_kajang,21,1,1,48.19,1
mrt_kajang,18,0,1,100.0,3
lrt_kj,18,0,1,100.0,3
lrt_kj,8,0,0,100.0,3
mrt_pjy,7,0,0,86.71,3
lrt_ampang,14,1,0,39.04,1
lrt_ampang,18,0,0,100.0,3
lrt_ampang,12,0,1,88.05,3
mrt_pjy,18,0,0,100.0,3
lrt_ampang,14,1,0,46.42,1
komuter,23,0,0,12.34,0
mrt_kajang,6,0,1,100.0,3
lrt_kj,13,1,0,36.76,1
lrt_ampang,17,1,0,44.97,1
monorail,12,0,0,58.26,1
lrt_kj,22,1,1,44.72,1
mrt_kajang,7,1,0,61.19,2
lrt_ampang,12,0,0,71.76,2
mrt_kajang,18,0,0,100.0,3
lrt_kj,15,0,0,91.87,3
mrt_kajang,20,0,0,80.2,2
mrt_pjy,10,0,0,57.12,1
komuter,8,0,0,59.93,1
komuter,22,0,1,56.75,1
mrt_pjy,9,0,0,86.35,3
mrt_pjy,19,0,0,83.69,2
mrt_pjy,17,0,0,100.0,3
mrt_pjy,11,0,0,75.74,2
komuter_utara,18,0,0,67.6,2
lrt_ampang,11,1,0,35.53,1
mrt_pjy,16,1,0,35.83,1
monorail,8,0,0,71.14,2
lrt_kj,9,0,0,100.0,3
tebrau,15,0,0,40.4,1
lrt_ampang,17,1,0,62.32,2
lrt_kj,16,0,0,93.07,3
mrt_pjy,12,0,0,69.24,2
lrt_kj,9,0,0,100.0,3
lrt_ampang,13,0,0,65.07,2
monorail,10,0,0,46.53,1
lrt_ampang,15,0,1,94.1,3
lrt_ampang,14,1,0,32.25,1
ets,7,0,0,54.02,1
mrt_kajang,7,0,1,100.0,3
monorail,8,0,0,73.7,2
mrt_kajang,16,0,0,90.48,3
lrt_kj,18,0,0,100.0,3
lrt_kj,14,0,0,98.2,3
mrt_kajang,14,0,0,68.28,2
monorail,19,0,1,83.04,2
mrt_kajang,20,0,1,100.0,3
lrt_ampang,11,1,0,31.49,1
komuter_utara,21,0,0,50.91,1
lrt_kj,15,0,1,100.0,3
lrt_ampang,15,1,0,51.05,1
lrt_kj,18,0,0,100.0,3
lrt_kj,19,1,0,61.25,2
lrt_ampang,9,0,1,96.25,3
mrt_kajang,6,0,0,85.33,3
lrt_kj,14,1,0,30.18,1
lrt_kj,18,0,0,100.0,3
mrt_kajang,15,0,0,80.94,2
lrt_kj,17,0,0,99.72,3
mrt_kajang,8,0,1,100.0,3
mrt_kajang,16,0,1,100.0,3
mrt_kajang,20,1,0,54.04,1
mrt_pjy,11,0,1,62.59,2
lrt_kj,9,0,1,100.0,3
lrt_kj,14,0,0,77.15,2
lrt_ampang,13,1,1,60.71,2
komuter,18,0,0,80.46,2
lrt_kj,9,0,1,100.0,3
mrt_kajang,23,1,1,36.96,1
lrt_ampang,7,0,0,94.09,3
monorail,13,1,0,26.77,0
lrt_kj,12,1,1,51.96,1
lrt_ampang,7,0,1,98.52,3
monorail,21,0,0,42.92,1
lrt_kj,12,0,0,97.28,3
lrt_ampang,8,1,0,64.69,2
mrt_kajang,18,0,0,100.0,3
mrt_pjy,20,0,0,66.42,2
monorail,20,0,0,45.23,1
mrt_kajang,19,0,0,96.41,3
mrt_pjy,19,0,0,91.3,3
mrt_kajang,9,0,0,89.74,3
lrt_ampang,20,0,0,72.64,2
mrt_pjy,16,0,0,64.84,2
lrt_ampang,16,0,0,89.25,3
mrt_kajang,8,0,0,99.68,3
komuter,6,0,1,58.85,1
komuter_utara,17,0,0,62.02,2
mrt_pjy,13,1,0,27.12,0
mrt_kajang,9,0,0,100.0,3
mrt_kajang,21,0,0,93.87,3
lrt_ampang,9,0,0,100.0,3
lrt_ampang,12,0,0,75.71,2
mrt_kajang,9,0,0,100.0,3
mrt_kajang,17,0,0,98.77,3
mrt_kajang,12,1,0,46.28,1
lrt_kj,16,0,0,87.67,3
lrt_ampang,18,0,0,100.0,3
lrt_kj,20,0,1,98.87,3
komuter,10,1,0,26.75,0
mrt_pjy,20,0,0,68.05,2
mrt_kajang,15,0,0,68.03,2
mrt_pjy,16,0,1,72.96,2
lrt_kj,13,1,1,59.23,1
mrt_kajang,18,0,1,100.0,3
lrt_ampang,17,1,1,78.62,2
mrt_pjy,12,0,0,55.56,1
mrt_kajang,8,0,0,100.0,3
mrt_pjy,18,0,0,89.2,3
mrt_kajang,15,0,1,91.26,3
mrt_kajang,18,0,1,100.0,3
mrt_kajang,15,0,1,98.89,3
lrt_kj,20,0,0,80.45,2
lrt_ampang,12,0,0,71.13,2
mrt_kajang,7,0,0,100.0,3
mrt_pjy,18,0,0,95.05,3
lrt_kj,17,1,0,89.79,3
lrt_kj,18,0,0,100.0,3
mrt_pjy,15,0,1,85.99,3
mrt_pjy,12,0,0,80.63,2
lrt_ampang,12,0,1,96.49,3
lrt_ampang,8,0,0,99.16,3
mrt_kajang,19,0,0,100.0,3
komuter_utara,9,0,1,80.58,2
komuter,8,0,0,56.93,1
mrt_kajang,19,1,0,52.89,1
mrt_kajang,8,0,0,100.0,3
mrt_kajang,17,0,1,100.0,3
mrt_kajang,11,0,0,71.32,2
lrt_kj,11,0,0,80.74,2
mrt_pjy,21,1,1,40.0,1
lrt_kj,15,1,0,52.22,1
lrt_kj,22,1,0,43.97,1
lrt_kj,16,0,0,100.0,3
mrt_kajang,6,0,0,80.09,2
mrt_pjy,20,0,0,71.04,2
mrt_pjy,7,0,1,100.0,3
mrt_kajang,10,1,1,62.46,2
lrt_kj,18,0,1,100.0,3
lrt_ampang,22,0,1,88.56,3
lrt_ampang,17,0,1,100.0,3
lrt_kj,10,0,0,100.0,3
ets,17,0,0,59.62,1
mrt_pjy,17,0,0,83.81,2
komuter,14,1,0,17.55,0
lrt_kj,9,0,0,100.0,3
lrt_ampang,17,0,1,100.0,3
mrt_kajang,14,1,1,50.94,1
mrt_pjy,16,0,0,62.32,2
mrt_kajang,21,0,0,93.33,3
lrt_ampang,13,0,0,78.55,2
ets,15,0,0,35.25,1
mrt_kajang,10,0,0,85.24,3
lrt_ampang,9,1,0,48.37,1
lrt_ampang,10,0,0,70.75,2
lrt_ampang,21,0,0,84.01,2
lrt_ampang,18,1,0,66.5,2
lrt_kj,10,0,1,100.0,3
lrt_ampang,15,0,0,82.53,2
lrt_kj,19,0,0,100.0,3
komuter,10,0,1,60.67,2
mrt_kajang,7,0,1,100.0,3
monorail,6,0,0,42.96,1
lrt_kj,8,0,0,100.0,3
mrt_pjy,17,0,0,97.8,3
mrt_kajang,19,0,0,100.0,3
lrt_kj,14,0,0,87.61,3
lrt_ampang,17,1,0,63.5,2
komuter_utara,15,1,0,18.53,0
lrt_kj,15,0,0,99.22,3
mrt_kajang,8,0,1,100.0,3
mrt_pjy,18,1,0,52.79,1
monorail,6,0,0,49.53,1
mrt_kajang,7,0,0,100.0,3
mrt_kajang,12,0,0,90.38,3
mrt_pjy,16,1,1,48.72,1
lrt_kj,20,1,0,34.6,1
mrt_kajang,15,0,0,72.28,2
mrt_kajang,8,0,0,95.84,3
mrt_pjy,15,1,1,37.28,1
lrt_kj,6,0,0,92.5,3
lrt_kj,15,0,0,96.52,3
lrt_ampang,8,1,0,54.28,1
lrt_kj,16,1,0,44.58,1
lrt_ampang,20,0,0,69.19,2
komuter_utara,11,0,1,45.27,1
lrt_kj,6,0,1,94.5,3
mrt_kajang,16,0,0,83.32,2
mrt_pjy,8,1,1,63.45,2
lrt_kj,7,0,1,100.0,3
lrt_ampang,7,0,0,98.72,3
mrt_kajang,14,1,0,42.47,1
mrt_pjy,11,0,0,62.52,2
monorail,8,0,0,68.98,2
lrt_kj,21,1,0,50.87,1
mrt_kajang,13,0,0,90.61,3
lrt_ampang,6,1,0,26.52,0
lrt_ampang,14,1,1,33.43,1
lrt_kj,8,0,0,99.92,3
mrt_kajang,10,1,0,39.07,1
lrt_kj,8,0,0,100.0,3
mrt_kajang,15,0,0,84.26,2
ets,11,0,0,43.47,1
monorail,14,0,0,63.35,2
lrt_ampang,16,0,1,79.09,2
mrt_pjy,10,0,0,50.78,1
lrt_ampang,20,1,1,42.78,1
lrt_kj,11,0,0,78.5,2
lrt_kj,11,1,0,31.95,1
lrt_kj,7,1,1,69.08,2
lrt_ampang,22,1,0,34.73,1
mrt_pjy,16,1,0,24.04,0
mrt_kajang,15,0,1,89.95,3
lrt_ampang,9,1,0,65.4,2
lrt_ampang,11,1,1,50.84,1
lrt_kj,11,0,0,94.18,3
mrt_kajang,11,0,0,83.13,2
lrt_ampang,23,1,0,21.1,0
lrt_kj,11,1,1,56.22,1
mrt_kajang,18,0,0,100.0,3
lrt_kj,11,1,0,37.34,1
mrt_pjy,18,0,1,96.39,3
lrt_kj,10,0,0,96.29,3
lrt_ampang,14,0,0,84.39,2
mrt_pjy,19,0,1,100.0,3
lrt_ampang,17,0,0,100.0,3
lrt_kj,23,1,1,27.28,0
mrt_kajang,17,0,1,100.0,3
mrt_kajang,19,0,1,100.0,3
mrt_pjy,16,0,0,75.16,2
lrt_ampang,20,0,0,74.54,2
lrt_ampang,12,1,1,60.0,2
lrt_ampang,9,1,0,37.82,1
monorail,7,0,1,78.1,2
lrt_kj,18,0,0,100.0,3
lrt_kj,10,1,1,56.23,1
mrt_pjy,13,1,0,21.94,0
mrt_pjy,8,0,0,87.61,3
lrt_kj,7,1,0,61.26,2
mrt_kajang,17,0,0,100.0,3
lrt_kj,12,1,0,37.17,1
mrt_kajang,9,0,1,100.0,3
mrt_pjy,8,1,0,50.27,1
lrt_kj,21,0,0,87.15,3
monorail,7,0,0,72.52,2
mrt_pjy,15,0,1,68.45,2
mrt_kajang,16,0,0,91.81,3
monorail,18,1,0,51.22,1
monorail,9,0,0,70.28,2
mrt_kajang,16,0,1,94.42,3
monorail,20,1,1,32.28,1
lrt_ampang,14,0,0,95.12,3
mrt_kajang,16,0,0,90.28,3
mrt_kajang,17,0,0,100.0,3
mrt_kajang,7,0,0,92.02,3
lrt_ampang,8,0,1,100.0,3
mrt_pjy,16,0,0,65.66,2
lrt_kj,8,0,0,100.0,3
lrt_ampang,17,0,0,100.0,3
mrt_pjy,11,1,0,28.06,0
mrt_pjy,15,0,0,72.25,2
monorail,18,0,1,76.09,2
lrt_kj,16,0,1,100.0,3
lrt_kj,10,0,0,91.31,3
mrt_kajang,19,0,0,100.0,3
komuter,17,0,1,76.26,2
mrt_pjy,12,0,0,78.59,2
lrt_ampang,11,1,1,49.77,1
mrt_pjy,18,0,0,96.36,3
mrt_pjy,18,0,0,91.32,3
mrt_pjy,13,1,0,23.03,0
lrt_ampang,7,1,0,64.71,2
mrt_kajang,6,0,0,75.56,2
lrt_kj,18,0,1,100.0,3
mrt_pjy,16,0,0,76.14,2
komuter,11,1,1,34.4,1
mrt_kajang,9,0,1,100.0,3
lrt_ampang,9,0,0,97.16,3
monorail,10,0,0,46.04,1
mrt_kajang,9,0,1,100.0,3
mrt_kajang,11,0,0,82.8,2
mrt_pjy,9,0,0,95.54,3
lrt_ampang,9,0,0,83.2,2
lrt_ampang,8,0,0,91.44,3
lrt_ampang,18,0,0,100.0,3
lrt_ampang,7,0,0,98.71,3
ets,15,0,0,44.9,1
lrt_kj,17,0,0,100.0,3
mrt_kajang,19,0,1,100.0,3
lrt_ampang,18,0,0,100.0,3
komuter_utara,22,1,1,37.27,1
mrt_pjy,10,0,0,54.46,1
lrt_kj,11,0,1,84.72,2
lrt_kj,19,0,0,100.0,3
lrt_ampang,7,0,0,100.0,3
mrt_kajang,7,0,0,97.07,3
lrt_kj,16,0,0,83.86,2
komuter,8,0,0,63.57,2
lrt_ampang,18,0,1,100.0,3
lrt_kj,18,0,1,100.0,3
mrt_pjy,10,0,1,82.16,2
lrt_kj,18,0,1,100.0,3
lrt_ampang,19,0,1,100.0,3
lrt_ampang,10,0,1,87.82,3
lrt_ampang,8,0,0,94.86,3
lrt_kj,14,0,0,91.15,3
lrt_kj,19,0,0,100.0,3
monorail,14,1,0,23.06,0
lrt_kj,20,1,0,46.36,1
mrt_pjy,9,0,0,64.32,2
mrt_kajang,6,0,0,89.93,3
mrt_kajang,18,0,0,100.0,3
monorail,18,0,1,78.26,2
mrt_kajang,17,0,1,100.0,3
lrt_kj,16,0,0,86.81,3
monorail,20,0,1,51.23,1
monorail,9,1,0,30.48,1
komuter,19,1,1,59.32,1
lrt_kj,6,0,0,94.51,3
lrt_kj,11,1,0,44.84,1
lrt_kj,18,0,0,100.0,3
lrt_ampang,15,1,0,33.57,1
lrt_ampang,8,0,0,95.32,3
monorail,7,0,1,81.98,2
mrt_kajang,18,0,1,100.0,3
lrt_ampang,11,0,0,75.03,2
mrt_pjy,7,1,0,57.79,1
komuter,7,0,0,60.86,2
komuter,20,1,0,13.47,0
mrt_pjy,12,0,0,56.05,1
mrt_kajang,17,0,1,100.0,3
lrt_ampang,7,0,1,100.0,3
lrt_ampang,11,0,0,74.94,2
mrt_kajang,11,0,0,69.75,2
lrt_kj,11,0,0,96.82,3
lrt_kj,9,1,0,43.62,1
lrt_kj,8,1,0,51.21,1
lrt_kj,7,0,1,100.0,3
mrt_kajang,19,0,1,100.0,3
lrt_kj,17,1,0,66.62,2
mrt_pjy,13,0,0,76.49,2
lrt_ampang,20,0,1,96.97,3
lrt_ampang,16,0,1,83.87,2
lrt_ampang,8,0,0,87.99,3
lrt_kj,20,1,0,43.47,1
lrt_kj,10,1,0,31.31,1
mrt_pjy,15,0,0,68.05,2
lrt_kj,16,0,0,82.02,2
mrt_pjy,19,0,0,100.0,3
lrt_ampang,17,0,0,96.73,3
lrt_kj,16,0,1,100.0,3
lrt_kj,10,0,1,94.64,3
mrt_pjy,17,0,0,85.02,3
lrt_ampang,17,0,0,91.1,3
mrt_kajang,21,1,0,28.74,0
lrt_kj,18,0,1,100.0,3
lrt_ampang,18,0,0,97.91,3
mrt_pjy,18,0,0,92.87,3
lrt_kj,22,0,0,98.92,3
mrt_pjy,20,0,0,75.63,2
komuter_utara,11,0,0,42.32,1
mrt_kajang,8,0,0,100.0,3
lrt_ampang,19,1,0,75.6,2
lrt_kj,18,0,1,100.0,3
mrt_kajang,9,0,0,100.0,3
lrt_kj,16,1,0,43.56,1
mrt_kajang,18,0,0,100.0,3
lrt_ampang,18,0,0,100.0,3
lrt_kj,11,1,0,37.56,1
komuter_utara,8,0,0,58.26,1
monorail,16,1,0,24.92,0
lrt_ampang,23,0,0,51.61,1
mrt_kajang,12,0,1,82.68,2
lrt_ampang,8,0,0,92.8,3
lrt_kj,10,1,0,43.27,1
lrt_kj,19,0,1,100.0,3
mrt_pjy,11,0,1,66.52,2
lrt_ampang,6,0,1,86.09,3
mrt_kajang,7,0,0,94.68,3
lrt_ampang,7,1,1,75.97,2
mrt_kajang,8,0,0,88.41,3
mrt_pjy,15,1,0,43.22,1
lrt_ampang,9,0,1,100.0,3
mrt_pjy,8,1,0,45.89,1
mrt_kajang,9,0,0,100.0,3
mrt_pjy,23,0,1,77.19,2
mrt_pjy,6,1,0,26.47,0
komuter,18,1,0,39.58,1
komuter,6,0,1,48.92,1
ets,23,0,0,27.22,0
mrt_kajang,10,0,1,98.8,3
mrt_pjy,9,0,0,89.88,3
mrt_kajang,17,1,1,86.5,3
lrt_ampang,7,0,1,88.94,3
komuter_utara,17,0,0,57.2,1
monorail,11,0,0,50.06,1
mrt_pjy,13,0,0,73.94,2
lrt_ampang,8,0,0,100.0,3
lrt_kj,16,0,0,86.26,3
lrt_kj,12,0,0,87.83,3
mrt_kajang,7,0,0,93.24,3
lrt_ampang,18,0,1,100.0,3
lrt_ampang,11,1,1,54.24,1
mrt_kajang,7,0,0,93.22,3
lrt_ampang,18,0,0,100.0,3
lrt_ampang,8,0,0,100.0,3
mrt_pjy,12,0,1,91.95,3
lrt_ampang,9,0,0,91.16,3
lrt_ampang,7,1,1,74.45,2
mrt_kajang,7,0,1,100.0,3
mrt_pjy,17,0,1,100.0,3
lrt_kj,14,0,1,100.0,3
lrt_ampang,10,1,0,35.48,1
lrt_kj,16,0,0,88.17,3
mrt_kajang,23,0,0,57.63,1
mrt_kajang,14,0,1,100.0,3
komuter,8,0,1,71.66,2
lrt_kj,8,0,0,100.0,3
komuter,19,1,1,60.81,2
lrt_kj,15,0,0,90.48,3
lrt_kj,7,1,1,75.29,2
mrt_pjy,17,0,0,92.98,3
lrt_kj,9,0,1,100.0,3
lrt_kj,10,0,1,100.0,3
lrt_ampang,11,1,0,44.73,1
lrt_kj,16,0,0,87.38,3
mrt_kajang,9,1,1,73.43,2
komuter,11,0,0,33.75,1
mrt_kajang,19,0,0,100.0,3
lrt_kj,18,0,0,100.0,3
lrt_ampang,9,0,0,78.59,2
komuter_utara,16,0,0,48.66,1
lrt_kj,7,0,0,100.0,3
lrt_ampang,12,1,0,35.24,1
lrt_ampang,21,0,0,85.66,3
mrt_kajang,20,0,0,77.45,2
lrt_ampang,15,1,0,32.75,1
mrt_pjy,11,0,0,70.46,2
lrt_kj,14,1,0,41.63,1
komuter_utara,14,1,0,13.06,0
mrt_pjy,9,0,0,89.84,3
lrt_ampang,17,1,0,43.97,1
mrt_kajang,14,1,1,59.42,1
lrt_ampang,16,1,0,32.61,1
monorail,15,0,0,51.61,1
mrt_kajang,9,1,0,69.91,2
mrt_pjy,20,0,0,75.76,2
mrt_pjy,15,0,0,63.2,2
lrt_ampang,8,0,0,100.0,3
mrt_pjy,17,1,1,53.14,1
komuter_utara,9,0,0,47.43,1
lrt_kj,17,1,0,59.1,1
komuter,20,0,1,57.25,1
lrt_kj,6,0,1,100.0,3
mrt_kajang,8,0,1,100.0,3
mrt_pjy,6,0,0,64.66,2
mrt_kajang,18,0,1,100.0,3
lrt_ampang,10,0,1,91.16,3
lrt_ampang,16,0,0,74.11,2
mrt_pjy,8,1,1,58.75,1
lrt_ampang,7,0,0,92.31,3
mrt_pjy,16,1,0,40.3,1
lrt_kj,19,1,1,79.22,2
monorail,8,0,0,64.99,2
lrt_kj,19,0,1,100.0,3
mrt_kajang,16,0,0,91.53,3
lrt_kj,7,0,1,100.0,3
mrt_kajang,8,1,0,57.85,1
lrt_ampang,15,0,0,80.76,2
komuter_utara,15,1,0,14.09,0
lrt_kj,7,1,0,52.32,1
lrt_kj,11,0,0,87.67,3
komuter,9,1,0,24.06,0
mrt_pjy,9,0,0,94.93,3
mrt_pjy,10,0,0,66.92,2
lrt_kj,9,0,0,100.0,3
lrt_kj,18,1,0,45.38,1
lrt_kj,18,0,0,100.0,3
mrt_pjy,15,0,0,84.34,2
mrt_kajang,15,0,1,87.64,3
monorail,18,0,1,78.92,2
mrt_pjy,15,0,0,61.73,2
lrt_kj,9,0,0,100.0,3
lrt_ampang,16,0,0,64.48,2
lrt_ampang,19,0,1,100.0,3
mrt_kajang,12,0,1,100.0,3
mrt_pjy,8,0,0,83.33,2
lrt_kj,8,0,1,100.0,3
mrt_kajang,14,0,1,86.04,3
mrt_pjy,13,0,0,60.4,2
mrt_kajang,12,0,0,79.95,2
lrt_kj,15,1,0,31.14,1
mrt_kajang,12,0,0,89.34,3
mrt_kajang,19,0,0,100.0,3
mrt_pjy,12,1,1,38.35,1
ets,19,0,0,74.9,2
mrt_pjy,10,0,0,74.28,2
mrt_kajang,19,0,0,100.0,3
mrt_kajang,7,0,1,100.0,3
lrt_kj,12,1,0,37.67,1
lrt_kj,20,0,0,83.43,2
lrt_ampang,6,0,0,79.46,2
mrt_kajang,8,0,0,90.11,3
mrt_kajang,7,0,0,88.59,3
mrt_pjy,14,1,0,24.5,0
lrt_ampang,19,0,0,100.0,3
mrt_kajang,16,0,0,100.0,3
lrt_kj,17,1,0,49.15,1
lrt_kj,8,0,0,100.0,3
mrt_kajang,19,0,0,100.0,3
mrt_pjy,10,0,0,67.69,2
lrt_kj,16,1,1,49.64,1
mrt_kajang,16,0,0,86.97,3
mrt_kajang,15,1,1,49.63,1
lrt_kj,15,0,0,95.51,3
mrt_pjy,23,1,1,19.36,0
mrt_kajang,9,0,0,96.24,3
komuter,10,0,0,56.88,1
mrt_pjy,18,1,0,59.71,1
lrt_kj,10,1,1,50.8,1
mrt_pjy,20,0,0,64.44,2
komuter_utara,6,0,0,30.6,1
lrt_ampang,13,0,0,82.91,2
mrt_pjy,8,0,0,94.06,3
lrt_kj,21,1,0,43.83,1
mrt_kajang,14,0,0,85.44,3
lrt_kj,16,0,0,98.29,3
lrt_kj,7,0,0,100.0,3
lrt_kj,11,0,0,95.63,3
lrt_kj,15,0,0,99.39,3
mrt_pjy,12,0,0,73.09,2
mrt_pjy,21,0,0,69.33,2
komuter_utara,11,0,0,49.06,1
monorail,11,0,0,47.05,1
lrt_ampang,21,0,1,100.0,3
monorail,22,0,0,48.98,1
lrt_kj,19,1,0,74.7,2
mrt_pjy,15,0,1,80.41,2
mrt_kajang,7,0,0,100.0,3
lrt_ampang,6,0,0,88.22,3
lrt_kj,9,0,0,100.0,3
mrt_pjy,11,0,0,69.62,2
lrt_kj,14,0,0,100.0,3
lrt_ampang,18,1,0,54.73,1
mrt_kajang,11,0,1,100.0,3
mrt_pjy,11,0,0,56.09,1
mrt_kajang,8,0,0,95.21,3
mrt_kajang,15,0,0,78.33,2
lrt_ampang,19,0,0,100.0,3
lrt_ampang,19,0,0,89.9,3
lrt_ampang,15,1,0,40.93,1
lrt_ampang,15,0,0,78.6,2
tebrau,18,1,1,47.97,1
lrt_kj,8,0,1,100.0,3
mrt_pjy,7,1,1,59.46,1
lrt_kj,12,1,0,53.61,1
mrt_pjy,18,0,0,82.47,2
monorail,9,0,0,77.51,2
mrt_pjy,18,0,1,89.93,3
lrt_ampang,19,1,0,65.08,2
mrt_kajang,20,0,0,80.23,2
mrt_kajang,14,0,0,85.07,3
lrt_kj,8,0,1,100.0,3
komuter,10,1,1,34.82,1
monorail,8,0,0,75.54,2
lrt_ampang,17,0,0,100.0,3
lrt_kj,20,0,0,93.34,3
mrt_kajang,8,1,0,61.5,2
lrt_ampang,22,0,0,92.15,3
mrt_kajang,8,0,0,86.92,3
mrt_kajang,10,0,1,96.08,3
mrt_pjy,20,0,0,72.53,2
mrt_kajang,8,0,1,100.0,3
lrt_kj,17,0,0,100.0,3
komuter,21,0,0,39.95,1
tebrau,9,0,0,47.82,1
mrt_kajang,16,1,0,37.71,1
mrt_pjy,12,1,0,24.45,0
mrt_pjy,8,0,1,100.0,3
lrt_kj,19,0,0,100.0,3
lrt_ampang,16,0,0,79.97,2
lrt_kj,13,1,0,55.27,1
lrt_ampang,19,0,0,100.0,3
lrt_ampang,14,0,0,69.13,2
komuter,21,1,1,42.77,1
monorail,12,0,0,39.94,1
mrt_kajang,17,0,1,100.0,3
mrt_pjy,17,0,1,99.07,3
mrt_pjy,8,1,0,67.47,2
mrt_kajang,21,1,0,50.3,1
lrt_kj,18,0,0,100.0,3
lrt_kj,10,1,0,31.24,1
lrt_kj,15,0,0,94.7,3
lrt_kj,18,0,0,100.0,3
mrt_kajang,20,0,0,88.88,3
mrt_pjy,11,0,0,74.64,2
mrt_kajang,22,1,0,46.75,1
lrt_ampang,11,1,0,33.01,1
mrt_kajang,13,0,1,100.0,3
tebrau,8,0,0,55.77,1
mrt_kajang,17,0,1,100.0,3
lrt_ampang,20,1,0,29.05,0
lrt_kj,13,0,0,93.1,3
mrt_kajang,20,0,0,78.58,2
monorail,9,0,0,57.09,1
lrt_ampang,9,1,0,56.79,1
mrt_pjy,17,0,0,98.61,3
komuter_utara,15,1,0,12.62,0
mrt_pjy,17,0,0,86.2,3
lrt_kj,16,0,0,89.72,3
mrt_kajang,14,1,0,40.41,1
lrt_kj,13,0,1,100.0,3
lrt_kj,14,1,0,40.9,1
lrt_kj,15,0,0,97.0,3
mrt_kajang,14,1,1,60.77,2
lrt_kj,9,1,0,67.26,2
mrt_kajang,8,0,0,100.0,3
mrt_kajang,11,0,0,78.14,2
tebrau,12,0,0,51.63,1
mrt_kajang,20,0,0,83.0,2
lrt_kj,7,0,0,100.0,3
mrt_pjy,17,0,0,94.51,3
lrt_kj,13,0,0,90.37,3
mrt_pjy,7,0,0,87.59,3
lrt_kj,8,0,0,100.0,3
lrt_kj,16,0,0,96.5,3
lrt_ampang,16,0,1,85.19,3
lrt_kj,8,1,1,54.21,1
lrt_kj,15,0,0,100.0,3
lrt_ampang,21,0,1,82.69,2
lrt_ampang,22,0,1,91.23,3
mrt_kajang,16,1,0,28.81,0
lrt_kj,7,0,0,100.0,3
mrt_pjy,23,1,0,7.5,0
komuter,22,1,1,30.72,1
mrt_kajang,18,0,0,100.0,3
lrt_ampang,15,1,0,41.96,1
lrt_kj,11,0,0,81.46,2
lrt_kj,6,0,1,100.0,3
mrt_kajang,12,0,1,98.74,3
mrt_kajang,19,0,0,100.0,3
lrt_ampang,11,0,1,93.74,3
lrt_kj,22,1,0,39.9,1
mrt_pjy,20,0,0,71.25,2
lrt_kj,13,0,0,88.42,3
mrt_kajang,23,1,0,26.96,0
lrt_kj,9,0,1,100.0,3
lrt_ampang,16,0,0,82.4,2
mrt_pjy,8,0,0,91.99,3
mrt_kajang,10,1,0,51.3,1
lrt_ampang,9,0,1,85.39,3
monorail,19,0,1,87.46,3
mrt_kajang,12,0,0,79.14,2
lrt_ampang,15,0,0,86.71,3
monorail,8,0,0,58.95,1
lrt_kj,7,0,0,100.0,3
lrt_kj,8,0,1,100.0,3
lrt_kj,7,0,0,100.0,3
tebrau,17,1,0,27.0,0
mrt_kajang,18,0,0,100.0,3
mrt_kajang,17,1,0,69.86,2
mrt_kajang,23,1,0,33.38,1
lrt_ampang,21,1,0,27.46,0
lrt_kj,15,1,0,41.61,1
tebrau,12,0,1,45.46,1
lrt_kj,16,1,0,27.96,0
monorail,9,0,0,65.28,2
mrt_kajang,12,0,1,85.1,3
lrt_ampang,18,1,0,54.1,1
mrt_pjy,17,0,0,97.77,3
monorail,11,0,0,41.1,1
lrt_ampang,18,0,0,97.65,3
lrt_kj,18,0,0,100.0,3
lrt_ampang,8,0,1,100.0,3
komuter,20,1,0,18.86,0
mrt_kajang,12,0,0,85.13,3
lrt_kj,6,0,1,100.0,3
mrt_pjy,9,1,0,45.39,1
mrt_kajang,11,0,0,82.46,2
lrt_kj,19,0,1,100.0,3
mrt_pjy,7,0,0,89.59,3
lrt_ampang,16,0,0,78.76,2
lrt_kj,13,1,0,47.79,1
mrt_kajang,20,1,0,35.99,1
lrt_kj,8,0,0,100.0,3
mrt_pjy,21,1,1,42.28,1
lrt_ampang,15,1,0,38.32,1
lrt_ampang,15,0,0,73.84,2
komuter_utara,13,0,0,41.89,1
lrt_kj,16,0,0,75.23,2
lrt_ampang,11,0,0,84.88,2
mrt_kajang,17,0,0,100.0,3
lrt_kj,17,0,0,100.0,3
mrt_kajang,6,0,0,79.49,2
lrt_ampang,10,0,0,80.14,2
mrt_kajang,19,0,1,100.0,3
lrt_kj,9,0,0,100.0,3
monorail,13,0,1,75.71,2
komuter_utara,17,0,0,71.54,2
monorail,10,0,0,41.13,1
mrt_pjy,20,0,0,56.25,1
komuter,9,0,0,67.26,2
mrt_kajang,18,1,1,64.09,2
lrt_kj,6,0,0,100.0,3
mrt_kajang,9,1,0,67.59,2
lrt_kj,17,0,0,100.0,3
ets,9,0,0,58.33,1
lrt_kj,21,0,0,86.76,3
mrt_pjy,20,1,0,38.09,1
mrt_pjy,19,0,0,100.0,3
monorail,9,0,0,80.1,2
mrt_pjy,6,0,0,66.45,2
mrt_pjy,16,0,0,55.39,1
lrt_ampang,7,0,0,100.0,3
komuter,7,0,0,63.81,2
monorail,18,0,0,78.06,2
mrt_kajang,9,0,0,95.49,3
lrt_kj,12,1,0,31.87,1
lrt_kj,16,0,0,92.71,3
mrt_kajang,17,0,0,100.0,3
lrt_ampang,21,1,0,35.19,1
lrt_ampang,7,0,0,100.0,3
mrt_pjy,6,0,0,69.05,2
mrt_pjy,12,0,1,78.0,2
mrt_kajang,14,1,1,50.54,1
mrt_kajang,8,0,1,100.0,3
mrt_kajang,7,1,0,48.8,1
mrt_kajang,17,0,0,100.0,3
mrt_kajang,12,1,0,28.11,0
lrt_ampang,13,0,0,79.8,2
lrt_ampang,10,0,0,85.79,3
mrt_kajang,9,1,0,53.84,1
mrt_kajang,21,0,1,89.35,3
lrt_kj,9,0,0,100.0,3
lrt_kj,9,0,1,100.0,3
lrt_kj,18,0,1,100.0,3
lrt_kj,17,0,0,100.0,3
lrt_ampang,18,0,1,100.0,3
lrt_ampang,22,1,0,44.57,1
komuter,8,0,0,58.28,1
lrt_kj,16,0,0,92.4,3
lrt_ampang,7,0,0,88.79,3
mrt_kajang,17,0,0,100.0,3
lrt_ampang,8,0,0,90.69,3
mrt_kajang,9,0,1,100.0,3
lrt_kj,9,0,0,100.0,3
mrt_pjy,10,1,0,23.06,0
lrt_kj,20,1,0,49.9,1
mrt_pjy,22,1,1,43.8,1
mrt_kajang,16,1,1,43.19,1
monorail,10,1,0,19.67,0
mrt_kajang,15,1,0,47.09,1
mrt_pjy,6,1,0,42.71,1
lrt_kj,19,0,0,100.0,3
mrt_kajang,11,1,0,48.59,1
lrt_kj,10,0,0,82.1,2
lrt_ampang,12,0,0,74.85,2
lrt_kj,23,0,0,85.57,3
mrt_kajang,18,0,0,100.0,3
lrt_kj,18,1,0,52.86,1
lrt_kj,7,0,0,100.0,3
mrt_pjy,19,1,1,66.01,2
lrt_kj,11,0,0,100.0,3
mrt_pjy,12,1,0,33.98,1
mrt_kajang,11,1,1,59.99,1
mrt_pjy,16,0,0,69.51,2
lrt_kj,9,0,0,100.0,3
mrt_kajang,6,1,1,60.42,2
monorail,8,0,1,67.45,2
mrt_kajang,17,0,1,100.0,3
mrt_kajang,18,0,0,100.0,3
lrt_kj,6,1,0,35.92,1
mrt_kajang,19,0,0,100.0,3
lrt_ampang,8,0,0,96.69,3
lrt_ampang,15,0,0,78.94,2
mrt_kajang,15,1,1,70.39,2
mrt_pjy,15,0,0,74.45,2
mrt_pjy,7,0,0,87.68,3
lrt_kj,9,1,0,53.23,1
lrt_kj,9,0,0,100.0,3
lrt_kj,20,0,1,94.43,3
lrt_kj,15,0,0,88.98,3
mrt_kajang,21,1,0,44.92,1
lrt_kj,7,0,1,100.0,3
lrt_ampang,11,1,0,29.98,0
mrt_kajang,10,0,0,72.74,2
lrt_kj,10,1,1,52.29,1
mrt_kajang,17,1,0,70.51,2
mrt_kajang,18,0,0,97.67,3
mrt_kajang,19,0,0,100.0,3
intercity,17,0,1,75.89,2
komuter,19,0,0,71.56,2
lrt_kj,21,1,1,57.23,1
lrt_ampang,21,0,0,69.81,2
lrt_ampang,8,0,0,100.0,3
mrt_pjy,14,0,0,60.42,2
mrt_pjy,9,0,0,91.95,3
lrt_ampang,21,0,1,97.16,3
komuter,12,0,1,49.53,1
mrt_kajang,20,0,0,70.74,2
lrt_ampang,19,0,0,94.63,3
tebrau,9,0,0,65.46,2
komuter,17,0,0,77.97,2
mrt_kajang,6,0,0,69.54,2
lrt_ampang,8,0,0,89.97,3
mrt_kajang,18,0,0,100.0,3
komuter,15,0,1,57.25,1
mrt_pjy,21,1,0,35.34,1
mrt_pjy,17,0,1,100.0,3
mrt_kajang,14,0,0,94.8,3
lrt_kj,13,0,0,79.31,2
mrt_kajang,12,0,0,80.22,2
lrt_kj,16,0,0,80.21,2
lrt_ampang,13,0,1,89.71,3
monorail,18,0,0,74.37,2
mrt_kajang,6,0,0,90.42,3
mrt_kajang,15,0,0,87.41,3
mrt_kajang,7,0,0,100.0,3
mrt_pjy,12,1,0,39.67,1
mrt_kajang,11,0,0,78.4,2
mrt_pjy,11,0,0,67.78,2
mrt_pjy,7,1,0,44.09,1
lrt_ampang,17,0,0,96.2,3
komuter_utara,11,1,0,21.69,0
lrt_ampang,15,1,0,40.72,1
mrt_kajang,14,0,1,100.0,3
mrt_kajang,18,0,0,100.0,3
monorail,21,0,1,57.38,1
mrt_kajang,9,0,1,96.56,3
lrt_ampang,17,0,1,96.3,3
mrt_pjy,17,0,1,100.0,3
mrt_kajang,18,1,0,77.32,2
lrt_ampang,8,0,1,97.65,3
lrt_ampang,16,1,0,44.21,1
mrt_kajang,6,1,0,33.23,1
lrt_kj,20,0,1,100.0,3
mrt_kajang,7,1,0,60.6,2
lrt_kj,7,0,1,100.0,3
monorail,17,0,1,84.27,2
lrt_ampang,19,0,0,94.94,3
mrt_pjy,18,1,0,58.44,1
monorail,19,0,0,80.83,2
komuter,10,1,0,20.3,0
lrt_ampang,18,1,0,59.23,1
lrt_ampang,15,1,1,45.91,1
monorail,9,0,1,85.79,3
mrt_pjy,17,0,1,100.0,3
mrt_kajang,18,0,0,100.0,3
mrt_pjy,17,0,0,75.76,2
lrt_ampang,17,0,0,97.16,3
lrt_kj,8,0,0,100.0,3
lrt_kj,17,0,0,100.0,3
lrt_ampang,17,0,0,100.0,3
lrt_kj,8,0,1,100.0,3
lrt_ampang,12,0,0,80.39,2
komuter,7,1,1,41.79,1
mrt_pjy,21,0,0,65.98,2
mrt_kajang,8,1,0,56.38,1
lrt_kj,21,0,1,91.68,3
komuter_utara,16,0,0,45.51,1
lrt_kj,14,0,0,78.39,2
tebrau,9,0,0,61.69,2
mrt_kajang,20,0,0,90.62,3
lrt_kj,14,1,0,48.38,1
lrt_kj,11,0,0,100.0,3
mrt_pjy,6,0,1,75.27,2
lrt_ampang,21,0,0,73.28,2
lrt_ampang,17,0,0,100.0,3
monorail,14,1,1,34.14,1
lrt_kj,16,1,0,40.68,1
monorail,23,1,0,11.55,0
lrt_ampang,17,1,0,56.21,1
komuter,19,0,0,61.3,2
lrt_kj,11,1,0,41.23,1
mrt_kajang,9,0,0,100.0,3
mrt_kajang,19,0,0,100.0,3
mrt_pjy,16,1,0,37.95,1
mrt_kajang,9,0,1,100.0,3
lrt_ampang,9,1,1,64.69,2
lrt_ampang,11,0,1,100.0,3
lrt_kj,8,0,0,100.0,3
mrt_pjy,12,0,0,59.68,1
lrt_kj,8,0,1,100.0,3
lrt_kj,9,1,0,59.24,1
mrt_pjy,14,1,0,19.3,0
mrt_pjy,9,0,0,92.35,3
mrt_kajang,13,0,0,91.99,3
tebrau,19,0,0,64.52,2
mrt_kajang,12,0,0,87.49,3
mrt_pjy,17,0,0,92.57,3
monorail,19,0,0,68.03,2
mrt_pjy,18,1,1,65.13,2
mrt_kajang,20,0,1,100.0,3
mrt_pjy,17,0,0,93.29,3
lrt_ampang,23,1,0,23.04,0
lrt_kj,16,0,0,95.84,3
mrt_pjy,11,1,0,28.36,0
lrt_kj,18,0,0,100.0,3
lrt_ampang,11,0,1,92.41,3
mrt_pjy,14,1,0,36.23,1
lrt_ampang,9,0,0,94.03,3
mrt_kajang,8,0,1,100.0,3
mrt_pjy,8,0,0,82.18,2
mrt_pjy,19,0,0,99.79,3
komuter,14,1,0,31.55,1
lrt_kj,16,1,1,39.83,1
mrt_kajang,8,0,0,96.74,3
mrt_kajang,7,0,0,100.0,3
lrt_ampang,9,0,0,94.28,3
mrt_pjy,15,0,0,65.02,2
monorail,18,0,0,80.49,2
mrt_kajang,11,1,0,35.01,1
lrt_kj,18,0,0,100.0,3
lrt_ampang,9,0,1,100.0,3
mrt_pjy,16,0,0,69.5,2
lrt_kj,11,0,0,90.51,3
lrt_kj,8,0,1,100.0,3
lrt_ampang,17,0,1,100.0,3
mrt_pjy,12,1,0,22.51,0
lrt_ampang,19,1,0,64.52,2
mrt_kajang,14,0,0,80.8,2
lrt_kj,17,0,0,100.0,3
mrt_kajang,19,1,0,72.44,2
lrt_kj,18,0,0,100.0,3
lrt_kj,13,0,0,87.25,3
mrt_kajang,15,0,0,73.48,2
lrt_ampang,20,1,0,35.14,1
lrt_kj,16,0,0,94.56,3
monorail,17,0,1,96.25,3
mrt_kajang,19,1,0,73.35,2
lrt_kj,11,0,1,100.0,3
lrt_kj,16,1,0,53.96,1
mrt_pjy,17,1,0,48.67,1
komuter_utara,13,0,1,54.22,1
mrt_kajang,20,1,0,49.56,1
lrt_ampang,14,1,0,43.42,1
mrt_kajang,8,0,0,100.0,3
monorail,12,1,0,11.19,0
lrt_ampang,12,0,1,80.52,2
lrt_ampang,16,0,0,88.68,3
lrt_ampang,8,0,0,100.0,3
mrt_kajang,13,1,1,68.35,2
lrt_kj,17,0,0,100.0,3
komuter,7,0,0,59.63,1
mrt_kajang,11,1,0,42.88,1
mrt_pjy,7,1,1,71.16,2
mrt_kajang,7,0,1,100.0,3
intercity,7,0,0,52.28,1
lrt_kj,11,1,1,57.74,1
lrt_ampang,10,1,0,38.65,1
lrt_kj,15,0,1,100.0,3
lrt_kj,19,0,1,100.0,3
lrt_kj,11,0,0,97.29,3
lrt_ampang,22,0,1,100.0,3
lrt_ampang,7,0,1,100.0,3
mrt_kajang,18,0,0,100.0,3
lrt_kj,18,0,0,100.0,3
lrt_ampang,20,1,0,41.52,1
mrt_pjy,7,0,1,100.0,3
lrt_kj,17,0,0,100.0,3
mrt_pjy,17,0,1,99.57,3
mrt_pjy,12,1,0,44.99,1
lrt_ampang,17,0,0,98.42,3
monorail,17,0,1,92.57,3
mrt_kajang,12,1,0,35.64,1
mrt_pjy,13,0,0,63.26,2
monorail,11,1,1,31.68,1
lrt_kj,9,1,0,63.01,2
mrt_kajang,11,0,0,79.16,2
lrt_ampang,16,1,1,53.31,1
lrt_ampang,17,0,1,87.21,3
mrt_pjy,14,1,1,37.31,1
mrt_pjy,9,0,1,99.44,3
lrt_kj,17,0,0,100.0,3
lrt_ampang,19,0,0,100.0,3
komuter_utara,18,0,0,67.54,2
lrt_kj,20,1,1,54.77,1
mrt_kajang,7,0,0,93.03,3
lrt_kj,19,0,0,100.0,3
ets,7,0,0,63.39,2
mrt_kajang,18,1,0,54.45,1
lrt_ampang,7,0,0,86.61,3
lrt_kj,20,0,0,98.65,3
lrt_ampang,11,1,1,39.35,1
mrt_kajang,15,0,0,72.83,2
monorail,20,0,0,44.77,1
lrt_ampang,20,1,1,42.07,1
lrt_ampang,15,0,0,61.85,2
mrt_kajang,17,0,0,100.0,3
lrt_kj,9,0,0,100.0,3
lrt_kj,9,1,0,66.17,2
komuter_utara,18,0,1,83.51,2
lrt_ampang,14,0,0,66.21,2
lrt_kj,22,1,1,52.05,1
lrt_kj,19,0,1,100.0,3
mrt_kajang,10,0,0,81.69,2
komuter,7,0,0,70.83,2
komuter,17,1,0,52.0,1
ets,21,0,0,39.69,1
mrt_kajang,18,0,1,100.0,3
mrt_pjy,18,0,0,91.75,3
lrt_ampang,9,0,0,100.0,3
lrt_kj,18,0,1,100.0,3
tebrau,9,0,1,74.25,2
mrt_pjy,19,1,1,63.79,2
mrt_kajang,12,0,1,88.92,3
mrt_kajang,8,0,0,100.0,3
mrt_pjy,10,1,0,21.72,0
mrt_kajang,6,1,1,44.34,1
lrt_kj,14,1,0,31.13,1
mrt_kajang,22,0,0,81.25,2
lrt_ampang,13,1,0,29.7,0
lrt_ampang,19,1,1,81.79,2
lrt_kj,12,1,0,54.83,1
mrt_pjy,17,0,0,100.0,3
mrt_pjy,13,1,1,60.87,2
komuter,8,0,1,79.5,2
lrt_ampang,21,1,0,32.15,1
lrt_ampang,14,0,0,88.52,3
monorail,12,0,0,56.67,1
mrt_kajang,17,0,1,100.0,3
lrt_ampang,6,1,1,42.87,1
ets,18,0,0,60.95,2
mrt_pjy,21,1,0,37.27,1
lrt_ampang,17,0,0,100.0,3
mrt_kajang,13,0,0,84.11,2
lrt_kj,7,0,1,100.0,3
monorail,14,0,0,42.5,1
lrt_ampang,15,1,1,47.43,1
lrt_ampang,15,0,0,86.06,3
lrt_ampang,22,0,0,71.29,2
lrt_ampang,11,1,0,37.63,1
lrt_ampang,9,0,0,91.57,3
lrt_kj,14,0,1,100.0,3
lrt_kj,17,1,0,61.61,2
monorail,14,1,0,16.93,0
mrt_kajang,16,0,1,98.97,3
lrt_kj,13,1,0,47.18,1
mrt_kajang,8,0,0,88.97,3
komuter,21,0,0,38.93,1
lrt_kj,14,0,0,94.39,3
mrt_kajang,14,1,0,31.78,1
mrt_kajang,9,0,0,100.0,3
mrt_kajang,10,0,0,80.11,2
lrt_kj,7,0,0,100.0,3
lrt_ampang,19,0,0,100.0,3
mrt_pjy,17,0,0,97.04,3
mrt_pjy,10,1,0,37.67,1
mrt_pjy,16,0,1,68.65,2
lrt_kj,7,0,0,100.0,3
mrt_kajang,20,0,1,100.0,3
lrt_kj,17,1,0,69.33,2
komuter_utara,18,0,0,64.28,2
lrt_ampang,10,1,1,57.75,1
komuter_utara,16,0,0,36.45,1
lrt_kj,19,0,0,100.0,3
lrt_ampang,10,0,0,75.53,2
mrt_pjy,17,0,0,96.76,3
lrt_ampang,12,1,0,39.57,1
lrt_ampang,21,1,1,51.06,1
mrt_pjy,9,0,0,99.25,3
mrt_kajang,17,0,0,99.63,3
mrt_pjy,11,0,0,73.25,2
lrt_ampang,10,1,1,57.17,1
lrt_kj,7,0,1,100.0,3
mrt_kajang,10,1,0,36.44,1
mrt_kajang,13,1,1,65.61,2
lrt_kj,9,0,0,100.0,3
mrt_kajang,20,0,0,86.54,3
mrt_kajang,16,0,1,100.0,3
mrt_pjy,17,0,0,91.01,3
ets,17,0,0,62.1,2
lrt_kj,8,1,0,64.06,2
monorail,18,0,0,73.94,2
mrt_kajang,10,0,0,85.84,3
mrt_kajang,8,1,0,54.5,1
mrt_kajang,21,0,0,91.35,3
mrt_kajang,11,0,0,79.25,2
lrt_kj,21,1,0,48.07,1
mrt_pjy,14,1,1,56.06,1
lrt_ampang,22,1,0,33.19,1
lrt_kj,10,0,0,95.64,3
mrt_pjy,10,1,0,28.11,0
ets,8,0,1,64.51,2
mrt_kajang,16,0,0,85.04,3
lrt_kj,16,1,1,56.83,1
lrt_ampang,18,0,1,100.0,3
mrt_kajang,18,0,0,95.77,3
lrt_kj,12,0,0,93.7,3
komuter,16,0,0,46.06,1
lrt_kj,18,0,0,100.0,3
komuter,18,0,0,59.18,1
mrt_pjy,15,0,0,76.28,2
mrt_kajang,23,1,0,14.43,0
mrt_pjy,11,1,0,21.71,0
komuter,15,0,0,33.49,1
mrt_pjy,12,0,0,77.19,2
lrt_kj,9,0,0,100.0,3
mrt_pjy,8,0,1,98.47,3
mrt_pjy,18,0,1,100.0,3
mrt_kajang,11,1,1,56.43,1
mrt_pjy,6,0,0,75.02,2
mrt_kajang,11,0,0,88.37,3
lrt_kj,13,1,1,44.39,1
lrt_ampang,19,0,0,99.38,3
mrt_kajang,13,0,0,78.2,2
lrt_ampang,14,0,0,69.93,2
komuter,9,1,1,50.7,1
lrt_ampang,19,0,0,91.65,3
lrt_ampang,8,0,0,100.0,3
lrt_kj,17,1,1,82.01,2
mrt_pjy,16,1,0,23.49,0
lrt_ampang,14,0,0,77.46,2
lrt_ampang,18,0,0,100.0,3
mrt_kajang,21,1,0,50.51,1
mrt_pjy,15,1,0,42.24,1
mrt_kajang,13,0,0,83.18,2
lrt_kj,7,0,0,100.0,3
ets,16,1,0,0.0,0
lrt_kj,18,0,0,100.0,3
mrt_pjy,19,0,0,97.92,3
lrt_kj,7,0,0,100.0,3
lrt_ampang,21,0,0,80.37,2
lrt_kj,8,0,0,100.0,3
mrt_kajang,15,0,0,78.25,2
tebrau,21,0,1,54.05,1
lrt_kj,11,0,0,96.19,3
lrt_kj,8,0,0,100.0,3
komuter,6,0,0,57.29,1
mrt_kajang,8,0,1,100.0,3
lrt_ampang,14,1,1,37.49,1
lrt_kj,8,0,1,100.0,3
lrt_kj,17,0,0,100.0,3
mrt_kajang,10,0,0,79.13,2
lrt_kj,23,1,1,34.85,1
lrt_kj,18,0,0,100.0,3
mrt_pjy,6,0,1,88.3,3
lrt_kj,17,1,1,83.39,2
lrt_ampang,13,0,0,73.34,2
lrt_ampang,9,0,0,98.43,3
mrt_kajang,8,0,0,100.0,3
lrt_ampang,12,0,0,85.52,3
lrt_kj,15,0,1,98.4,3
lrt_kj,16,1,0,42.29,1
mrt_kajang,11,0,1,97.46,3
mrt_pjy,15,1,0,29.98,0
mrt_pjy,10,0,1,87.63,3
lrt_kj,9,0,0,100.0,3
mrt_kajang,18,0,1,100.0,3
mrt_kajang,23,1,1,37.0,1
lrt_kj,17,1,0,61.58,2
mrt_pjy,10,0,0,61.83,2
lrt_kj,18,0,0,100.0,3
mrt_kajang,16,0,1,100.0,3
mrt_kajang,18,0,0,100.0,3
lrt_kj,21,1,0,45.15,1
lrt_ampang,7,0,0,100.0,3
lrt_kj,19,0,0,100.0,3
mrt_pjy,13,0,1,74.3,2
mrt_pjy,17,0,1,100.0,3
lrt_kj,18,0,1,100.0,3
mrt_pjy,15,0,1,76.32,2
mrt_kajang,12,0,1,95.94,3
lrt_ampang,21,0,0,82.49,2
lrt_kj,16,1,1,58.37,1
lrt_ampang,18,0,0,100.0,3
mrt_kajang,18,0,0,100.0,3
mrt_kajang,20,1,1,49.16,1
mrt_pjy,14,0,1,92.82,3
lrt_kj,7,0,1,100.0,3
mrt_pjy,7,1,0,55.31,1
mrt_kajang,15,1,0,47.37,1
mrt_pjy,12,0,1,76.82,2
mrt_kajang,14,0,0,77.81,2
mrt_pjy,23,0,0,50.6,1
mrt_pjy,18,0,0,93.27,3
lrt_ampang,15,1,0,38.75,1
lrt_kj,19,0,0,100.0,3
mrt_pjy,19,1,0,57.03,1
lrt_ampang,7,0,0,83.91,2
lrt_kj,18,0,1,100.0,3
mrt_kajang,14,1,0,38.64,1
lrt_ampang,16,0,0,73.04,2
komuter_utara,13,0,1,62.63,2
mrt_pjy,10,0,0,75.34,2
mrt_pjy,10,1,0,29.71,0
lrt_kj,19,0,1,100.0,3
tebrau,9,0,0,56.8,1
lrt_kj,18,0,0,100.0,3
mrt_kajang,11,0,0,77.31,2
lrt_ampang,19,0,1,100.0,3
monorail,16,0,0,57.82,1
mrt_kajang,10,0,1,83.84,2
lrt_ampang,16,0,0,74.14,2
lrt_kj,8,1,0,60.29,2
intercity,18,1,0,47.59,1
lrt_ampang,10,0,1,89.41,3
lrt_ampang,12,0,0,68.78,2
lrt_ampang,10,0,1,69.25,2
mrt_pjy,15,1,1,46.37,1
mrt_kajang,19,1,1,84.08,2
mrt_kajang,7,0,0,100.0,3
lrt_ampang,21,0,0,75.5,2
lrt_ampang,10,1,0,37.61,1
mrt_kajang,10,0,0,83.65,2
mrt_pjy,23,1,0,12.71,0
mrt_kajang,13,0,1,88.46,3
lrt_kj,12,0,0,80.5,2
lrt_kj,22,1,0,40.12,1
mrt_pjy,9,0,1,95.77,3
lrt_kj,16,0,0,87.79,3
lrt_ampang,17,0,1,100.0,3
mrt_pjy,19,0,1,97.98,3
mrt_kajang,7,0,0,90.3,3
mrt_kajang,16,0,0,85.41,3
lrt_kj,8,0,1,100.0,3
lrt_ampang,11,0,0,78.81,2
lrt_kj,8,0,1,100.0,3
mrt_kajang,13,0,0,82.31,2
mrt_kajang,11,0,0,78.52,2
komuter,14,0,0,59.99,1
lrt_ampang,14,1,0,35.82,1
lrt_kj,18,0,0,100.0,3
monorail,6,0,0,54.57,1
mrt_kajang,18,0,0,100.0,3
lrt_ampang,17,0,0,100.0,3
lrt_ampang,16,0,0,74.57,2
lrt_ampang,16,0,0,78.81,2
lrt_kj,21,0,0,88.73,3
lrt_kj,20,0,0,92.43,3
mrt_pjy,14,1,0,33.99,1
mrt_pjy,8,0,0,92.19,3
lrt_kj,16,1,0,27.71,0
mrt_kajang,10,0,1,93.99,3
lrt_kj,12,0,0,92.46,3
lrt_kj,16,0,1,97.54,3
lrt_ampang,19,1,1,66.18,2
lrt_kj,16,0,1,100.0,3
lrt_kj,9,0,0,100.0,3
lrt_kj,17,0,0,100.0,3
lrt_ampang,12,1,0,39.98,1
mrt_kajang,13,1,0,39.11,1
lrt_kj,17,0,1,100.0,3
lrt_ampang,11,0,0,70.13,2
lrt_ampang,19,1,0,68.6,2
mrt_pjy,8,0,1,87.44,3
mrt_kajang,17,0,0,100.0,3
ets,13,0,0,34.83,1
lrt_ampang,7,0,0,99.07,3
lrt_kj,9,0,0,100.0,3
mrt_kajang,21,0,0,84.92,2
tebrau,9,0,0,63.58,2
mrt_pjy,16,0,1,90.66,3
lrt_kj,20,1,1,45.92,1
tebrau,22,1,1,34.22,1
mrt_kajang,9,0,1,100.0,3
komuter_utara,9,0,0,50.72,1
mrt_pjy,16,0,1,79.63,2
mrt_kajang,18,0,1,100.0,3
mrt_pjy,20,0,0,68.92,2
mrt_kajang,8,1,1,73.22,2
lrt_kj,18,0,0,100.0,3
lrt_ampang,15,1,0,47.8,1
lrt_kj,7,0,0,100.0,3
mrt_pjy,7,0,0,87.3,3
lrt_ampang,7,1,1,64.26,2
lrt_ampang,18,0,0,100.0,3
mrt_kajang,16,0,0,85.76,3
mrt_kajang,8,0,0,100.0,3
lrt_kj,13,1,1,61.82,2
mrt_kajang,19,0,1,100.0,3
mrt_pjy,7,0,1,100.0,3
monorail,7,0,0,75.7,2
mrt_pjy,11,1,0,34.91,1
mrt_kajang,13,0,0,96.72,3
lrt_ampang,15,0,1,85.27,3
komuter_utara,16,0,1,65.22,2
mrt_pjy,12,1,1,49.96,1
intercity,16,0,0,43.68,1
lrt_ampang,17,0,0,100.0,3
lrt_kj,7,0,0,100.0,3
lrt_ampang,21,0,0,77.54,2
lrt_kj,14,0,0,97.36,3
lrt_kj,13,1,0,33.92,1
mrt_kajang,12,1,0,41.69,1
lrt_kj,11,1,0,46.13,1
lrt_ampang,17,0,1,100.0,3
mrt_kajang,8,0,0,95.38,3
mrt_pjy,20,0,0,74.02,2
mrt_pjy,7,0,1,96.35,3
lrt_ampang,18,0,0,100.0,3
monorail,7,0,0,66.13,2
mrt_pjy,11,1,0,18.5,0
mrt_kajang,8,0,0,96.15,3
mrt_pjy,16,0,0,66.6,2
komuter_utara,16,0,0,48.62,1
lrt_kj,10,0,1,99.93,3
mrt_kajang,8,1,0,60.27,2
mrt_kajang,9,0,0,100.0,3
monorail,10,1,1,26.96,0
lrt_kj,10,1,0,32.67,1
mrt_kajang,9,1,0,55.25,1
lrt_kj,17,0,1,100.0,3
lrt_kj,20,0,0,97.55,3
monorail,7,1,0,44.72,1
mrt_pjy,14,1,0,34.06,1
lrt_kj,14,1,0,43.24,1
komuter,16,1,0,11.56,0
mrt_kajang,14,1,0,46.95,1
lrt_ampang,18,0,0,100.0,3
mrt_kajang,6,0,0,81.96,2
lrt_ampang,8,1,0,55.65,1
mrt_pjy,22,1,0,23.23,0
lrt_kj,15,0,1,97.22,3
lrt_kj,18,0,0,100.0,3
lrt_kj,19,1,0,74.31,2
lrt_ampang,16,0,1,74.28,2
mrt_kajang,7,0,0,100.0,3
mrt_kajang,18,0,0,99.21,3
mrt_pjy,22,0,1,84.6,2
mrt_kajang,14,0,0,79.9,2
lrt_ampang,16,0,0,72.98,2
monorail,14,1,0,11.45,0
mrt_pjy,9,0,0,98.24,3
mrt_pjy,9,0,1,100.0,3
lrt_ampang,11,0,0,68.41,2
lrt_kj,14,0,0,91.9,3
mrt_pjy,17,1,0,45.33,1
lrt_kj,7,1,1,70.89,2
mrt_pjy,18,0,0,88.91,3
mrt_pjy,20,0,0,67.44,2
lrt_kj,9,0,0,100.0,3
lrt_ampang,15,0,0,76.59,2
mrt_pjy,7,0,0,92.96,3
lrt_kj,18,1,0,71.14,2
lrt_kj,20,0,0,84.24,2
mrt_pjy,14,0,0,63.63,2
lrt_kj,14,0,0,80.96,2
mrt_kajang,16,0,0,65.85,2
monorail,18,1,0,46.04,1
lrt_kj,8,0,1,100.0,3
monorail,16,1,0,25.45,0
monorail,7,0,0,70.6,2
mrt_kajang,15,0,1,100.0,3
lrt_kj,8,0,0,100.0,3
monorail,11,1,0,25.36,0
mrt_pjy,11,1,1,41.91,1
komuter,9,0,0,65.74,2
mrt_pjy,17,1,1,72.76,2
mrt_pjy,19,0,0,97.21,3
mrt_pjy,12,0,1,87.77,3
lrt_ampang,17,1,0,62.21,2
lrt_ampang,15,1,0,29.05,0
lrt_kj,16,0,0,99.7,3
lrt_kj,13,0,0,90.5,3
mrt_kajang,16,0,0,81.19,2
ets,18,0,0,65.55,2
lrt_kj,11,1,0,29.7,0
lrt_ampang,6,1,1,50.68,1
monorail,18,1,0,45.39,1
lrt_kj,8,0,0,100.0,3
mrt_pjy,21,1,1,45.81,1
lrt_kj,19,0,0,100.0,3
lrt_kj,13,1,1,61.82,2
lrt_kj,16,1,1,56.56,1
lrt_kj,8,0,1,100.0,3
mrt_kajang,17,0,1,100.0,3
monorail,8,0,1,81.06,2
mrt_kajang,7,0,0,100.0,3
komuter,19,0,1,89.71,3
lrt_kj,8,1,0,58.29,1
komuter,7,0,1,66.17,2
lrt_ampang,18,0,0,100.0,3
lrt_kj,19,0,1,100.0,3
mrt_kajang,20,1,1,52.39,1
mrt_pjy,11,0,0,63.23,2
lrt_kj,9,0,1,100.0,3
lrt_kj,21,1,0,54.71,1
lrt_kj,17,1,0,62.39,2
mrt_kajang,14,0,0,83.28,2
komuter,12,1,0,24.81,0
lrt_kj,18,0,0,99.67,3
mrt_pjy,8,1,0,55.54,1
mrt_kajang,18,0,1,100.0,3
mrt_kajang,18,0,0,100.0,3
mrt_pjy,18,0,1,100.0,3
mrt_kajang,6,0,0,77.0,2
mrt_kajang,21,0,0,84.74,2
mrt_kajang,14,0,1,88.66,3
lrt_ampang,9,0,1,100.0,3
mrt_pjy,17,0,0,98.23,3
mrt_pjy,11,1,0,15.44,0
mrt_pjy,8,0,0,91.85,3
mrt_pjy,7,0,0,72.33,2
monorail,18,0,0,65.66,2
monorail,20,0,0,51.86,1
lrt_kj,16,0,0,87.93,3
mrt_kajang,6,1,1,59.67,1
lrt_kj,17,0,1,100.0,3
monorail,16,0,1,58.39,1
mrt_kajang,7,0,1,100.0,3
mrt_kajang,9,0,0,100.0,3
mrt_kajang,6,0,0,84.55,2
mrt_pjy,13,0,0,74.15,2
lrt_ampang,8,0,0,98.0,3
lrt_ampang,9,0,0,96.86,3
monorail,9,0,0,63.74,2
mrt_pjy,8,0,1,100.0,3
lrt_kj,21,1,0,55.59,1
mrt_pjy,17,0,1,100.0,3
lrt_kj,7,1,0,63.34,2
mrt_kajang,19,1,1,68.84,2
lrt_ampang,18,0,0,96.37,3
ets,11,0,1,57.94,1
mrt_kajang,17,0,0,100.0,3
monorail,8,1,0,37.96,1
lrt_ampang,7,0,0,88.84,3
mrt_kajang,9,1,0,54.65,1
mrt_pjy,6,0,0,71.71,2
ets,7,0,0,58.8,1
lrt_ampang,11,1,0,30.89,1
lrt_ampang,19,0,0,100.0,3
lrt_kj,18,0,0,100.0,3
lrt_kj,8,1,0,56.44,1
monorail,8,0,0,60.64,2
lrt_ampang,9,1,0,54.7,1
mrt_pjy,10,0,0,69.26,2
lrt_kj,7,0,1,100.0,3
komuter,16,1,0,13.48,0
lrt_kj,8,0,0,100.0,3
mrt_pjy,18,0,1,98.62,3
lrt_kj,21,0,0,94.88,3
monorail,16,0,0,58.27,1
lrt_ampang,13,1,0,25.73,0
lrt_kj,21,0,1,100.0,3
mrt_pjy,8,0,1,100.0,3
mrt_kajang,18,0,0,98.77,3
mrt_pjy,21,1,0,33.04,1
mrt_pjy,12,1,0,23.77,0
komuter,14,1,0,9.96,0
mrt_pjy,20,0,0,72.71,2
mrt_pjy,17,0,0,94.49,3
lrt_kj,11,0,0,98.12,3
lrt_ampang,11,1,0,26.73,0
lrt_kj,9,0,0,100.0,3
ets,19,0,0,58.63,1
lrt_kj,6,0,1,100.0,3
mrt_pjy,16,1,1,34.25,1
monorail,14,1,0,26.33,0
lrt_kj,8,0,1,100.0,3
mrt_pjy,19,0,0,89.14,3
komuter,11,0,1,61.51,2
mrt_kajang,19,1,1,65.43,2
lrt_kj,14,0,1,100.0,3
lrt_ampang,10,0,1,87.35,3
mrt_pjy,6,0,0,72.55,2
mrt_kajang,16,1,0,34.19,1
lrt_kj,14,0,0,88.82,3
lrt_ampang,20,1,1,54.37,1
mrt_pjy,18,0,1,90.67,3
mrt_kajang,19,0,0,100.0,3
mrt_kajang,8,0,1,100.0,3
mrt_pjy,10,0,0,65.17,2
lrt_kj,19,0,0,100.0,3
lrt_kj,19,1,0,71.64,2
tebrau,20,1,1,25.2,0
mrt_kajang,18,0,0,100.0,3
lrt_kj,14,1,0,39.91,1
mrt_pjy,9,0,0,87.84,3
lrt_ampang,7,0,0,93.15,3
mrt_pjy,18,0,1,89.9,3
mrt_kajang,16,1,1,54.18,1
monorail,15,1,0,16.06,0
lrt_ampang,16,0,0,68.76,2
mrt_kajang,17,0,0,100.0,3
lrt_ampang,21,0,0,77.04,2
lrt_ampang,19,0,0,100.0,3
lrt_kj,7,0,0,100.0,3
komuter,15,0,1,71.77,2
mrt_kajang,7,1,1,65.49,2
komuter_utara,10,0,1,64.66,2
lrt_kj,6,1,0,41.92,1
mrt_kajang,18,0,0,100.0,3
mrt_pjy,17,0,1,100.0,3
lrt_kj,17,1,0,65.37,2
lrt_kj,18,0,1,100.0,3
monorail,19,0,0,68.5,2
lrt_kj,16,1,0,47.39,1
lrt_kj,11,1,0,44.38,1
lrt_kj,12,0,1,100.0,3
mrt_kajang,18,0,0,100.0,3
mrt_pjy,12,0,0,78.14,2
lrt_kj,6,1,0,36.79,1
monorail,15,0,1,40.76,1
lrt_kj,11,0,0,100.0,3
komuter,19,0,0,69.17,2
lrt_kj,17,0,1,100.0,3
lrt_ampang,17,1,0,59.71,1
mrt_pjy,15,1,0,28.45,0
lrt_ampang,18,0,0,100.0,3
mrt_pjy,11,0,1,89.21,3
lrt_kj,16,0,0,95.59,3
lrt_kj,6,1,0,47.62,1
mrt_kajang,6,0,0,73.22,2
lrt_ampang,16,0,1,94.55,3
lrt_kj,22,1,1,66.71,2
mrt_pjy,11,1,0,28.54,0
lrt_kj,9,1,0,59.3,1
mrt_kajang,8,0,1,100.0,3
lrt_ampang,16,0,0,90.56,3
lrt_kj,17,0,0,100.0,3
lrt_kj,14,0,0,97.52,3
lrt_kj,23,1,1,37.21,1
monorail,18,0,0,72.21,2
lrt_ampang,23,1,0,14.58,0
mrt_pjy,20,0,0,77.13,2
mrt_kajang,9,0,0,88.51,3
lrt_ampang,16,1,0,49.02,1
lrt_kj,7,1,0,72.07,2
mrt_kajang,17,1,0,69.87,2
komuter,15,0,1,58.71,1
mrt_pjy,7,0,1,100.0,3
mrt_kajang,11,0,0,81.35,2
lrt_kj,18,0,0,100.0,3
lrt_kj,8,0,1,100.0,3
lrt_ampang,12,1,0,35.54,1
lrt_kj,18,0,1,100.0,3
lrt_kj,9,1,0,59.89,1
intercity,8,1,0,26.23,0
monorail,17,0,1,85.21,3
mrt_pjy,13,0,1,93.61,3
mrt_kajang,19,1,0,64.94,2
lrt_kj,17,1,0,78.31,2
monorail,17,0,0,72.35,2
lrt_kj,10,0,1,100.0,3
lrt_kj,18,0,0,100.0,3
komuter,16,0,0,42.49,1
mrt_pjy,19,1,0,47.67,1
lrt_kj,6,0,0,97.3,3
lrt_ampang,8,0,1,100.0,3
mrt_pjy,21,0,0,69.88,2
lrt_ampang,8,1,0,63.24,2
lrt_ampang,21,0,1,88.22,3
monorail,21,1,1,34.26,1
mrt_kajang,18,0,1,100.0,3
mrt_pjy,17,0,0,91.76,3
monorail,23,0,0,14.23,0
mrt_kajang,6,1,0,41.08,1
mrt_kajang,6,0,1,100.0,3
lrt_kj,7,1,0,55.37,1
lrt_ampang,15,0,0,89.99,3
mrt_kajang,14,0,1,87.52,3
mrt_pjy,9,0,0,78.44,2
mrt_kajang,12,1,0,54.59,1
monorail,9,0,0,74.53,2
monorail,6,0,0,46.58,1
mrt_kajang,16,1,0,53.92,1
lrt_kj,9,0,0,100.0,3
ets,22,1,0,7.91,0
lrt_ampang,17,1,1,88.79,3
lrt_ampang,13,0,1,87.89,3
mrt_kajang,7,0,0,94.43,3
mrt_kajang,11,0,1,79.08,2
lrt_kj,7,1,0,62.85,2
lrt_kj,19,0,1,100.0,3
mrt_kajang,20,0,1,90.84,3
mrt_kajang,20,0,0,90.37,3
lrt_ampang,19,1,0,61.22,2
mrt_pjy,9,1,0,39.33,1
lrt_ampang,8,0,0,100.0,3
lrt_kj,9,0,1,100.0,3
mrt_pjy,18,0,0,88.29,3
monorail,8,1,0,32.55,1
mrt_pjy,22,0,0,66.92,2
lrt_ampang,22,1,1,51.95,1
lrt_kj,19,1,0,65.73,2
mrt_kajang,8,0,1,100.0,3
mrt_kajang,12,0,0,91.79,3
mrt_pjy,17,0,0,84.9,2
lrt_kj,20,0,1,100.0,3
lrt_kj,7,0,1,100.0,3
mrt_pjy,20,0,1,75.61,2
mrt_kajang,16,0,0,75.73,2
lrt_kj,7,0,0,100.0,3
mrt_kajang,19,0,0,98.65,3
lrt_ampang,11,1,0,34.86,1
mrt_kajang,15,0,0,86.57,3
lrt_kj,21,0,0,82.3,2
lrt_ampang,8,0,0,99.68,3
lrt_kj,8,1,0,53.41,1
mrt_pjy,20,1,0,24.55,0
komuter,7,0,0,70.71,2
mrt_pjy,19,1,0,51.51,1
mrt_pjy,10,0,1,77.96,2
lrt_kj,21,0,0,99.89,3
mrt_kajang,8,0,0,100.0,3
monorail,13,0,1,54.28,1
lrt_kj,8,0,1,100.0,3
lrt_ampang,22,1,0,31.88,1
lrt_kj,9,1,0,54.69,1
lrt_ampang,20,0,1,83.2,2
mrt_kajang,21,0,0,84.25,2
mrt_kajang,11,1,1,64.57,2
mrt_kajang,15,0,0,80.19,2
monorail,15,0,0,52.68,1
lrt_ampang,12,0,1,90.08,3
lrt_kj,21,1,0,26.13,0
lrt_ampang,9,1,0,58.6,1
mrt_pjy,16,1,0,26.86,0
mrt_pjy,14,1,0,22.66,0
lrt_kj,8,0,0,92.11,3
mrt_pjy,7,1,0,42.11,1
mrt_pjy,9,0,1,93.58,3
lrt_ampang,17,0,1,100.0,3
lrt_ampang,7,0,0,77.28,2
lrt_ampang,11,0,0,65.36,2
lrt_ampang,17,0,0,100.0,3
mrt_kajang,8,0,0,100.0,3
lrt_ampang,14,0,1,94.47,3
lrt_kj,10,0,0,97.53,3
mrt_kajang,18,0,0,100.0,3
mrt_kajang,17,0,0,100.0,3
monorail,13,0,0,52.66,1
lrt_kj,8,0,0,100.0,3
lrt_kj,13,1,0,45.41,1
lrt_kj,12,1,0,30.75,1
mrt_kajang,20,0,0,80.17,2
mrt_pjy,15,1,1,40.3,1
mrt_kajang,9,0,1,100.0,3
mrt_pjy,18,1,1,57.65,1
mrt_kajang,8,0,0,95.26,3
lrt_kj,19,0,0,100.0,3
lrt_ampang,16,0,1,88.54,3
lrt_ampang,20,0,1,79.14,2
komuter,17,0,0,71.8,2
ets,15,0,0,35.16,1
mrt_kajang,19,0,0,98.89,3
mrt_pjy,19,1,0,49.12,1
komuter,13,0,1,58.19,1
lrt_ampang,8,1,1,76.08,2
intercity,8,1,1,36.06,1
lrt_kj,10,0,0,81.8,2
monorail,7,0,0,61.37,2
lrt_ampang,7,0,0,96.71,3
mrt_kajang,6,0,0,83.62,2
monorail,22,1,0,22.79,0
lrt_ampang,6,0,1,86.11,3
mrt_pjy,11,1,1,52.48,1
mrt_kajang,22,1,0,44.05,1
lrt_ampang,17,1,0,57.07,1
mrt_kajang,11,0,1,94.63,3
mrt_pjy,13,0,0,64.04,2
mrt_kajang,20,1,0,39.42,1
mrt_kajang,11,1,0,40.27,1
lrt_kj,22,0,0,94.78,3
lrt_kj,19,0,0,100.0,3
mrt_kajang,15,0,0,81.58,2
lrt_ampang,8,0,0,85.84,3
lrt_kj,13,1,0,46.68,1
lrt_ampang,16,0,0,79.86,2
komuter,13,1,0,9.26,0
lrt_ampang,19,0,1,100.0,3
lrt_kj,21,0,0,87.55,3
komuter,10,1,0,4.45,0
lrt_ampang,17,1,0,68.61,2
lrt_kj,17,1,0,74.92,2
lrt_ampang,22,1,0,35.21,1
mrt_kajang,22,1,1,54.13,1
lrt_ampang,15,1,1,72.29,2
lrt_ampang,14,0,1,100.0,3
monorail,15,0,1,71.08,2
mrt_kajang,13,1,0,49.75,1
mrt_pjy,16,1,0,27.22,0
lrt_ampang,17,0,0,100.0,3
mrt_kajang,7,0,0,95.24,3
lrt_ampang,16,0,0,84.32,2
mrt_kajang,17,0,0,100.0,3
lrt_kj,18,0,1,100.0,3
mrt_kajang,21,0,0,88.09,3
mrt_kajang,13,1,0,41.24,1
monorail,8,1,0,41.71,1
mrt_kajang,9,0,0,100.0,3
lrt_kj,23,0,0,76.29,2
lrt_kj,13,1,1,67.94,2
komuter_utara,15,0,0,28.71,0
komuter,20,0,0,46.88,1
mrt_pjy,16,0,1,88.04,3
mrt_pjy,19,0,0,92.41,3
lrt_kj,11,1,0,52.71,1
mrt_pjy,23,1,0,14.75,0
komuter,9,0,1,73.83,2
komuter,7,0,1,54.57,1
lrt_kj,10,0,0,99.38,3
lrt_kj,11,1,0,22.64,0
lrt_ampang,17,0,0,90.35,3
lrt_kj,18,0,0,100.0,3
mrt_pjy,21,0,0,63.84,2
mrt_kajang,16,1,1,48.74,1
monorail,9,0,0,72.09,2
lrt_ampang,14,0,0,72.33,2
lrt_ampang,20,0,1,97.26,3
komuter_utara,13,0,1,47.4,1
mrt_kajang,13,1,1,50.83,1
ets,7,0,0,52.72,1
mrt_kajang,7,0,0,89.89,3
komuter,8,0,0,72.69,2
tebrau,10,1,0,23.85,0
mrt_kajang,14,0,1,90.11,3
lrt_kj,9,0,0,100.0,3
monorail,22,1,0,24.37,0
lrt_ampang,20,0,0,88.97,3
lrt_kj,8,0,0,100.0,3
mrt_kajang,8,0,0,100.0,3
lrt_ampang,8,0,0,90.61,3
mrt_pjy,18,0,0,82.1,2
lrt_kj,8,0,0,100.0,3
mrt_pjy,17,0,0,100.0,3
lrt_kj,10,0,0,84.47,2
lrt_kj,18,0,0,100.0,3
lrt_ampang,6,0,0,61.87,2
ets,16,0,0,48.82,1
mrt_pjy,15,0,1,71.43,2
lrt_ampang,9,0,0,100.0,3
mrt_kajang,20,0,0,80.75,2
lrt_kj,8,1,0,62.74,2
mrt_kajang,18,0,0,100.0,3
lrt_kj,17,1,1,82.21,2
lrt_kj,20,0,0,93.85,3
lrt_ampang,17,0,1,100.0,3
lrt_kj,14,1,0,51.13,1
mrt_pjy,10,0,0,74.68,2
mrt_kajang,10,0,0,84.13,2
mrt_pjy,10,0,0,61.85,2
mrt_pjy,17,0,1,100.0,3
mrt_pjy,16,0,0,68.62,2
lrt_ampang,17,0,1,100.0,3
mrt_kajang,19,0,0,100.0,3
mrt_kajang,8,1,0,73.51,2
lrt_kj,11,1,0,36.9,1
lrt_ampang,12,0,0,61.88,2
lrt_kj,18,0,0,100.0,3
komuter,19,0,0,76.74,2
mrt_kajang,9,0,0,100.0,3
mrt_pjy,9,0,0,98.28,3
lrt_kj,19,0,0,100.0,3
mrt_kajang,23,1,0,30.3,1
mrt_pjy,15,0,0,69.32,2
lrt_kj,14,1,0,37.63,1
lrt_kj,10,1,0,40.26,1
lrt_kj,9,0,0,100.0,3
mrt_kajang,12,1,0,52.38,1
komuter,10,0,0,46.95,1
lrt_kj,18,0,0,100.0,3
mrt_pjy,11,0,0,69.81,2
mrt_pjy,18,0,0,91.82,3
mrt_pjy,9,0,1,94.83,3
mrt_kajang,19,1,0,75.7,2
mrt_kajang,17,0,0,94.52,3
lrt_ampang,10,1,0,39.69,1
lrt_ampang,9,0,0,100.0,3
lrt_kj,11,0,0,88.17,3
lrt_ampang,20,0,0,89.17,3
komuter,12,0,0,45.2,1
lrt_ampang,18,1,0,58.22,1
mrt_kajang,16,0,0,77.22,2
mrt_kajang,17,0,0,100.0,3
mrt_kajang,20,0,0,85.63,3
komuter,20,0,0,49.75,1
mrt_kajang,15,0,0,84.37,2
mrt_pjy,15,0,0,78.35,2
lrt_ampang,8,0,0,96.59,3
lrt_kj,13,1,1,47.06,1
mrt_pjy,15,0,1,75.35,2
lrt_ampang,19,0,0,97.48,3
lrt_kj,19,0,1,100.0,3
mrt_kajang,9,0,0,100.0,3
mrt_kajang,7,0,1,100.0,3
mrt_kajang,7,0,0,98.74,3
mrt_pjy,11,1,0,21.5,0
lrt_kj,21,1,0,35.18,1
mrt_pjy,8,0,0,99.6,3
lrt_ampang,8,0,0,88.31,3
mrt_pjy,7,0,0,88.84,3
ets,15,1,0,20.48,0
lrt_ampang,8,0,0,97.35,3
lrt_kj,22,1,0,39.3,1
lrt_kj,8,0,0,100.0,3
lrt_kj,9,0,1,100.0,3
lrt_ampang,20,1,1,49.24,1
lrt_ampang,18,0,0,96.02,3
lrt_ampang,12,1,1,50.27,1
mrt_kajang,8,0,1,100.0,3
lrt_ampang,8,0,0,95.34,3
lrt_kj,10,1,0,41.29,1
lrt_ampang,7,0,0,93.26,3
lrt_kj,17,0,0,100.0,3
lrt_ampang,19,0,0,100.0,3
lrt_ampang,12,0,0,72.71,2
intercity,7,0,0,71.87,2
lrt_kj,22,1,1,57.17,1
mrt_kajang,18,0,0,100.0,3
lrt_ampang,11,0,0,75.8,2
mrt_pjy,16,0,0,65.89,2
komuter,7,0,0,67.49,2
mrt_pjy,14,0,1,92.0,3
lrt_ampang,18,0,0,100.0,3
lrt_ampang,10,0,0,70.09,2
lrt_kj,17,0,0,100.0,3
mrt_kajang,11,0,0,77.76,2
lrt_kj,17,0,0,100.0,3
komuter_utara,18,0,0,68.77,2
mrt_kajang,16,1,0,42.85,1
mrt_kajang,10,0,0,78.71,2
mrt_kajang,11,0,1,93.2,3
lrt_kj,12,1,0,41.69,1
monorail,11,0,0,47.38,1
mrt_pjy,12,1,0,32.91,1
lrt_ampang,8,0,1,100.0,3
lrt_kj,14,1,1,46.51,1
lrt_kj,15,0,0,91.63,3
lrt_ampang,8,0,0,88.82,3
lrt_ampang,18,0,0,100.0,3
mrt_pjy,15,1,0,24.2,0
lrt_kj,17,1,1,75.26,2
mrt_kajang,18,1,1,73.36,2
mrt_kajang,17,0,0,100.0,3
lrt_kj,10,0,0,80.42,2
mrt_kajang,19,1,1,84.04,2
mrt_pjy,17,0,0,91.12,3
mrt_pjy,8,0,1,94.94,3
lrt_ampang,15,0,0,76.64,2
lrt_ampang,15,0,0,69.45,2
lrt_kj,16,1,1,60.91,2
lrt_ampang,17,0,1,100.0,3
mrt_kajang,6,1,0,38.95,1
lrt_kj,20,0,0,88.39,3
mrt_pjy,18,0,1,100.0,3
lrt_ampang,6,0,0,72.43,2
lrt_ampang,8,1,0,62.97,2
mrt_pjy,16,0,0,76.19,2
lrt_ampang,6,0,1,74.19,2
mrt_kajang,9,0,1,100.0,3
lrt_kj,6,1,0,34.78,1
lrt_kj,18,1,0,62.17,2
mrt_pjy,6,0,0,74.62,2
lrt_kj,19,0,0,100.0,3
lrt_ampang,18,1,0,49.68,1
lrt_ampang,21,0,1,75.73,2
lrt_kj,10,0,1,100.0,3
tebrau,11,0,1,53.16,1
lrt_kj,12,1,0,49.93,1
mrt_kajang,9,0,1,100.0,3
lrt_kj,13,0,0,84.44,2
lrt_kj,19,0,0,100.0,3
lrt_kj,14,0,1,100.0,3
mrt_kajang,9,0,0,99.74,3
monorail,7,0,1,76.11,2
mrt_pjy,15,1,1,26.49,0
lrt_kj,7,0,0,100.0,3
lrt_kj,12,1,0,45.74,1
mrt_kajang,11,0,0,82.86,2
mrt_kajang,8,0,0,97.61,3
mrt_kajang,18,1,1,86.32,3
lrt_kj,18,1,1,92.47,3
lrt_kj,16,1,0,39.85,1
lrt_ampang,16,1,0,48.87,1
lrt_kj,8,0,0,100.0,3
ets,14,1,1,23.12,0
lrt_ampang,10,0,1,100.0,3
mrt_pjy,8,0,0,92.94,3
monorail,14,0,0,48.63,1
lrt_kj,10,0,0,85.27,3
lrt_ampang,15,0,1,92.73,3
mrt_kajang,9,0,1,100.0,3
lrt_kj,8,0,1,100.0,3
mrt_pjy,9,0,0,87.33,3
lrt_kj,6,0,0,86.33,3
mrt_kajang,14,1,0,53.0,1
lrt_ampang,17,1,0,59.16,1
lrt_ampang,21,1,1,49.74,1
lrt_ampang,14,1,1,59.31,1
lrt_ampang,9,0,0,96.82,3
lrt_kj,8,0,0,100.0,3
lrt_kj,20,0,0,94.0,3
lrt_ampang,9,1,0,68.07,2
monorail,9,0,0,64.24,2
mrt_kajang,13,0,0,82.21,2
lrt_kj,17,0,1,100.0,3
mrt_kajang,16,0,0,84.91,2
ets,8,1,0,29.28,0
mrt_kajang,15,0,0,83.14,2
lrt_kj,17,0,1,100.0,3
mrt_pjy,13,0,1,82.44,2
monorail,19,1,0,48.47,1
lrt_ampang,9,0,0,93.29,3
lrt_kj,19,0,1,100.0,3
mrt_pjy,8,0,0,88.97,3
mrt_pjy,8,0,0,99.54,3
mrt_kajang,14,1,0,40.98,1
mrt_kajang,8,1,0,53.22,1
komuter,14,1,0,27.2,0
lrt_kj,20,0,0,86.04,3
mrt_pjy,6,0,1,84.45,2
mrt_pjy,13,0,1,87.2,3
lrt_kj,16,0,0,91.09,3
lrt_ampang,18,0,0,99.97,3
lrt_kj,19,0,0,100.0,3
mrt_pjy,8,0,1,98.58,3
komuter,10,0,0,52.13,1
monorail,21,0,0,44.16,1
monorail,16,0,1,59.92,1
lrt_ampang,9,0,1,100.0,3
lrt_kj,8,0,1,100.0,3
lrt_ampang,17,0,1,100.0,3
lrt_kj,6,0,1,100.0,3
lrt_kj,10,0,1,100.0,3
lrt_kj,8,0,0,100.0,3
mrt_kajang,6,0,0,71.95,2
mrt_kajang,18,0,0,100.0,3
lrt_kj,18,1,1,78.42,2
mrt_kajang,17,0,0,100.0,3
mrt_kajang,8,0,1,100.0,3
monorail,7,0,0,63.94,2
mrt_pjy,20,1,0,14.79,0
lrt_kj,23,1,0,16.38,0
lrt_kj,12,1,1,67.95,2
monorail,8,0,0,70.54,2
lrt_kj,16,1,0,41.77,1
lrt_ampang,22,1,1,48.26,1
mrt_kajang,15,0,0,70.57,2
lrt_kj,7,0,0,100.0,3
mrt_pjy,21,1,0,31.59,1
komuter_utara,7,0,0,58.02,1
lrt_ampang,15,0,1,82.79,2
mrt_pjy,7,0,0,88.53,3
lrt_ampang,18,0,1,100.0,3
mrt_kajang,9,1,1,71.02,2
lrt_kj,14,1,0,45.83,1
lrt_ampang,7,1,1,60.17,2
monorail,15,1,0,18.93,0
mrt_kajang,8,0,0,91.55,3
mrt_kajang,18,0,1,100.0,3
lrt_ampang,11,1,0,34.33,1
komuter,7,0,0,72.29,2
monorail,16,0,0,43.02,1
mrt_pjy,8,0,0,75.65,2
mrt_kajang,20,0,1,92.26,3
mrt_kajang,20,0,0,80.99,2
lrt_kj,13,1,0,50.07,1
mrt_kajang,12,1,0,51.55,1
tebrau,7,0,0,48.67,1
mrt_kajang,8,0,0,100.0,3
monorail,10,0,0,49.55,1
mrt_pjy,16,0,0,76.2,2
mrt_pjy,20,0,0,71.03,2
mrt_kajang,11,1,0,40.97,1
mrt_pjy,8,0,0,90.21,3
lrt_kj,16,0,1,100.0,3
mrt_pjy,7,0,1,98.53,3
mrt_kajang,6,0,0,85.54,3
lrt_kj,17,0,1,100.0,3
lrt_ampang,7,0,0,96.47,3
mrt_kajang,14,1,0,39.47,1
mrt_pjy,20,0,1,82.86,2
mrt_pjy,8,1,0,50.5,1
mrt_kajang,18,0,0,100.0,3
lrt_kj,20,0,0,73.39,2
lrt_kj,20,0,1,97.0,3
monorail,11,1,0,12.2,0
mrt_pjy,6,0,0,66.7,2
monorail,7,0,0,78.37,2
mrt_kajang,13,0,0,68.78,2
lrt_kj,17,0,1,100.0,3
lrt_ampang,12,0,1,79.57,2
lrt_ampang,7,0,0,99.19,3
mrt_pjy,7,0,1,97.98,3
mrt_pjy,9,0,0,72.49,2
monorail,16,0,0,44.0,1
lrt_kj,9,1,0,55.0,1
lrt_ampang,17,0,0,95.02,3
monorail,17,1,0,36.05,1
lrt_kj,12,0,0,93.72,3
mrt_kajang,19,0,0,100.0,3
lrt_ampang,13,1,1,55.47,1
lrt_kj,18,0,0,100.0,3
lrt_kj,19,0,0,100.0,3
mrt_pjy,13,0,1,69.8,2
lrt_kj,8,0,1,100.0,3
lrt_ampang,12,1,0,48.71,1
monorail,7,0,0,70.43,2
lrt_ampang,22,1,0,22.39,0
mrt_kajang,16,0,1,100.0,3
lrt_ampang,17,1,1,86.47,3
mrt_kajang,16,0,1,95.67,3
lrt_ampang,17,0,0,100.0,3
lrt_kj,16,1,1,62.84,2
mrt_kajang,14,0,1,91.11,3
lrt_ampang,17,0,1,100.0,3
mrt_kajang,17,1,0,79.41,2
mrt_kajang,9,1,0,58.18,1
lrt_kj,16,1,1,52.25,1
lrt_ampang,22,1,0,44.4,1
mrt_kajang,15,0,0,88.71,3
mrt_pjy,6,0,0,64.34,2
mrt_kajang,16,1,0,34.27,1
mrt_pjy,12,0,1,78.0,2
mrt_kajang,10,0,0,81.09,2
lrt_kj,18,0,0,100.0,3
lrt_kj,17,0,0,100.0,3
mrt_pjy,15,1,0,45.44,1
lrt_ampang,17,0,0,100.0,3
lrt_kj,17,0,0,100.0,3
mrt_kajang,10,0,0,86.29,3
lrt_kj,14,1,0,44.6,1
lrt_ampang,13,1,0,41.88,1
lrt_ampang,18,0,0,87.91,3
lrt_ampang,10,1,0,43.17,1
mrt_pjy,10,0,0,57.59,1
mrt_kajang,7,0,0,100.0,3
lrt_kj,7,0,0,100.0,3
mrt_kajang,13,0,0,89.26,3
mrt_pjy,14,0,0,74.47,2
lrt_ampang,21,1,1,52.34,1
mrt_kajang,21,0,0,84.33,2
mrt_kajang,12,0,0,67.57,2
komuter_utara,12,0,0,45.38,1
mrt_pjy,21,0,1,82.8,2
lrt_ampang,20,1,1,48.27,1
mrt_kajang,20,0,0,82.23,2
lrt_ampang,10,1,0,32.64,1
monorail,19,0,0,67.54,2
komuter,10,1,0,6.93,0
mrt_kajang,17,0,0,100.0,3
mrt_kajang,8,0,0,100.0,3
lrt_kj,8,0,1,100.0,3
mrt_pjy,15,0,1,80.36,2
mrt_pjy,19,1,0,44.67,1
lrt_kj,19,0,0,100.0,3
lrt_ampang,18,0,0,96.12,3
lrt_ampang,13,0,1,87.0,3
mrt_pjy,13,0,1,77.61,2
lrt_ampang,17,0,1,100.0,3
lrt_kj,9,0,0,100.0,3
lrt_kj,11,0,0,93.14,3
lrt_kj,14,0,0,93.54,3
komuter,8,1,0,33.24,1
mrt_kajang,17,0,1,100.0,3
mrt_kajang,21,0,1,88.35,3
mrt_kajang,9,0,0,90.63,3
mrt_kajang,16,1,0,47.07,1
mrt_kajang,7,0,0,95.1,3
mrt_pjy,16,0,0,70.89,2
ets,21,0,1,65.74,2
mrt_kajang,8,0,0,91.7,3
lrt_ampang,18,0,1,100.0,3
mrt_pjy,21,1,1,46.88,1
mrt_pjy,16,1,1,57.95,1
lrt_kj,7,1,1,79.92,2
lrt_ampang,10,1,0,45.55,1
mrt_kajang,12,0,0,98.29,3
monorail,12,0,0,43.37,1
lrt_kj,18,0,0,100.0,3
lrt_kj,19,0,1,100.0,3
lrt_ampang,12,0,0,72.54,2
mrt_kajang,15,0,0,64.51,2
lrt_kj,18,0,0,100.0,3
lrt_ampang,10,1,1,42.8,1
lrt_kj,8,0,0,94.15,3
lrt_kj,7,0,0,100.0,3
lrt_ampang,13,1,1,50.71,1
lrt_kj,15,0,1,100.0,3
lrt_kj,8,0,1,100.0,3
komuter,18,0,0,77.18,2
lrt_ampang,8,0,1,100.0,3
mrt_pjy,20,0,0,67.93,2
lrt_kj,10,1,1,46.48,1
monorail,8,0,0,80.4,2
mrt_kajang,7,0,1,100.0,3
mrt_kajang,9,1,1,57.8,1
mrt_kajang,20,0,0,86.37,3
monorail,13,0,0,53.0,1
mrt_kajang,15,0,1,83.06,2
lrt_kj,8,0,0,100.0,3
komuter,16,0,0,48.18,1
lrt_kj,6,1,1,57.82,1
mrt_pjy,17,0,0,82.7,2
mrt_pjy,19,0,1,100.0,3
ets,18,1,1,45.04,1
lrt_ampang,13,0,0,83.79,2
lrt_kj,8,0,0,100.0,3
lrt_kj,20,0,0,87.58,3
mrt_kajang,18,0,0,97.8,3
lrt_kj,22,1,1,59.34,1
lrt_kj,11,0,0,89.44,3
lrt_ampang,8,0,0,94.11,3
mrt_kajang,16,0,0,81.55,2
mrt_pjy,17,0,0,97.16,3
mrt_pjy,12,0,0,69.09,2
mrt_kajang,18,0,0,100.0,3
lrt_kj,16,0,0,85.6,3
lrt_ampang,9,0,0,88.89,3
mrt_kajang,13,0,0,73.28,2
monorail,19,1,0,49.07,1
monorail,8,1,1,36.28,1
mrt_kajang,8,0,1,100.0,3
komuter,8,0,0,68.49,2
lrt_kj,9,0,1,100.0,3
mrt_pjy,12,1,1,49.34,1
lrt_ampang,21,0,0,72.11,2
lrt_kj,6,1,0,31.41,1
mrt_kajang,23,0,0,68.24,2
lrt_ampang,21,0,0,70.63,2
mrt_pjy,18,1,0,55.07,1
lrt_ampang,16,0,0,83.72,2
mrt_kajang,13,0,0,76.46,2
lrt_ampang,12,0,1,84.46,2
mrt_kajang,17,0,1,100.0,3
lrt_ampang,18,1,0,53.89,1
mrt_kajang,20,0,1,99.57,3
lrt_kj,17,0,0,100.0,3
lrt_ampang,15,0,1,80.23,2
lrt_kj,12,1,0,43.69,1
lrt_ampang,15,0,0,63.85,2
lrt_ampang,9,1,0,46.41,1
mrt_pjy,19,1,0,71.15,2
mrt_pjy,9,0,0,99.87,3
mrt_pjy,20,1,0,28.3,0
lrt_kj,8,0,1,100.0,3
mrt_kajang,20,1,0,44.69,1
lrt_ampang,7,1,0,62.08,2
lrt_kj,18,0,0,100.0,3
mrt_kajang,18,0,0,96.87,3
komuter,9,1,0,33.02,1
mrt_pjy,11,1,1,53.42,1
monorail,19,0,1,86.54,3
mrt_kajang,8,0,0,89.45,3
lrt_ampang,12,0,1,77.84,2
tebrau,8,0,0,50.91,1
monorail,6,1,0,26.95,0
lrt_kj,16,0,0,96.16,3
lrt_kj,15,0,0,100.0,3
monorail,11,0,0,54.47,1
lrt_kj,18,1,0,61.12,2
mrt_kajang,12,1,0,36.66,1
lrt_kj,14,1,1,50.69,1
mrt_kajang,6,0,0,68.3,2
tebrau,18,1,0,35.78,1
mrt_kajang,7,0,0,93.1,3
lrt_kj,10,1,0,41.55,1
mrt_kajang,9,0,0,100.0,3
lrt_ampang,7,0,0,92.66,3
lrt_ampang,18,0,0,100.0,3
lrt_ampang,23,1,0,14.58,0
mrt_pjy,19,0,0,100.0,3
monorail,14,1,1,41.26,1
lrt_kj,7,0,0,100.0,3
lrt_kj,21,1,0,46.72,1
monorail,12,1,1,35.58,1
lrt_kj,19,0,1,100.0,3
lrt_kj,22,1,0,41.28,1
komuter,16,0,0,48.22,1
lrt_kj,9,0,0,100.0,3
lrt_ampang,7,0,0,89.37,3
lrt_kj,10,0,0,84.28,2
lrt_ampang,18,0,0,100.0,3
mrt_kajang,12,0,0,94.86,3
mrt_pjy,9,1,1,55.66,1
mrt_kajang,15,1,0,44.3,1
ets,15,0,0,39.72,1
monorail,9,0,1,80.05,2
lrt_ampang,12,0,0,80.35,2
lrt_ampang,11,0,0,74.91,2
intercity,12,0,0,43.12,1
lrt_ampang,10,0,0,83.55,2
lrt_kj,12,0,0,82.35,2
komuter,22,1,0,17.06,0
lrt_ampang,11,0,0,74.66,2
lrt_ampang,16,0,0,71.81,2
monorail,7,0,1,80.99,2
monorail,18,0,0,72.5,2
lrt_ampang,12,1,0,31.77,1
lrt_kj,9,1,1,83.52,2
monorail,17,0,1,88.57,3
lrt_ampang,17,0,1,100.0,3
mrt_kajang,13,0,1,87.55,3
mrt_kajang,8,0,0,100.0,3
lrt_ampang,15,0,1,99.69,3
lrt_kj,14,0,0,99.88,3
lrt_ampang,13,0,0,75.03,2
mrt_kajang,7,0,0,100.0,3
lrt_kj,15,0,0,97.05,3
mrt_kajang,7,0,0,100.0,3
lrt_kj,11,0,0,89.42,3
mrt_kajang,7,0,1,100.0,3
mrt_kajang,23,1,1,32.79,1
mrt_kajang,17,0,0,100.0,3
lrt_kj,17,0,0,99.89,3
lrt_kj,7,1,0,61.19,2
mrt_kajang,9,1,1,87.13,3
lrt_ampang,10,0,1,93.33,3
monorail,17,0,1,89.13,3
lrt_kj,8,0,0,100.0,3
mrt_pjy,13,1,0,31.13,1
ets,8,0,0,64.98,2
lrt_kj,16,1,0,38.36,1
komuter,18,0,0,79.54,2
lrt_ampang,19,0,1,100.0,3
monorail,9,1,0,21.3,0
lrt_ampang,21,1,0,30.3,1
lrt_ampang,13,0,0,76.32,2
lrt_kj,15,1,0,33.43,1
mrt_kajang,7,0,1,100.0,3
lrt_kj,12,0,1,99.41,3
lrt_kj,7,0,1,100.0,3
mrt_kajang,18,0,0,100.0,3
lrt_kj,7,1,0,63.12,2
mrt_pjy,9,1,0,53.85,1
mrt_kajang,14,1,0,37.49,1
lrt_kj,9,0,0,100.0,3
mrt_kajang,17,1,1,83.81,2
mrt_pjy,7,1,0,54.51,1
mrt_kajang,13,0,0,77.49,2
lrt_ampang,16,0,0,73.2,2
lrt_kj,8,0,0,100.0,3
mrt_kajang,17,0,0,100.0,3
mrt_kajang,10,0,0,92.65,3
mrt_pjy,19,0,0,100.0,3
mrt_kajang,17,0,1,100.0,3
lrt_kj,9,1,1,62.59,2
mrt_pjy,20,1,0,30.61,1
lrt_kj,13,1,1,64.43,2
lrt_ampang,17,0,0,90.55,3
mrt_kajang,13,0,1,90.75,3
lrt_kj,8,0,1,100.0,3
mrt_kajang,16,0,0,72.24,2
lrt_ampang,8,0,0,90.56,3
lrt_kj,9,0,1,100.0,3
lrt_ampang,10,1,1,65.99,2
monorail,20,0,0,47.03,1
mrt_kajang,7,0,1,100.0,3
lrt_kj,23,0,0,47.64,1
mrt_kajang,9,0,1,100.0,3
lrt_kj,11,1,0,35.57,1
komuter,18,0,0,73.64,2
mrt_pjy,18,0,0,87.63,3
komuter,15,0,0,51.64,1
mrt_pjy,7,0,1,93.76,3
ets,19,0,1,77.81,2
mrt_kajang,14,0,0,89.64,3
mrt_kajang,20,1,1,52.12,1
mrt_kajang,19,1,0,56.0,1
mrt_kajang,6,0,0,94.45,3
lrt_kj,16,1,0,37.87,1
lrt_ampang,16,0,0,81.72,2
mrt_pjy,18,1,0,51.04,1
lrt_kj,7,0,1,100.0,3
mrt_pjy,17,0,1,100.0,3
lrt_kj,9,0,0,100.0,3
mrt_kajang,18,0,1,100.0,3
ets,6,0,1,58.63,1
lrt_kj,20,0,0,97.75,3
mrt_kajang,8,0,0,98.6,3
monorail,13,0,0,44.34,1
mrt_kajang,18,0,1,100.0,3
mrt_kajang,6,1,1,45.47,1
lrt_kj,10,0,0,79.55,2
mrt_pjy,10,0,1,71.69,2
mrt_pjy,16,0,0,54.2,1
mrt_kajang,20,1,1,51.1,1
mrt_pjy,19,0,0,91.12,3
lrt_ampang,22,1,0,40.22,1
lrt_kj,22,0,0,84.78,2
mrt_kajang,9,1,0,48.7,1
lrt_kj,17,0,0,100.0,3
monorail,9,0,0,60.02,2
mrt_kajang,9,0,0,100.0,3
mrt_kajang,7,0,0,89.21,3
mrt_kajang,20,1,1,62.51,2
lrt_ampang,12,0,0,75.98,2
komuter,9,0,0,67.45,2
mrt_pjy,10,0,0,77.9,2
mrt_kajang,20,0,0,81.34,2
mrt_pjy,8,0,0,85.29,3
mrt_pjy,8,0,0,82.69,2
lrt_kj,15,0,1,100.0,3
mrt_kajang,17,1,0,71.29,2
lrt_kj,19,0,1,100.0,3
mrt_pjy,7,0,0,90.0,3
lrt_kj,9,1,0,58.0,1
ets,20,1,0,6.83,0
lrt_kj,14,1,0,49.09,1
lrt_kj,15,0,0,92.59,3
lrt_ampang,13,0,0,85.44,3
lrt_ampang,17,0,0,100.0,3
mrt_kajang,9,0,0,93.5,3
lrt_ampang,16,0,0,79.57,2
mrt_pjy,19,0,1,100.0,3
lrt_kj,16,1,0,30.28,1
lrt_kj,15,0,1,100.0,3
lrt_ampang,11,0,0,77.35,2
mrt_pjy,17,0,0,100.0,3
lrt_ampang,13,0,1,86.72,3
mrt_pjy,9,0,0,93.3,3
tebrau,15,0,0,40.45,1
lrt_ampang,18,0,1,100.0,3
mrt_kajang,21,0,0,77.88,2
lrt_kj,19,0,0,100.0,3
lrt_kj,12,1,0,43.57,1
mrt_pjy,7,0,1,93.9,3
lrt_kj,12,1,0,40.06,1
lrt_kj,17,0,1,100.0,3
mrt_kajang,8,0,1,100.0,3
lrt_ampang,16,0,0,70.85,2
mrt_kajang,6,0,0,88.48,3
lrt_ampang,22,0,0,76.0,2
lrt_kj,9,0,0,100.0,3
lrt_kj,8,0,0,100.0,3
monorail,16,0,0,41.21,1
lrt_ampang,8,0,0,99.01,3
lrt_kj,19,0,1,100.0,3
lrt_ampang,18,0,0,100.0,3
mrt_kajang,10,1,0,53.99,1
mrt_kajang,8,0,1,100.0,3
mrt_kajang,21,1,0,37.93,1
mrt_pjy,13,0,1,93.32,3
lrt_ampang,22,1,1,44.11,1
lrt_kj,18,0,0,100.0,3
mrt_pjy,6,1,0,43.71,1
mrt_pjy,9,0,0,89.65,3
mrt_kajang,12,0,0,67.58,2
lrt_kj,9,1,0,70.9,2
lrt_ampang,7,0,1,100.0,3
mrt_kajang,14,0,0,77.1,2
lrt_ampang,9,0,0,97.66,3
lrt_kj,7,1,0,59.11,1
lrt_kj,10,0,0,97.39,3
mrt_kajang,20,0,1,88.44,3
lrt_ampang,12,1,0,47.06,1
lrt_kj,19,0,0,100.0,3
mrt_kajang,17,0,0,100.0,3
lrt_kj,21,1,1,51.9,1
mrt_kajang,19,1,0,63.73,2
mrt_kajang,8,0,1,100.0,3
ets,8,0,0,72.28,2
lrt_kj,16,0,0,90.79,3
lrt_ampang,7,0,0,95.85,3
mrt_pjy,17,1,0,51.55,1
mrt_kajang,16,0,0,78.76,2
mrt_pjy,21,1,0,38.24,1
mrt_kajang,16,0,0,71.38,2
mrt_kajang,10,1,1,59.24,1
mrt_pjy,20,1,1,38.24,1
mrt_kajang,16,0,0,84.34,2
lrt_kj,19,0,0,100.0,3
mrt_kajang,7,0,0,100.0,3
lrt_ampang,11,1,0,41.17,1
mrt_kajang,18,0,1,100.0,3
mrt_kajang,19,0,0,100.0,3
mrt_kajang,18,0,1,100.0,3
mrt_kajang,12,1,0,35.09,1
lrt_ampang,7,0,0,99.21,3
mrt_kajang,12,0,1,95.72,3
mrt_kajang,16,0,1,87.78,3
mrt_pjy,14,1,1,46.18,1
lrt_ampang,13,1,0,31.08,1
mrt_kajang,15,0,1,92.24,3
lrt_kj,19,0,0,100.0,3
lrt_ampang,19,0,0,100.0,3
lrt_kj,22,1,1,44.46,1
mrt_kajang,17,0,0,100.0,3
lrt_kj,8,0,0,100.0,3
lrt_ampang,7,0,0,94.19,3
mrt_kajang,16,0,0,85.52,3
mrt_kajang,19,1,0,67.07,2
monorail,18,0,0,79.25,2
lrt_kj,14,1,0,47.17,1
monorail,7,0,0,75.91,2
lrt_ampang,7,0,0,94.23,3
mrt_kajang,20,0,0,82.21,2
lrt_kj,23,1,0,17.9,0
mrt_pjy,15,1,0,21.55,0
mrt_pjy,13,1,1,49.75,1
lrt_kj,13,0,0,100.0,3
mrt_kajang,7,0,0,100.0,3
lrt_ampang,18,1,0,46.23,1
mrt_kajang,6,1,1,58.6,1
mrt_pjy,20,0,0,62.41,2
mrt_kajang,10,1,0,52.76,1
lrt_kj,16,0,0,78.38,2
komuter,14,1,0,0.0,0
lrt_ampang,8,1,0,51.02,1
mrt_pjy,19,0,1,100.0,3
monorail,17,1,1,59.31,1
lrt_kj,16,1,0,46.81,1
monorail,20,0,0,48.35,1
lrt_ampang,9,0,0,88.65,3
komuter,17,1,1,44.88,1
lrt_kj,15,1,0,40.54,1
mrt_pjy,8,0,1,100.0,3
mrt_kajang,8,0,0,100.0,3
mrt_pjy,11,0,1,85.41,3
lrt_ampang,17,0,0,100.0,3
lrt_kj,9,0,0,100.0,3
komuter,18,1,1,60.98,2
lrt_ampang,15,1,0,47.63,1
komuter,11,0,0,53.68,1
mrt_pjy,18,0,1,100.0,3
lrt_kj,18,0,1,100.0,3
mrt_pjy,19,0,1,97.84,3
mrt_pjy,9,0,0,100.0,3
mrt_kajang,8,0,0,100.0,3
ets,8,0,0,65.98,2
mrt_kajang,18,0,0,100.0,3
lrt_kj,15,0,1,98.72,3
mrt_kajang,17,0,0,100.0,3
mrt_pjy,17,0,0,79.42,2
lrt_kj,17,0,0,100.0,3
lrt_kj,13,0,0,90.89,3
monorail,21,1,0,19.21,0
lrt_ampang,10,0,0,84.67,2
lrt_kj,7,0,1,100.0,3
mrt_pjy,12,0,0,74.47,2
mrt_kajang,11,0,1,100.0,3
komuter,14,0,0,43.68,1
mrt_kajang,8,0,1,100.0,3
mrt_kajang,9,1,0,65.27,2
lrt_ampang,6,0,0,75.84,2
mrt_kajang,9,0,0,100.0,3
mrt_kajang,9,1,0,50.96,1
mrt_kajang,12,0,0,94.41,3
lrt_kj,8,1,0,58.85,1
lrt_ampang,8,0,0,94.57,3
mrt_kajang,12,0,1,100.0,3
komuter,12,0,0,40.96,1
lrt_kj,13,0,0,90.98,3
mrt_kajang,8,0,1,100.0,3
mrt_kajang,7,0,1,100.0,3
mrt_kajang,14,1,1,58.39,1
monorail,20,0,0,50.54,1
mrt_pjy,12,0,0,68.84,2
monorail,20,0,0,52.37,1
lrt_ampang,20,0,0,70.94,2
lrt_ampang,8,0,0,100.0,3
monorail,16,1,0,18.1,0
lrt_kj,14,1,1,57.76,1
mrt_pjy,17,0,1,100.0,3
mrt_pjy,21,1,0,22.12,0
lrt_kj,8,0,0,100.0,3
mrt_kajang,7,0,0,100.0,3
mrt_kajang,9,0,0,96.28,3
lrt_ampang,13,0,0,91.08,3
mrt_kajang,7,0,0,97.79,3
mrt_pjy,9,0,0,93.86,3
tebrau,7,0,0,66.79,2
intercity,8,0,0,42.85,1
lrt_ampang,17,0,0,86.97,3
lrt_ampang,15,0,1,86.42,3
monorail,23,1,1,19.53,0
lrt_ampang,12,1,0,38.08,1
mrt_pjy,9,1,0,42.44,1
mrt_pjy,16,0,0,75.42,2
monorail,15,1,0,18.71,0
lrt_ampang,17,0,0,100.0,3
mrt_kajang,7,0,0,95.85,3
lrt_ampang,14,1,0,31.96,1
lrt_kj,15,1,1,49.48,1
mrt_kajang,9,0,1,100.0,3
mrt_pjy,19,0,0,85.44,3
mrt_pjy,10,0,0,62.86,2
lrt_kj,11,1,1,51.87,1
mrt_pjy,14,0,1,82.24,2
mrt_pjy,8,0,1,94.91,3
monorail,8,0,0,54.78,1
lrt_ampang,15,1,0,21.5,0
lrt_kj,9,0,0,100.0,3
lrt_ampang,10,0,0,82.85,2
lrt_ampang,11,0,0,64.56,2
lrt_kj,14,0,1,99.89,3
mrt_kajang,7,0,0,100.0,3
lrt_ampang,17,0,0,91.33,3
lrt_kj,8,0,1,100.0,3
lrt_kj,7,0,1,100.0,3
mrt_pjy,10,0,1,83.64,2
lrt_kj,8,0,0,99.4,3
lrt_kj,8,0,1,100.0,3
komuter,18,0,0,70.68,2
mrt_kajang,11,0,0,80.8,2
mrt_kajang,9,1,0,54.62,1
lrt_ampang,22,0,0,75.59,2
lrt_ampang,8,0,0,99.98,3
lrt_kj,19,0,0,100.0,3
monorail,17,0,0,70.7,2
ets,8,0,0,63.13,2
mrt_kajang,16,0,0,82.43,2
mrt_pjy,8,0,1,100.0,3
mrt_kajang,18,0,0,100.0,3
lrt_kj,18,0,1,100.0,3
mrt_pjy,7,0,1,100.0,3
mrt_kajang,18,0,0,100.0,3
lrt_kj,18,0,0,100.0,3
lrt_ampang,13,0,0,73.27,2
lrt_kj,8,0,1,100.0,3
lrt_ampang,10,0,0,68.35,2
tebrau,19,0,1,79.4,2
lrt_kj,14,0,0,97.97,3
lrt_ampang,11,0,0,70.61,2
mrt_kajang,9,1,0,66.86,2
lrt_kj,17,0,0,100.0,3
komuter,10,0,0,32.21,1
lrt_kj,14,0,0,92.68,3
mrt_pjy,18,0,1,100.0,3
mrt_pjy,17,0,0,87.57,3
lrt_kj,13,0,1,100.0,3
mrt_kajang,8,0,1,100.0,3
lrt_kj,7,1,0,75.68,2
monorail,22,1,1,44.44,1
lrt_kj,19,0,0,100.0,3
lrt_kj,12,0,0,90.64,3
lrt_ampang,6,0,1,85.15,3
lrt_ampang,7,0,0,92.14,3
mrt_kajang,15,0,0,82.04,2
lrt_kj,9,0,0,100.0,3
mrt_kajang,11,1,0,44.07,1
lrt_kj,12,0,0,93.56,3
lrt_kj,10,1,0,49.99,1
mrt_pjy,7,0,0,80.37,2
mrt_kajang,8,0,0,98.55,3
lrt_kj,17,0,0,100.0,3
mrt_pjy,8,1,0,46.66,1
lrt_kj,14,1,0,39.51,1
lrt_ampang,21,1,0,39.24,1
lrt_kj,20,0,0,99.88,3
lrt_kj,6,0,0,92.04,3
lrt_kj,8,0,1,100.0,3
mrt_pjy,15,0,0,67.04,2
monorail,6,1,0,13.61,0
lrt_ampang,15,1,1,59.27,1
lrt_kj,18,0,0,100.0,3
lrt_ampang,16,0,0,74.24,2
mrt_pjy,18,0,0,93.27,3
monorail,20,0,0,51.25,1
mrt_kajang,17,0,0,100.0,3
lrt_kj,13,0,0,95.96,3
lrt_kj,12,0,0,92.97,3
mrt_kajang,8,0,1,100.0,3
monorail,17,0,1,89.05,3
komuter,17,0,1,80.26,2
lrt_kj,8,0,0,100.0,3
lrt_kj,12,1,1,57.68,1
komuter,13,0,0,51.25,1
komuter,16,1,0,26.36,0
mrt_pjy,11,0,0,67.05,2
mrt_pjy,18,1,1,64.38,2
mrt_pjy,18,0,0,85.18,3
mrt_kajang,11,0,0,82.39,2
lrt_ampang,8,0,1,100.0,3
lrt_ampang,17,0,1,100.0,3
komuter,15,0,0,40.8,1
mrt_kajang,14,0,0,78.92,2
lrt_kj,8,0,1,100.0,3
mrt_kajang,7,0,0,99.21,3
lrt_ampang,10,1,0,32.04,1
lrt_ampang,8,0,0,85.85,3
mrt_pjy,12,0,0,58.77,1
lrt_kj,19,0,0,100.0,3
mrt_kajang,17,0,1,100.0,3
monorail,19,0,0,66.51,2
lrt_ampang,13,0,0,89.12,3
mrt_pjy,9,0,0,92.12,3
lrt_kj,15,0,0,85.66,3
mrt_kajang,16,0,1,95.53,3
lrt_ampang,21,0,1,100.0,3
lrt_kj,13,1,0,35.99,1
lrt_kj,16,0,1,98.59,3
mrt_kajang,10,0,1,95.67,3
lrt_ampang,14,1,0,46.47,1
lrt_ampang,16,1,0,43.99,1
lrt_kj,18,0,0,99.89,3
lrt_kj,19,0,0,100.0,3
mrt_kajang,12,0,0,90.3,3
mrt_pjy,14,1,0,31.09,1
lrt_ampang,10,0,0,66.35,2
mrt_kajang,17,1,0,65.79,2
mrt_kajang,9,1,0,64.64,2
lrt_kj,21,1,0,49.03,1
lrt_kj,18,0,0,100.0,3
komuter,21,0,1,71.88,2
mrt_kajang,7,1,0,56.53,1
lrt_ampang,10,0,1,91.67,3
mrt_pjy,19,0,0,94.42,3
komuter,15,0,0,41.29,1
monorail,7,0,0,80.86,2
komuter,6,0,0,38.87,1
lrt_kj,21,1,0,49.37,1
lrt_kj,7,0,0,100.0,3
lrt_kj,17,0,1,100.0,3
lrt_kj,12,0,1,100.0,3
lrt_ampang,10,0,0,78.75,2
lrt_kj,8,0,0,100.0,3
lrt_ampang,9,0,1,100.0,3
mrt_kajang,12,1,0,48.37,1
lrt_kj,13,1,1,71.23,2
lrt_kj,23,1,0,17.39,0
lrt_kj,23,0,1,95.32,3
lrt_kj,22,0,0,99.09,3
lrt_kj,16,0,0,90.53,3
lrt_ampang,11,0,0,77.2,2
lrt_ampang,23,1,0,18.4,0
lrt_kj,16,1,1,67.85,2
lrt_kj,23,0,0,72.04,2
lrt_ampang,10,1,0,35.87,1
lrt_kj,9,1,0,67.15,2
lrt_kj,8,0,1,100.0,3
mrt_kajang,8,0,0,97.05,3
mrt_kajang,18,0,0,100.0,3
lrt_ampang,7,0,1,100.0,3
komuter,15,0,0,50.58,1
komuter,7,1,0,37.02,1
lrt_ampang,21,0,1,95.41,3
lrt_ampang,12,1,0,39.82,1
mrt_kajang,11,0,0,82.55,2
mrt_kajang,6,0,0,87.9,3
mrt_kajang,8,0,0,99.59,3
lrt_kj,21,0,0,100.0,3
lrt_kj,15,1,0,42.42,1
lrt_kj,17,1,0,73.6,2
mrt_kajang,19,0,1,100.0,3
lrt_kj,22,1,0,60.74,2
lrt_ampang,11,0,0,80.98,2
lrt_kj,11,1,1,52.34,1
lrt_kj,19,0,0,100.0,3
monorail,17,0,0,62.03,2
lrt_ampang,7,0,0,87.82,3
mrt_kajang,16,0,0,67.79,2
lrt_kj,10,1,0,35.34,1
lrt_kj,14,0,0,100.0,3
mrt_pjy,17,0,0,97.74,3
lrt_kj,10,1,0,35.22,1
mrt_pjy,19,0,1,100.0,3
tebrau,17,1,0,42.38,1
lrt_ampang,19,1,1,72.65,2
mrt_kajang,21,0,0,89.01,3
lrt_kj,13,0,1,98.47,3
lrt_ampang,8,0,0,96.32,3
mrt_kajang,9,1,0,64.55,2
mrt_kajang,17,0,1,100.0,3
mrt_kajang,17,0,0,100.0,3
mrt_kajang,14,0,0,91.78,3
lrt_ampang,23,0,0,66.91,2
lrt_kj,11,1,0,33.66,1
mrt_pjy,16,0,0,60.44,2
mrt_pjy,13,0,0,73.09,2
lrt_kj,22,1,0,33.08,1
mrt_pjy,16,0,0,78.03,2
mrt_pjy,10,0,0,82.36,2
monorail,20,0,0,56.71,1
lrt_kj,11,0,1,100.0,3
mrt_kajang,19,0,0,100.0,3
mrt_pjy,21,0,0,84.32,2
lrt_kj,13,1,0,41.36,1
lrt_kj,12,0,0,85.41,3
mrt_pjy,7,0,0,79.44,2
lrt_kj,7,1,0,56.44,1
lrt_kj,9,0,1,100.0,3
lrt_kj,19,0,1,100.0,3
tebrau,11,0,0,48.8,1
komuter,14,0,0,40.23,1
mrt_pjy,17,0,1,100.0,3
lrt_kj,17,1,0,70.2,2
lrt_kj,17,0,1,100.0,3
lrt_ampang,21,0,0,82.1,2
mrt_kajang,19,0,1,100.0,3
lrt_ampang,11,0,0,67.85,2
lrt_kj,13,0,0,96.11,3
lrt_kj,17,0,1,100.0,3
mrt_pjy,16,1,1,39.98,1
lrt_ampang,8,0,1,96.39,3
lrt_kj,12,0,0,100.0,3
lrt_ampang,8,0,0,91.66,3
komuter,17,0,0,65.54,2
lrt_kj,14,0,0,81.45,2
lrt_kj,18,0,0,100.0,3
lrt_kj,19,0,0,100.0,3
monorail,16,1,0,30.6,1
mrt_kajang,6,1,0,50.44,1
lrt_ampang,19,0,1,100.0,3
ets,18,0,0,60.63,2
mrt_pjy,21,0,0,70.38,2
mrt_pjy,14,1,0,33.16,1
mrt_pjy,19,0,0,87.75,3
lrt_ampang,6,0,0,73.66,2
monorail,9,0,1,88.95,3
mrt_kajang,17,1,1,88.18,3
komuter_utara,17,1,0,45.61,1
lrt_ampang,10,0,1,94.47,3
lrt_kj,20,1,0,47.33,1
monorail,11,0,0,43.84,1
lrt_kj,15,0,0,97.24,3
lrt_ampang,12,0,0,67.09,2
ets,8,1,0,30.79,1
mrt_pjy,16,0,0,79.45,2
mrt_kajang,22,1,1,61.9,2
mrt_pjy,16,0,1,84.66,2
mrt_pjy,10,0,1,82.07,2
mrt_pjy,16,1,0,46.74,1
lrt_ampang,20,1,1,35.62,1
lrt_ampang,14,0,0,74.68,2
lrt_kj,10,0,0,85.29,3
lrt_kj,8,0,0,100.0,3
lrt_kj,17,0,0,100.0,3
mrt_kajang,8,0,1,100.0,3
mrt_kajang,23,1,0,13.14,0
lrt_ampang,18,0,0,100.0,3
mrt_pjy,20,0,0,57.41,1
lrt_kj,8,0,0,100.0,3
mrt_kajang,8,0,0,100.0,3
komuter,22,1,0,5.98,0
monorail,12,0,0,42.99,1
lrt_ampang,16,0,1,86.45,3
ets,10,1,0,16.84,0
komuter,10,0,0,52.26,1
lrt_ampang,14,0,0,83.67,2
mrt_kajang,6,0,0,88.84,3
mrt_pjy,22,1,0,30.84,1
lrt_kj,6,1,0,40.07,1
komuter,14,1,1,36.62,1
komuter,15,0,1,58.56,1
mrt_kajang,7,0,1,100.0,3
lrt_kj,9,1,0,59.33,1
mrt_pjy,18,1,0,65.51,2
mrt_kajang,17,0,0,100.0,3
mrt_kajang,17,0,0,100.0,3
komuter_utara,12,1,0,16.54,0
mrt_pjy,16,0,0,63.68,2
mrt_kajang,8,0,1,100.0,3
mrt_kajang,17,0,0,100.0,3
lrt_ampang,8,1,1,71.01,2
mrt_kajang,16,0,0,83.81,2
mrt_kajang,9,0,0,100.0,3
lrt_kj,14,0,0,92.74,3
mrt_pjy,6,0,0,77.09,2
mrt_kajang,23,1,0,27.58,0
lrt_ampang,12,0,0,74.3,2
mrt_pjy,14,0,0,72.25,2
mrt_kajang,20,1,0,57.47,1
mrt_kajang,6,1,0,39.11,1
mrt_pjy,14,0,1,79.27,2
tebrau,7,0,0,59.6,1
mrt_pjy,7,1,1,55.75,1
monorail,13,0,1,70.95,2
mrt_pjy,8,0,0,81.03,2
komuter_utara,9,0,0,61.13,2
lrt_kj,9,0,1,100.0,3
mrt_kajang,11,1,0,39.11,1
lrt_kj,8,1,0,44.04,1
lrt_kj,16,0,1,100.0,3
lrt_kj,15,1,0,57.12,1
ets,15,0,0,40.39,1
lrt_ampang,9,0,0,95.59,3
lrt_ampang,12,1,0,41.26,1
mrt_kajang,21,1,0,41.59,1
lrt_ampang,10,0,1,87.89,3
mrt_kajang,17,0,1,100.0,3
lrt_kj,6,0,0,100.0,3
mrt_kajang,10,0,0,83.67,2
monorail,6,0,0,44.82,1
komuter,11,0,0,44.76,1
mrt_kajang,21,0,0,89.86,3
komuter,16,0,0,38.76,1
komuter,18,0,0,69.84,2
lrt_kj,18,0,0,100.0,3
komuter,7,0,0,68.11,2
lrt_ampang,10,0,0,71.05,2
lrt_ampang,19,0,1,100.0,3
lrt_ampang,17,0,0,91.3,3
lrt_kj,6,1,0,43.3,1
lrt_ampang,12,0,1,74.29,2
ets,9,0,0,55.29,1
lrt_kj,16,1,1,51.1,1
mrt_kajang,15,1,0,42.39,1
lrt_ampang,8,0,0,89.46,3
mrt_pjy,18,0,0,100.0,3
mrt_kajang,11,0,0,79.61,2
lrt_kj,20,0,1,100.0,3
mrt_pjy,18,0,0,85.98,3
monorail,18,0,0,78.5,2
ets,9,1,1,48.05,1
monorail,10,0,0,47.85,1
mrt_kajang,19,1,0,64.54,2
mrt_pjy,20,0,1,93.04,3
mrt_pjy,8,1,1,79.97,2
lrt_kj,10,0,0,100.0,3
lrt_kj,9,0,1,100.0,3
lrt_ampang,18,0,1,100.0,3
lrt_kj,11,0,0,82.71,2
lrt_ampang,18,0,0,100.0,3
lrt_ampang,21,0,0,84.94,2
mrt_pjy,11,1,0,38.2,1
mrt_pjy,7,0,0,85.86,3
tebrau,15,0,0,28.99,0
komuter_utara,9,0,0,58.19,1
mrt_kajang,15,0,1,89.24,3
mrt_kajang,9,0,0,100.0,3
mrt_pjy,8,0,0,87.29,3
lrt_kj,21,0,0,84.37,2
mrt_kajang,8,0,0,100.0,3
lrt_ampang,12,1,1,52.89,1
lrt_ampang,11,1,0,38.59,1
mrt_pjy,9,0,0,93.44,3
komuter_utara,10,1,1,21.26,0
lrt_ampang,9,0,0,98.12,3
mrt_pjy,8,0,0,82.53,2
lrt_ampang,18,0,1,100.0,3
mrt_kajang,13,1,1,54.74,1
lrt_kj,21,1,0,43.17,1
monorail,12,0,0,40.77,1
komuter,16,0,0,52.5,1
lrt_ampang,9,0,0,95.22,3
lrt_ampang,18,1,0,69.99,2
komuter_utara,12,1,0,27.56,0
lrt_ampang,7,0,0,96.9,3
mrt_kajang,17,0,0,100.0,3
mrt_kajang,16,0,0,84.11,2
lrt_kj,16,0,1,100.0,3
mrt_kajang,9,0,1,100.0,3
mrt_kajang,15,0,1,98.4,3
mrt_pjy,18,0,0,89.01,3
mrt_kajang,18,0,0,98.09,3
mrt_pjy,21,1,0,24.37,0
mrt_kajang,9,0,0,93.13,3
lrt_ampang,14,1,0,36.25,1
mrt_kajang,9,0,1,100.0,3
komuter,19,0,0,75.04,2
monorail,7,0,0,69.91,2
lrt_kj,12,1,0,49.59,1
tebrau,20,0,0,34.58,1
mrt_kajang,10,0,0,79.52,2
mrt_pjy,15,0,1,83.32,2
mrt_pjy,10,1,0,32.68,1
lrt_ampang,12,1,1,54.73,1
mrt_pjy,19,0,0,100.0,3
mrt_kajang,13,1,0,42.07,1
mrt_pjy,15,0,0,86.43,3
lrt_kj,10,1,0,35.34,1
mrt_kajang,12,0,1,90.34,3
mrt_kajang,9,0,0,100.0,3
lrt_kj,13,0,1,100.0,3
lrt_kj,16,0,0,86.41,3
mrt_kajang,21,0,0,76.05,2
lrt_kj,14,1,0,46.88,1
monorail,16,0,0,50.19,1
lrt_ampang,16,0,1,95.5,3
lrt_kj,17,0,0,100.0,3
tebrau,19,0,0,63.72,2
lrt_ampang,10,0,0,73.21,2
lrt_kj,14,0,0,100.0,3
mrt_pjy,22,0,1,83.07,2
mrt_kajang,19,1,0,55.93,1
lrt_ampang,21,1,0,35.37,1
lrt_ampang,17,0,1,100.0,3
lrt_kj,6,0,1,98.68,3
lrt_kj,17,0,0,100.0,3
mrt_kajang,16,0,0,84.24,2
mrt_pjy,20,0,0,47.64,1
lrt_kj,19,0,0,100.0,3
mrt_kajang,12,0,1,93.84,3
mrt_kajang,16,0,0,71.08,2
lrt_ampang,18,0,0,100.0,3
mrt_kajang,19,0,0,100.0,3
monorail,18,0,1,64.47,2
lrt_ampang,10,0,0,71.48,2
lrt_ampang,18,0,1,100.0,3
mrt_kajang,18,0,1,100.0,3
lrt_kj,15,1,0,53.22,1
mrt_kajang,21,0,0,78.96,2
mrt_kajang,6,1,0,39.47,1
lrt_ampang,15,0,1,93.48,3
mrt_kajang,8,0,1,100.0,3
komuter,21,0,0,46.07,1
mrt_pjy,7,0,0,82.34,2
mrt_kajang,22,1,0,48.84,1
mrt_kajang,18,0,0,100.0,3
mrt_pjy,8,0,1,95.67,3
lrt_kj,15,1,1,61.54,2
mrt_pjy,20,1,1,55.36,1
mrt_kajang,8,0,0,100.0,3
lrt_kj,8,1,1,77.49,2
lrt_ampang,15,0,1,89.66,3
mrt_pjy,9,0,1,92.35,3
mrt_kajang,7,0,0,97.37,3
intercity,21,1,0,22.2,0
lrt_kj,17,0,0,100.0,3
mrt_kajang,20,1,0,44.23,1
lrt_ampang,8,0,1,100.0,3
mrt_pjy,8,0,0,85.45,3
mrt_kajang,14,1,1,59.46,1
lrt_ampang,6,0,0,76.77,2
mrt_kajang,13,1,1,50.14,1
lrt_kj,14,1,0,48.76,1
mrt_kajang,8,0,0,100.0,3
lrt_ampang,22,1,0,47.61,1
lrt_kj,13,0,0,93.19,3
mrt_kajang,7,0,0,85.2,3
lrt_kj,16,0,0,100.0,3
mrt_kajang,13,1,0,42.51,1
mrt_kajang,10,0,0,77.02,2
mrt_kajang,7,0,1,100.0,3
lrt_ampang,13,0,1,100.0,3
lrt_kj,21,0,1,100.0,3
mrt_kajang,17,0,0,100.0,3
komuter,8,1,0,23.55,0
monorail,8,0,0,57.91,1
lrt_kj,15,0,0,93.45,3
lrt_kj,16,1,0,39.8,1
lrt_ampang,23,1,0,26.27,0
mrt_kajang,23,1,0,19.3,0
mrt_kajang,11,0,1,100.0,3
lrt_kj,20,0,1,100.0,3
komuter,12,0,0,43.68,1
lrt_kj,19,0,0,100.0,3
lrt_ampang,20,1,0,40.09,1
mrt_pjy,8,0,0,87.28,3
lrt_ampang,7,0,1,100.0,3
lrt_ampang,15,1,0,46.4,1
mrt_pjy,6,0,0,70.36,2
mrt_pjy,7,0,0,98.28,3
mrt_kajang,23,0,0,66.39,2
lrt_ampang,8,0,0,86.26,3
lrt_ampang,15,1,0,30.53,1
lrt_ampang,17,0,0,100.0,3
mrt_kajang,22,0,0,90.6,3
mrt_pjy,8,0,0,89.08,3
lrt_kj,19,0,0,100.0,3
mrt_pjy,16,0,1,84.4,2
mrt_pjy,10,0,0,69.14,2
lrt_ampang,11,1,1,59.1,1
mrt_kajang,7,0,0,88.12,3
lrt_ampang,13,0,0,64.31,2
mrt_pjy,8,0,0,81.56,2
lrt_ampang,16,0,0,71.94,2
lrt_kj,16,1,0,51.37,1
lrt_kj,8,1,0,53.76,1
komuter,8,0,0,80.64,2
lrt_ampang,15,0,0,84.24,2
lrt_ampang,13,1,0,39.42,1
komuter,8,0,0,58.0,1
lrt_kj,14,1,1,54.02,1
lrt_kj,16,1,0,24.52,0
monorail,17,0,0,67.92,2
lrt_kj,14,0,1,91.68,3
mrt_pjy,7,0,1,100.0,3
lrt_ampang,10,0,1,86.19,3
mrt_pjy,17,0,1,100.0,3
mrt_pjy,12,0,0,89.66,3
lrt_ampang,13,1,0,31.68,1
lrt_kj,19,0,1,100.0,3
mrt_pjy,16,0,0,60.21,2
monorail,20,0,0,41.66,1
lrt_ampang,14,1,0,39.8,1
komuter,15,0,0,48.17,1
lrt_kj,19,0,0,100.0,3
lrt_ampang,9,1,0,54.48,1
lrt_ampang,8,0,0,97.07,3
lrt_kj,19,0,0,100.0,3
mrt_pjy,8,0,0,85.57,3
lrt_kj,19,1,0,60.08,2
lrt_kj,17,0,0,100.0,3
mrt_pjy,6,0,0,52.06,1
monorail,15,1,0,20.3,0
lrt_ampang,10,0,0,76.76,2
lrt_ampang,16,0,0,84.17,2
lrt_ampang,9,1,0,56.53,1
monorail,16,0,0,45.04,1
mrt_pjy,18,0,0,99.11,3
lrt_kj,22,0,0,86.05,3
lrt_kj,8,0,0,100.0,3
mrt_kajang,21,0,0,85.0,2
lrt_kj,21,1,0,40.74,1
lrt_kj,19,0,1,100.0,3
lrt_kj,20,0,0,92.8,3
lrt_kj,8,0,1,100.0,3
lrt_ampang,10,0,1,93.81,3
mrt_pjy,18,0,0,86.59,3
lrt_ampang,12,0,0,69.13,2
lrt_kj,16,0,1,100.0,3
lrt_kj,11,0,1,100.0,3
lrt_kj,16,0,1,100.0,3
mrt_kajang,10,0,0,67.66,2
mrt_kajang,7,0,0,85.44,3
lrt_kj,7,1,1,64.94,2
lrt_kj,17,0,0,100.0,3
lrt_ampang,17,0,0,100.0,3
mrt_pjy,17,0,0,100.0,3
mrt_kajang,8,0,0,100.0,3
mrt_kajang,14,0,0,87.33,3
lrt_kj,19,0,0,99.0,3
mrt_kajang,18,1,0,71.64,2
mrt_kajang,20,1,0,38.33,1
mrt_kajang,9,0,0,93.14,3
lrt_ampang,8,0,1,100.0,3
monorail,19,0,0,79.33,2
mrt_kajang,22,1,0,42.9,1
lrt_kj,18,0,0,100.0,3
mrt_kajang,17,0,1,100.0,3
monorail,15,0,0,53.71,1
mrt_kajang,8,0,1,100.0,3
lrt_kj,15,1,0,51.26,1
lrt_kj,12,0,0,96.4,3
lrt_ampang,15,0,0,75.14,2
lrt_kj,10,0,0,81.14,2
mrt_pjy,9,0,0,74.28,2
mrt_pjy,9,0,0,91.75,3
monorail,17,0,1,78.58,2
mrt_kajang,18,0,0,100.0,3
mrt_kajang,11,0,0,65.26,2
mrt_kajang,19,0,1,100.0,3
lrt_ampang,10,0,0,71.03,2
mrt_kajang,18,0,1,100.0,3
mrt_kajang,13,0,1,91.02,3
mrt_pjy,8,0,0,93.04,3
lrt_kj,18,0,0,100.0,3
lrt_ampang,19,0,0,100.0,3
komuter,18,0,0,64.15,2
komuter,13,1,1,29.49,0
lrt_kj,16,0,0,85.15,3
mrt_pjy,12,0,0,69.33,2
lrt_kj,9,0,0,100.0,3
lrt_kj,12,0,0,87.2,3
mrt_kajang,17,0,0,100.0,3
mrt_kajang,7,0,0,87.51,3
mrt_kajang,10,0,0,83.06,2
mrt_kajang,14,0,1,98.34,3
mrt_kajang,17,0,0,100.0,3
komuter,14,0,0,46.02,1
lrt_ampang,10,1,1,57.65,1
mrt_kajang,10,0,0,82.91,2
mrt_kajang,10,1,1,51.94,1
lrt_ampang,7,0,0,100.0,3
mrt_kajang,6,1,1,61.27,2
lrt_ampang,17,0,1,100.0,3
lrt_ampang,8,0,0,98.62,3
lrt_ampang,19,0,1,100.0,3
monorail,9,0,1,91.18,3
mrt_pjy,8,0,0,74.83,2
lrt_kj,12,0,0,87.45,3
lrt_kj,23,1,0,25.79,0
mrt_kajang,10,1,1,51.8,1
lrt_kj,8,0,0,100.0,3
lrt_kj,14,0,0,87.44,3
lrt_kj,20,0,0,93.82,3
mrt_kajang,14,0,1,94.97,3
lrt_ampang,8,0,1,100.0,3
lrt_kj,20,0,0,99.02,3
mrt_pjy,11,0,1,89.92,3
mrt_pjy,18,0,1,100.0,3
mrt_kajang,7,0,0,86.5,3
mrt_kajang,14,0,0,71.24,2
mrt_pjy,11,1,1,53.77,1
mrt_kajang,13,0,0,79.16,2
lrt_kj,13,1,0,41.95,1
ets,12,1,0,15.73,0
lrt_ampang,21,0,0,67.99,2
lrt_kj,15,0,1,100.0,3
mrt_pjy,16,0,0,81.02,2
monorail,14,0,0,47.47,1
lrt_kj,11,0,0,75.43,2
komuter,20,0,0,46.77,1
lrt_ampang,12,0,1,94.53,3
lrt_ampang,19,0,0,91.05,3
lrt_kj,15,0,1,100.0,3
lrt_ampang,8,0,1,100.0,3
ets,14,0,1,50.8,1
lrt_kj,11,1,0,48.68,1
lrt_kj,8,0,0,100.0,3
lrt_kj,6,0,0,100.0,3
monorail,14,1,0,23.29,0
lrt_kj,8,0,1,100.0,3
lrt_ampang,13,0,0,76.02,2
mrt_kajang,15,1,0,36.63,1
lrt_kj,13,1,0,42.27,1
mrt_kajang,21,1,1,64.59,2
mrt_kajang,23,1,0,27.88,0
lrt_kj,17,1,0,63.41,2
mrt_kajang,18,0,0,100.0,3
lrt_kj,17,0,1,100.0,3
lrt_kj,14,0,0,79.81,2
lrt_ampang,16,0,0,68.93,2
mrt_kajang,21,0,0,76.88,2
mrt_pjy,9,0,1,98.54,3
mrt_kajang,15,0,0,85.14,3
lrt_ampang,16,0,0,73.22,2
lrt_ampang,19,0,1,100.0,3
mrt_kajang,16,0,0,70.18,2
monorail,8,0,0,62.02,2
lrt_ampang,14,0,0,83.74,2
komuter,18,0,0,76.6,2
tebrau,19,0,1,69.07,2
mrt_pjy,9,0,0,87.7,3
lrt_kj,10,1,1,55.11,1
tebrau,7,0,0,52.95,1
lrt_ampang,18,0,1,100.0,3
lrt_ampang,19,0,0,93.69,3
lrt_kj,9,0,0,100.0,3
mrt_kajang,6,1,0,42.33,1
lrt_kj,7,0,1,100.0,3
mrt_kajang,10,0,0,69.78,2
komuter,19,0,0,65.63,2
lrt_kj,18,0,0,100.0,3
lrt_kj,17,1,1,78.37,2
komuter_utara,15,0,0,40.27,1
tebrau,17,0,0,67.16,2
mrt_pjy,17,0,1,100.0,3
mrt_kajang,7,0,0,99.44,3
lrt_kj,7,0,0,99.69,3
lrt_ampang,21,0,0,74.46,2
lrt_ampang,11,0,0,80.0,2
mrt_kajang,17,1,1,74.12,2
ets,16,0,0,52.64,1
mrt_kajang,18,0,1,100.0,3
mrt_kajang,8,0,0,84.05,2
lrt_kj,6,0,1,100.0,3
lrt_kj,10,0,0,78.1,2
lrt_kj,19,0,0,100.0,3
lrt_ampang,19,0,0,100.0,3
mrt_pjy,12,1,1,38.89,1
lrt_ampang,23,0,0,57.81,1
mrt_pjy,14,0,0,65.58,2
lrt_kj,9,1,1,65.18,2
mrt_pjy,19,1,0,43.11,1
monorail,13,0,0,49.22,1
komuter,21,1,0,23.1,0
mrt_kajang,12,1,1,41.45,1
monorail,10,0,0,45.4,1
lrt_ampang,20,0,1,100.0,3
monorail,18,1,1,51.02,1
mrt_kajang,19,0,1,100.0,3
lrt_kj,18,0,0,100.0,3
monorail,12,0,0,44.11,1
mrt_kajang,17,0,0,100.0,3
lrt_ampang,14,1,0,33.17,1
lrt_kj,13,1,0,32.75,1
monorail,11,0,0,53.62,1
komuter,9,0,0,65.48,2
lrt_ampang,18,1,0,60.22,2
mrt_pjy,18,0,0,84.08,2
komuter,17,0,1,84.49,2
mrt_kajang,6,1,0,34.39,1
mrt_pjy,7,0,1,92.88,3
lrt_ampang,21,1,1,57.68,1
lrt_kj,8,0,0,100.0,3
lrt_ampang,18,0,0,100.0,3
mrt_kajang,19,0,0,100.0,3
lrt_ampang,13,1,0,31.74,1
lrt_kj,13,0,1,98.64,3
lrt_ampang,16,1,1,59.92,1
lrt_kj,8,1,0,68.77,2
komuter_utara,21,0,1,60.82,2
lrt_ampang,21,0,0,87.1,3
lrt_ampang,19,0,0,100.0,3
lrt_kj,18,0,0,100.0,3
lrt_kj,7,0,0,100.0,3
mrt_pjy,18,0,0,95.38,3
mrt_kajang,20,0,0,95.76,3
mrt_pjy,7,0,1,96.95,3
mrt_pjy,19,1,0,49.36,1
lrt_kj,12,0,0,86.87,3
lrt_ampang,17,0,0,100.0,3
lrt_ampang,15,0,0,78.65,2
lrt_kj,8,0,0,100.0,3
komuter,8,0,0,70.49,2
lrt_ampang,18,0,0,100.0,3
monorail,21,0,0,52.5,1
lrt_kj,13,0,0,88.35,3
lrt_kj,11,1,0,39.87,1
lrt_ampang,8,1,0,45.25,1
ets,22,1,0,17.28,0
mrt_kajang,19,0,0,100.0,3
lrt_kj,10,0,1,100.0,3
mrt_kajang,19,0,0,100.0,3
lrt_kj,6,0,0,89.71,3
monorail,21,0,1,63.92,2
lrt_kj,10,1,0,47.13,1
lrt_kj,19,1,1,74.36,2
mrt_kajang,12,1,0,48.27,1
lrt_ampang,11,0,0,78.35,2
mrt_kajang,14,0,0,81.15,2
monorail,7,0,0,61.1,2
komuter,8,0,0,70.27,2
lrt_ampang,18,1,0,52.78,1
lrt_kj,9,0,1,100.0,3
mrt_pjy,9,0,0,90.3,3
lrt_ampang,15,1,0,52.09,1
komuter,17,0,0,66.15,2
mrt_pjy,7,0,1,95.87,3
mrt_pjy,10,0,0,73.26,2
mrt_kajang,17,1,0,58.16,1
lrt_kj,12,0,1,100.0,3
lrt_ampang,22,1,0,30.96,1
lrt_kj,14,0,0,98.25,3
lrt_kj,12,0,1,100.0,3
lrt_ampang,6,1,0,34.95,1
mrt_pjy,8,0,0,89.45,3
lrt_ampang,7,1,0,53.81,1
lrt_ampang,7,0,0,99.81,3
mrt_kajang,7,1,0,68.26,2
mrt_kajang,16,0,0,91.87,3
mrt_kajang,10,0,0,84.31,2
lrt_ampang,19,0,0,100.0,3
mrt_pjy,19,0,0,93.56,3
lrt_kj,13,0,0,100.0,3
lrt_kj,16,0,1,100.0,3
lrt_ampang,14,0,0,81.5,2
mrt_pjy,18,0,0,93.16,3
lrt_kj,10,0,0,100.0,3
komuter,18,0,0,64.67,2
mrt_pjy,15,0,0,61.83,2
lrt_kj,20,0,1,100.0,3
mrt_pjy,22,1,0,31.37,1
lrt_ampang,8,1,1,78.27,2
lrt_kj,16,0,1,94.61,3
mrt_pjy,21,1,0,25.9,0
mrt_kajang,18,0,1,100.0,3
lrt_kj,8,0,0,100.0,3
mrt_kajang,9,1,0,64.79,2
mrt_kajang,8,0,0,97.2,3
ets,11,1,1,26.08,0
lrt_ampang,7,0,0,78.61,2
mrt_kajang,16,0,0,88.33,3
mrt_pjy,8,0,0,91.21,3
mrt_pjy,19,0,0,100.0,3
mrt_kajang,14,1,0,46.59,1
lrt_kj,6,0,0,84.91,2
mrt_kajang,15,0,0,77.34,2
lrt_kj,8,0,1,100.0,3
mrt_kajang,7,0,0,100.0,3
lrt_kj,21,1,1,55.04,1
tebrau,14,0,1,61.07,2
lrt_kj,10,0,0,100.0,3
lrt_kj,16,1,0,52.32,1
lrt_ampang,16,0,1,95.57,3
mrt_pjy,17,0,1,100.0,3
mrt_pjy,16,0,0,54.22,1
lrt_kj,18,0,0,100.0,3
mrt_pjy,22,1,0,24.8,0
mrt_kajang,21,1,0,37.27,1
lrt_ampang,15,0,0,96.14,3
lrt_kj,18,0,1,100.0,3
lrt_ampang,10,0,0,74.21,2
mrt_kajang,15,0,0,73.02,2
mrt_pjy,15,0,0,63.97,2
mrt_pjy,8,0,0,94.45,3
mrt_kajang,17,0,1,100.0,3
mrt_kajang,19,0,1,100.0,3
mrt_kajang,17,0,1,100.0,3
lrt_kj,7,0,0,100.0,3
lrt_kj,20,0,0,89.94,3
lrt_kj,21,0,0,94.81,3
lrt_ampang,6,0,0,83.7,2
mrt_pjy,19,0,0,89.6,3
lrt_ampang,10,0,0,74.04,2
lrt_kj,9,1,1,70.03,2
mrt_kajang,19,0,1,100.0,3
mrt_pjy,21,1,0,24.19,0
mrt_kajang,8,0,1,100.0,3
lrt_kj,8,0,1,100.0,3
lrt_ampang,8,0,1,100.0,3
mrt_kajang,19,0,1,100.0,3
lrt_kj,14,0,0,81.6,2
monorail,9,1,0,50.03,1
lrt_kj,9,0,0,100.0,3
lrt_kj,16,0,0,84.05,2
lrt_kj,12,1,1,36.65,1
mrt_pjy,10,0,0,65.36,2
mrt_kajang,11,0,1,87.13,3
mrt_kajang,14,1,0,43.99,1
monorail,9,0,0,66.24,2
mrt_kajang,18,0,1,100.0,3
lrt_kj,18,0,0,100.0,3
lrt_ampang,16,0,0,80.98,2
lrt_kj,17,0,1,100.0,3
mrt_kajang,6,1,0,31.69,1
lrt_kj,9,1,0,61.0,2
mrt_pjy,17,0,0,83.59,2
lrt_ampang,14,1,0,31.07,1
lrt_kj,10,0,0,92.81,3
lrt_kj,16,0,1,100.0,3
monorail,12,1,0,17.43,0
mrt_pjy,16,0,0,71.85,2
lrt_kj,17,0,1,100.0,3
mrt_kajang,7,0,1,100.0,3
lrt_kj,9,0,0,100.0,3
lrt_kj,19,0,0,100.0,3
lrt_kj,19,1,1,81.1,2
lrt_ampang,8,0,0,100.0,3
mrt_kajang,15,0,0,83.09,2
lrt_ampang,18,0,0,100.0,3
lrt_kj,22,1,0,36.04,1
komuter,7,0,1,76.89,2
mrt_pjy,12,1,0,38.69,1
komuter,17,0,0,73.59,2
lrt_kj,7,0,0,100.0,3
mrt_kajang,20,1,1,55.98,1
mrt_kajang,13,0,0,74.44,2
mrt_pjy,10,1,0,20.88,0
mrt_kajang,17,0,0,100.0,3
komuter_utara,16,0,0,40.16,1
mrt_kajang,11,0,0,84.42,2
mrt_kajang,12,1,0,38.63,1
lrt_kj,18,1,0,60.85,2
lrt_kj,16,0,0,97.09,3
lrt_kj,21,0,0,94.95,3
tebrau,19,0,0,70.48,2
mrt_pjy,17,0,1,100.0,3
mrt_kajang,8,0,0,100.0,3
mrt_kajang,15,0,0,80.08,2
mrt_pjy,20,0,0,74.11,2
komuter,16,0,0,42.4,1
mrt_pjy,17,0,1,99.8,3
lrt_kj,18,0,1,100.0,3
mrt_kajang,14,0,0,80.89,2
mrt_kajang,6,0,0,87.61,3
mrt_kajang,19,1,1,78.73,2
komuter,19,0,0,68.88,2
lrt_kj,18,0,0,100.0,3
lrt_kj,17,0,0,100.0,3
lrt_ampang,15,0,0,75.47,2
mrt_kajang,8,0,1,100.0,3
komuter_utara,6,0,0,36.99,1
komuter,9,0,0,72.59,2
lrt_kj,7,0,0,100.0,3
lrt_ampang,9,0,0,95.16,3
komuter,17,1,0,52.12,1
mrt_kajang,18,0,1,100.0,3
lrt_ampang,15,0,0,73.43,2
mrt_kajang,15,0,0,81.28,2
mrt_kajang,20,0,1,98.6,3
mrt_pjy,18,0,1,100.0,3
lrt_kj,10,0,1,100.0,3
monorail,9,0,0,62.85,2
lrt_ampang,8,0,0,75.94,2
lrt_kj,9,0,1,100.0,3
lrt_ampang,22,1,0,35.81,1
lrt_kj,20,1,0,40.65,1
lrt_kj,11,1,0,46.55,1
mrt_pjy,6,0,1,78.62,2
lrt_kj,9,1,1,76.85,2
mrt_kajang,15,0,0,93.47,3
lrt_ampang,6,1,1,50.18,1
intercity,18,0,0,67.09,2
lrt_kj,16,0,0,94.55,3
lrt_ampang,11,0,1,100.0,3
mrt_pjy,17,0,0,89.04,3
lrt_kj,15,1,1,65.52,2
lrt_kj,13,1,0,57.02,1
lrt_ampang,13,1,0,46.15,1
monorail,17,1,1,51.92,1
mrt_kajang,19,0,0,100.0,3
mrt_kajang,17,0,0,100.0,3
mrt_kajang,10,1,0,43.95,1
lrt_kj,7,0,0,100.0,3
mrt_pjy,7,0,0,84.41,2
lrt_kj,8,1,0,62.45,2
mrt_pjy,22,0,0,69.33,2
mrt_pjy,16,0,0,72.55,2
mrt_pjy,23,1,0,14.07,0
lrt_ampang,11,0,0,66.27,2
lrt_kj,20,1,0,31.93,1
monorail,18,0,0,74.91,2
lrt_kj,17,1,1,85.0,3
lrt_kj,7,0,1,100.0,3
lrt_kj,8,0,1,99.68,3
mrt_kajang,15,0,1,90.11,3
komuter,14,0,0,42.08,1
mrt_pjy,23,1,0,6.36,0
lrt_kj,18,0,1,100.0,3
mrt_kajang,8,0,0,90.94,3
lrt_kj,19,0,1,100.0,3
lrt_kj,12,0,0,88.12,3
mrt_pjy,6,1,0,29.7,0
mrt_kajang,7,0,0,100.0,3
lrt_ampang,19,0,0,100.0,3
mrt_pjy,19,1,0,54.46,1
mrt_pjy,8,0,0,72.7,2
mrt_pjy,17,0,0,86.0,3
lrt_ampang,13,0,1,82.96,2
mrt_kajang,19,0,0,100.0,3
mrt_pjy,18,0,0,96.28,3
mrt_kajang,18,1,0,71.05,2
lrt_ampang,19,0,0,96.4,3
lrt_kj,19,0,0,100.0,3
lrt_kj,18,1,0,72.23,2
lrt_ampang,9,1,0,72.28,2
mrt_kajang,9,0,0,95.15,3
mrt_pjy,12,1,0,23.9,0
mrt_kajang,7,0,0,97.59,3
mrt_pjy,19,0,0,95.27,3
lrt_ampang,7,0,1,100.0,3
mrt_kajang,16,0,0,79.04,2
lrt_kj,8,0,0,100.0,3
lrt_kj,13,0,1,86.26,3
lrt_ampang,17,0,0,98.47,3
monorail,8,0,0,81.02,2
lrt_kj,21,1,0,39.46,1
lrt_kj,8,1,1,80.18,2
lrt_ampang,8,0,1,100.0,3
mrt_kajang,13,0,0,66.84,2
mrt_kajang,10,0,0,89.76,3
lrt_ampang,16,0,1,88.39,3
mrt_kajang,13,1,0,43.97,1
mrt_kajang,17,0,0,100.0,3
mrt_kajang,18,1,0,47.25,1
lrt_kj,18,1,1,83.05,2
lrt_ampang,8,0,1,100.0,3
ets,10,1,0,17.02,0
lrt_kj,15,1,0,36.78,1
lrt_ampang,12,0,1,99.4,3
mrt_pjy,19,1,0,56.19,1
mrt_kajang,12,1,0,33.48,1
mrt_pjy,9,0,0,96.41,3
mrt_pjy,16,0,0,64.0,2
lrt_kj,15,1,1,56.57,1
lrt_kj,18,0,0,100.0,3
lrt_kj,8,0,1,100.0,3
ets,13,0,1,53.12,1
mrt_kajang,6,0,1,94.11,3
mrt_kajang,16,1,0,43.88,1
lrt_kj,15,0,0,95.12,3
mrt_pjy,18,0,0,86.19,3
mrt_kajang,16,1,0,54.88,1
mrt_kajang,7,0,0,100.0,3
lrt_kj,17,1,0,63.93,2
lrt_ampang,17,0,0,93.08,3
mrt_pjy,21,1,0,37.95,1
mrt_kajang,7,0,1,100.0,3
lrt_ampang,16,1,1,57.26,1
lrt_ampang,10,0,0,88.43,3
mrt_kajang,13,0,0,88.3,3
mrt_pjy,16,1,0,20.98,0
mrt_kajang,9,0,0,100.0,3
lrt_ampang,16,0,0,83.94,2
lrt_kj,16,0,1,100.0,3
lrt_ampang,6,0,0,71.98,2
monorail,9,0,0,63.1,2
lrt_kj,6,0,1,98.6,3
mrt_kajang,16,0,0,87.02,3
lrt_kj,13,0,0,92.07,3
ets,17,0,1,69.64,2
lrt_ampang,8,1,1,65.73,2
lrt_kj,23,1,0,15.25,0
mrt_kajang,19,0,0,100.0,3
mrt_kajang,10,1,0,41.11,1
komuter,8,1,1,46.6,1
lrt_kj,11,1,0,43.99,1
lrt_kj,14,0,0,95.54,3
mrt_kajang,9,0,0,93.98,3
mrt_kajang,17,0,0,100.0,3
komuter,8,0,0,62.21,2
mrt_kajang,11,1,0,47.0,1
komuter_utara,16,1,1,8.82,0
lrt_ampang,18,0,0,100.0,3
lrt_kj,7,0,0,100.0,3
lrt_ampang,9,0,0,100.0,3
mrt_pjy,7,0,1,100.0,3
komuter_utara,23,1,0,0.0,0
lrt_kj,7,0,0,100.0,3
komuter,20,0,1,43.15,1
mrt_pjy,9,0,0,89.21,3
lrt_kj,18,0,0,100.0,3
lrt_kj,15,0,1,100.0,3
monorail,13,0,0,46.18,1
mrt_kajang,21,0,1,99.23,3
lrt_ampang,17,1,1,82.16,2
lrt_ampang,16,0,1,89.15,3
lrt_kj,8,0,0,100.0,3
mrt_kajang,12,0,1,100.0,3
mrt_pjy,19,1,1,61.49,2
lrt_kj,8,1,0,53.29,1
monorail,10,1,1,42.38,1
lrt_kj,14,0,0,93.42,3
monorail,10,1,0,21.86,0
lrt_ampang,16,0,0,80.42,2
lrt_ampang,20,0,0,82.12,2
lrt_ampang,8,1,1,71.68,2
lrt_kj,7,0,0,100.0,3
lrt_ampang,11,1,0,30.41,1
mrt_kajang,17,0,0,100.0,3
lrt_ampang,13,0,0,72.33,2
mrt_kajang,23,1,0,18.14,0
lrt_kj,18,0,0,100.0,3
lrt_kj,8,0,1,100.0,3
lrt_kj,17,0,0,100.0,3
lrt_ampang,14,0,0,86.66,3
mrt_pjy,12,1,1,52.44,1
lrt_kj,19,0,0,100.0,3
mrt_kajang,10,1,0,52.85,1
lrt_ampang,7,0,0,98.31,3
mrt_pjy,8,0,0,83.81,2
lrt_kj,8,0,0,100.0,3
lrt_ampang,7,0,0,95.41,3
lrt_ampang,8,0,1,100.0,3
lrt_ampang,20,0,0,72.63,2
lrt_kj,8,0,1,100.0,3
lrt_kj,18,0,0,100.0,3
lrt_ampang,23,0,0,65.57,2
mrt_kajang,12,0,1,100.0,3
lrt_ampang,17,0,1,100.0,3
mrt_kajang,18,0,0,100.0,3
mrt_kajang,7,0,0,100.0,3
lrt_kj,11,1,0,38.25,1
lrt_ampang,15,0,0,75.13,2
mrt_pjy,12,0,0,79.29,2
lrt_ampang,16,0,0,70.07,2
monorail,10,0,0,44.65,1
mrt_pjy,7,1,0,47.18,1
lrt_ampang,17,0,0,99.89,3
mrt_kajang,8,1,0,62.61,2
komuter,15,0,1,52.47,1
komuter,9,0,1,67.13,2
mrt_kajang,16,0,1,88.4,3
lrt_kj,19,1,0,68.34,2
mrt_kajang,9,1,0,56.17,1
mrt_pjy,21,1,0,38.94,1
mrt_pjy,20,0,0,78.62,2
lrt_ampang,12,0,0,86.04,3
mrt_kajang,13,0,1,88.12,3
mrt_kajang,18,1,0,80.28,2
lrt_ampang,17,0,0,100.0,3
komuter_utara,13,1,0,8.03,0
monorail,7,0,0,68.56,2
mrt_pjy,7,0,0,89.33,3
lrt_ampang,7,0,0,94.97,3
mrt_kajang,23,0,0,79.18,2
lrt_ampang,9,0,1,100.0,3
lrt_kj,16,0,1,100.0,3
mrt_kajang,19,0,0,100.0,3
lrt_kj,17,0,1,100.0,3
lrt_ampang,10,0,0,79.14,2
tebrau,16,0,0,51.73,1
mrt_pjy,9,0,0,79.59,2
lrt_kj,17,0,0,93.01,3
mrt_pjy,9,0,0,88.05,3
lrt_kj,13,0,0,98.97,3
lrt_ampang,21,0,0,67.99,2
mrt_pjy,7,1,1,61.11,2
mrt_kajang,12,0,0,97.95,3
mrt_pjy,8,1,0,48.25,1
lrt_ampang,8,0,0,94.43,3
mrt_pjy,8,0,0,85.5,3
mrt_kajang,16,1,0,37.36,1
lrt_kj,20,1,0,52.08,1
komuter,12,1,0,24.35,0
mrt_kajang,17,0,0,100.0,3
mrt_kajang,9,0,0,100.0,3
mrt_pjy,14,1,0,26.61,0
lrt_kj,16,0,0,86.45,3
lrt_ampang,8,0,0,93.12,3
mrt_kajang,14,1,0,41.89,1
mrt_kajang,15,1,1,53.18,1
mrt_kajang,17,0,1,100.0,3
lrt_kj,22,1,0,34.85,1
lrt_ampang,20,0,0,82.0,2
mrt_pjy,10,0,0,58.33,1
lrt_kj,6,0,0,100.0,3
mrt_pjy,7,0,1,92.55,3
lrt_ampang,16,0,0,73.07,2
mrt_kajang,10,1,0,51.36,1
lrt_kj,14,0,0,90.61,3
mrt_pjy,21,0,0,77.99,2
monorail,12,0,0,39.66,1
lrt_ampang,15,0,1,90.86,3
lrt_ampang,16,0,1,85.0,3
lrt_ampang,16,1,0,55.04,1
lrt_kj,11,0,0,95.0,3
lrt_kj,10,1,0,46.46,1
lrt_ampang,12,1,0,40.59,1
lrt_kj,23,0,0,74.67,2
mrt_pjy,18,0,0,100.0,3
mrt_kajang,6,0,1,81.39,2
komuter,10,0,1,61.37,2
lrt_ampang,8,0,0,95.46,3
mrt_kajang,15,1,0,39.98,1
mrt_pjy,9,0,1,98.39,3
lrt_kj,13,1,0,45.78,1
mrt_kajang,8,0,0,100.0,3
lrt_kj,18,0,0,100.0,3
intercity,19,0,0,66.19,2
mrt_kajang,16,0,0,79.48,2
komuter,6,0,0,47.99,1
mrt_kajang,18,0,1,100.0,3
lrt_kj,8,0,1,100.0,3
mrt_kajang,21,1,1,58.69,1
lrt_ampang,13,1,1,54.1,1
lrt_ampang,16,0,0,73.29,2
mrt_kajang,17,0,1,100.0,3
mrt_pjy,21,0,1,87.19,3
mrt_pjy,14,0,1,81.8,2
lrt_ampang,18,1,0,62.28,2
tebrau,20,0,1,49.65,1
tebrau,17,0,1,72.09,2
lrt_ampang,10,0,0,69.76,2
mrt_pjy,19,1,0,53.01,1
mrt_kajang,17,1,1,84.84,2
mrt_pjy,8,0,1,100.0,3
mrt_pjy,18,0,0,80.03,2
komuter,16,1,0,5.19,0
komuter,7,0,0,56.91,1
lrt_kj,16,0,0,77.99,2
lrt_ampang,8,0,1,100.0,3
mrt_kajang,16,0,0,89.6,3
lrt_ampang,11,0,1,100.0,3
lrt_ampang,7,0,0,96.82,3
lrt_kj,15,0,0,91.47,3
monorail,8,0,0,54.62,1
lrt_ampang,22,1,0,41.3,1
mrt_kajang,8,0,0,98.68,3
lrt_ampang,13,0,0,85.48,3
mrt_kajang,9,0,1,100.0,3
intercity,21,0,0,26.78,0
mrt_kajang,16,1,0,41.79,1
monorail,13,0,0,62.74,2
lrt_ampang,10,0,0,87.77,3
mrt_kajang,10,0,0,75.99,2
mrt_kajang,20,0,0,88.72,3
lrt_kj,15,0,1,100.0,3
mrt_kajang,7,0,0,100.0,3
mrt_kajang,12,0,0,86.86,3
mrt_kajang,10,0,0,84.6,2
mrt_pjy,8,0,0,90.15,3
lrt_kj,12,1,0,32.85,1
monorail,18,0,1,97.3,3
lrt_kj,8,0,1,100.0,3
lrt_ampang,11,0,0,70.05,2
mrt_kajang,6,0,0,81.13,2
mrt_pjy,10,1,0,41.23,1
lrt_ampang,9,0,1,100.0,3
lrt_ampang,16,0,0,77.53,2
komuter,18,0,0,78.26,2
mrt_pjy,21,1,0,29.04,0
monorail,10,0,1,51.35,1
mrt_kajang,21,0,0,85.99,3
ets,8,1,0,27.3,0
mrt_kajang,17,0,1,100.0,3
ets,7,0,0,61.21,2
lrt_ampang,15,0,1,86.91,3
ets,16,1,0,4.21,0
lrt_ampang,18,0,0,100.0,3
lrt_ampang,20,0,0,85.7,3
lrt_ampang,8,0,0,81.77,2
lrt_ampang,18,0,0,100.0,3
mrt_kajang,20,1,0,44.43,1
mrt_kajang,9,0,1,100.0,3
lrt_kj,21,0,0,91.51,3
komuter,7,0,0,61.88,2
intercity,11,0,0,27.94,0
lrt_ampang,11,0,0,71.95,2
lrt_ampang,13,0,1,87.2,3
monorail,18,1,0,48.56,1
mrt_pjy,11,0,0,72.3,2
mrt_kajang,15,0,1,87.64,3
lrt_kj,17,0,0,100.0,3
lrt_kj,11,0,1,100.0,3
lrt_kj,7,0,0,100.0,3
ets,21,0,0,45.33,1
lrt_ampang,8,0,1,100.0,3
monorail,17,0,0,71.28,2
komuter,15,0,1,66.34,2
mrt_kajang,18,0,0,100.0,3
komuter,9,0,1,88.89,3
lrt_ampang,9,0,0,93.52,3
lrt_kj,12,0,1,100.0,3
lrt_ampang,16,1,0,40.23,1
lrt_kj,12,0,0,80.92,2
mrt_kajang,14,0,1,89.38,3
mrt_pjy,22,1,0,34.68,1
mrt_kajang,8,0,0,100.0,3
lrt_kj,19,0,1,100.0,3
lrt_ampang,20,0,1,95.97,3
lrt_kj,17,0,0,100.0,3
lrt_ampang,15,0,1,98.67,3
lrt_kj,17,0,0,100.0,3
monorail,7,1,1,40.97,1
lrt_kj,9,0,0,100.0,3
lrt_ampang,15,0,0,71.31,2
lrt_kj,19,1,0,63.85,2
lrt_ampang,21,1,0,31.28,1
lrt_ampang,15,0,0,83.26,2
lrt_kj,9,0,0,100.0,3
mrt_kajang,11,1,0,35.67,1
lrt_kj,15,1,1,56.81,1
lrt_kj,16,0,0,96.11,3
mrt_kajang,10,1,1,42.25,1
lrt_ampang,17,0,1,100.0,3
mrt_kajang,9,0,1,100.0,3
lrt_kj,17,1,0,56.56,1
mrt_pjy,18,0,1,100.0,3
mrt_kajang,9,0,0,96.59,3
lrt_ampang,21,0,0,76.67,2
mrt_kajang,12,1,0,52.41,1
mrt_pjy,13,0,1,92.14,3
mrt_pjy,14,1,0,23.62,0
monorail,21,1,0,15.61,0
lrt_kj,17,0,0,100.0,3
mrt_kajang,20,0,0,80.73,2
mrt_pjy,12,0,0,64.42,2
mrt_pjy,12,1,0,36.31,1
lrt_ampang,11,1,0,54.34,1
mrt_pjy,13,1,1,45.6,1
mrt_pjy,19,0,0,89.61,3
lrt_kj,18,0,0,100.0,3
mrt_kajang,19,0,0,100.0,3
komuter,14,1,0,17.86,0
lrt_kj,22,1,0,40.14,1
lrt_ampang,14,1,0,16.23,0
mrt_kajang,17,0,1,100.0,3
lrt_kj,18,0,0,100.0,3
mrt_kajang,15,0,0,84.21,2
mrt_kajang,17,0,0,100.0,3
mrt_pjy,9,1,1,61.35,2
mrt_kajang,9,0,0,96.15,3
monorail,7,0,0,69.65,2
lrt_kj,12,0,1,100.0,3
mrt_pjy,17,0,1,98.88,3
mrt_kajang,19,0,0,95.63,3
lrt_ampang,23,1,0,8.33,0
lrt_ampang,11,1,0,39.55,1
mrt_kajang,17,1,0,63.23,2
mrt_pjy,10,0,0,61.45,2
mrt_pjy,8,0,0,76.32,2
mrt_pjy,9,0,0,82.1,2
mrt_kajang,11,0,0,86.78,3
mrt_kajang,19,0,0,100.0,3
komuter,14,0,0,43.41,1
monorail,12,0,0,56.02,1
mrt_pjy,22,1,0,29.7,0
lrt_kj,8,0,0,100.0,3
mrt_kajang,7,1,0,78.43,2
lrt_ampang,12,0,1,83.95,2
mrt_pjy,10,1,1,44.54,1
mrt_kajang,13,1,0,26.45,0
monorail,10,1,1,33.58,1
lrt_ampang,12,1,0,32.93,1
mrt_pjy,21,0,1,80.55,2
lrt_ampang,9,0,0,88.76,3
mrt_pjy,14,0,1,84.52,2
lrt_ampang,12,1,1,57.79,1
lrt_kj,13,1,0,43.7,1
komuter_utara,21,0,0,31.41,1
mrt_pjy,13,1,0,34.26,1
komuter,17,0,0,60.29,2
lrt_ampang,17,0,1,100.0,3
mrt_kajang,14,0,0,87.75,3
lrt_kj,6,0,0,100.0,3
intercity,13,0,0,40.55,1
mrt_pjy,22,0,0,58.48,1
lrt_ampang,23,1,0,8.31,0
mrt_kajang,13,0,0,72.31,2
mrt_kajang,14,0,0,94.96,3
lrt_kj,8,0,0,100.0,3
mrt_kajang,17,0,0,100.0,3
mrt_kajang,18,0,0,100.0,3
mrt_pjy,18,0,1,100.0,3
lrt_ampang,10,0,0,72.31,2
lrt_kj,9,0,0,100.0,3
lrt_kj,9,0,0,100.0,3
mrt_kajang,21,0,1,100.0,3
lrt_kj,17,0,0,100.0,3
mrt_kajang,16,0,0,76.23,2
mrt_kajang,9,0,0,95.97,3
lrt_kj,7,0,1,100.0,3
lrt_kj,17,0,0,100.0,3
lrt_kj,13,0,1,97.15,3
lrt_kj,20,0,0,100.0,3
lrt_kj,17,0,0,100.0,3
lrt_kj,8,0,0,100.0,3
mrt_pjy,6,1,1,42.69,1
mrt_kajang,9,0,1,100.0,3
komuter,17,0,0,53.2,1
lrt_kj,9,0,0,100.0,3
lrt_kj,19,0,0,100.0,3
lrt_kj,15,1,1,48.75,1
mrt_pjy,13,0,0,74.18,2
lrt_ampang,13,0,0,74.85,2
mrt_pjy,17,0,0,92.86,3
monorail,11,1,0,11.99,0
komuter,10,0,1,57.88,1
lrt_kj,7,1,0,51.88,1
mrt_kajang,12,0,1,95.55,3
lrt_kj,10,1,1,49.51,1
mrt_kajang,15,0,0,70.84,2
lrt_ampang,13,0,0,80.67,2
mrt_kajang,19,0,1,100.0,3
monorail,16,0,0,55.6,1
mrt_pjy,7,0,0,97.19,3
mrt_kajang,16,1,1,42.21,1
mrt_pjy,6,1,0,22.11,0
lrt_ampang,15,0,0,77.06,2
intercity,20,1,1,10.72,0
mrt_pjy,13,0,0,76.67,2
lrt_kj,12,1,1,59.56,1
mrt_kajang,12,0,1,98.25,3
lrt_ampang,18,0,1,100.0,3
mrt_pjy,18,1,0,36.45,1
lrt_kj,9,1,1,68.53,2
lrt_ampang,14,0,0,87.27,3
monorail,12,0,1,63.22,2
lrt_kj,19,0,0,100.0,3
lrt_ampang,12,1,0,37.45,1
lrt_kj,15,0,0,96.62,3
lrt_ampang,21,0,0,72.12,2
lrt_ampang,17,0,0,100.0,3
mrt_kajang,7,1,0,43.67,1
lrt_ampang,12,0,0,73.43,2
lrt_ampang,14,0,1,96.74,3
lrt_kj,20,1,1,50.94,1
lrt_ampang,17,0,0,89.98,3
mrt_kajang,10,1,0,39.05,1
ets,6,1,0,12.5,0
mrt_kajang,22,1,0,45.17,1
mrt_pjy,9,1,0,43.54,1
monorail,15,0,0,50.49,1
lrt_kj,16,0,0,76.48,2
komuter,16,0,0,40.51,1
lrt_kj,18,0,0,100.0,3
mrt_pjy,7,0,1,93.73,3
lrt_kj,19,1,0,66.75,2
lrt_ampang,17,0,0,100.0,3
mrt_kajang,7,0,0,100.0,3
ets,17,0,0,58.98,1
mrt_kajang,17,1,0,70.14,2
lrt_ampang,8,0,0,91.54,3
mrt_kajang,8,0,0,93.66,3
mrt_kajang,13,0,0,76.19,2
lrt_ampang,7,0,1,100.0,3
lrt_kj,10,1,0,40.46,1
komuter,9,0,0,68.14,2
lrt_kj,19,0,0,100.0,3
tebrau,20,0,0,48.22,1
mrt_kajang,19,0,1,100.0,3
mrt_kajang,11,0,0,71.65,2
mrt_kajang,14,0,0,72.15,2
monorail,8,1,0,37.89,1
lrt_kj,11,0,1,100.0,3
lrt_kj,17,0,0,100.0,3
lrt_kj,17,0,0,100.0,3
monorail,8,0,1,73.68,2
komuter,11,1,0,16.14,0
komuter_utara,21,1,0,6.21,0
lrt_ampang,12,1,0,48.16,1
lrt_kj,14,0,1,100.0,3
lrt_kj,16,1,0,36.6,1
lrt_ampang,13,0,0,78.18,2
mrt_pjy,23,0,0,46.84,1
mrt_pjy,17,0,0,82.3,2
mrt_pjy,6,0,0,74.61,2
mrt_kajang,10,0,0,81.11,2
lrt_ampang,10,1,0,36.34,1
lrt_ampang,23,1,0,13.87,0
ets,18,0,0,63.47,2
mrt_kajang,17,0,1,100.0,3
lrt_ampang,17,0,0,100.0,3
mrt_pjy,10,0,0,72.24,2
mrt_pjy,7,0,0,86.53,3
mrt_kajang,10,0,1,82.09,2
mrt_kajang,7,0,1,100.0,3
komuter_utara,15,1,0,12.23,0
lrt_kj,18,1,0,73.65,2
mrt_kajang,18,0,0,100.0,3
mrt_kajang,17,0,1,100.0,3
lrt_kj,9,1,0,54.03,1
mrt_kajang,7,0,0,100.0,3
mrt_kajang,18,0,0,100.0,3
mrt_pjy,14,1,0,31.78,1
mrt_pjy,11,0,1,85.77,3
komuter,18,1,0,45.72,1
mrt_pjy,17,1,1,72.11,2
komuter,15,0,0,52.94,1
lrt_kj,20,0,0,85.55,3
lrt_ampang,9,0,0,93.15,3
lrt_kj,21,0,0,87.81,3
mrt_pjy,16,1,0,32.79,1
mrt_pjy,17,0,1,100.0,3
komuter_utara,11,0,0,44.74,1
lrt_ampang,8,0,1,96.6,3
lrt_kj,12,0,1,100.0,3
lrt_kj,17,0,1,100.0,3
mrt_kajang,19,0,0,100.0,3
mrt_kajang,9,0,1,100.0,3
lrt_kj,8,0,1,100.0,3
komuter,23,1,0,3.95,0
lrt_kj,10,0,0,100.0,3
mrt_pjy,21,1,0,14.6,0
lrt_kj,16,0,0,95.4,3
lrt_kj,20,1,0,45.55,1
mrt_kajang,15,1,1,48.25,1
mrt_pjy,12,0,1,89.64,3
lrt_ampang,8,1,0,64.22,2
lrt_ampang,15,0,0,80.3,2
mrt_kajang,17,0,1,100.0,3
mrt_kajang,13,0,0,100.0,3
lrt_ampang,10,0,0,70.68,2
ets,16,0,1,60.68,2
komuter,8,0,1,74.09,2
lrt_ampang,18,0,0,91.92,3
lrt_ampang,7,0,0,82.14,2
lrt_kj,20,0,1,100.0,3
lrt_kj,23,1,1,30.31,1
lrt_ampang,13,0,0,80.18,2
mrt_kajang,7,0,0,98.64,3
lrt_ampang,9,0,0,82.4,2
mrt_pjy,15,0,0,60.02,2
lrt_kj,19,0,0,100.0,3
mrt_pjy,8,0,0,93.97,3
lrt_kj,16,0,0,94.3,3
mrt_pjy,18,1,0,51.87,1
lrt_ampang,7,0,0,91.31,3
lrt_ampang,9,0,0,100.0,3
lrt_kj,18,0,1,100.0,3
mrt_kajang,16,0,0,78.92,2
mrt_pjy,7,0,0,79.49,2
lrt_ampang,18,0,0,100.0,3
monorail,19,0,1,94.43,3
mrt_kajang,6,0,0,88.19,3
lrt_kj,20,0,0,87.62,3
lrt_kj,11,1,1,46.49,1
lrt_kj,18,0,0,100.0,3
mrt_kajang,8,0,0,100.0,3
lrt_ampang,6,0,1,100.0,3
mrt_kajang,12,1,0,39.99,1
mrt_pjy,6,1,1,32.69,1
mrt_pjy,9,0,1,95.87,3
komuter,9,0,0,54.32,1
lrt_ampang,16,1,0,30.76,1
lrt_kj,8,0,0,100.0,3
monorail,20,1,0,11.68,0
komuter_utara,14,1,0,0.0,0
monorail,10,0,1,57.08,1
lrt_kj,13,0,0,90.97,3
monorail,20,0,0,50.87,1
mrt_pjy,20,0,1,73.92,2
tebrau,7,0,1,66.06,2
lrt_ampang,17,0,0,99.87,3
lrt_ampang,18,0,0,100.0,3
mrt_kajang,15,1,1,64.05,2
ets,18,1,0,49.71,1
lrt_kj,16,0,1,100.0,3
lrt_kj,18,0,1,100.0,3
lrt_kj,11,1,1,52.06,1
mrt_kajang,13,0,0,87.83,3
monorail,8,0,0,53.27,1
lrt_ampang,17,0,0,100.0,3
mrt_kajang,12,0,1,82.62,2
mrt_kajang,6,0,0,83.41,2
mrt_kajang,6,0,0,82.1,2
lrt_ampang,9,0,1,100.0,3
mrt_pjy,20,1,0,36.81,1
mrt_pjy,14,0,1,85.21,3
lrt_ampang,19,0,0,93.5,3
monorail,12,1,0,12.67,0
komuter,17,0,1,83.72,2
mrt_pjy,8,0,0,79.21,2
lrt_ampang,17,0,0,100.0,3
lrt_kj,8,0,0,100.0,3
mrt_kajang,7,0,0,94.3,3
mrt_pjy,10,0,0,71.19,2
lrt_kj,7,0,1,100.0,3
lrt_ampang,18,0,0,100.0,3
monorail,9,0,1,65.88,2
mrt_kajang,6,0,1,93.4,3
lrt_ampang,9,0,0,100.0,3
lrt_ampang,16,0,0,92.75,3
mrt_kajang,8,0,1,98.22,3
mrt_kajang,9,0,1,100.0,3
lrt_kj,17,1,0,73.42,2
lrt_ampang,8,0,0,87.46,3
lrt_kj,23,0,0,65.21,2
lrt_kj,7,0,0,100.0,3
mrt_kajang,19,0,1,100.0,3
mrt_kajang,7,0,0,93.94,3
mrt_pjy,12,0,0,64.09,2
lrt_ampang,16,1,0,37.74,1
monorail,12,1,1,40.18,1
mrt_kajang,7,0,1,100.0,3
lrt_kj,8,0,0,100.0,3
komuter,12,1,0,11.82,0
komuter_utara,11,0,1,44.07,1
lrt_kj,16,1,1,61.13,2
lrt_kj,15,1,0,45.44,1
lrt_ampang,18,0,1,100.0,3
lrt_kj,6,0,1,100.0,3
lrt_ampang,16,1,0,34.73,1
mrt_kajang,9,0,0,99.46,3
mrt_kajang,15,1,0,37.43,1
lrt_kj,6,0,1,99.38,3
lrt_ampang,19,0,0,100.0,3
mrt_kajang,17,0,0,100.0,3
mrt_pjy,12,0,0,71.62,2
lrt_kj,20,0,0,82.7,2
monorail,16,0,0,49.24,1
lrt_kj,16,0,1,91.13,3
intercity,19,0,0,61.02,2
lrt_ampang,17,0,1,100.0,3
mrt_pjy,10,0,1,85.45,3
mrt_pjy,20,0,1,75.13,2
mrt_kajang,14,0,1,97.73,3
mrt_kajang,9,1,0,62.22,2
lrt_ampang,14,1,0,30.4,1
lrt_ampang,11,1,0,41.06,1
mrt_pjy,9,0,0,79.81,2
lrt_ampang,17,0,0,87.82,3
mrt_pjy,11,1,0,34.03,1
lrt_kj,15,0,0,96.93,3
lrt_ampang,15,0,0,67.96,2
monorail,9,0,0,60.37,2
lrt_kj,13,0,0,80.53,2
lrt_ampang,18,0,1,100.0,3
lrt_kj,17,0,0,100.0,3
mrt_kajang,20,0,0,97.63,3
lrt_ampang,14,0,0,88.04,3
lrt_kj,19,1,0,65.7,2
komuter,8,1,0,36.46,1
lrt_kj,21,0,0,84.77,2
lrt_ampang,12,0,0,68.59,2
lrt_kj,7,0,0,100.0,3
lrt_ampang,13,0,0,60.73,2
lrt_ampang,14,0,0,76.61,2
lrt_ampang,12,1,0,43.34,1
lrt_kj,14,1,1,50.72,1
komuter,17,0,1,77.03,2
mrt_kajang,8,1,0,67.29,2
lrt_kj,18,0,1,100.0,3
lrt_kj,18,0,1,100.0,3
mrt_kajang,19,0,0,100.0,3
mrt_pjy,18,0,0,78.91,2
ets,17,0,0,61.73,2
mrt_kajang,9,0,0,96.01,3
lrt_kj,12,0,0,97.97,3
lrt_kj,11,1,0,52.24,1
mrt_kajang,18,0,0,97.78,3
lrt_ampang,16,1,0,40.65,1
mrt_pjy,8,0,0,86.01,3
lrt_kj,10,1,1,62.72,2
mrt_kajang,7,0,0,79.13,2
lrt_ampang,20,0,1,80.72,2
mrt_pjy,17,1,0,53.91,1
lrt_kj,8,0,0,100.0,3
mrt_kajang,12,0,0,86.24,3
lrt_kj,8,0,0,100.0,3
mrt_kajang,13,1,1,51.54,1
lrt_ampang,9,0,0,89.11,3
lrt_kj,13,0,0,86.0,3
lrt_ampang,8,0,1,100.0,3
lrt_kj,20,0,0,89.0,3
mrt_kajang,18,0,0,100.0,3
mrt_pjy,20,0,0,75.88,2
lrt_ampang,15,0,1,90.81,3
mrt_kajang,7,0,0,100.0,3
mrt_pjy,13,0,1,85.17,3
lrt_kj,10,1,0,34.42,1
lrt_kj,19,0,1,100.0,3
lrt_ampang,16,0,1,77.18,2
lrt_ampang,19,0,0,100.0,3
lrt_kj,18,0,1,100.0,3
lrt_kj,10,0,0,89.57,3
lrt_kj,13,1,0,31.3,1
lrt_ampang,13,0,0,83.57,2
lrt_kj,13,0,1,100.0,3
lrt_ampang,23,1,1,45.53,1
mrt_kajang,18,0,0,97.22,3
monorail,11,0,1,56.05,1
komuter,23,1,0,5.67,0
lrt_kj,8,0,0,100.0,3
mrt_kajang,9,0,0,100.0,3
lrt_ampang,12,0,0,73.85,2
komuter_utara,19,0,0,68.9,2
lrt_kj,15,1,1,35.02,1
mrt_kajang,11,0,0,88.55,3
mrt_kajang,18,0,0,100.0,3
mrt_kajang,16,0,0,77.24,2
lrt_kj,17,0,0,100.0,3
monorail,17,1,0,44.97,1
mrt_kajang,6,0,0,82.89,2
mrt_pjy,20,1,0,37.59,1
lrt_ampang,16,1,1,48.29,1
mrt_pjy,7,0,0,94.9,3
komuter,6,1,0,17.34,0
komuter,20,1,1,34.36,1
mrt_kajang,19,1,0,82.72,2
lrt_kj,17,0,0,100.0,3
monorail,14,0,0,60.77,2
mrt_pjy,15,0,1,88.54,3
komuter,18,1,0,37.85,1
lrt_kj,19,0,0,100.0,3
lrt_kj,8,0,1,100.0,3
lrt_kj,15,1,0,39.4,1
mrt_pjy,19,0,0,85.04,3
lrt_kj,21,1,0,41.35,1
mrt_pjy,11,0,0,79.02,2
monorail,10,0,0,45.16,1
lrt_ampang,21,0,0,80.24,2
mrt_kajang,17,1,0,72.32,2
komuter,19,0,0,67.76,2
lrt_ampang,17,0,0,99.38,3
mrt_kajang,16,0,0,84.22,2
mrt_pjy,13,1,0,26.79,0
lrt_kj,13,1,0,47.79,1
monorail,7,1,1,56.61,1
mrt_kajang,23,1,1,43.07,1
lrt_ampang,11,0,0,78.48,2
mrt_pjy,8,0,0,80.56,2
mrt_pjy,23,1,0,17.17,0
lrt_kj,11,0,0,99.72,3
lrt_kj,13,0,0,95.06,3
lrt_ampang,10,0,0,64.51,2
mrt_kajang,9,1,1,74.66,2
mrt_kajang,22,1,0,50.04,1
mrt_kajang,14,1,0,34.73,1
mrt_pjy,6,1,1,26.19,0
mrt_kajang,9,0,0,100.0,3
mrt_pjy,22,0,0,73.14,2
mrt_kajang,18,0,0,100.0,3
mrt_kajang,7,0,0,89.1,3
lrt_kj,19,0,0,100.0,3
mrt_kajang,16,0,0,85.68,3
komuter,11,1,1,24.89,0
mrt_kajang,15,0,0,78.85,2
lrt_kj,11,0,0,100.0,3
mrt_pjy,15,1,0,25.24,0
mrt_pjy,12,0,1,85.32,3
lrt_ampang,15,1,0,35.98,1
mrt_kajang,13,0,0,85.36,3
lrt_kj,8,1,0,67.82,2
mrt_pjy,18,0,1,100.0,3
mrt_pjy,14,1,0,39.38,1
lrt_ampang,16,0,1,85.5,3
lrt_kj,13,1,1,55.46,1
mrt_kajang,21,1,0,34.13,1
lrt_kj,15,1,0,42.77,1
lrt_ampang,8,0,0,99.3,3
lrt_ampang,6,0,0,84.64,2
lrt_ampang,11,1,0,43.73,1
tebrau,11,1,1,29.59,0
lrt_kj,12,0,1,97.25,3
mrt_kajang,15,0,0,73.63,2
lrt_ampang,21,1,0,37.8,1
mrt_pjy,18,0,0,83.8,2
mrt_kajang,9,0,0,100.0,3
mrt_pjy,18,0,1,100.0,3
mrt_pjy,18,0,1,100.0,3
lrt_kj,17,0,0,100.0,3
komuter,13,0,1,50.75,1
mrt_kajang,9,0,0,86.58,3
komuter_utara,9,0,0,55.24,1
mrt_kajang,23,1,0,24.14,0
monorail,14,1,0,34.76,1
mrt_kajang,20,0,0,86.66,3
lrt_kj,15,0,1,100.0,3
lrt_ampang,18,0,1,100.0,3
lrt_ampang,16,0,0,70.7,2
mrt_pjy,10,1,0,23.09,0
lrt_kj,7,0,0,100.0,3
lrt_ampang,19,0,0,91.21,3
ets,10,0,1,72.33,2
lrt_kj,17,1,0,63.67,2
lrt_kj,22,1,0,44.81,1
lrt_kj,11,1,0,30.72,1
lrt_kj,11,1,0,36.07,1
lrt_kj,11,0,0,91.01,3
mrt_kajang,18,1,0,71.76,2
mrt_kajang,9,0,1,100.0,3
lrt_kj,9,0,0,100.0,3
mrt_kajang,13,0,1,84.12,2
lrt_kj,14,1,0,36.67,1
lrt_kj,17,0,0,100.0,3
lrt_kj,19,1,0,54.38,1
lrt_kj,10,0,1,100.0,3
lrt_kj,12,0,0,90.06,3
lrt_ampang,9,0,0,87.92,3
lrt_ampang,8,0,0,89.08,3
lrt_ampang,18,0,0,100.0,3
lrt_ampang,9,1,0,46.73,1
mrt_kajang,8,0,1,100.0,3
lrt_kj,8,0,0,100.0,3
mrt_kajang,12,0,1,89.77,3
lrt_kj,13,0,0,84.17,2
mrt_pjy,15,0,1,81.52,2
lrt_kj,19,0,1,100.0,3
lrt_kj,21,0,0,92.8,3
lrt_kj,7,1,0,45.43,1
mrt_kajang,14,0,0,82.75,2
mrt_kajang,11,1,0,42.32,1
mrt_kajang,13,0,1,87.99,3
mrt_kajang,22,0,0,81.44,2
komuter,12,1,0,23.06,0
lrt_ampang,19,1,0,67.08,2
mrt_pjy,17,0,0,99.85,3
mrt_kajang,6,0,1,100.0,3
mrt_pjy,21,0,0,61.18,2
mrt_pjy,13,1,1,47.59,1
mrt_pjy,6,0,0,79.71,2
mrt_kajang,19,0,1,100.0,3
komuter,16,0,0,45.61,1
lrt_ampang,20,0,0,78.43,2
mrt_kajang,12,1,1,74.65,2
lrt_kj,10,1,0,37.63,1
lrt_ampang,8,0,0,91.38,3
lrt_ampang,17,0,0,100.0,3
mrt_kajang,13,0,0,84.69,2
lrt_kj,11,0,0,97.31,3
mrt_kajang,14,0,0,93.52,3
lrt_ampang,20,1,0,32.47,1
lrt_kj,22,1,1,53.37,1
lrt_kj,14,1,0,57.4,1
lrt_kj,18,0,0,100.0,3
komuter,8,0,1,66.83,2
lrt_ampang,18,0,0,99.93,3
mrt_kajang,15,0,1,93.3,3
mrt_pjy,6,0,0,75.12,2
lrt_kj,20,0,1,90.94,3
mrt_kajang,7,0,1,100.0,3
mrt_kajang,15,0,0,89.09,3
monorail,18,0,0,59.85,1
lrt_kj,9,0,0,100.0,3
mrt_pjy,19,0,0,80.23,2
mrt_pjy,11,1,0,33.54,1
mrt_kajang,11,1,0,36.62,1
mrt_pjy,14,1,1,54.64,1
mrt_pjy,16,1,0,29.67,0
mrt_pjy,19,0,0,87.04,3
mrt_kajang,8,0,0,100.0,3
lrt_ampang,9,1,0,48.19,1
lrt_kj,7,1,1,63.8,2
mrt_pjy,7,0,0,81.32,2
lrt_kj,16,0,0,91.93,3
mrt_kajang,19,0,0,100.0,3
mrt_pjy,21,0,0,76.59,2
mrt_kajang,10,0,1,98.44,3
mrt_pjy,18,0,0,84.64,2
mrt_pjy,20,1,0,33.75,1
lrt_ampang,15,1,0,26.68,0
lrt_ampang,13,1,0,31.46,1
lrt_kj,16,0,0,97.35,3
tebrau,20,1,0,14.62,0
lrt_ampang,19,0,1,100.0,3
lrt_ampang,10,1,1,53.11,1
mrt_pjy,6,0,0,62.73,2
mrt_pjy,6,1,0,32.82,1
lrt_ampang,9,0,1,100.0,3
lrt_ampang,12,1,0,34.1,1
komuter_utara,10,1,0,16.29,0
mrt_kajang,6,0,0,91.32,3
lrt_kj,18,0,0,100.0,3
monorail,17,0,1,74.55,2
lrt_kj,8,0,1,100.0,3
lrt_kj,9,1,0,60.24,2
lrt_kj,19,0,0,100.0,3
lrt_ampang,19,1,0,55.1,1
lrt_kj,21,0,0,100.0,3
lrt_kj,9,0,0,100.0,3
lrt_kj,21,1,0,34.43,1
mrt_kajang,11,0,0,74.85,2
lrt_kj,8,0,0,97.86,3
lrt_ampang,8,0,1,100.0,3
lrt_ampang,7,0,1,100.0,3
lrt_ampang,6,1,0,40.6,1
lrt_kj,23,1,1,16.75,0
lrt_kj,17,0,1,100.0,3
lrt_ampang,8,1,0,50.99,1
lrt_kj,21,0,1,98.87,3
lrt_kj,13,0,1,100.0,3
mrt_kajang,18,0,0,100.0,3
mrt_kajang,13,0,0,85.02,3
mrt_pjy,15,1,0,30.58,1
lrt_kj,16,0,0,93.57,3
mrt_pjy,12,1,0,46.09,1
lrt_ampang,13,1,0,24.74,0
mrt_kajang,20,1,0,42.04,1
lrt_kj,8,0,0,100.0,3
mrt_kajang,15,0,1,94.52,3
lrt_ampang,8,0,1,100.0,3
mrt_kajang,18,0,0,100.0,3
lrt_kj,7,0,0,100.0,3
mrt_pjy,17,1,1,93.65,3
mrt_kajang,6,0,1,96.25,3
mrt_pjy,19,0,0,100.0,3
lrt_kj,19,0,0,100.0,3
mrt_kajang,16,0,1,100.0,3
lrt_ampang,9,0,1,100.0,3
intercity,20,0,0,33.93,1
lrt_ampang,10,0,1,100.0,3
mrt_kajang,8,0,0,100.0,3
mrt_pjy,9,0,0,77.46,2
lrt_kj,17,0,0,100.0,3
mrt_pjy,10,0,0,74.3,2
mrt_pjy,16,0,0,71.48,2
mrt_pjy,9,0,0,80.92,2
lrt_ampang,22,1,0,30.99,1
lrt_kj,13,0,1,100.0,3
mrt_kajang,16,0,0,93.03,3
mrt_kajang,10,0,1,91.16,3
lrt_ampang,23,1,1,46.32,1
lrt_kj,17,0,0,100.0,3
monorail,7,0,1,95.79,3
lrt_kj,14,1,1,60.27,2
monorail,10,0,0,39.8,1
mrt_kajang,14,1,1,50.93,1
lrt_kj,11,1,1,54.96,1
lrt_ampang,9,0,0,100.0,3
mrt_kajang,23,0,0,65.11,2
monorail,9,0,0,74.71,2
mrt_pjy,19,0,1,95.37,3
monorail,19,0,0,66.69,2
lrt_kj,16,1,0,46.17,1
lrt_ampang,9,0,0,100.0,3
mrt_kajang,9,0,0,100.0,3
lrt_ampang,14,1,1,58.05,1
mrt_pjy,20,1,0,42.73,1
lrt_kj,21,1,0,38.58,1
lrt_ampang,6,1,1,52.27,1
mrt_kajang,9,1,0,54.11,1
mrt_kajang,17,0,0,100.0,3
monorail,20,0,1,72.52,2
lrt_ampang,9,0,0,100.0,3
monorail,17,0,1,90.84,3
mrt_kajang,19,0,1,100.0,3
mrt_kajang,18,1,0,66.0,2
lrt_kj,19,0,0,100.0,3
lrt_ampang,10,0,0,80.86,2
mrt_pjy,16,0,0,75.34,2
lrt_ampang,9,1,0,53.43,1
lrt_kj,11,0,0,89.71,3
lrt_ampang,17,0,0,98.8,3
lrt_kj,12,0,0,88.52,3
lrt_ampang,20,0,0,73.17,2
