station_id,day_type,hour_of_day,predicted_crowd_level,minutes_until_next_train,is_operating
AG1,Weekday,0,1,-1,False
AG1,Weekday,1,1,-1,False
AG1,Weekday,2,1,-1,False
AG1,Weekday,3,1,-1,False
AG1,Weekday,4,1,-1,False
AG1,Weekday,5,1,-1,False
AG1,Weekday,6,4,0,True
AG1,Weekday,7,5,0,True
AG1,Weekday,8,5,0,True
AG1,Weekday,9,1,0,True
AG1,Weekday,10,1,3,True
AG1,Weekday,11,1,6,True
AG1,Weekday,12,1,2,True
AG1,Weekday,13,1,5,True
AG1,Weekday,14,1,1,True
AG1,Weekday,15,1,4,True
AG1,Weekday,16,1,0,True
AG1,Weekday,17,3,0,True
AG1,Weekday,18,3,0,True
AG1,Weekday,19,3,0,True
AG1,Weekday,20,1,4,True
AG1,Weekday,21,1,0,True
AG1,Weekday,22,1,0,True
AG1,Weekday,23,1,0,True
AG1,Weekend,0,1,-1,False
AG1,Weekend,1,1,-1,False
AG1,Weekend,2,1,-1,False
AG1,Weekend,3,1,-1,False
AG1,Weekend,4,1,-1,False
AG1,Weekend,5,1,-1,False
AG1,Weekend,6,1,0,True
AG1,Weekend,7,1,0,True
AG1,Weekend,8,1,0,True
AG1,Weekend,9,1,0,True
AG1,Weekend,10,2,3,True
AG1,Weekend,11,2,6,True
AG1,Weekend,12,2,2,True
AG1,Weekend,13,2,5,True
AG1,Weekend,14,2,1,True
AG1,Weekend,15,2,4,True
AG1,Weekend,16,2,0,True
AG1,Weekend,17,2,0,True
AG1,Weekend,18,2,0,True
AG1,Weekend,19,2,0,True
AG1,Weekend,20,2,4,True
AG1,Weekend,21,1,0,True
AG1,Weekend,22,1,0,True
AG1,Weekend,23,1,0,True
AG10,Weekday,0,1,-1,False
AG10,Weekday,1,1,-1,False
AG10,Weekday,2,1,-1,False
AG10,Weekday,3,1,-1,False
AG10,Weekday,4,1,-1,False
AG10,Weekday,5,1,-1,False
AG10,Weekday,6,4,0,True
AG10,Weekday,7,5,0,True
AG10,Weekday,8,5,0,True
AG10,Weekday,9,1,0,True
AG10,Weekday,10,1,3,True
AG10,Weekday,11,1,6,True
AG10,Weekday,12,1,2,True
AG10,Weekday,13,1,5,True
AG10,Weekday,14,1,1,True
AG10,Weekday,15,1,4,True
AG10,Weekday,16,1,0,True
AG10,Weekday,17,3,0,True
AG10,Weekday,18,3,0,True
AG10,Weekday,19,3,0,True
AG10,Weekday,20,1,4,True
AG10,Weekday,21,1,0,True
AG10,Weekday,22,1,0,True
AG10,Weekday,23,1,0,True
AG10,Weekend,0,1,-1,False
AG10,Weekend,1,1,-1,False
AG10,Weekend,2,1,-1,False
AG10,Weekend,3,1,-1,False
AG10,Weekend,4,1,-1,False
AG10,Weekend,5,1,-1,False
AG10,Weekend,6,1,0,True
AG10,Weekend,7,1,0,True
AG10,Weekend,8,1,0,True
AG10,Weekend,9,1,0,True
AG10,Weekend,10,2,3,True
AG10,Weekend,11,2,6,True
AG10,Weekend,12,2,2,True
AG10,Weekend,13,2,5,True
AG10,Weekend,14,2,1,True
AG10,Weekend,15,2,4,True
AG10,Weekend,16,2,0,True
AG10,Weekend,17,2,0,True
AG10,Weekend,18,2,0,True
AG10,Weekend,19,2,0,True
AG10,Weekend,20,2,4,True
AG10,Weekend,21,1,0,True
AG10,Weekend,22,1,0,True
AG10,Weekend,23,1,0,True
AG11,Weekday,0,1,-1,False
AG11,Weekday,1,1,-1,False
AG11,Weekday,2,1,-1,False
AG11,Weekday,3,1,-1,False
AG11,Weekday,4,1,-1,False
AG11,Weekday,5,1,-1,False
AG11,Weekday,6,2,0,True
AG11,Weekday,7,5,0,True
AG11,Weekday,8,5,0,True
AG11,Weekday,9,2,0,True
AG11,Weekday,10,2,3,True
AG11,Weekday,11,2,6,True
AG11,Weekday,12,2,2,True
AG11,Weekday,13,2,5,True
AG11,Weekday,14,2,1,True
AG11,Weekday,15,2,4,True
AG11,Weekday,16,2,0,True
AG11,Weekday,17,5,0,True
AG11,Weekday,18,5,0,True
AG11,Weekday,19,2,0,True
AG11,Weekday,20,2,4,True
AG11,Weekday,21,2,0,True
AG11,Weekday,22,2,0,True
AG11,Weekday,23,2,0,True
AG11,Weekend,0,1,-1,False
AG11,Weekend,1,1,-1,False
AG11,Weekend,2,1,-1,False
AG11,Weekend,3,1,-1,False
AG11,Weekend,4,1,-1,False
AG11,Weekend,5,1,-1,False
AG11,Weekend,6,2,0,True
AG11,Weekend,7,2,0,True
AG11,Weekend,8,2,0,True
AG11,Weekend,9,2,0,True
AG11,Weekend,10,3,3,True
AG11,Weekend,11,3,6,True
AG11,Weekend,12,3,2,True
AG11,Weekend,13,3,5,True
AG11,Weekend,14,3,1,True
AG11,Weekend,15,3,4,True
AG11,Weekend,16,3,0,True
AG11,Weekend,17,3,0,True
AG11,Weekend,18,3,0,True
AG11,Weekend,19,3,0,True
AG11,Weekend,20,2,4,True
AG11,Weekend,21,2,0,True
AG11,Weekend,22,2,0,True
AG11,Weekend,23,2,0,True
AG12,Weekday,0,1,-1,False
AG12,Weekday,1,1,-1,False
AG12,Weekday,2,1,-1,False
AG12,Weekday,3,1,-1,False
AG12,Weekday,4,1,-1,False
AG12,Weekday,5,1,-1,False
AG12,Weekday,6,4,0,True
AG12,Weekday,7,5,0,True
AG12,Weekday,8,5,0,True
AG12,Weekday,9,1,0,True
AG12,Weekday,10,1,3,True
AG12,Weekday,11,1,6,True
AG12,Weekday,12,1,2,True
AG12,Weekday,13,1,5,True
AG12,Weekday,14,1,1,True
AG12,Weekday,15,1,4,True
AG12,Weekday,16,1,0,True
AG12,Weekday,17,3,0,True
AG12,Weekday,18,3,0,True
AG12,Weekday,19,3,0,True
AG12,Weekday,20,1,4,True
AG12,Weekday,21,1,0,True
AG12,Weekday,22,1,0,True
AG12,Weekday,23,1,0,True
AG12,Weekend,0,1,-1,False
AG12,Weekend,1,1,-1,False
AG12,Weekend,2,1,-1,False
AG12,Weekend,3,1,-1,False
AG12,Weekend,4,1,-1,False
AG12,Weekend,5,1,-1,False
AG12,Weekend,6,1,0,True
AG12,Weekend,7,1,0,True
AG12,Weekend,8,1,0,True
AG12,Weekend,9,1,0,True
AG12,Weekend,10,2,3,True
AG12,Weekend,11,2,6,True
AG12,Weekend,12,2,2,True
AG12,Weekend,13,2,5,True
AG12,Weekend,14,2,1,True
AG12,Weekend,15,2,4,True
AG12,Weekend,16,2,0,True
AG12,Weekend,17,2,0,True
AG12,Weekend,18,2,0,True
AG12,Weekend,19,2,0,True
AG12,Weekend,20,2,4,True
AG12,Weekend,21,1,0,True
AG12,Weekend,22,1,0,True
AG12,Weekend,23,1,0,True
AG13,Weekday,0,1,-1,False
AG13,Weekday,1,1,-1,False
AG13,Weekday,2,1,-1,False
AG13,Weekday,3,1,-1,False
AG13,Weekday,4,1,-1,False
AG13,Weekday,5,1,-1,False
AG13,Weekday,6,2,0,True
AG13,Weekday,7,5,0,True
AG13,Weekday,8,5,0,True
AG13,Weekday,9,2,0,True
AG13,Weekday,10,2,3,True
AG13,Weekday,11,2,6,True
AG13,Weekday,12,2,2,True
AG13,Weekday,13,2,5,True
AG13,Weekday,14,2,1,True
AG13,Weekday,15,2,4,True
AG13,Weekday,16,2,0,True
AG13,Weekday,17,5,0,True
AG13,Weekday,18,5,0,True
AG13,Weekday,19,2,0,True
AG13,Weekday,20,2,4,True
AG13,Weekday,21,2,0,True
AG13,Weekday,22,2,0,True
AG13,Weekday,23,2,0,True
AG13,Weekend,0,1,-1,False
AG13,Weekend,1,1,-1,False
AG13,Weekend,2,1,-1,False
AG13,Weekend,3,1,-1,False
AG13,Weekend,4,1,-1,False
AG13,Weekend,5,1,-1,False
AG13,Weekend,6,2,0,True
AG13,Weekend,7,2,0,True
AG13,Weekend,8,2,0,True
AG13,Weekend,9,2,0,True
AG13,Weekend,10,3,3,True
AG13,Weekend,11,3,6,True
AG13,Weekend,12,3,2,True
AG13,Weekend,13,3,5,True
AG13,Weekend,14,3,1,True
AG13,Weekend,15,3,4,True
AG13,Weekend,16,3,0,True
AG13,Weekend,17,3,0,True
AG13,Weekend,18,3,0,True
AG13,Weekend,19,3,0,True
AG13,Weekend,20,2,4,True
AG13,Weekend,21,2,0,True
AG13,Weekend,22,2,0,True
AG13,Weekend,23,2,0,True
AG14,Weekday,0,1,-1,False
AG14,Weekday,1,1,-1,False
AG14,Weekday,2,1,-1,False
AG14,Weekday,3,1,-1,False
AG14,Weekday,4,1,-1,False
AG14,Weekday,5,1,-1,False
AG14,Weekday,6,4,0,True
AG14,Weekday,7,5,0,True
AG14,Weekday,8,5,0,True
AG14,Weekday,9,1,0,True
AG14,Weekday,10,1,3,True
AG14,Weekday,11,1,6,True
AG14,Weekday,12,1,2,True
AG14,Weekday,13,1,5,True
AG14,Weekday,14,1,1,True
AG14,Weekday,15,1,4,True
AG14,Weekday,16,1,0,True
AG14,Weekday,17,3,0,True
AG14,Weekday,18,3,0,True
AG14,Weekday,19,3,0,True
AG14,Weekday,20,1,4,True
AG14,Weekday,21,1,0,True
AG14,Weekday,22,1,0,True
AG14,Weekday,23,1,0,True
AG14,Weekend,0,1,-1,False
AG14,Weekend,1,1,-1,False
AG14,Weekend,2,1,-1,False
AG14,Weekend,3,1,-1,False
AG14,Weekend,4,1,-1,False
AG14,Weekend,5,1,-1,False
AG14,Weekend,6,1,0,True
AG14,Weekend,7,1,0,True
AG14,Weekend,8,1,0,True
AG14,Weekend,9,1,0,True
AG14,Weekend,10,2,3,True
AG14,Weekend,11,2,6,True
AG14,Weekend,12,2,2,True
AG14,Weekend,13,2,5,True
AG14,Weekend,14,2,1,True
AG14,Weekend,15,2,4,True
AG14,Weekend,16,2,0,True
AG14,Weekend,17,2,0,True
AG14,Weekend,18,2,0,True
AG14,Weekend,19,2,0,True
AG14,Weekend,20,2,4,True
AG14,Weekend,21,1,0,True
AG14,Weekend,22,1,0,True
AG14,Weekend,23,1,0,True
AG15,Weekday,0,1,-1,False
AG15,Weekday,1,1,-1,False
AG15,Weekday,2,1,-1,False
AG15,Weekday,3,1,-1,False
AG15,Weekday,4,1,-1,False
AG15,Weekday,5,1,-1,False
AG15,Weekday,6,4,0,True
AG15,Weekday,7,5,0,True
AG15,Weekday,8,5,0,True
AG15,Weekday,9,1,0,True
AG15,Weekday,10,1,3,True
AG15,Weekday,11,1,6,True
AG15,Weekday,12,1,2,True
AG15,Weekday,13,1,5,True
AG15,Weekday,14,1,1,True
AG15,Weekday,15,1,4,True
AG15,Weekday,16,1,0,True
AG15,Weekday,17,3,0,True
AG15,Weekday,18,3,0,True
AG15,Weekday,19,3,0,True
AG15,Weekday,20,1,4,True
AG15,Weekday,21,1,0,True
AG15,Weekday,22,1,0,True
AG15,Weekday,23,1,0,True
AG15,Weekend,0,1,-1,False
AG15,Weekend,1,1,-1,False
AG15,Weekend,2,1,-1,False
AG15,Weekend,3,1,-1,False
AG15,Weekend,4,1,-1,False
AG15,Weekend,5,1,-1,False
AG15,Weekend,6,1,0,True
AG15,Weekend,7,1,0,True
AG15,Weekend,8,1,0,True
AG15,Weekend,9,1,0,True
AG15,Weekend,10,2,3,True
AG15,Weekend,11,2,6,True
AG15,Weekend,12,2,2,True
AG15,Weekend,13,2,5,True
AG15,Weekend,14,2,1,True
AG15,Weekend,15,2,4,True
AG15,Weekend,16,2,0,True
AG15,Weekend,17,2,0,True
AG15,Weekend,18,2,0,True
AG15,Weekend,19,2,0,True
AG15,Weekend,20,2,4,True
AG15,Weekend,21,1,0,True
AG15,Weekend,22,1,0,True
AG15,Weekend,23,1,0,True
AG16,Weekday,0,1,-1,False
AG16,Weekday,1,1,-1,False
AG16,Weekday,2,1,-1,False
AG16,Weekday,3,1,-1,False
AG16,Weekday,4,1,-1,False
AG16,Weekday,5,1,-1,False
AG16,Weekday,6,4,0,True
AG16,Weekday,7,5,0,True
AG16,Weekday,8,5,0,True
AG16,Weekday,9,1,0,True
AG16,Weekday,10,1,3,True
AG16,Weekday,11,1,6,True
AG16,Weekday,12,1,2,True
AG16,Weekday,13,1,5,True
AG16,Weekday,14,1,1,True
AG16,Weekday,15,1,4,True
AG16,Weekday,16,1,0,True
AG16,Weekday,17,3,0,True
AG16,Weekday,18,3,0,True
AG16,Weekday,19,3,0,True
AG16,Weekday,20,1,4,True
AG16,Weekday,21,1,0,True
AG16,Weekday,22,1,0,True
AG16,Weekday,23,1,0,True
AG16,Weekend,0,1,-1,False
AG16,Weekend,1,1,-1,False
AG16,Weekend,2,1,-1,False
AG16,Weekend,3,1,-1,False
AG16,Weekend,4,1,-1,False
AG16,Weekend,5,1,-1,False
AG16,Weekend,6,1,0,True
AG16,Weekend,7,1,0,True
AG16,Weekend,8,1,0,True
AG16,Weekend,9,1,0,True
AG16,Weekend,10,2,3,True
AG16,Weekend,11,2,6,True
AG16,Weekend,12,2,2,True
AG16,Weekend,13,2,5,True
AG16,Weekend,14,2,1,True
AG16,Weekend,15,2,4,True
AG16,Weekend,16,2,0,True
AG16,Weekend,17,2,0,True
AG16,Weekend,18,2,0,True
AG16,Weekend,19,2,0,True
AG16,Weekend,20,2,4,True
AG16,Weekend,21,1,0,True
AG16,Weekend,22,1,0,True
AG16,Weekend,23,1,0,True
AG17,Weekday,0,1,-1,False
AG17,Weekday,1,1,-1,False
AG17,Weekday,2,1,-1,False
AG17,Weekday,3,1,-1,False
AG17,Weekday,4,1,-1,False
AG17,Weekday,5,1,-1,False
AG17,Weekday,6,4,0,True
AG17,Weekday,7,5,0,True
AG17,Weekday,8,5,0,True
AG17,Weekday,9,1,0,True
AG17,Weekday,10,1,3,True
AG17,Weekday,11,1,6,True
AG17,Weekday,12,1,2,True
AG17,Weekday,13,1,5,True
AG17,Weekday,14,1,1,True
AG17,Weekday,15,1,4,True
AG17,Weekday,16,1,0,True
AG17,Weekday,17,3,0,True
AG17,Weekday,18,3,0,True
AG17,Weekday,19,3,0,True
AG17,Weekday,20,1,4,True
AG17,Weekday,21,1,0,True
AG17,Weekday,22,1,0,True
AG17,Weekday,23,1,0,True
AG17,Weekend,0,1,-1,False
AG17,Weekend,1,1,-1,False
AG17,Weekend,2,1,-1,False
AG17,Weekend,3,1,-1,False
AG17,Weekend,4,1,-1,False
AG17,Weekend,5,1,-1,False
AG17,Weekend,6,1,0,True
AG17,Weekend,7,1,0,True
AG17,Weekend,8,1,0,True
AG17,Weekend,9,1,0,True
AG17,Weekend,10,2,3,True
AG17,Weekend,11,2,6,True
AG17,Weekend,12,2,2,True
AG17,Weekend,13,2,5,True
AG17,Weekend,14,2,1,True
AG17,Weekend,15,2,4,True
AG17,Weekend,16,2,0,True
AG17,Weekend,17,2,0,True
AG17,Weekend,18,2,0,True
AG17,Weekend,19,2,0,True
AG17,Weekend,20,2,4,True
AG17,Weekend,21,1,0,True
AG17,Weekend,22,1,0,True
AG17,Weekend,23,1,0,True
AG18,Weekday,0,1,-1,False
AG18,Weekday,1,1,-1,False
AG18,Weekday,2,1,-1,False
AG18,Weekday,3,1,-1,False
AG18,Weekday,4,1,-1,False
AG18,Weekday,5,1,-1,False
AG18,Weekday,6,4,0,True
AG18,Weekday,7,5,0,True
AG18,Weekday,8,5,0,True
AG18,Weekday,9,1,0,True
AG18,Weekday,10,1,3,True
AG18,Weekday,11,1,6,True
AG18,Weekday,12,1,2,True
AG18,Weekday,13,1,5,True
AG18,Weekday,14,1,1,True
AG18,Weekday,15,1,4,True
AG18,Weekday,16,1,0,True
AG18,Weekday,17,3,0,True
AG18,Weekday,18,3,0,True
AG18,Weekday,19,3,0,True
AG18,Weekday,20,1,4,True
AG18,Weekday,21,1,0,True
AG18,Weekday,22,1,0,True
AG18,Weekday,23,1,0,True
AG18,Weekend,0,1,-1,False
AG18,Weekend,1,1,-1,False
AG18,Weekend,2,1,-1,False
AG18,Weekend,3,1,-1,False
AG18,Weekend,4,1,-1,False
AG18,Weekend,5,1,-1,False
AG18,Weekend,6,1,0,True
AG18,Weekend,7,1,0,True
AG18,Weekend,8,1,0,True
AG18,Weekend,9,1,0,True
AG18,Weekend,10,2,3,True
AG18,Weekend,11,2,6,True
AG18,Weekend,12,2,2,True
AG18,Weekend,13,2,5,True
AG18,Weekend,14,2,1,True
AG18,Weekend,15,2,4,True
AG18,Weekend,16,2,0,True
AG18,Weekend,17,2,0,True
AG18,Weekend,18,2,0,True
AG18,Weekend,19,2,0,True
AG18,Weekend,20,2,4,True
AG18,Weekend,21,1,0,True
AG18,Weekend,22,1,0,True
AG18,Weekend,23,1,0,True
AG2,Weekday,0,1,-1,False
AG2,Weekday,1,1,-1,False
AG2,Weekday,2,1,-1,False
AG2,Weekday,3,1,-1,False
AG2,Weekday,4,1,-1,False
AG2,Weekday,5,1,-1,False
AG2,Weekday,6,4,0,True
AG2,Weekday,7,5,0,True
AG2,Weekday,8,5,0,True
AG2,Weekday,9,1,0,True
AG2,Weekday,10,1,3,True
AG2,Weekday,11,1,6,True
AG2,Weekday,12,1,2,True
AG2,Weekday,13,1,5,True
AG2,Weekday,14,1,1,True
AG2,Weekday,15,1,4,True
AG2,Weekday,16,1,0,True
AG2,Weekday,17,3,0,True
AG2,Weekday,18,3,0,True
AG2,Weekday,19,3,0,True
AG2,Weekday,20,1,4,True
AG2,Weekday,21,1,0,True
AG2,Weekday,22,1,0,True
AG2,Weekday,23,1,0,True
AG2,Weekend,0,1,-1,False
AG2,Weekend,1,1,-1,False
AG2,Weekend,2,1,-1,False
AG2,Weekend,3,1,-1,False
AG2,Weekend,4,1,-1,False
AG2,Weekend,5,1,-1,False
AG2,Weekend,6,1,0,True
AG2,Weekend,7,1,0,True
AG2,Weekend,8,1,0,True
AG2,Weekend,9,1,0,True
AG2,Weekend,10,2,3,True
AG2,Weekend,11,2,6,True
AG2,Weekend,12,2,2,True
AG2,Weekend,13,2,5,True
AG2,Weekend,14,2,1,True
AG2,Weekend,15,2,4,True
AG2,Weekend,16,2,0,True
AG2,Weekend,17,2,0,True
AG2,Weekend,18,2,0,True
AG2,Weekend,19,2,0,True
AG2,Weekend,20,2,4,True
AG2,Weekend,21,1,0,True
AG2,Weekend,22,1,0,True
AG2,Weekend,23,1,0,True
AG3,Weekday,0,1,-1,False
AG3,Weekday,1,1,-1,False
AG3,Weekday,2,1,-1,False
AG3,Weekday,3,1,-1,False
AG3,Weekday,4,1,-1,False
AG3,Weekday,5,1,-1,False
AG3,Weekday,6,2,0,True
AG3,Weekday,7,5,0,True
AG3,Weekday,8,5,0,True
AG3,Weekday,9,2,0,True
AG3,Weekday,10,2,3,True
AG3,Weekday,11,2,6,True
AG3,Weekday,12,2,2,True
AG3,Weekday,13,2,5,True
AG3,Weekday,14,2,1,True
AG3,Weekday,15,2,4,True
AG3,Weekday,16,2,0,True
AG3,Weekday,17,5,0,True
AG3,Weekday,18,5,0,True
AG3,Weekday,19,2,0,True
AG3,Weekday,20,2,4,True
AG3,Weekday,21,2,0,True
AG3,Weekday,22,2,0,True
AG3,Weekday,23,2,0,True
AG3,Weekend,0,1,-1,False
AG3,Weekend,1,1,-1,False
AG3,Weekend,2,1,-1,False
AG3,Weekend,3,1,-1,False
AG3,Weekend,4,1,-1,False
AG3,Weekend,5,1,-1,False
AG3,Weekend,6,2,0,True
AG3,Weekend,7,2,0,True
AG3,Weekend,8,2,0,True
AG3,Weekend,9,2,0,True
AG3,Weekend,10,3,3,True
AG3,Weekend,11,3,6,True
AG3,Weekend,12,3,2,True
AG3,Weekend,13,3,5,True
AG3,Weekend,14,3,1,True
AG3,Weekend,15,3,4,True
AG3,Weekend,16,3,0,True
AG3,Weekend,17,3,0,True
AG3,Weekend,18,3,0,True
AG3,Weekend,19,3,0,True
AG3,Weekend,20,2,4,True
AG3,Weekend,21,2,0,True
AG3,Weekend,22,2,0,True
AG3,Weekend,23,2,0,True
AG4,Weekday,0,1,-1,False
AG4,Weekday,1,1,-1,False
AG4,Weekday,2,1,-1,False
AG4,Weekday,3,1,-1,False
AG4,Weekday,4,1,-1,False
AG4,Weekday,5,1,-1,False
AG4,Weekday,6,4,0,True
AG4,Weekday,7,5,0,True
AG4,Weekday,8,5,0,True
AG4,Weekday,9,1,0,True
AG4,Weekday,10,1,3,True
AG4,Weekday,11,1,6,True
AG4,Weekday,12,1,2,True
AG4,Weekday,13,1,5,True
AG4,Weekday,14,1,1,True
AG4,Weekday,15,1,4,True
AG4,Weekday,16,1,0,True
AG4,Weekday,17,3,0,True
AG4,Weekday,18,3,0,True
AG4,Weekday,19,3,0,True
AG4,Weekday,20,1,4,True
AG4,Weekday,21,1,0,True
AG4,Weekday,22,1,0,True
AG4,Weekday,23,1,0,True
AG4,Weekend,0,1,-1,False
AG4,Weekend,1,1,-1,False
AG4,Weekend,2,1,-1,False
AG4,Weekend,3,1,-1,False
AG4,Weekend,4,1,-1,False
AG4,Weekend,5,1,-1,False
AG4,Weekend,6,1,0,True
AG4,Weekend,7,1,0,True
AG4,Weekend,8,1,0,True
AG4,Weekend,9,1,0,True
AG4,Weekend,10,2,3,True
AG4,Weekend,11,2,6,True
AG4,Weekend,12,2,2,True
AG4,Weekend,13,2,5,True
AG4,Weekend,14,2,1,True
AG4,Weekend,15,2,4,True
AG4,Weekend,16,2,0,True
AG4,Weekend,17,2,0,True
AG4,Weekend,18,2,0,True
AG4,Weekend,19,2,0,True
AG4,Weekend,20,2,4,True
AG4,Weekend,21,1,0,True
AG4,Weekend,22,1,0,True
AG4,Weekend,23,1,0,True
AG5,Weekday,0,1,-1,False
AG5,Weekday,1,1,-1,False
AG5,Weekday,2,1,-1,False
AG5,Weekday,3,1,-1,False
AG5,Weekday,4,1,-1,False
AG5,Weekday,5,1,-1,False
AG5,Weekday,6,4,0,True
AG5,Weekday,7,5,0,True
AG5,Weekday,8,5,0,True
AG5,Weekday,9,1,0,True
AG5,Weekday,10,1,3,True
AG5,Weekday,11,1,6,True
AG5,Weekday,12,1,2,True
AG5,Weekday,13,1,5,True
AG5,Weekday,14,1,1,True
AG5,Weekday,15,1,4,True
AG5,Weekday,16,1,0,True
AG5,Weekday,17,3,0,True
AG5,Weekday,18,3,0,True
AG5,Weekday,19,3,0,True
AG5,Weekday,20,1,4,True
AG5,Weekday,21,1,0,True
AG5,Weekday,22,1,0,True
AG5,Weekday,23,1,0,True
AG5,Weekend,0,1,-1,False
AG5,Weekend,1,1,-1,False
AG5,Weekend,2,1,-1,False
AG5,Weekend,3,1,-1,False
AG5,Weekend,4,1,-1,False
AG5,Weekend,5,1,-1,False
AG5,Weekend,6,1,0,True
AG5,Weekend,7,1,0,True
AG5,Weekend,8,1,0,True
AG5,Weekend,9,1,0,True
AG5,Weekend,10,2,3,True
AG5,Weekend,11,2,6,True
AG5,Weekend,12,2,2,True
AG5,Weekend,13,2,5,True
AG5,Weekend,14,2,1,True
AG5,Weekend,15,2,4,True
AG5,Weekend,16,2,0,True
AG5,Weekend,17,2,0,True
AG5,Weekend,18,2,0,True
AG5,Weekend,19,2,0,True
AG5,Weekend,20,2,4,True
AG5,Weekend,21,1,0,True
AG5,Weekend,22,1,0,True
AG5,Weekend,23,1,0,True
AG6,Weekday,0,1,-1,False
AG6,Weekday,1,1,-1,False
AG6,Weekday,2,1,-1,False
AG6,Weekday,3,1,-1,False
AG6,Weekday,4,1,-1,False
AG6,Weekday,5,1,-1,False
AG6,Weekday,6,4,0,True
AG6,Weekday,7,5,0,True
AG6,Weekday,8,5,0,True
AG6,Weekday,9,1,0,True
AG6,Weekday,10,1,3,True
AG6,Weekday,11,1,6,True
AG6,Weekday,12,1,2,True
AG6,Weekday,13,1,5,True
AG6,Weekday,14,1,1,True
AG6,Weekday,15,1,4,True
AG6,Weekday,16,1,0,True
AG6,Weekday,17,3,0,True
AG6,Weekday,18,3,0,True
AG6,Weekday,19,3,0,True
AG6,Weekday,20,1,4,True
AG6,Weekday,21,1,0,True
AG6,Weekday,22,1,0,True
AG6,Weekday,23,1,0,True
AG6,Weekend,0,1,-1,False
AG6,Weekend,1,1,-1,False
AG6,Weekend,2,1,-1,False
AG6,Weekend,3,1,-1,False
AG6,Weekend,4,1,-1,False
AG6,Weekend,5,1,-1,False
AG6,Weekend,6,1,0,True
AG6,Weekend,7,1,0,True
AG6,Weekend,8,1,0,True
AG6,Weekend,9,1,0,True
AG6,Weekend,10,2,3,True
AG6,Weekend,11,2,6,True
AG6,Weekend,12,2,2,True
AG6,Weekend,13,2,5,True
AG6,Weekend,14,2,1,True
AG6,Weekend,15,2,4,True
AG6,Weekend,16,2,0,True
AG6,Weekend,17,2,0,True
AG6,Weekend,18,2,0,True
AG6,Weekend,19,2,0,True
AG6,Weekend,20,2,4,True
AG6,Weekend,21,1,0,True
AG6,Weekend,22,1,0,True
AG6,Weekend,23,1,0,True
AG7,Weekday,0,1,-1,False
AG7,Weekday,1,1,-1,False
AG7,Weekday,2,1,-1,False
AG7,Weekday,3,1,-1,False
AG7,Weekday,4,1,-1,False
AG7,Weekday,5,1,-1,False
AG7,Weekday,6,2,0,True
AG7,Weekday,7,5,0,True
AG7,Weekday,8,5,0,True
AG7,Weekday,9,2,0,True
AG7,Weekday,10,2,3,True
AG7,Weekday,11,2,6,True
AG7,Weekday,12,2,2,True
AG7,Weekday,13,2,5,True
AG7,Weekday,14,2,1,True
AG7,Weekday,15,2,4,True
AG7,Weekday,16,2,0,True
AG7,Weekday,17,5,0,True
AG7,Weekday,18,5,0,True
AG7,Weekday,19,2,0,True
AG7,Weekday,20,2,4,True
AG7,Weekday,21,2,0,True
AG7,Weekday,22,2,0,True
AG7,Weekday,23,2,0,True
AG7,Weekend,0,1,-1,False
AG7,Weekend,1,1,-1,False
AG7,Weekend,2,1,-1,False
AG7,Weekend,3,1,-1,False
AG7,Weekend,4,1,-1,False
AG7,Weekend,5,1,-1,False
AG7,Weekend,6,2,0,True
AG7,Weekend,7,2,0,True
AG7,Weekend,8,2,0,True
AG7,Weekend,9,2,0,True
AG7,Weekend,10,3,3,True
AG7,Weekend,11,3,6,True
AG7,Weekend,12,3,2,True
AG7,Weekend,13,3,5,True
AG7,Weekend,14,3,1,True
AG7,Weekend,15,3,4,True
AG7,Weekend,16,3,0,True
AG7,Weekend,17,3,0,True
AG7,Weekend,18,3,0,True
AG7,Weekend,19,3,0,True
AG7,Weekend,20,2,4,True
AG7,Weekend,21,2,0,True
AG7,Weekend,22,2,0,True
AG7,Weekend,23,2,0,True
AG8,Weekday,0,1,-1,False
AG8,Weekday,1,1,-1,False
AG8,Weekday,2,1,-1,False
AG8,Weekday,3,1,-1,False
AG8,Weekday,4,1,-1,False
AG8,Weekday,5,1,-1,False
AG8,Weekday,6,2,0,True
AG8,Weekday,7,5,0,True
AG8,Weekday,8,5,0,True
AG8,Weekday,9,2,0,True
AG8,Weekday,10,2,3,True
AG8,Weekday,11,2,6,True
AG8,Weekday,12,2,2,True
AG8,Weekday,13,2,5,True
AG8,Weekday,14,2,1,True
AG8,Weekday,15,2,4,True
AG8,Weekday,16,2,0,True
AG8,Weekday,17,5,0,True
AG8,Weekday,18,5,0,True
AG8,Weekday,19,2,0,True
AG8,Weekday,20,2,4,True
AG8,Weekday,21,2,0,True
AG8,Weekday,22,2,0,True
AG8,Weekday,23,2,0,True
AG8,Weekend,0,1,-1,False
AG8,Weekend,1,1,-1,False
AG8,Weekend,2,1,-1,False
AG8,Weekend,3,1,-1,False
AG8,Weekend,4,1,-1,False
AG8,Weekend,5,1,-1,False
AG8,Weekend,6,2,0,True
AG8,Weekend,7,2,0,True
AG8,Weekend,8,2,0,True
AG8,Weekend,9,2,0,True
AG8,Weekend,10,3,3,True
AG8,Weekend,11,3,6,True
AG8,Weekend,12,3,2,True
AG8,Weekend,13,3,5,True
AG8,Weekend,14,3,1,True
AG8,Weekend,15,3,4,True
AG8,Weekend,16,3,0,True
AG8,Weekend,17,3,0,True
AG8,Weekend,18,3,0,True
AG8,Weekend,19,3,0,True
AG8,Weekend,20,2,4,True
AG8,Weekend,21,2,0,True
AG8,Weekend,22,2,0,True
AG8,Weekend,23,2,0,True
AG9,Weekday,0,1,-1,False
AG9,Weekday,1,1,-1,False
AG9,Weekday,2,1,-1,False
AG9,Weekday,3,1,-1,False
AG9,Weekday,4,1,-1,False
AG9,Weekday,5,1,-1,False
AG9,Weekday,6,2,0,True
AG9,Weekday,7,5,0,True
AG9,Weekday,8,5,0,True
AG9,Weekday,9,2,0,True
AG9,Weekday,10,2,3,True
AG9,Weekday,11,2,6,True
AG9,Weekday,12,2,2,True
AG9,Weekday,13,2,5,True
AG9,Weekday,14,2,1,True
AG9,Weekday,15,2,4,True
AG9,Weekday,16,2,0,True
AG9,Weekday,17,5,0,True
AG9,Weekday,18,5,0,True
AG9,Weekday,19,2,0,True
AG9,Weekday,20,2,4,True
AG9,Weekday,21,2,0,True
AG9,Weekday,22,2,0,True
AG9,Weekday,23,2,0,True
AG9,Weekend,0,1,-1,False
AG9,Weekend,1,1,-1,False
AG9,Weekend,2,1,-1,False
AG9,Weekend,3,1,-1,False
AG9,Weekend,4,1,-1,False
AG9,Weekend,5,1,-1,False
AG9,Weekend,6,2,0,True
AG9,Weekend,7,2,0,True
AG9,Weekend,8,2,0,True
AG9,Weekend,9,2,0,True
AG9,Weekend,10,3,3,True
AG9,Weekend,11,3,6,True
AG9,Weekend,12,3,2,True
AG9,Weekend,13,3,5,True
AG9,Weekend,14,3,1,True
AG9,Weekend,15,3,4,True
AG9,Weekend,16,3,0,True
AG9,Weekend,17,3,0,True
AG9,Weekend,18,3,0,True
AG9,Weekend,19,3,0,True
AG9,Weekend,20,2,4,True
AG9,Weekend,21,2,0,True
AG9,Weekend,22,2,0,True
AG9,Weekend,23,2,0,True
BRT1,Weekday,0,1,-1,False
BRT1,Weekday,1,1,-1,False
BRT1,Weekday,2,1,-1,False
BRT1,Weekday,3,1,-1,False
BRT1,Weekday,4,1,-1,False
BRT1,Weekday,5,1,-1,False
BRT1,Weekday,6,4,0,True
BRT1,Weekday,7,5,0,True
BRT1,Weekday,8,5,0,True
BRT1,Weekday,9,1,0,True
BRT1,Weekday,10,1,3,True
BRT1,Weekday,11,1,6,True
BRT1,Weekday,12,1,2,True
BRT1,Weekday,13,1,5,True
BRT1,Weekday,14,1,1,True
BRT1,Weekday,15,1,4,True
BRT1,Weekday,16,1,0,True
BRT1,Weekday,17,3,0,True
BRT1,Weekday,18,3,0,True
BRT1,Weekday,19,3,0,True
BRT1,Weekday,20,1,4,True
BRT1,Weekday,21,1,0,True
BRT1,Weekday,22,1,0,True
BRT1,Weekday,23,1,0,True
BRT1,Weekend,0,1,-1,False
BRT1,Weekend,1,1,-1,False
BRT1,Weekend,2,1,-1,False
BRT1,Weekend,3,1,-1,False
BRT1,Weekend,4,1,-1,False
BRT1,Weekend,5,1,-1,False
BRT1,Weekend,6,1,0,True
BRT1,Weekend,7,1,0,True
BRT1,Weekend,8,1,0,True
BRT1,Weekend,9,1,0,True
BRT1,Weekend,10,2,3,True
BRT1,Weekend,11,2,6,True
BRT1,Weekend,12,2,2,True
BRT1,Weekend,13,2,5,True
BRT1,Weekend,14,2,1,True
BRT1,Weekend,15,2,4,True
BRT1,Weekend,16,2,0,True
BRT1,Weekend,17,2,0,True
BRT1,Weekend,18,2,0,True
BRT1,Weekend,19,2,0,True
BRT1,Weekend,20,2,4,True
BRT1,Weekend,21,1,0,True
BRT1,Weekend,22,1,0,True
BRT1,Weekend,23,1,0,True
BRT2,Weekday,0,1,-1,False
BRT2,Weekday,1,1,-1,False
BRT2,Weekday,2,1,-1,False
BRT2,Weekday,3,1,-1,False
BRT2,Weekday,4,1,-1,False
BRT2,Weekday,5,1,-1,False
BRT2,Weekday,6,4,0,True
BRT2,Weekday,7,5,0,True
BRT2,Weekday,8,5,0,True
BRT2,Weekday,9,1,0,True
BRT2,Weekday,10,1,3,True
BRT2,Weekday,11,1,6,True
BRT2,Weekday,12,1,2,True
BRT2,Weekday,13,1,5,True
BRT2,Weekday,14,1,1,True
BRT2,Weekday,15,1,4,True
BRT2,Weekday,16,1,0,True
BRT2,Weekday,17,3,0,True
BRT2,Weekday,18,3,0,True
BRT2,Weekday,19,3,0,True
BRT2,Weekday,20,1,4,True
BRT2,Weekday,21,1,0,True
BRT2,Weekday,22,1,0,True
BRT2,Weekday,23,1,0,True
BRT2,Weekend,0,1,-1,False
BRT2,Weekend,1,1,-1,False
BRT2,Weekend,2,1,-1,False
BRT2,Weekend,3,1,-1,False
BRT2,Weekend,4,1,-1,False
BRT2,Weekend,5,1,-1,False
BRT2,Weekend,6,1,0,True
BRT2,Weekend,7,1,0,True
BRT2,Weekend,8,1,0,True
BRT2,Weekend,9,1,0,True
BRT2,Weekend,10,2,3,True
BRT2,Weekend,11,2,6,True
BRT2,Weekend,12,2,2,True
BRT2,Weekend,13,2,5,True
BRT2,Weekend,14,2,1,True
BRT2,Weekend,15,2,4,True
BRT2,Weekend,16,2,0,True
BRT2,Weekend,17,2,0,True
BRT2,Weekend,18,2,0,True
BRT2,Weekend,19,2,0,True
BRT2,Weekend,20,2,4,True
BRT2,Weekend,21,1,0,True
BRT2,Weekend,22,1,0,True
BRT2,Weekend,23,1,0,True
BRT3,Weekday,0,1,-1,False
BRT3,Weekday,1,1,-1,False
BRT3,Weekday,2,1,-1,False
BRT3,Weekday,3,1,-1,False
BRT3,Weekday,4,1,-1,False
BRT3,Weekday,5,1,-1,False
BRT3,Weekday,6,4,0,True
BRT3,Weekday,7,5,0,True
BRT3,Weekday,8,5,0,True
BRT3,Weekday,9,1,0,True
BRT3,Weekday,10,1,3,True
BRT3,Weekday,11,1,6,True
BRT3,Weekday,12,1,2,True
BRT3,Weekday,13,1,5,True
BRT3,Weekday,14,1,1,True
BRT3,Weekday,15,1,4,True
BRT3,Weekday,16,1,0,True
BRT3,Weekday,17,3,0,True
BRT3,Weekday,18,3,0,True
BRT3,Weekday,19,3,0,True
BRT3,Weekday,20,1,4,True
BRT3,Weekday,21,1,0,True
BRT3,Weekday,22,1,0,True
BRT3,Weekday,23,1,0,True
BRT3,Weekend,0,1,-1,False
BRT3,Weekend,1,1,-1,False
BRT3,Weekend,2,1,-1,False
BRT3,Weekend,3,1,-1,False
BRT3,Weekend,4,1,-1,False
BRT3,Weekend,5,1,-1,False
BRT3,Weekend,6,1,0,True
BRT3,Weekend,7,1,0,True
BRT3,Weekend,8,1,0,True
BRT3,Weekend,9,1,0,True
BRT3,Weekend,10,2,3,True
BRT3,Weekend,11,2,6,True
BRT3,Weekend,12,2,2,True
BRT3,Weekend,13,2,5,True
BRT3,Weekend,14,2,1,True
BRT3,Weekend,15,2,4,True
BRT3,Weekend,16,2,0,True
BRT3,Weekend,17,2,0,True
BRT3,Weekend,18,2,0,True
BRT3,Weekend,19,2,0,True
BRT3,Weekend,20,2,4,True
BRT3,Weekend,21,1,0,True
BRT3,Weekend,22,1,0,True
BRT3,Weekend,23,1,0,True
BRT4,Weekday,0,1,-1,False
BRT4,Weekday,1,1,-1,False
BRT4,Weekday,2,1,-1,False
BRT4,Weekday,3,1,-1,False
BRT4,Weekday,4,1,-1,False
BRT4,Weekday,5,1,-1,False
BRT4,Weekday,6,4,0,True
BRT4,Weekday,7,5,0,True
BRT4,Weekday,8,5,0,True
BRT4,Weekday,9,1,0,True
BRT4,Weekday,10,1,3,True
BRT4,Weekday,11,1,6,True
BRT4,Weekday,12,1,2,True
BRT4,Weekday,13,1,5,True
BRT4,Weekday,14,1,1,True
BRT4,Weekday,15,1,4,True
BRT4,Weekday,16,1,0,True
BRT4,Weekday,17,3,0,True
BRT4,Weekday,18,3,0,True
BRT4,Weekday,19,3,0,True
BRT4,Weekday,20,1,4,True
BRT4,Weekday,21,1,0,True
BRT4,Weekday,22,1,0,True
BRT4,Weekday,23,1,0,True
BRT4,Weekend,0,1,-1,False
BRT4,Weekend,1,1,-1,False
BRT4,Weekend,2,1,-1,False
BRT4,Weekend,3,1,-1,False
BRT4,Weekend,4,1,-1,False
BRT4,Weekend,5,1,-1,False
BRT4,Weekend,6,1,0,True
BRT4,Weekend,7,1,0,True
BRT4,Weekend,8,1,0,True
BRT4,Weekend,9,1,0,True
BRT4,Weekend,10,2,3,True
BRT4,Weekend,11,2,6,True
BRT4,Weekend,12,2,2,True
BRT4,Weekend,13,2,5,True
BRT4,Weekend,14,2,1,True
BRT4,Weekend,15,2,4,True
BRT4,Weekend,16,2,0,True
BRT4,Weekend,17,2,0,True
BRT4,Weekend,18,2,0,True
BRT4,Weekend,19,2,0,True
BRT4,Weekend,20,2,4,True
BRT4,Weekend,21,1,0,True
BRT4,Weekend,22,1,0,True
BRT4,Weekend,23,1,0,True
BRT5,Weekday,0,1,-1,False
BRT5,Weekday,1,1,-1,False
BRT5,Weekday,2,1,-1,False
BRT5,Weekday,3,1,-1,False
BRT5,Weekday,4,1,-1,False
BRT5,Weekday,5,1,-1,False
BRT5,Weekday,6,4,0,True
BRT5,Weekday,7,5,0,True
BRT5,Weekday,8,5,0,True
BRT5,Weekday,9,1,0,True
BRT5,Weekday,10,1,3,True
BRT5,Weekday,11,1,6,True
BRT5,Weekday,12,1,2,True
BRT5,Weekday,13,1,5,True
BRT5,Weekday,14,1,1,True
BRT5,Weekday,15,1,4,True
BRT5,Weekday,16,1,0,True
BRT5,Weekday,17,3,0,True
BRT5,Weekday,18,3,0,True
BRT5,Weekday,19,3,0,True
BRT5,Weekday,20,1,4,True
BRT5,Weekday,21,1,0,True
BRT5,Weekday,22,1,0,True
BRT5,Weekday,23,1,0,True
BRT5,Weekend,0,1,-1,False
BRT5,Weekend,1,1,-1,False
BRT5,Weekend,2,1,-1,False
BRT5,Weekend,3,1,-1,False
BRT5,Weekend,4,1,-1,False
BRT5,Weekend,5,1,-1,False
BRT5,Weekend,6,1,0,True
BRT5,Weekend,7,1,0,True
BRT5,Weekend,8,1,0,True
BRT5,Weekend,9,1,0,True
BRT5,Weekend,10,2,3,True
BRT5,Weekend,11,2,6,True
BRT5,Weekend,12,2,2,True
BRT5,Weekend,13,2,5,True
BRT5,Weekend,14,2,1,True
BRT5,Weekend,15,2,4,True
BRT5,Weekend,16,2,0,True
BRT5,Weekend,17,2,0,True
BRT5,Weekend,18,2,0,True
BRT5,Weekend,19,2,0,True
BRT5,Weekend,20,2,4,True
BRT5,Weekend,21,1,0,True
BRT5,Weekend,22,1,0,True
BRT5,Weekend,23,1,0,True
BRT6,Weekday,0,1,-1,False
BRT6,Weekday,1,1,-1,False
BRT6,Weekday,2,1,-1,False
BRT6,Weekday,3,1,-1,False
BRT6,Weekday,4,1,-1,False
BRT6,Weekday,5,1,-1,False
BRT6,Weekday,6,4,0,True
BRT6,Weekday,7,5,0,True
BRT6,Weekday,8,5,0,True
BRT6,Weekday,9,1,0,True
BRT6,Weekday,10,1,3,True
BRT6,Weekday,11,1,6,True
BRT6,Weekday,12,1,2,True
BRT6,Weekday,13,1,5,True
BRT6,Weekday,14,1,1,True
BRT6,Weekday,15,1,4,True
BRT6,Weekday,16,1,0,True
BRT6,Weekday,17,3,0,True
BRT6,Weekday,18,3,0,True
BRT6,Weekday,19,3,0,True
BRT6,Weekday,20,1,4,True
BRT6,Weekday,21,1,0,True
BRT6,Weekday,22,1,0,True
BRT6,Weekday,23,1,0,True
BRT6,Weekend,0,1,-1,False
BRT6,Weekend,1,1,-1,False
BRT6,Weekend,2,1,-1,False
BRT6,Weekend,3,1,-1,False
BRT6,Weekend,4,1,-1,False
BRT6,Weekend,5,1,-1,False
BRT6,Weekend,6,1,0,True
BRT6,Weekend,7,1,0,True
BRT6,Weekend,8,1,0,True
BRT6,Weekend,9,1,0,True
BRT6,Weekend,10,2,3,True
BRT6,Weekend,11,2,6,True
BRT6,Weekend,12,2,2,True
BRT6,Weekend,13,2,5,True
BRT6,Weekend,14,2,1,True
BRT6,Weekend,15,2,4,True
BRT6,Weekend,16,2,0,True
BRT6,Weekend,17,2,0,True
BRT6,Weekend,18,2,0,True
BRT6,Weekend,19,2,0,True
BRT6,Weekend,20,2,4,True
BRT6,Weekend,21,1,0,True
BRT6,Weekend,22,1,0,True
BRT6,Weekend,23,1,0,True
BRT7,Weekday,0,1,-1,False
BRT7,Weekday,1,1,-1,False
BRT7,Weekday,2,1,-1,False
BRT7,Weekday,3,1,-1,False
BRT7,Weekday,4,1,-1,False
BRT7,Weekday,5,1,-1,False
BRT7,Weekday,6,2,0,True
BRT7,Weekday,7,5,0,True
BRT7,Weekday,8,5,0,True
BRT7,Weekday,9,2,0,True
BRT7,Weekday,10,2,3,True
BRT7,Weekday,11,2,6,True
BRT7,Weekday,12,2,2,True
BRT7,Weekday,13,2,5,True
BRT7,Weekday,14,2,1,True
BRT7,Weekday,15,2,4,True
BRT7,Weekday,16,2,0,True
BRT7,Weekday,17,5,0,True
BRT7,Weekday,18,5,0,True
BRT7,Weekday,19,2,0,True
BRT7,Weekday,20,2,4,True
BRT7,Weekday,21,2,0,True
BRT7,Weekday,22,2,0,True
BRT7,Weekday,23,2,0,True
BRT7,Weekend,0,1,-1,False
BRT7,Weekend,1,1,-1,False
BRT7,Weekend,2,1,-1,False
BRT7,Weekend,3,1,-1,False
BRT7,Weekend,4,1,-1,False
BRT7,Weekend,5,1,-1,False
BRT7,Weekend,6,2,0,True
BRT7,Weekend,7,2,0,True
BRT7,Weekend,8,2,0,True
BRT7,Weekend,9,2,0,True
BRT7,Weekend,10,3,3,True
BRT7,Weekend,11,3,6,True
BRT7,Weekend,12,3,2,True
BRT7,Weekend,13,3,5,True
BRT7,Weekend,14,3,1,True
BRT7,Weekend,15,3,4,True
BRT7,Weekend,16,3,0,True
BRT7,Weekend,17,3,0,True
BRT7,Weekend,18,3,0,True
BRT7,Weekend,19,3,0,True
BRT7,Weekend,20,2,4,True
BRT7,Weekend,21,2,0,True
BRT7,Weekend,22,2,0,True
BRT7,Weekend,23,2,0,True
KG04,Weekday,0,1,-1,False
KG04,Weekday,1,1,-1,False
KG04,Weekday,2,1,-1,False
KG04,Weekday,3,1,-1,False
KG04,Weekday,4,1,-1,False
KG04,Weekday,5,1,-1,False
KG04,Weekday,6,2,0,True
KG04,Weekday,7,5,0,True
KG04,Weekday,8,5,0,True
KG04,Weekday,9,2,0,True
KG04,Weekday,10,2,3,True
KG04,Weekday,11,2,6,True
KG04,Weekday,12,2,2,True
KG04,Weekday,13,2,5,True
KG04,Weekday,14,2,1,True
KG04,Weekday,15,2,4,True
KG04,Weekday,16,2,0,True
KG04,Weekday,17,5,0,True
KG04,Weekday,18,5,0,True
KG04,Weekday,19,2,0,True
KG04,Weekday,20,2,4,True
KG04,Weekday,21,2,0,True
KG04,Weekday,22,2,0,True
KG04,Weekday,23,2,0,True
KG04,Weekend,0,1,-1,False
KG04,Weekend,1,1,-1,False
KG04,Weekend,2,1,-1,False
KG04,Weekend,3,1,-1,False
KG04,Weekend,4,1,-1,False
KG04,Weekend,5,1,-1,False
KG04,Weekend,6,2,0,True
KG04,Weekend,7,2,0,True
KG04,Weekend,8,2,0,True
KG04,Weekend,9,2,0,True
KG04,Weekend,10,3,3,True
KG04,Weekend,11,3,6,True
KG04,Weekend,12,3,2,True
KG04,Weekend,13,3,5,True
KG04,Weekend,14,3,1,True
KG04,Weekend,15,3,4,True
KG04,Weekend,16,3,0,True
KG04,Weekend,17,3,0,True
KG04,Weekend,18,3,0,True
KG04,Weekend,19,3,0,True
KG04,Weekend,20,2,4,True
KG04,Weekend,21,2,0,True
KG04,Weekend,22,2,0,True
KG04,Weekend,23,2,0,True
KG05,Weekday,0,1,-1,False
KG05,Weekday,1,1,-1,False
KG05,Weekday,2,1,-1,False
KG05,Weekday,3,1,-1,False
KG05,Weekday,4,1,-1,False
KG05,Weekday,5,1,-1,False
KG05,Weekday,6,4,0,True
KG05,Weekday,7,5,0,True
KG05,Weekday,8,5,0,True
KG05,Weekday,9,1,0,True
KG05,Weekday,10,1,3,True
KG05,Weekday,11,1,6,True
KG05,Weekday,12,1,2,True
KG05,Weekday,13,1,5,True
KG05,Weekday,14,1,1,True
KG05,Weekday,15,1,4,True
KG05,Weekday,16,1,0,True
KG05,Weekday,17,3,0,True
KG05,Weekday,18,3,0,True
KG05,Weekday,19,3,0,True
KG05,Weekday,20,1,4,True
KG05,Weekday,21,1,0,True
KG05,Weekday,22,1,0,True
KG05,Weekday,23,1,0,True
KG05,Weekend,0,1,-1,False
KG05,Weekend,1,1,-1,False
KG05,Weekend,2,1,-1,False
KG05,Weekend,3,1,-1,False
KG05,Weekend,4,1,-1,False
KG05,Weekend,5,1,-1,False
KG05,Weekend,6,1,0,True
KG05,Weekend,7,1,0,True
KG05,Weekend,8,1,0,True
KG05,Weekend,9,1,0,True
KG05,Weekend,10,2,3,True
KG05,Weekend,11,2,6,True
KG05,Weekend,12,2,2,True
KG05,Weekend,13,2,5,True
KG05,Weekend,14,2,1,True
KG05,Weekend,15,2,4,True
KG05,Weekend,16,2,0,True
KG05,Weekend,17,2,0,True
KG05,Weekend,18,2,0,True
KG05,Weekend,19,2,0,True
KG05,Weekend,20,2,4,True
KG05,Weekend,21,1,0,True
KG05,Weekend,22,1,0,True
KG05,Weekend,23,1,0,True
KG06,Weekday,0,1,-1,False
KG06,Weekday,1,1,-1,False
KG06,Weekday,2,1,-1,False
KG06,Weekday,3,1,-1,False
KG06,Weekday,4,1,-1,False
KG06,Weekday,5,1,-1,False
KG06,Weekday,6,4,0,True
KG06,Weekday,7,5,0,True
KG06,Weekday,8,5,0,True
KG06,Weekday,9,1,0,True
KG06,Weekday,10,1,3,True
KG06,Weekday,11,1,6,True
KG06,Weekday,12,1,2,True
KG06,Weekday,13,1,5,True
KG06,Weekday,14,1,1,True
KG06,Weekday,15,1,4,True
KG06,Weekday,16,1,0,True
KG06,Weekday,17,3,0,True
KG06,Weekday,18,3,0,True
KG06,Weekday,19,3,0,True
KG06,Weekday,20,1,4,True
KG06,Weekday,21,1,0,True
KG06,Weekday,22,1,0,True
KG06,Weekday,23,1,0,True
KG06,Weekend,0,1,-1,False
KG06,Weekend,1,1,-1,False
KG06,Weekend,2,1,-1,False
KG06,Weekend,3,1,-1,False
KG06,Weekend,4,1,-1,False
KG06,Weekend,5,1,-1,False
KG06,Weekend,6,1,0,True
KG06,Weekend,7,1,0,True
KG06,Weekend,8,1,0,True
KG06,Weekend,9,1,0,True
KG06,Weekend,10,2,3,True
KG06,Weekend,11,2,6,True
KG06,Weekend,12,2,2,True
KG06,Weekend,13,2,5,True
KG06,Weekend,14,2,1,True
KG06,Weekend,15,2,4,True
KG06,Weekend,16,2,0,True
KG06,Weekend,17,2,0,True
KG06,Weekend,18,2,0,True
KG06,Weekend,19,2,0,True
KG06,Weekend,20,2,4,True
KG06,Weekend,21,1,0,True
KG06,Weekend,22,1,0,True
KG06,Weekend,23,1,0,True
KG07,Weekday,0,1,-1,False
KG07,Weekday,1,1,-1,False
KG07,Weekday,2,1,-1,False
KG07,Weekday,3,1,-1,False
KG07,Weekday,4,1,-1,False
KG07,Weekday,5,1,-1,False
KG07,Weekday,6,4,0,True
KG07,Weekday,7,5,0,True
KG07,Weekday,8,5,0,True
KG07,Weekday,9,1,0,True
KG07,Weekday,10,1,3,True
KG07,Weekday,11,1,6,True
KG07,Weekday,12,1,2,True
KG07,Weekday,13,1,5,True
KG07,Weekday,14,1,1,True
KG07,Weekday,15,1,4,True
KG07,Weekday,16,1,0,True
KG07,Weekday,17,3,0,True
KG07,Weekday,18,3,0,True
KG07,Weekday,19,3,0,True
KG07,Weekday,20,1,4,True
KG07,Weekday,21,1,0,True
KG07,Weekday,22,1,0,True
KG07,Weekday,23,1,0,True
KG07,Weekend,0,1,-1,False
KG07,Weekend,1,1,-1,False
KG07,Weekend,2,1,-1,False
KG07,Weekend,3,1,-1,False
KG07,Weekend,4,1,-1,False
KG07,Weekend,5,1,-1,False
KG07,Weekend,6,1,0,True
KG07,Weekend,7,1,0,True
KG07,Weekend,8,1,0,True
KG07,Weekend,9,1,0,True
KG07,Weekend,10,2,3,True
KG07,Weekend,11,2,6,True
KG07,Weekend,12,2,2,True
KG07,Weekend,13,2,5,True
KG07,Weekend,14,2,1,True
KG07,Weekend,15,2,4,True
KG07,Weekend,16,2,0,True
KG07,Weekend,17,2,0,True
KG07,Weekend,18,2,0,True
KG07,Weekend,19,2,0,True
KG07,Weekend,20,2,4,True
KG07,Weekend,21,1,0,True
KG07,Weekend,22,1,0,True
KG07,Weekend,23,1,0,True
KG08,Weekday,0,1,-1,False
KG08,Weekday,1,1,-1,False
KG08,Weekday,2,1,-1,False
KG08,Weekday,3,1,-1,False
KG08,Weekday,4,1,-1,False
KG08,Weekday,5,1,-1,False
KG08,Weekday,6,4,0,True
KG08,Weekday,7,5,0,True
KG08,Weekday,8,5,0,True
KG08,Weekday,9,1,0,True
KG08,Weekday,10,1,3,True
KG08,Weekday,11,1,6,True
KG08,Weekday,12,1,2,True
KG08,Weekday,13,1,5,True
KG08,Weekday,14,1,1,True
KG08,Weekday,15,1,4,True
KG08,Weekday,16,1,0,True
KG08,Weekday,17,3,0,True
KG08,Weekday,18,3,0,True
KG08,Weekday,19,3,0,True
KG08,Weekday,20,1,4,True
KG08,Weekday,21,1,0,True
KG08,Weekday,22,1,0,True
KG08,Weekday,23,1,0,True
KG08,Weekend,0,1,-1,False
KG08,Weekend,1,1,-1,False
KG08,Weekend,2,1,-1,False
KG08,Weekend,3,1,-1,False
KG08,Weekend,4,1,-1,False
KG08,Weekend,5,1,-1,False
KG08,Weekend,6,1,0,True
KG08,Weekend,7,1,0,True
KG08,Weekend,8,1,0,True
KG08,Weekend,9,1,0,True
KG08,Weekend,10,2,3,True
KG08,Weekend,11,2,6,True
KG08,Weekend,12,2,2,True
KG08,Weekend,13,2,5,True
KG08,Weekend,14,2,1,True
KG08,Weekend,15,2,4,True
KG08,Weekend,16,2,0,True
KG08,Weekend,17,2,0,True
KG08,Weekend,18,2,0,True
KG08,Weekend,19,2,0,True
KG08,Weekend,20,2,4,True
KG08,Weekend,21,1,0,True
KG08,Weekend,22,1,0,True
KG08,Weekend,23,1,0,True
KG09,Weekday,0,1,-1,False
KG09,Weekday,1,1,-1,False
KG09,Weekday,2,1,-1,False
KG09,Weekday,3,1,-1,False
KG09,Weekday,4,1,-1,False
KG09,Weekday,5,1,-1,False
KG09,Weekday,6,2,0,True
KG09,Weekday,7,2,0,True
KG09,Weekday,8,2,0,True
KG09,Weekday,9,2,0,True
KG09,Weekday,10,2,3,True
KG09,Weekday,11,2,6,True
KG09,Weekday,12,2,2,True
KG09,Weekday,13,2,5,True
KG09,Weekday,14,2,1,True
KG09,Weekday,15,2,4,True
KG09,Weekday,16,2,0,True
KG09,Weekday,17,4,0,True
KG09,Weekday,18,5,0,True
KG09,Weekday,19,5,0,True
KG09,Weekday,20,2,4,True
KG09,Weekday,21,2,0,True
KG09,Weekday,22,2,0,True
KG09,Weekday,23,2,0,True
KG09,Weekend,0,1,-1,False
KG09,Weekend,1,1,-1,False
KG09,Weekend,2,1,-1,False
KG09,Weekend,3,1,-1,False
KG09,Weekend,4,1,-1,False
KG09,Weekend,5,1,-1,False
KG09,Weekend,6,2,0,True
KG09,Weekend,7,2,0,True
KG09,Weekend,8,2,0,True
KG09,Weekend,9,2,0,True
KG09,Weekend,10,2,3,True
KG09,Weekend,11,2,6,True
KG09,Weekend,12,3,2,True
KG09,Weekend,13,3,5,True
KG09,Weekend,14,3,1,True
KG09,Weekend,15,3,4,True
KG09,Weekend,16,3,0,True
KG09,Weekend,17,4,0,True
KG09,Weekend,18,4,0,True
KG09,Weekend,19,4,0,True
KG09,Weekend,20,4,4,True
KG09,Weekend,21,2,0,True
KG09,Weekend,22,2,0,True
KG09,Weekend,23,2,0,True
KG10,Weekday,0,1,-1,False
KG10,Weekday,1,1,-1,False
KG10,Weekday,2,1,-1,False
KG10,Weekday,3,1,-1,False
KG10,Weekday,4,1,-1,False
KG10,Weekday,5,1,-1,False
KG10,Weekday,6,4,0,True
KG10,Weekday,7,5,0,True
KG10,Weekday,8,5,0,True
KG10,Weekday,9,1,0,True
KG10,Weekday,10,1,3,True
KG10,Weekday,11,1,6,True
KG10,Weekday,12,1,2,True
KG10,Weekday,13,1,5,True
KG10,Weekday,14,1,1,True
KG10,Weekday,15,1,4,True
KG10,Weekday,16,1,0,True
KG10,Weekday,17,3,0,True
KG10,Weekday,18,3,0,True
KG10,Weekday,19,3,0,True
KG10,Weekday,20,1,4,True
KG10,Weekday,21,1,0,True
KG10,Weekday,22,1,0,True
KG10,Weekday,23,1,0,True
KG10,Weekend,0,1,-1,False
KG10,Weekend,1,1,-1,False
KG10,Weekend,2,1,-1,False
KG10,Weekend,3,1,-1,False
KG10,Weekend,4,1,-1,False
KG10,Weekend,5,1,-1,False
KG10,Weekend,6,1,0,True
KG10,Weekend,7,1,0,True
KG10,Weekend,8,1,0,True
KG10,Weekend,9,1,0,True
KG10,Weekend,10,2,3,True
KG10,Weekend,11,2,6,True
KG10,Weekend,12,2,2,True
KG10,Weekend,13,2,5,True
KG10,Weekend,14,2,1,True
KG10,Weekend,15,2,4,True
KG10,Weekend,16,2,0,True
KG10,Weekend,17,2,0,True
KG10,Weekend,18,2,0,True
KG10,Weekend,19,2,0,True
KG10,Weekend,20,2,4,True
KG10,Weekend,21,1,0,True
KG10,Weekend,22,1,0,True
KG10,Weekend,23,1,0,True
KG12,Weekday,0,1,-1,False
KG12,Weekday,1,1,-1,False
KG12,Weekday,2,1,-1,False
KG12,Weekday,3,1,-1,False
KG12,Weekday,4,1,-1,False
KG12,Weekday,5,1,-1,False
KG12,Weekday,6,4,0,True
KG12,Weekday,7,5,0,True
KG12,Weekday,8,5,0,True
KG12,Weekday,9,1,0,True
KG12,Weekday,10,1,3,True
KG12,Weekday,11,1,6,True
KG12,Weekday,12,1,2,True
KG12,Weekday,13,1,5,True
KG12,Weekday,14,1,1,True
KG12,Weekday,15,1,4,True
KG12,Weekday,16,1,0,True
KG12,Weekday,17,3,0,True
KG12,Weekday,18,3,0,True
KG12,Weekday,19,3,0,True
KG12,Weekday,20,1,4,True
KG12,Weekday,21,1,0,True
KG12,Weekday,22,1,0,True
KG12,Weekday,23,1,0,True
KG12,Weekend,0,1,-1,False
KG12,Weekend,1,1,-1,False
KG12,Weekend,2,1,-1,False
KG12,Weekend,3,1,-1,False
KG12,Weekend,4,1,-1,False
KG12,Weekend,5,1,-1,False
KG12,Weekend,6,1,0,True
KG12,Weekend,7,1,0,True
KG12,Weekend,8,1,0,True
KG12,Weekend,9,1,0,True
KG12,Weekend,10,2,3,True
KG12,Weekend,11,2,6,True
KG12,Weekend,12,2,2,True
KG12,Weekend,13,2,5,True
KG12,Weekend,14,2,1,True
KG12,Weekend,15,2,4,True
KG12,Weekend,16,2,0,True
KG12,Weekend,17,2,0,True
KG12,Weekend,18,2,0,True
KG12,Weekend,19,2,0,True
KG12,Weekend,20,2,4,True
KG12,Weekend,21,1,0,True
KG12,Weekend,22,1,0,True
KG12,Weekend,23,1,0,True
KG13,Weekday,0,1,-1,False
KG13,Weekday,1,1,-1,False
KG13,Weekday,2,1,-1,False
KG13,Weekday,3,1,-1,False
KG13,Weekday,4,1,-1,False
KG13,Weekday,5,1,-1,False
KG13,Weekday,6,4,0,True
KG13,Weekday,7,5,0,True
KG13,Weekday,8,5,0,True
KG13,Weekday,9,1,0,True
KG13,Weekday,10,1,3,True
KG13,Weekday,11,1,6,True
KG13,Weekday,12,1,2,True
KG13,Weekday,13,1,5,True
KG13,Weekday,14,1,1,True
KG13,Weekday,15,1,4,True
KG13,Weekday,16,1,0,True
KG13,Weekday,17,3,0,True
KG13,Weekday,18,3,0,True
KG13,Weekday,19,3,0,True
KG13,Weekday,20,1,4,True
KG13,Weekday,21,1,0,True
KG13,Weekday,22,1,0,True
KG13,Weekday,23,1,0,True
KG13,Weekend,0,1,-1,False
KG13,Weekend,1,1,-1,False
KG13,Weekend,2,1,-1,False
KG13,Weekend,3,1,-1,False
KG13,Weekend,4,1,-1,False
KG13,Weekend,5,1,-1,False
KG13,Weekend,6,1,0,True
KG13,Weekend,7,1,0,True
KG13,Weekend,8,1,0,True
KG13,Weekend,9,1,0,True
KG13,Weekend,10,2,3,True
KG13,Weekend,11,2,6,True
KG13,Weekend,12,2,2,True
KG13,Weekend,13,2,5,True
KG13,Weekend,14,2,1,True
KG13,Weekend,15,2,4,True
KG13,Weekend,16,2,0,True
KG13,Weekend,17,2,0,True
KG13,Weekend,18,2,0,True
KG13,Weekend,19,2,0,True
KG13,Weekend,20,2,4,True
KG13,Weekend,21,1,0,True
KG13,Weekend,22,1,0,True
KG13,Weekend,23,1,0,True
KG14,Weekday,0,1,-1,False
KG14,Weekday,1,1,-1,False
KG14,Weekday,2,1,-1,False
KG14,Weekday,3,1,-1,False
KG14,Weekday,4,1,-1,False
KG14,Weekday,5,1,-1,False
KG14,Weekday,6,4,0,True
KG14,Weekday,7,5,0,True
KG14,Weekday,8,5,0,True
KG14,Weekday,9,1,0,True
KG14,Weekday,10,1,3,True
KG14,Weekday,11,1,6,True
KG14,Weekday,12,1,2,True
KG14,Weekday,13,1,5,True
KG14,Weekday,14,1,1,True
KG14,Weekday,15,1,4,True
KG14,Weekday,16,1,0,True
KG14,Weekday,17,3,0,True
KG14,Weekday,18,3,0,True
KG14,Weekday,19,3,0,True
KG14,Weekday,20,1,4,True
KG14,Weekday,21,1,0,True
KG14,Weekday,22,1,0,True
KG14,Weekday,23,1,0,True
KG14,Weekend,0,1,-1,False
KG14,Weekend,1,1,-1,False
KG14,Weekend,2,1,-1,False
KG14,Weekend,3,1,-1,False
KG14,Weekend,4,1,-1,False
KG14,Weekend,5,1,-1,False
KG14,Weekend,6,1,0,True
KG14,Weekend,7,1,0,True
KG14,Weekend,8,1,0,True
KG14,Weekend,9,1,0,True
KG14,Weekend,10,2,3,True
KG14,Weekend,11,2,6,True
KG14,Weekend,12,2,2,True
KG14,Weekend,13,2,5,True
KG14,Weekend,14,2,1,True
KG14,Weekend,15,2,4,True
KG14,Weekend,16,2,0,True
KG14,Weekend,17,2,0,True
KG14,Weekend,18,2,0,True
KG14,Weekend,19,2,0,True
KG14,Weekend,20,2,4,True
KG14,Weekend,21,1,0,True
KG14,Weekend,22,1,0,True
KG14,Weekend,23,1,0,True
KG15,Weekday,0,1,-1,False
KG15,Weekday,1,1,-1,False
KG15,Weekday,2,1,-1,False
KG15,Weekday,3,1,-1,False
KG15,Weekday,4,1,-1,False
KG15,Weekday,5,1,-1,False
KG15,Weekday,6,2,0,True
KG15,Weekday,7,2,0,True
KG15,Weekday,8,2,0,True
KG15,Weekday,9,2,0,True
KG15,Weekday,10,2,3,True
KG15,Weekday,11,2,6,True
KG15,Weekday,12,2,2,True
KG15,Weekday,13,2,5,True
KG15,Weekday,14,2,1,True
KG15,Weekday,15,2,4,True
KG15,Weekday,16,2,0,True
KG15,Weekday,17,4,0,True
KG15,Weekday,18,5,0,True
KG15,Weekday,19,5,0,True
KG15,Weekday,20,2,4,True
KG15,Weekday,21,2,0,True
KG15,Weekday,22,2,0,True
KG15,Weekday,23,2,0,True
KG15,Weekend,0,1,-1,False
KG15,Weekend,1,1,-1,False
KG15,Weekend,2,1,-1,False
KG15,Weekend,3,1,-1,False
KG15,Weekend,4,1,-1,False
KG15,Weekend,5,1,-1,False
KG15,Weekend,6,2,0,True
KG15,Weekend,7,2,0,True
KG15,Weekend,8,2,0,True
KG15,Weekend,9,2,0,True
KG15,Weekend,10,2,3,True
KG15,Weekend,11,2,6,True
KG15,Weekend,12,3,2,True
KG15,Weekend,13,3,5,True
KG15,Weekend,14,3,1,True
KG15,Weekend,15,3,4,True
KG15,Weekend,16,3,0,True
KG15,Weekend,17,4,0,True
KG15,Weekend,18,4,0,True
KG15,Weekend,19,4,0,True
KG15,Weekend,20,4,4,True
KG15,Weekend,21,2,0,True
KG15,Weekend,22,2,0,True
KG15,Weekend,23,2,0,True
KG16,Weekday,0,1,-1,False
KG16,Weekday,1,1,-1,False
KG16,Weekday,2,1,-1,False
KG16,Weekday,3,1,-1,False
KG16,Weekday,4,1,-1,False
KG16,Weekday,5,1,-1,False
KG16,Weekday,6,2,0,True
KG16,Weekday,7,5,0,True
KG16,Weekday,8,5,0,True
KG16,Weekday,9,2,0,True
KG16,Weekday,10,2,3,True
KG16,Weekday,11,2,6,True
KG16,Weekday,12,2,2,True
KG16,Weekday,13,2,5,True
KG16,Weekday,14,2,1,True
KG16,Weekday,15,2,4,True
KG16,Weekday,16,2,0,True
KG16,Weekday,17,5,0,True
KG16,Weekday,18,5,0,True
KG16,Weekday,19,2,0,True
KG16,Weekday,20,2,4,True
KG16,Weekday,21,2,0,True
KG16,Weekday,22,2,0,True
KG16,Weekday,23,2,0,True
KG16,Weekend,0,1,-1,False
KG16,Weekend,1,1,-1,False
KG16,Weekend,2,1,-1,False
KG16,Weekend,3,1,-1,False
KG16,Weekend,4,1,-1,False
KG16,Weekend,5,1,-1,False
KG16,Weekend,6,2,0,True
KG16,Weekend,7,2,0,True
KG16,Weekend,8,2,0,True
KG16,Weekend,9,2,0,True
KG16,Weekend,10,3,3,True
KG16,Weekend,11,3,6,True
KG16,Weekend,12,3,2,True
KG16,Weekend,13,3,5,True
KG16,Weekend,14,3,1,True
KG16,Weekend,15,3,4,True
KG16,Weekend,16,3,0,True
KG16,Weekend,17,3,0,True
KG16,Weekend,18,3,0,True
KG16,Weekend,19,3,0,True
KG16,Weekend,20,2,4,True
KG16,Weekend,21,2,0,True
KG16,Weekend,22,2,0,True
KG16,Weekend,23,2,0,True
KG17,Weekday,0,1,-1,False
KG17,Weekday,1,1,-1,False
KG17,Weekday,2,1,-1,False
KG17,Weekday,3,1,-1,False
KG17,Weekday,4,1,-1,False
KG17,Weekday,5,1,-1,False
KG17,Weekday,6,2,0,True
KG17,Weekday,7,5,0,True
KG17,Weekday,8,5,0,True
KG17,Weekday,9,2,0,True
KG17,Weekday,10,2,3,True
KG17,Weekday,11,2,6,True
KG17,Weekday,12,2,2,True
KG17,Weekday,13,2,5,True
KG17,Weekday,14,2,1,True
KG17,Weekday,15,2,4,True
KG17,Weekday,16,2,0,True
KG17,Weekday,17,5,0,True
KG17,Weekday,18,5,0,True
KG17,Weekday,19,2,0,True
KG17,Weekday,20,2,4,True
KG17,Weekday,21,2,0,True
KG17,Weekday,22,2,0,True
KG17,Weekday,23,2,0,True
KG17,Weekend,0,1,-1,False
KG17,Weekend,1,1,-1,False
KG17,Weekend,2,1,-1,False
KG17,Weekend,3,1,-1,False
KG17,Weekend,4,1,-1,False
KG17,Weekend,5,1,-1,False
KG17,Weekend,6,2,0,True
KG17,Weekend,7,2,0,True
KG17,Weekend,8,2,0,True
KG17,Weekend,9,2,0,True
KG17,Weekend,10,3,3,True
KG17,Weekend,11,3,6,True
KG17,Weekend,12,3,2,True
KG17,Weekend,13,3,5,True
KG17,Weekend,14,3,1,True
KG17,Weekend,15,3,4,True
KG17,Weekend,16,3,0,True
KG17,Weekend,17,3,0,True
KG17,Weekend,18,3,0,True
KG17,Weekend,19,3,0,True
KG17,Weekend,20,2,4,True
KG17,Weekend,21,2,0,True
KG17,Weekend,22,2,0,True
KG17,Weekend,23,2,0,True
KG18A,Weekday,0,1,-1,False
KG18A,Weekday,1,1,-1,False
KG18A,Weekday,2,1,-1,False
KG18A,Weekday,3,1,-1,False
KG18A,Weekday,4,1,-1,False
KG18A,Weekday,5,1,-1,False
KG18A,Weekday,6,2,0,True
KG18A,Weekday,7,5,0,True
KG18A,Weekday,8,5,0,True
KG18A,Weekday,9,2,0,True
KG18A,Weekday,10,2,3,True
KG18A,Weekday,11,2,6,True
KG18A,Weekday,12,2,2,True
KG18A,Weekday,13,2,5,True
KG18A,Weekday,14,2,1,True
KG18A,Weekday,15,2,4,True
KG18A,Weekday,16,2,0,True
KG18A,Weekday,17,5,0,True
KG18A,Weekday,18,5,0,True
KG18A,Weekday,19,2,0,True
KG18A,Weekday,20,2,4,True
KG18A,Weekday,21,2,0,True
KG18A,Weekday,22,2,0,True
KG18A,Weekday,23,2,0,True
KG18A,Weekend,0,1,-1,False
KG18A,Weekend,1,1,-1,False
KG18A,Weekend,2,1,-1,False
KG18A,Weekend,3,1,-1,False
KG18A,Weekend,4,1,-1,False
KG18A,Weekend,5,1,-1,False
KG18A,Weekend,6,2,0,True
KG18A,Weekend,7,2,0,True
KG18A,Weekend,8,2,0,True
KG18A,Weekend,9,2,0,True
KG18A,Weekend,10,3,3,True
KG18A,Weekend,11,3,6,True
KG18A,Weekend,12,3,2,True
KG18A,Weekend,13,3,5,True
KG18A,Weekend,14,3,1,True
KG18A,Weekend,15,3,4,True
KG18A,Weekend,16,3,0,True
KG18A,Weekend,17,3,0,True
KG18A,Weekend,18,3,0,True
KG18A,Weekend,19,3,0,True
KG18A,Weekend,20,2,4,True
KG18A,Weekend,21,2,0,True
KG18A,Weekend,22,2,0,True
KG18A,Weekend,23,2,0,True
KG20,Weekday,0,1,-1,False
KG20,Weekday,1,1,-1,False
KG20,Weekday,2,1,-1,False
KG20,Weekday,3,1,-1,False
KG20,Weekday,4,1,-1,False
KG20,Weekday,5,1,-1,False
KG20,Weekday,6,2,0,True
KG20,Weekday,7,5,0,True
KG20,Weekday,8,5,0,True
KG20,Weekday,9,2,0,True
KG20,Weekday,10,2,3,True
KG20,Weekday,11,2,6,True
KG20,Weekday,12,2,2,True
KG20,Weekday,13,2,5,True
KG20,Weekday,14,2,1,True
KG20,Weekday,15,2,4,True
KG20,Weekday,16,2,0,True
KG20,Weekday,17,5,0,True
KG20,Weekday,18,5,0,True
KG20,Weekday,19,2,0,True
KG20,Weekday,20,2,4,True
KG20,Weekday,21,2,0,True
KG20,Weekday,22,2,0,True
KG20,Weekday,23,2,0,True
KG20,Weekend,0,1,-1,False
KG20,Weekend,1,1,-1,False
KG20,Weekend,2,1,-1,False
KG20,Weekend,3,1,-1,False
KG20,Weekend,4,1,-1,False
KG20,Weekend,5,1,-1,False
KG20,Weekend,6,2,0,True
KG20,Weekend,7,2,0,True
KG20,Weekend,8,2,0,True
KG20,Weekend,9,2,0,True
KG20,Weekend,10,3,3,True
KG20,Weekend,11,3,6,True
KG20,Weekend,12,3,2,True
KG20,Weekend,13,3,5,True
KG20,Weekend,14,3,1,True
KG20,Weekend,15,3,4,True
KG20,Weekend,16,3,0,True
KG20,Weekend,17,3,0,True
KG20,Weekend,18,3,0,True
KG20,Weekend,19,3,0,True
KG20,Weekend,20,2,4,True
KG20,Weekend,21,2,0,True
KG20,Weekend,22,2,0,True
KG20,Weekend,23,2,0,True
KG21,Weekday,0,1,-1,False
KG21,Weekday,1,1,-1,False
KG21,Weekday,2,1,-1,False
KG21,Weekday,3,1,-1,False
KG21,Weekday,4,1,-1,False
KG21,Weekday,5,1,-1,False
KG21,Weekday,6,4,0,True
KG21,Weekday,7,5,0,True
KG21,Weekday,8,5,0,True
KG21,Weekday,9,1,0,True
KG21,Weekday,10,1,3,True
KG21,Weekday,11,1,6,True
KG21,Weekday,12,1,2,True
KG21,Weekday,13,1,5,True
KG21,Weekday,14,1,1,True
KG21,Weekday,15,1,4,True
KG21,Weekday,16,1,0,True
KG21,Weekday,17,3,0,True
KG21,Weekday,18,3,0,True
KG21,Weekday,19,3,0,True
KG21,Weekday,20,1,4,True
KG21,Weekday,21,1,0,True
KG21,Weekday,22,1,0,True
KG21,Weekday,23,1,0,True
KG21,Weekend,0,1,-1,False
KG21,Weekend,1,1,-1,False
KG21,Weekend,2,1,-1,False
KG21,Weekend,3,1,-1,False
KG21,Weekend,4,1,-1,False
KG21,Weekend,5,1,-1,False
KG21,Weekend,6,1,0,True
KG21,Weekend,7,1,0,True
KG21,Weekend,8,1,0,True
KG21,Weekend,9,1,0,True
KG21,Weekend,10,2,3,True
KG21,Weekend,11,2,6,True
KG21,Weekend,12,2,2,True
KG21,Weekend,13,2,5,True
KG21,Weekend,14,2,1,True
KG21,Weekend,15,2,4,True
KG21,Weekend,16,2,0,True
KG21,Weekend,17,2,0,True
KG21,Weekend,18,2,0,True
KG21,Weekend,19,2,0,True
KG21,Weekend,20,2,4,True
KG21,Weekend,21,1,0,True
KG21,Weekend,22,1,0,True
KG21,Weekend,23,1,0,True
KG22,Weekday,0,1,-1,False
KG22,Weekday,1,1,-1,False
KG22,Weekday,2,1,-1,False
KG22,Weekday,3,1,-1,False
KG22,Weekday,4,1,-1,False
KG22,Weekday,5,1,-1,False
KG22,Weekday,6,2,0,True
KG22,Weekday,7,5,0,True
KG22,Weekday,8,5,0,True
KG22,Weekday,9,2,0,True
KG22,Weekday,10,2,3,True
KG22,Weekday,11,2,6,True
KG22,Weekday,12,2,2,True
KG22,Weekday,13,2,5,True
KG22,Weekday,14,2,1,True
KG22,Weekday,15,2,4,True
KG22,Weekday,16,2,0,True
KG22,Weekday,17,5,0,True
KG22,Weekday,18,5,0,True
KG22,Weekday,19,2,0,True
KG22,Weekday,20,2,4,True
KG22,Weekday,21,2,0,True
KG22,Weekday,22,2,0,True
KG22,Weekday,23,2,0,True
KG22,Weekend,0,1,-1,False
KG22,Weekend,1,1,-1,False
KG22,Weekend,2,1,-1,False
KG22,Weekend,3,1,-1,False
KG22,Weekend,4,1,-1,False
KG22,Weekend,5,1,-1,False
KG22,Weekend,6,2,0,True
KG22,Weekend,7,2,0,True
KG22,Weekend,8,2,0,True
KG22,Weekend,9,2,0,True
KG22,Weekend,10,3,3,True
KG22,Weekend,11,3,6,True
KG22,Weekend,12,3,2,True
KG22,Weekend,13,3,5,True
KG22,Weekend,14,3,1,True
KG22,Weekend,15,3,4,True
KG22,Weekend,16,3,0,True
KG22,Weekend,17,3,0,True
KG22,Weekend,18,3,0,True
KG22,Weekend,19,3,0,True
KG22,Weekend,20,2,4,True
KG22,Weekend,21,2,0,True
KG22,Weekend,22,2,0,True
KG22,Weekend,23,2,0,True
KG23,Weekday,0,1,-1,False
KG23,Weekday,1,1,-1,False
KG23,Weekday,2,1,-1,False
KG23,Weekday,3,1,-1,False
KG23,Weekday,4,1,-1,False
KG23,Weekday,5,1,-1,False
KG23,Weekday,6,4,0,True
KG23,Weekday,7,5,0,True
KG23,Weekday,8,5,0,True
KG23,Weekday,9,1,0,True
KG23,Weekday,10,1,3,True
KG23,Weekday,11,1,6,True
KG23,Weekday,12,1,2,True
KG23,Weekday,13,1,5,True
KG23,Weekday,14,1,1,True
KG23,Weekday,15,1,4,True
KG23,Weekday,16,1,0,True
KG23,Weekday,17,3,0,True
KG23,Weekday,18,3,0,True
KG23,Weekday,19,3,0,True
KG23,Weekday,20,1,4,True
KG23,Weekday,21,1,0,True
KG23,Weekday,22,1,0,True
KG23,Weekday,23,1,0,True
KG23,Weekend,0,1,-1,False
KG23,Weekend,1,1,-1,False
KG23,Weekend,2,1,-1,False
KG23,Weekend,3,1,-1,False
KG23,Weekend,4,1,-1,False
KG23,Weekend,5,1,-1,False
KG23,Weekend,6,1,0,True
KG23,Weekend,7,1,0,True
KG23,Weekend,8,1,0,True
KG23,Weekend,9,1,0,True
KG23,Weekend,10,2,3,True
KG23,Weekend,11,2,6,True
KG23,Weekend,12,2,2,True
KG23,Weekend,13,2,5,True
KG23,Weekend,14,2,1,True
KG23,Weekend,15,2,4,True
KG23,Weekend,16,2,0,True
KG23,Weekend,17,2,0,True
KG23,Weekend,18,2,0,True
KG23,Weekend,19,2,0,True
KG23,Weekend,20,2,4,True
KG23,Weekend,21,1,0,True
KG23,Weekend,22,1,0,True
KG23,Weekend,23,1,0,True
KG24,Weekday,0,1,-1,False
KG24,Weekday,1,1,-1,False
KG24,Weekday,2,1,-1,False
KG24,Weekday,3,1,-1,False
KG24,Weekday,4,1,-1,False
KG24,Weekday,5,1,-1,False
KG24,Weekday,6,4,0,True
KG24,Weekday,7,5,0,True
KG24,Weekday,8,5,0,True
KG24,Weekday,9,1,0,True
KG24,Weekday,10,1,3,True
KG24,Weekday,11,1,6,True
KG24,Weekday,12,1,2,True
KG24,Weekday,13,1,5,True
KG24,Weekday,14,1,1,True
KG24,Weekday,15,1,4,True
KG24,Weekday,16,1,0,True
KG24,Weekday,17,3,0,True
KG24,Weekday,18,3,0,True
KG24,Weekday,19,3,0,True
KG24,Weekday,20,1,4,True
KG24,Weekday,21,1,0,True
KG24,Weekday,22,1,0,True
KG24,Weekday,23,1,0,True
KG24,Weekend,0,1,-1,False
KG24,Weekend,1,1,-1,False
KG24,Weekend,2,1,-1,False
KG24,Weekend,3,1,-1,False
KG24,Weekend,4,1,-1,False
KG24,Weekend,5,1,-1,False
KG24,Weekend,6,1,0,True
KG24,Weekend,7,1,0,True
KG24,Weekend,8,1,0,True
KG24,Weekend,9,1,0,True
KG24,Weekend,10,2,3,True
KG24,Weekend,11,2,6,True
KG24,Weekend,12,2,2,True
KG24,Weekend,13,2,5,True
KG24,Weekend,14,2,1,True
KG24,Weekend,15,2,4,True
KG24,Weekend,16,2,0,True
KG24,Weekend,17,2,0,True
KG24,Weekend,18,2,0,True
KG24,Weekend,19,2,0,True
KG24,Weekend,20,2,4,True
KG24,Weekend,21,1,0,True
KG24,Weekend,22,1,0,True
KG24,Weekend,23,1,0,True
KG25,Weekday,0,1,-1,False
KG25,Weekday,1,1,-1,False
KG25,Weekday,2,1,-1,False
KG25,Weekday,3,1,-1,False
KG25,Weekday,4,1,-1,False
KG25,Weekday,5,1,-1,False
KG25,Weekday,6,4,0,True
KG25,Weekday,7,5,0,True
KG25,Weekday,8,5,0,True
KG25,Weekday,9,1,0,True
KG25,Weekday,10,1,3,True
KG25,Weekday,11,1,6,True
KG25,Weekday,12,1,2,True
KG25,Weekday,13,1,5,True
KG25,Weekday,14,1,1,True
KG25,Weekday,15,1,4,True
KG25,Weekday,16,1,0,True
KG25,Weekday,17,3,0,True
KG25,Weekday,18,3,0,True
KG25,Weekday,19,3,0,True
KG25,Weekday,20,1,4,True
KG25,Weekday,21,1,0,True
KG25,Weekday,22,1,0,True
KG25,Weekday,23,1,0,True
KG25,Weekend,0,1,-1,False
KG25,Weekend,1,1,-1,False
KG25,Weekend,2,1,-1,False
KG25,Weekend,3,1,-1,False
KG25,Weekend,4,1,-1,False
KG25,Weekend,5,1,-1,False
KG25,Weekend,6,1,0,True
KG25,Weekend,7,1,0,True
KG25,Weekend,8,1,0,True
KG25,Weekend,9,1,0,True
KG25,Weekend,10,2,3,True
KG25,Weekend,11,2,6,True
KG25,Weekend,12,2,2,True
KG25,Weekend,13,2,5,True
KG25,Weekend,14,2,1,True
KG25,Weekend,15,2,4,True
KG25,Weekend,16,2,0,True
KG25,Weekend,17,2,0,True
KG25,Weekend,18,2,0,True
KG25,Weekend,19,2,0,True
KG25,Weekend,20,2,4,True
KG25,Weekend,21,1,0,True
KG25,Weekend,22,1,0,True
KG25,Weekend,23,1,0,True
KG26,Weekday,0,1,-1,False
KG26,Weekday,1,1,-1,False
KG26,Weekday,2,1,-1,False
KG26,Weekday,3,1,-1,False
KG26,Weekday,4,1,-1,False
KG26,Weekday,5,1,-1,False
KG26,Weekday,6,4,0,True
KG26,Weekday,7,5,0,True
KG26,Weekday,8,5,0,True
KG26,Weekday,9,1,0,True
KG26,Weekday,10,1,3,True
KG26,Weekday,11,1,6,True
KG26,Weekday,12,1,2,True
KG26,Weekday,13,1,5,True
KG26,Weekday,14,1,1,True
KG26,Weekday,15,1,4,True
KG26,Weekday,16,1,0,True
KG26,Weekday,17,3,0,True
KG26,Weekday,18,3,0,True
KG26,Weekday,19,3,0,True
KG26,Weekday,20,1,4,True
KG26,Weekday,21,1,0,True
KG26,Weekday,22,1,0,True
KG26,Weekday,23,1,0,True
KG26,Weekend,0,1,-1,False
KG26,Weekend,1,1,-1,False
KG26,Weekend,2,1,-1,False
KG26,Weekend,3,1,-1,False
KG26,Weekend,4,1,-1,False
KG26,Weekend,5,1,-1,False
KG26,Weekend,6,1,0,True
KG26,Weekend,7,1,0,True
KG26,Weekend,8,1,0,True
KG26,Weekend,9,1,0,True
KG26,Weekend,10,2,3,True
KG26,Weekend,11,2,6,True
KG26,Weekend,12,2,2,True
KG26,Weekend,13,2,5,True
KG26,Weekend,14,2,1,True
KG26,Weekend,15,2,4,True
KG26,Weekend,16,2,0,True
KG26,Weekend,17,2,0,True
KG26,Weekend,18,2,0,True
KG26,Weekend,19,2,0,True
KG26,Weekend,20,2,4,True
KG26,Weekend,21,1,0,True
KG26,Weekend,22,1,0,True
KG26,Weekend,23,1,0,True
KG27,Weekday,0,1,-1,False
KG27,Weekday,1,1,-1,False
KG27,Weekday,2,1,-1,False
KG27,Weekday,3,1,-1,False
KG27,Weekday,4,1,-1,False
KG27,Weekday,5,1,-1,False
KG27,Weekday,6,4,0,True
KG27,Weekday,7,5,0,True
KG27,Weekday,8,5,0,True
KG27,Weekday,9,1,0,True
KG27,Weekday,10,1,3,True
KG27,Weekday,11,1,6,True
KG27,Weekday,12,1,2,True
KG27,Weekday,13,1,5,True
KG27,Weekday,14,1,1,True
KG27,Weekday,15,1,4,True
KG27,Weekday,16,1,0,True
KG27,Weekday,17,3,0,True
KG27,Weekday,18,3,0,True
KG27,Weekday,19,3,0,True
KG27,Weekday,20,1,4,True
KG27,Weekday,21,1,0,True
KG27,Weekday,22,1,0,True
KG27,Weekday,23,1,0,True
KG27,Weekend,0,1,-1,False
KG27,Weekend,1,1,-1,False
KG27,Weekend,2,1,-1,False
KG27,Weekend,3,1,-1,False
KG27,Weekend,4,1,-1,False
KG27,Weekend,5,1,-1,False
KG27,Weekend,6,1,0,True
KG27,Weekend,7,1,0,True
KG27,Weekend,8,1,0,True
KG27,Weekend,9,1,0,True
KG27,Weekend,10,2,3,True
KG27,Weekend,11,2,6,True
KG27,Weekend,12,2,2,True
KG27,Weekend,13,2,5,True
KG27,Weekend,14,2,1,True
KG27,Weekend,15,2,4,True
KG27,Weekend,16,2,0,True
KG27,Weekend,17,2,0,True
KG27,Weekend,18,2,0,True
KG27,Weekend,19,2,0,True
KG27,Weekend,20,2,4,True
KG27,Weekend,21,1,0,True
KG27,Weekend,22,1,0,True
KG27,Weekend,23,1,0,True
KG28,Weekday,0,1,-1,False
KG28,Weekday,1,1,-1,False
KG28,Weekday,2,1,-1,False
KG28,Weekday,3,1,-1,False
KG28,Weekday,4,1,-1,False
KG28,Weekday,5,1,-1,False
KG28,Weekday,6,4,0,True
KG28,Weekday,7,5,0,True
KG28,Weekday,8,5,0,True
KG28,Weekday,9,1,0,True
KG28,Weekday,10,1,3,True
KG28,Weekday,11,1,6,True
KG28,Weekday,12,1,2,True
KG28,Weekday,13,1,5,True
KG28,Weekday,14,1,1,True
KG28,Weekday,15,1,4,True
KG28,Weekday,16,1,0,True
KG28,Weekday,17,3,0,True
KG28,Weekday,18,3,0,True
KG28,Weekday,19,3,0,True
KG28,Weekday,20,1,4,True
KG28,Weekday,21,1,0,True
KG28,Weekday,22,1,0,True
KG28,Weekday,23,1,0,True
KG28,Weekend,0,1,-1,False
KG28,Weekend,1,1,-1,False
KG28,Weekend,2,1,-1,False
KG28,Weekend,3,1,-1,False
KG28,Weekend,4,1,-1,False
KG28,Weekend,5,1,-1,False
KG28,Weekend,6,1,0,True
KG28,Weekend,7,1,0,True
KG28,Weekend,8,1,0,True
KG28,Weekend,9,1,0,True
KG28,Weekend,10,2,3,True
KG28,Weekend,11,2,6,True
KG28,Weekend,12,2,2,True
KG28,Weekend,13,2,5,True
KG28,Weekend,14,2,1,True
KG28,Weekend,15,2,4,True
KG28,Weekend,16,2,0,True
KG28,Weekend,17,2,0,True
KG28,Weekend,18,2,0,True
KG28,Weekend,19,2,0,True
KG28,Weekend,20,2,4,True
KG28,Weekend,21,1,0,True
KG28,Weekend,22,1,0,True
KG28,Weekend,23,1,0,True
KG29,Weekday,0,1,-1,False
KG29,Weekday,1,1,-1,False
KG29,Weekday,2,1,-1,False
KG29,Weekday,3,1,-1,False
KG29,Weekday,4,1,-1,False
KG29,Weekday,5,1,-1,False
KG29,Weekday,6,4,0,True
KG29,Weekday,7,5,0,True
KG29,Weekday,8,5,0,True
KG29,Weekday,9,1,0,True
KG29,Weekday,10,1,3,True
KG29,Weekday,11,1,6,True
KG29,Weekday,12,1,2,True
KG29,Weekday,13,1,5,True
KG29,Weekday,14,1,1,True
KG29,Weekday,15,1,4,True
KG29,Weekday,16,1,0,True
KG29,Weekday,17,3,0,True
KG29,Weekday,18,3,0,True
KG29,Weekday,19,3,0,True
KG29,Weekday,20,1,4,True
KG29,Weekday,21,1,0,True
KG29,Weekday,22,1,0,True
KG29,Weekday,23,1,0,True
KG29,Weekend,0,1,-1,False
KG29,Weekend,1,1,-1,False
KG29,Weekend,2,1,-1,False
KG29,Weekend,3,1,-1,False
KG29,Weekend,4,1,-1,False
KG29,Weekend,5,1,-1,False
KG29,Weekend,6,1,0,True
KG29,Weekend,7,1,0,True
KG29,Weekend,8,1,0,True
KG29,Weekend,9,1,0,True
KG29,Weekend,10,2,3,True
KG29,Weekend,11,2,6,True
KG29,Weekend,12,2,2,True
KG29,Weekend,13,2,5,True
KG29,Weekend,14,2,1,True
KG29,Weekend,15,2,4,True
KG29,Weekend,16,2,0,True
KG29,Weekend,17,2,0,True
KG29,Weekend,18,2,0,True
KG29,Weekend,19,2,0,True
KG29,Weekend,20,2,4,True
KG29,Weekend,21,1,0,True
KG29,Weekend,22,1,0,True
KG29,Weekend,23,1,0,True
KG30,Weekday,0,1,-1,False
KG30,Weekday,1,1,-1,False
KG30,Weekday,2,1,-1,False
KG30,Weekday,3,1,-1,False
KG30,Weekday,4,1,-1,False
KG30,Weekday,5,1,-1,False
KG30,Weekday,6,4,0,True
KG30,Weekday,7,5,0,True
KG30,Weekday,8,5,0,True
KG30,Weekday,9,1,0,True
KG30,Weekday,10,1,3,True
KG30,Weekday,11,1,6,True
KG30,Weekday,12,1,2,True
KG30,Weekday,13,1,5,True
KG30,Weekday,14,1,1,True
KG30,Weekday,15,1,4,True
KG30,Weekday,16,1,0,True
KG30,Weekday,17,3,0,True
KG30,Weekday,18,3,0,True
KG30,Weekday,19,3,0,True
KG30,Weekday,20,1,4,True
KG30,Weekday,21,1,0,True
KG30,Weekday,22,1,0,True
KG30,Weekday,23,1,0,True
KG30,Weekend,0,1,-1,False
KG30,Weekend,1,1,-1,False
KG30,Weekend,2,1,-1,False
KG30,Weekend,3,1,-1,False
KG30,Weekend,4,1,-1,False
KG30,Weekend,5,1,-1,False
KG30,Weekend,6,1,0,True
KG30,Weekend,7,1,0,True
KG30,Weekend,8,1,0,True
KG30,Weekend,9,1,0,True
KG30,Weekend,10,2,3,True
KG30,Weekend,11,2,6,True
KG30,Weekend,12,2,2,True
KG30,Weekend,13,2,5,True
KG30,Weekend,14,2,1,True
KG30,Weekend,15,2,4,True
KG30,Weekend,16,2,0,True
KG30,Weekend,17,2,0,True
KG30,Weekend,18,2,0,True
KG30,Weekend,19,2,0,True
KG30,Weekend,20,2,4,True
KG30,Weekend,21,1,0,True
KG30,Weekend,22,1,0,True
KG30,Weekend,23,1,0,True
KG31,Weekday,0,1,-1,False
KG31,Weekday,1,1,-1,False
KG31,Weekday,2,1,-1,False
KG31,Weekday,3,1,-1,False
KG31,Weekday,4,1,-1,False
KG31,Weekday,5,1,-1,False
KG31,Weekday,6,4,0,True
KG31,Weekday,7,5,0,True
KG31,Weekday,8,5,0,True
KG31,Weekday,9,1,0,True
KG31,Weekday,10,1,3,True
KG31,Weekday,11,1,6,True
KG31,Weekday,12,1,2,True
KG31,Weekday,13,1,5,True
KG31,Weekday,14,1,1,True
KG31,Weekday,15,1,4,True
KG31,Weekday,16,1,0,True
KG31,Weekday,17,3,0,True
KG31,Weekday,18,3,0,True
KG31,Weekday,19,3,0,True
KG31,Weekday,20,1,4,True
KG31,Weekday,21,1,0,True
KG31,Weekday,22,1,0,True
KG31,Weekday,23,1,0,True
KG31,Weekend,0,1,-1,False
KG31,Weekend,1,1,-1,False
KG31,Weekend,2,1,-1,False
KG31,Weekend,3,1,-1,False
KG31,Weekend,4,1,-1,False
KG31,Weekend,5,1,-1,False
KG31,Weekend,6,1,0,True
KG31,Weekend,7,1,0,True
KG31,Weekend,8,1,0,True
KG31,Weekend,9,1,0,True
KG31,Weekend,10,2,3,True
KG31,Weekend,11,2,6,True
KG31,Weekend,12,2,2,True
KG31,Weekend,13,2,5,True
KG31,Weekend,14,2,1,True
KG31,Weekend,15,2,4,True
KG31,Weekend,16,2,0,True
KG31,Weekend,17,2,0,True
KG31,Weekend,18,2,0,True
KG31,Weekend,19,2,0,True
KG31,Weekend,20,2,4,True
KG31,Weekend,21,1,0,True
KG31,Weekend,22,1,0,True
KG31,Weekend,23,1,0,True
KG33,Weekday,0,1,-1,False
KG33,Weekday,1,1,-1,False
KG33,Weekday,2,1,-1,False
KG33,Weekday,3,1,-1,False
KG33,Weekday,4,1,-1,False
KG33,Weekday,5,1,-1,False
KG33,Weekday,6,4,0,True
KG33,Weekday,7,5,0,True
KG33,Weekday,8,5,0,True
KG33,Weekday,9,1,0,True
KG33,Weekday,10,1,3,True
KG33,Weekday,11,1,6,True
KG33,Weekday,12,1,2,True
KG33,Weekday,13,1,5,True
KG33,Weekday,14,1,1,True
KG33,Weekday,15,1,4,True
KG33,Weekday,16,1,0,True
KG33,Weekday,17,3,0,True
KG33,Weekday,18,3,0,True
KG33,Weekday,19,3,0,True
KG33,Weekday,20,1,4,True
KG33,Weekday,21,1,0,True
KG33,Weekday,22,1,0,True
KG33,Weekday,23,1,0,True
KG33,Weekend,0,1,-1,False
KG33,Weekend,1,1,-1,False
KG33,Weekend,2,1,-1,False
KG33,Weekend,3,1,-1,False
KG33,Weekend,4,1,-1,False
KG33,Weekend,5,1,-1,False
KG33,Weekend,6,1,0,True
KG33,Weekend,7,1,0,True
KG33,Weekend,8,1,0,True
KG33,Weekend,9,1,0,True
KG33,Weekend,10,2,3,True
KG33,Weekend,11,2,6,True
KG33,Weekend,12,2,2,True
KG33,Weekend,13,2,5,True
KG33,Weekend,14,2,1,True
KG33,Weekend,15,2,4,True
KG33,Weekend,16,2,0,True
KG33,Weekend,17,2,0,True
KG33,Weekend,18,2,0,True
KG33,Weekend,19,2,0,True
KG33,Weekend,20,2,4,True
KG33,Weekend,21,1,0,True
KG33,Weekend,22,1,0,True
KG33,Weekend,23,1,0,True
KG34,Weekday,0,1,-1,False
KG34,Weekday,1,1,-1,False
KG34,Weekday,2,1,-1,False
KG34,Weekday,3,1,-1,False
KG34,Weekday,4,1,-1,False
KG34,Weekday,5,1,-1,False
KG34,Weekday,6,4,0,True
KG34,Weekday,7,5,0,True
KG34,Weekday,8,5,0,True
KG34,Weekday,9,1,0,True
KG34,Weekday,10,1,3,True
KG34,Weekday,11,1,6,True
KG34,Weekday,12,1,2,True
KG34,Weekday,13,1,5,True
KG34,Weekday,14,1,1,True
KG34,Weekday,15,1,4,True
KG34,Weekday,16,1,0,True
KG34,Weekday,17,3,0,True
KG34,Weekday,18,3,0,True
KG34,Weekday,19,3,0,True
KG34,Weekday,20,1,4,True
KG34,Weekday,21,1,0,True
KG34,Weekday,22,1,0,True
KG34,Weekday,23,1,0,True
KG34,Weekend,0,1,-1,False
KG34,Weekend,1,1,-1,False
KG34,Weekend,2,1,-1,False
KG34,Weekend,3,1,-1,False
KG34,Weekend,4,1,-1,False
KG34,Weekend,5,1,-1,False
KG34,Weekend,6,1,0,True
KG34,Weekend,7,1,0,True
KG34,Weekend,8,1,0,True
KG34,Weekend,9,1,0,True
KG34,Weekend,10,2,3,True
KG34,Weekend,11,2,6,True
KG34,Weekend,12,2,2,True
KG34,Weekend,13,2,5,True
KG34,Weekend,14,2,1,True
KG34,Weekend,15,2,4,True
KG34,Weekend,16,2,0,True
KG34,Weekend,17,2,0,True
KG34,Weekend,18,2,0,True
KG34,Weekend,19,2,0,True
KG34,Weekend,20,2,4,True
KG34,Weekend,21,1,0,True
KG34,Weekend,22,1,0,True
KG34,Weekend,23,1,0,True
KG35,Weekday,0,1,-1,False
KG35,Weekday,1,1,-1,False
KG35,Weekday,2,1,-1,False
KG35,Weekday,3,1,-1,False
KG35,Weekday,4,1,-1,False
KG35,Weekday,5,1,-1,False
KG35,Weekday,6,4,0,True
KG35,Weekday,7,5,0,True
KG35,Weekday,8,5,0,True
KG35,Weekday,9,1,0,True
KG35,Weekday,10,1,3,True
KG35,Weekday,11,1,6,True
KG35,Weekday,12,1,2,True
KG35,Weekday,13,1,5,True
KG35,Weekday,14,1,1,True
KG35,Weekday,15,1,4,True
KG35,Weekday,16,1,0,True
KG35,Weekday,17,3,0,True
KG35,Weekday,18,3,0,True
KG35,Weekday,19,3,0,True
KG35,Weekday,20,1,4,True
KG35,Weekday,21,1,0,True
KG35,Weekday,22,1,0,True
KG35,Weekday,23,1,0,True
KG35,Weekend,0,1,-1,False
KG35,Weekend,1,1,-1,False
KG35,Weekend,2,1,-1,False
KG35,Weekend,3,1,-1,False
KG35,Weekend,4,1,-1,False
KG35,Weekend,5,1,-1,False
KG35,Weekend,6,1,0,True
KG35,Weekend,7,1,0,True
KG35,Weekend,8,1,0,True
KG35,Weekend,9,1,0,True
KG35,Weekend,10,2,3,True
KG35,Weekend,11,2,6,True
KG35,Weekend,12,2,2,True
KG35,Weekend,13,2,5,True
KG35,Weekend,14,2,1,True
KG35,Weekend,15,2,4,True
KG35,Weekend,16,2,0,True
KG35,Weekend,17,2,0,True
KG35,Weekend,18,2,0,True
KG35,Weekend,19,2,0,True
KG35,Weekend,20,2,4,True
KG35,Weekend,21,1,0,True
KG35,Weekend,22,1,0,True
KG35,Weekend,23,1,0,True
KJ1,Weekday,0,1,-1,False
KJ1,Weekday,1,1,-1,False
KJ1,Weekday,2,1,-1,False
KJ1,Weekday,3,1,-1,False
KJ1,Weekday,4,1,-1,False
KJ1,Weekday,5,1,-1,False
KJ1,Weekday,6,4,0,True
KJ1,Weekday,7,5,0,True
KJ1,Weekday,8,5,0,True
KJ1,Weekday,9,1,0,True
KJ1,Weekday,10,1,3,True
KJ1,Weekday,11,1,6,True
KJ1,Weekday,12,1,2,True
KJ1,Weekday,13,1,5,True
KJ1,Weekday,14,1,1,True
KJ1,Weekday,15,1,4,True
KJ1,Weekday,16,1,0,True
KJ1,Weekday,17,3,0,True
KJ1,Weekday,18,3,0,True
KJ1,Weekday,19,3,0,True
KJ1,Weekday,20,1,4,True
KJ1,Weekday,21,1,0,True
KJ1,Weekday,22,1,0,True
KJ1,Weekday,23,1,0,True
KJ1,Weekend,0,1,-1,False
KJ1,Weekend,1,1,-1,False
KJ1,Weekend,2,1,-1,False
KJ1,Weekend,3,1,-1,False
KJ1,Weekend,4,1,-1,False
KJ1,Weekend,5,1,-1,False
KJ1,Weekend,6,1,0,True
KJ1,Weekend,7,1,0,True
KJ1,Weekend,8,1,0,True
KJ1,Weekend,9,1,0,True
KJ1,Weekend,10,2,3,True
KJ1,Weekend,11,2,6,True
KJ1,Weekend,12,2,2,True
KJ1,Weekend,13,2,5,True
KJ1,Weekend,14,2,1,True
KJ1,Weekend,15,2,4,True
KJ1,Weekend,16,2,0,True
KJ1,Weekend,17,2,0,True
KJ1,Weekend,18,2,0,True
KJ1,Weekend,19,2,0,True
KJ1,Weekend,20,2,4,True
KJ1,Weekend,21,1,0,True
KJ1,Weekend,22,1,0,True
KJ1,Weekend,23,1,0,True
KJ10,Weekday,0,1,-1,False
KJ10,Weekday,1,1,-1,False
KJ10,Weekday,2,1,-1,False
KJ10,Weekday,3,1,-1,False
KJ10,Weekday,4,1,-1,False
KJ10,Weekday,5,1,-1,False
KJ10,Weekday,6,2,0,True
KJ10,Weekday,7,2,0,True
KJ10,Weekday,8,2,0,True
KJ10,Weekday,9,2,0,True
KJ10,Weekday,10,2,3,True
KJ10,Weekday,11,2,6,True
KJ10,Weekday,12,2,2,True
KJ10,Weekday,13,2,5,True
KJ10,Weekday,14,2,1,True
KJ10,Weekday,15,2,4,True
KJ10,Weekday,16,2,0,True
KJ10,Weekday,17,4,0,True
KJ10,Weekday,18,5,0,True
KJ10,Weekday,19,5,0,True
KJ10,Weekday,20,2,4,True
KJ10,Weekday,21,2,0,True
KJ10,Weekday,22,2,0,True
KJ10,Weekday,23,2,0,True
KJ10,Weekend,0,1,-1,False
KJ10,Weekend,1,1,-1,False
KJ10,Weekend,2,1,-1,False
KJ10,Weekend,3,1,-1,False
KJ10,Weekend,4,1,-1,False
KJ10,Weekend,5,1,-1,False
KJ10,Weekend,6,2,0,True
KJ10,Weekend,7,2,0,True
KJ10,Weekend,8,2,0,True
KJ10,Weekend,9,2,0,True
KJ10,Weekend,10,2,3,True
KJ10,Weekend,11,2,6,True
KJ10,Weekend,12,3,2,True
KJ10,Weekend,13,3,5,True
KJ10,Weekend,14,3,1,True
KJ10,Weekend,15,3,4,True
KJ10,Weekend,16,3,0,True
KJ10,Weekend,17,4,0,True
KJ10,Weekend,18,4,0,True
KJ10,Weekend,19,4,0,True
KJ10,Weekend,20,4,4,True
KJ10,Weekend,21,2,0,True
KJ10,Weekend,22,2,0,True
KJ10,Weekend,23,2,0,True
KJ11,Weekday,0,1,-1,False
KJ11,Weekday,1,1,-1,False
KJ11,Weekday,2,1,-1,False
KJ11,Weekday,3,1,-1,False
KJ11,Weekday,4,1,-1,False
KJ11,Weekday,5,1,-1,False
KJ11,Weekday,6,4,0,True
KJ11,Weekday,7,5,0,True
KJ11,Weekday,8,5,0,True
KJ11,Weekday,9,1,0,True
KJ11,Weekday,10,1,3,True
KJ11,Weekday,11,1,6,True
KJ11,Weekday,12,1,2,True
KJ11,Weekday,13,1,5,True
KJ11,Weekday,14,1,1,True
KJ11,Weekday,15,1,4,True
KJ11,Weekday,16,1,0,True
KJ11,Weekday,17,3,0,True
KJ11,Weekday,18,3,0,True
KJ11,Weekday,19,3,0,True
KJ11,Weekday,20,1,4,True
KJ11,Weekday,21,1,0,True
KJ11,Weekday,22,1,0,True
KJ11,Weekday,23,1,0,True
KJ11,Weekend,0,1,-1,False
KJ11,Weekend,1,1,-1,False
KJ11,Weekend,2,1,-1,False
KJ11,Weekend,3,1,-1,False
KJ11,Weekend,4,1,-1,False
KJ11,Weekend,5,1,-1,False
KJ11,Weekend,6,1,0,True
KJ11,Weekend,7,1,0,True
KJ11,Weekend,8,1,0,True
KJ11,Weekend,9,1,0,True
KJ11,Weekend,10,2,3,True
KJ11,Weekend,11,2,6,True
KJ11,Weekend,12,2,2,True
KJ11,Weekend,13,2,5,True
KJ11,Weekend,14,2,1,True
KJ11,Weekend,15,2,4,True
KJ11,Weekend,16,2,0,True
KJ11,Weekend,17,2,0,True
KJ11,Weekend,18,2,0,True
KJ11,Weekend,19,2,0,True
KJ11,Weekend,20,2,4,True
KJ11,Weekend,21,1,0,True
KJ11,Weekend,22,1,0,True
KJ11,Weekend,23,1,0,True
KJ12,Weekday,0,1,-1,False
KJ12,Weekday,1,1,-1,False
KJ12,Weekday,2,1,-1,False
KJ12,Weekday,3,1,-1,False
KJ12,Weekday,4,1,-1,False
KJ12,Weekday,5,1,-1,False
KJ12,Weekday,6,4,0,True
KJ12,Weekday,7,5,0,True
KJ12,Weekday,8,5,0,True
KJ12,Weekday,9,1,0,True
KJ12,Weekday,10,1,3,True
KJ12,Weekday,11,1,6,True
KJ12,Weekday,12,1,2,True
KJ12,Weekday,13,1,5,True
KJ12,Weekday,14,1,1,True
KJ12,Weekday,15,1,4,True
KJ12,Weekday,16,1,0,True
KJ12,Weekday,17,3,0,True
KJ12,Weekday,18,3,0,True
KJ12,Weekday,19,3,0,True
KJ12,Weekday,20,1,4,True
KJ12,Weekday,21,1,0,True
KJ12,Weekday,22,1,0,True
KJ12,Weekday,23,1,0,True
KJ12,Weekend,0,1,-1,False
KJ12,Weekend,1,1,-1,False
KJ12,Weekend,2,1,-1,False
KJ12,Weekend,3,1,-1,False
KJ12,Weekend,4,1,-1,False
KJ12,Weekend,5,1,-1,False
KJ12,Weekend,6,1,0,True
KJ12,Weekend,7,1,0,True
KJ12,Weekend,8,1,0,True
KJ12,Weekend,9,1,0,True
KJ12,Weekend,10,2,3,True
KJ12,Weekend,11,2,6,True
KJ12,Weekend,12,2,2,True
KJ12,Weekend,13,2,5,True
KJ12,Weekend,14,2,1,True
KJ12,Weekend,15,2,4,True
KJ12,Weekend,16,2,0,True
KJ12,Weekend,17,2,0,True
KJ12,Weekend,18,2,0,True
KJ12,Weekend,19,2,0,True
KJ12,Weekend,20,2,4,True
KJ12,Weekend,21,1,0,True
KJ12,Weekend,22,1,0,True
KJ12,Weekend,23,1,0,True
KJ13,Weekday,0,1,-1,False
KJ13,Weekday,1,1,-1,False
KJ13,Weekday,2,1,-1,False
KJ13,Weekday,3,1,-1,False
KJ13,Weekday,4,1,-1,False
KJ13,Weekday,5,1,-1,False
KJ13,Weekday,6,2,0,True
KJ13,Weekday,7,5,0,True
KJ13,Weekday,8,5,0,True
KJ13,Weekday,9,2,0,True
KJ13,Weekday,10,2,3,True
KJ13,Weekday,11,2,6,True
KJ13,Weekday,12,2,2,True
KJ13,Weekday,13,2,5,True
KJ13,Weekday,14,2,1,True
KJ13,Weekday,15,2,4,True
KJ13,Weekday,16,2,0,True
KJ13,Weekday,17,5,0,True
KJ13,Weekday,18,5,0,True
KJ13,Weekday,19,2,0,True
KJ13,Weekday,20,2,4,True
KJ13,Weekday,21,2,0,True
KJ13,Weekday,22,2,0,True
KJ13,Weekday,23,2,0,True
KJ13,Weekend,0,1,-1,False
KJ13,Weekend,1,1,-1,False
KJ13,Weekend,2,1,-1,False
KJ13,Weekend,3,1,-1,False
KJ13,Weekend,4,1,-1,False
KJ13,Weekend,5,1,-1,False
KJ13,Weekend,6,2,0,True
KJ13,Weekend,7,2,0,True
KJ13,Weekend,8,2,0,True
KJ13,Weekend,9,2,0,True
KJ13,Weekend,10,3,3,True
KJ13,Weekend,11,3,6,True
KJ13,Weekend,12,3,2,True
KJ13,Weekend,13,3,5,True
KJ13,Weekend,14,3,1,True
KJ13,Weekend,15,3,4,True
KJ13,Weekend,16,3,0,True
KJ13,Weekend,17,3,0,True
KJ13,Weekend,18,3,0,True
KJ13,Weekend,19,3,0,True
KJ13,Weekend,20,2,4,True
KJ13,Weekend,21,2,0,True
KJ13,Weekend,22,2,0,True
KJ13,Weekend,23,2,0,True
KJ14,Weekday,0,1,-1,False
KJ14,Weekday,1,1,-1,False
KJ14,Weekday,2,1,-1,False
KJ14,Weekday,3,1,-1,False
KJ14,Weekday,4,1,-1,False
KJ14,Weekday,5,1,-1,False
KJ14,Weekday,6,2,0,True
KJ14,Weekday,7,5,0,True
KJ14,Weekday,8,5,0,True
KJ14,Weekday,9,2,0,True
KJ14,Weekday,10,2,3,True
KJ14,Weekday,11,2,6,True
KJ14,Weekday,12,2,2,True
KJ14,Weekday,13,2,5,True
KJ14,Weekday,14,2,1,True
KJ14,Weekday,15,2,4,True
KJ14,Weekday,16,2,0,True
KJ14,Weekday,17,5,0,True
KJ14,Weekday,18,5,0,True
KJ14,Weekday,19,2,0,True
KJ14,Weekday,20,2,4,True
KJ14,Weekday,21,2,0,True
KJ14,Weekday,22,2,0,True
KJ14,Weekday,23,2,0,True
KJ14,Weekend,0,1,-1,False
KJ14,Weekend,1,1,-1,False
KJ14,Weekend,2,1,-1,False
KJ14,Weekend,3,1,-1,False
KJ14,Weekend,4,1,-1,False
KJ14,Weekend,5,1,-1,False
KJ14,Weekend,6,2,0,True
KJ14,Weekend,7,2,0,True
KJ14,Weekend,8,2,0,True
KJ14,Weekend,9,2,0,True
KJ14,Weekend,10,3,3,True
KJ14,Weekend,11,3,6,True
KJ14,Weekend,12,3,2,True
KJ14,Weekend,13,3,5,True
KJ14,Weekend,14,3,1,True
KJ14,Weekend,15,3,4,True
KJ14,Weekend,16,3,0,True
KJ14,Weekend,17,3,0,True
KJ14,Weekend,18,3,0,True
KJ14,Weekend,19,3,0,True
KJ14,Weekend,20,2,4,True
KJ14,Weekend,21,2,0,True
KJ14,Weekend,22,2,0,True
KJ14,Weekend,23,2,0,True
KJ15,Weekday,0,1,-1,False
KJ15,Weekday,1,1,-1,False
KJ15,Weekday,2,1,-1,False
KJ15,Weekday,3,1,-1,False
KJ15,Weekday,4,1,-1,False
KJ15,Weekday,5,1,-1,False
KJ15,Weekday,6,2,0,True
KJ15,Weekday,7,5,0,True
KJ15,Weekday,8,5,0,True
KJ15,Weekday,9,2,0,True
KJ15,Weekday,10,2,3,True
KJ15,Weekday,11,2,6,True
KJ15,Weekday,12,2,2,True
KJ15,Weekday,13,2,5,True
KJ15,Weekday,14,2,1,True
KJ15,Weekday,15,2,4,True
KJ15,Weekday,16,2,0,True
KJ15,Weekday,17,5,0,True
KJ15,Weekday,18,5,0,True
KJ15,Weekday,19,2,0,True
KJ15,Weekday,20,2,4,True
KJ15,Weekday,21,2,0,True
KJ15,Weekday,22,2,0,True
KJ15,Weekday,23,2,0,True
KJ15,Weekend,0,1,-1,False
KJ15,Weekend,1,1,-1,False
KJ15,Weekend,2,1,-1,False
KJ15,Weekend,3,1,-1,False
KJ15,Weekend,4,1,-1,False
KJ15,Weekend,5,1,-1,False
KJ15,Weekend,6,2,0,True
KJ15,Weekend,7,2,0,True
KJ15,Weekend,8,2,0,True
KJ15,Weekend,9,2,0,True
KJ15,Weekend,10,3,3,True
KJ15,Weekend,11,3,6,True
KJ15,Weekend,12,3,2,True
KJ15,Weekend,13,3,5,True
KJ15,Weekend,14,3,1,True
KJ15,Weekend,15,3,4,True
KJ15,Weekend,16,3,0,True
KJ15,Weekend,17,3,0,True
KJ15,Weekend,18,3,0,True
KJ15,Weekend,19,3,0,True
KJ15,Weekend,20,2,4,True
KJ15,Weekend,21,2,0,True
KJ15,Weekend,22,2,0,True
KJ15,Weekend,23,2,0,True
KJ16,Weekday,0,1,-1,False
KJ16,Weekday,1,1,-1,False
KJ16,Weekday,2,1,-1,False
KJ16,Weekday,3,1,-1,False
KJ16,Weekday,4,1,-1,False
KJ16,Weekday,5,1,-1,False
KJ16,Weekday,6,4,0,True
KJ16,Weekday,7,5,0,True
KJ16,Weekday,8,5,0,True
KJ16,Weekday,9,1,0,True
KJ16,Weekday,10,1,3,True
KJ16,Weekday,11,1,6,True
KJ16,Weekday,12,1,2,True
KJ16,Weekday,13,1,5,True
KJ16,Weekday,14,1,1,True
KJ16,Weekday,15,1,4,True
KJ16,Weekday,16,1,0,True
KJ16,Weekday,17,3,0,True
KJ16,Weekday,18,3,0,True
KJ16,Weekday,19,3,0,True
KJ16,Weekday,20,1,4,True
KJ16,Weekday,21,1,0,True
KJ16,Weekday,22,1,0,True
KJ16,Weekday,23,1,0,True
KJ16,Weekend,0,1,-1,False
KJ16,Weekend,1,1,-1,False
KJ16,Weekend,2,1,-1,False
KJ16,Weekend,3,1,-1,False
KJ16,Weekend,4,1,-1,False
KJ16,Weekend,5,1,-1,False
KJ16,Weekend,6,1,0,True
KJ16,Weekend,7,1,0,True
KJ16,Weekend,8,1,0,True
KJ16,Weekend,9,1,0,True
KJ16,Weekend,10,2,3,True
KJ16,Weekend,11,2,6,True
KJ16,Weekend,12,2,2,True
KJ16,Weekend,13,2,5,True
KJ16,Weekend,14,2,1,True
KJ16,Weekend,15,2,4,True
KJ16,Weekend,16,2,0,True
KJ16,Weekend,17,2,0,True
KJ16,Weekend,18,2,0,True
KJ16,Weekend,19,2,0,True
KJ16,Weekend,20,2,4,True
KJ16,Weekend,21,1,0,True
KJ16,Weekend,22,1,0,True
KJ16,Weekend,23,1,0,True
KJ17,Weekday,0,1,-1,False
KJ17,Weekday,1,1,-1,False
KJ17,Weekday,2,1,-1,False
KJ17,Weekday,3,1,-1,False
KJ17,Weekday,4,1,-1,False
KJ17,Weekday,5,1,-1,False
KJ17,Weekday,6,2,0,True
KJ17,Weekday,7,2,0,True
KJ17,Weekday,8,2,0,True
KJ17,Weekday,9,2,0,True
KJ17,Weekday,10,2,3,True
KJ17,Weekday,11,2,6,True
KJ17,Weekday,12,2,2,True
KJ17,Weekday,13,2,5,True
KJ17,Weekday,14,2,1,True
KJ17,Weekday,15,2,4,True
KJ17,Weekday,16,2,0,True
KJ17,Weekday,17,4,0,True
KJ17,Weekday,18,5,0,True
KJ17,Weekday,19,5,0,True
KJ17,Weekday,20,2,4,True
KJ17,Weekday,21,2,0,True
KJ17,Weekday,22,2,0,True
KJ17,Weekday,23,2,0,True
KJ17,Weekend,0,1,-1,False
KJ17,Weekend,1,1,-1,False
KJ17,Weekend,2,1,-1,False
KJ17,Weekend,3,1,-1,False
KJ17,Weekend,4,1,-1,False
KJ17,Weekend,5,1,-1,False
KJ17,Weekend,6,2,0,True
KJ17,Weekend,7,2,0,True
KJ17,Weekend,8,2,0,True
KJ17,Weekend,9,2,0,True
KJ17,Weekend,10,2,3,True
KJ17,Weekend,11,2,6,True
KJ17,Weekend,12,3,2,True
KJ17,Weekend,13,3,5,True
KJ17,Weekend,14,3,1,True
KJ17,Weekend,15,3,4,True
KJ17,Weekend,16,3,0,True
KJ17,Weekend,17,4,0,True
KJ17,Weekend,18,4,0,True
KJ17,Weekend,19,4,0,True
KJ17,Weekend,20,4,4,True
KJ17,Weekend,21,2,0,True
KJ17,Weekend,22,2,0,True
KJ17,Weekend,23,2,0,True
KJ18,Weekday,0,1,-1,False
KJ18,Weekday,1,1,-1,False
KJ18,Weekday,2,1,-1,False
KJ18,Weekday,3,1,-1,False
KJ18,Weekday,4,1,-1,False
KJ18,Weekday,5,1,-1,False
KJ18,Weekday,6,4,0,True
KJ18,Weekday,7,5,0,True
KJ18,Weekday,8,5,0,True
KJ18,Weekday,9,1,0,True
KJ18,Weekday,10,1,3,True
KJ18,Weekday,11,1,6,True
KJ18,Weekday,12,1,2,True
KJ18,Weekday,13,1,5,True
KJ18,Weekday,14,1,1,True
KJ18,Weekday,15,1,4,True
KJ18,Weekday,16,1,0,True
KJ18,Weekday,17,3,0,True
KJ18,Weekday,18,3,0,True
KJ18,Weekday,19,3,0,True
KJ18,Weekday,20,1,4,True
KJ18,Weekday,21,1,0,True
KJ18,Weekday,22,1,0,True
KJ18,Weekday,23,1,0,True
KJ18,Weekend,0,1,-1,False
KJ18,Weekend,1,1,-1,False
KJ18,Weekend,2,1,-1,False
KJ18,Weekend,3,1,-1,False
KJ18,Weekend,4,1,-1,False
KJ18,Weekend,5,1,-1,False
KJ18,Weekend,6,1,0,True
KJ18,Weekend,7,1,0,True
KJ18,Weekend,8,1,0,True
KJ18,Weekend,9,1,0,True
KJ18,Weekend,10,2,3,True
KJ18,Weekend,11,2,6,True
KJ18,Weekend,12,2,2,True
KJ18,Weekend,13,2,5,True
KJ18,Weekend,14,2,1,True
KJ18,Weekend,15,2,4,True
KJ18,Weekend,16,2,0,True
KJ18,Weekend,17,2,0,True
KJ18,Weekend,18,2,0,True
KJ18,Weekend,19,2,0,True
KJ18,Weekend,20,2,4,True
KJ18,Weekend,21,1,0,True
KJ18,Weekend,22,1,0,True
KJ18,Weekend,23,1,0,True
KJ19,Weekday,0,1,-1,False
KJ19,Weekday,1,1,-1,False
KJ19,Weekday,2,1,-1,False
KJ19,Weekday,3,1,-1,False
KJ19,Weekday,4,1,-1,False
KJ19,Weekday,5,1,-1,False
KJ19,Weekday,6,4,0,True
KJ19,Weekday,7,5,0,True
KJ19,Weekday,8,5,0,True
KJ19,Weekday,9,1,0,True
KJ19,Weekday,10,1,3,True
KJ19,Weekday,11,1,6,True
KJ19,Weekday,12,1,2,True
KJ19,Weekday,13,1,5,True
KJ19,Weekday,14,1,1,True
KJ19,Weekday,15,1,4,True
KJ19,Weekday,16,1,0,True
KJ19,Weekday,17,3,0,True
KJ19,Weekday,18,3,0,True
KJ19,Weekday,19,3,0,True
KJ19,Weekday,20,1,4,True
KJ19,Weekday,21,1,0,True
KJ19,Weekday,22,1,0,True
KJ19,Weekday,23,1,0,True
KJ19,Weekend,0,1,-1,False
KJ19,Weekend,1,1,-1,False
KJ19,Weekend,2,1,-1,False
KJ19,Weekend,3,1,-1,False
KJ19,Weekend,4,1,-1,False
KJ19,Weekend,5,1,-1,False
KJ19,Weekend,6,1,0,True
KJ19,Weekend,7,1,0,True
KJ19,Weekend,8,1,0,True
KJ19,Weekend,9,1,0,True
KJ19,Weekend,10,2,3,True
KJ19,Weekend,11,2,6,True
KJ19,Weekend,12,2,2,True
KJ19,Weekend,13,2,5,True
KJ19,Weekend,14,2,1,True
KJ19,Weekend,15,2,4,True
KJ19,Weekend,16,2,0,True
KJ19,Weekend,17,2,0,True
KJ19,Weekend,18,2,0,True
KJ19,Weekend,19,2,0,True
KJ19,Weekend,20,2,4,True
KJ19,Weekend,21,1,0,True
KJ19,Weekend,22,1,0,True
KJ19,Weekend,23,1,0,True
KJ2,Weekday,0,1,-1,False
KJ2,Weekday,1,1,-1,False
KJ2,Weekday,2,1,-1,False
KJ2,Weekday,3,1,-1,False
KJ2,Weekday,4,1,-1,False
KJ2,Weekday,5,1,-1,False
KJ2,Weekday,6,4,0,True
KJ2,Weekday,7,5,0,True
KJ2,Weekday,8,5,0,True
KJ2,Weekday,9,1,0,True
KJ2,Weekday,10,1,3,True
KJ2,Weekday,11,1,6,True
KJ2,Weekday,12,1,2,True
KJ2,Weekday,13,1,5,True
KJ2,Weekday,14,1,1,True
KJ2,Weekday,15,1,4,True
KJ2,Weekday,16,1,0,True
KJ2,Weekday,17,3,0,True
KJ2,Weekday,18,3,0,True
KJ2,Weekday,19,3,0,True
KJ2,Weekday,20,1,4,True
KJ2,Weekday,21,1,0,True
KJ2,Weekday,22,1,0,True
KJ2,Weekday,23,1,0,True
KJ2,Weekend,0,1,-1,False
KJ2,Weekend,1,1,-1,False
KJ2,Weekend,2,1,-1,False
KJ2,Weekend,3,1,-1,False
KJ2,Weekend,4,1,-1,False
KJ2,Weekend,5,1,-1,False
KJ2,Weekend,6,1,0,True
KJ2,Weekend,7,1,0,True
KJ2,Weekend,8,1,0,True
KJ2,Weekend,9,1,0,True
KJ2,Weekend,10,2,3,True
KJ2,Weekend,11,2,6,True
KJ2,Weekend,12,2,2,True
KJ2,Weekend,13,2,5,True
KJ2,Weekend,14,2,1,True
KJ2,Weekend,15,2,4,True
KJ2,Weekend,16,2,0,True
KJ2,Weekend,17,2,0,True
KJ2,Weekend,18,2,0,True
KJ2,Weekend,19,2,0,True
KJ2,Weekend,20,2,4,True
KJ2,Weekend,21,1,0,True
KJ2,Weekend,22,1,0,True
KJ2,Weekend,23,1,0,True
KJ20,Weekday,0,1,-1,False
KJ20,Weekday,1,1,-1,False
KJ20,Weekday,2,1,-1,False
KJ20,Weekday,3,1,-1,False
KJ20,Weekday,4,1,-1,False
KJ20,Weekday,5,1,-1,False
KJ20,Weekday,6,4,0,True
KJ20,Weekday,7,5,0,True
KJ20,Weekday,8,5,0,True
KJ20,Weekday,9,1,0,True
KJ20,Weekday,10,1,3,True
KJ20,Weekday,11,1,6,True
KJ20,Weekday,12,1,2,True
KJ20,Weekday,13,1,5,True
KJ20,Weekday,14,1,1,True
KJ20,Weekday,15,1,4,True
KJ20,Weekday,16,1,0,True
KJ20,Weekday,17,3,0,True
KJ20,Weekday,18,3,0,True
KJ20,Weekday,19,3,0,True
KJ20,Weekday,20,1,4,True
KJ20,Weekday,21,1,0,True
KJ20,Weekday,22,1,0,True
KJ20,Weekday,23,1,0,True
KJ20,Weekend,0,1,-1,False
KJ20,Weekend,1,1,-1,False
KJ20,Weekend,2,1,-1,False
KJ20,Weekend,3,1,-1,False
KJ20,Weekend,4,1,-1,False
KJ20,Weekend,5,1,-1,False
KJ20,Weekend,6,1,0,True
KJ20,Weekend,7,1,0,True
KJ20,Weekend,8,1,0,True
KJ20,Weekend,9,1,0,True
KJ20,Weekend,10,2,3,True
KJ20,Weekend,11,2,6,True
KJ20,Weekend,12,2,2,True
KJ20,Weekend,13,2,5,True
KJ20,Weekend,14,2,1,True
KJ20,Weekend,15,2,4,True
KJ20,Weekend,16,2,0,True
KJ20,Weekend,17,2,0,True
KJ20,Weekend,18,2,0,True
KJ20,Weekend,19,2,0,True
KJ20,Weekend,20,2,4,True
KJ20,Weekend,21,1,0,True
KJ20,Weekend,22,1,0,True
KJ20,Weekend,23,1,0,True
KJ21,Weekday,0,1,-1,False
KJ21,Weekday,1,1,-1,False
KJ21,Weekday,2,1,-1,False
KJ21,Weekday,3,1,-1,False
KJ21,Weekday,4,1,-1,False
KJ21,Weekday,5,1,-1,False
KJ21,Weekday,6,4,0,True
KJ21,Weekday,7,5,0,True
KJ21,Weekday,8,5,0,True
KJ21,Weekday,9,1,0,True
KJ21,Weekday,10,1,3,True
KJ21,Weekday,11,1,6,True
KJ21,Weekday,12,1,2,True
KJ21,Weekday,13,1,5,True
KJ21,Weekday,14,1,1,True
KJ21,Weekday,15,1,4,True
KJ21,Weekday,16,1,0,True
KJ21,Weekday,17,3,0,True
KJ21,Weekday,18,3,0,True
KJ21,Weekday,19,3,0,True
KJ21,Weekday,20,1,4,True
KJ21,Weekday,21,1,0,True
KJ21,Weekday,22,1,0,True
KJ21,Weekday,23,1,0,True
KJ21,Weekend,0,1,-1,False
KJ21,Weekend,1,1,-1,False
KJ21,Weekend,2,1,-1,False
KJ21,Weekend,3,1,-1,False
KJ21,Weekend,4,1,-1,False
KJ21,Weekend,5,1,-1,False
KJ21,Weekend,6,1,0,True
KJ21,Weekend,7,1,0,True
KJ21,Weekend,8,1,0,True
KJ21,Weekend,9,1,0,True
KJ21,Weekend,10,2,3,True
KJ21,Weekend,11,2,6,True
KJ21,Weekend,12,2,2,True
KJ21,Weekend,13,2,5,True
KJ21,Weekend,14,2,1,True
KJ21,Weekend,15,2,4,True
KJ21,Weekend,16,2,0,True
KJ21,Weekend,17,2,0,True
KJ21,Weekend,18,2,0,True
KJ21,Weekend,19,2,0,True
KJ21,Weekend,20,2,4,True
KJ21,Weekend,21,1,0,True
KJ21,Weekend,22,1,0,True
KJ21,Weekend,23,1,0,True
KJ22,Weekday,0,1,-1,False
KJ22,Weekday,1,1,-1,False
KJ22,Weekday,2,1,-1,False
KJ22,Weekday,3,1,-1,False
KJ22,Weekday,4,1,-1,False
KJ22,Weekday,5,1,-1,False
KJ22,Weekday,6,4,0,True
KJ22,Weekday,7,5,0,True
KJ22,Weekday,8,5,0,True
KJ22,Weekday,9,1,0,True
KJ22,Weekday,10,1,3,True
KJ22,Weekday,11,1,6,True
KJ22,Weekday,12,1,2,True
KJ22,Weekday,13,1,5,True
KJ22,Weekday,14,1,1,True
KJ22,Weekday,15,1,4,True
KJ22,Weekday,16,1,0,True
KJ22,Weekday,17,3,0,True
KJ22,Weekday,18,3,0,True
KJ22,Weekday,19,3,0,True
KJ22,Weekday,20,1,4,True
KJ22,Weekday,21,1,0,True
KJ22,Weekday,22,1,0,True
KJ22,Weekday,23,1,0,True
KJ22,Weekend,0,1,-1,False
KJ22,Weekend,1,1,-1,False
KJ22,Weekend,2,1,-1,False
KJ22,Weekend,3,1,-1,False
KJ22,Weekend,4,1,-1,False
KJ22,Weekend,5,1,-1,False
KJ22,Weekend,6,1,0,True
KJ22,Weekend,7,1,0,True
KJ22,Weekend,8,1,0,True
KJ22,Weekend,9,1,0,True
KJ22,Weekend,10,2,3,True
KJ22,Weekend,11,2,6,True
KJ22,Weekend,12,2,2,True
KJ22,Weekend,13,2,5,True
KJ22,Weekend,14,2,1,True
KJ22,Weekend,15,2,4,True
KJ22,Weekend,16,2,0,True
KJ22,Weekend,17,2,0,True
KJ22,Weekend,18,2,0,True
KJ22,Weekend,19,2,0,True
KJ22,Weekend,20,2,4,True
KJ22,Weekend,21,1,0,True
KJ22,Weekend,22,1,0,True
KJ22,Weekend,23,1,0,True
KJ23,Weekday,0,1,-1,False
KJ23,Weekday,1,1,-1,False
KJ23,Weekday,2,1,-1,False
KJ23,Weekday,3,1,-1,False
KJ23,Weekday,4,1,-1,False
KJ23,Weekday,5,1,-1,False
KJ23,Weekday,6,4,0,True
KJ23,Weekday,7,5,0,True
KJ23,Weekday,8,5,0,True
KJ23,Weekday,9,1,0,True
KJ23,Weekday,10,1,3,True
KJ23,Weekday,11,1,6,True
KJ23,Weekday,12,1,2,True
KJ23,Weekday,13,1,5,True
KJ23,Weekday,14,1,1,True
KJ23,Weekday,15,1,4,True
KJ23,Weekday,16,1,0,True
KJ23,Weekday,17,3,0,True
KJ23,Weekday,18,3,0,True
KJ23,Weekday,19,3,0,True
KJ23,Weekday,20,1,4,True
KJ23,Weekday,21,1,0,True
KJ23,Weekday,22,1,0,True
KJ23,Weekday,23,1,0,True
KJ23,Weekend,0,1,-1,False
KJ23,Weekend,1,1,-1,False
KJ23,Weekend,2,1,-1,False
KJ23,Weekend,3,1,-1,False
KJ23,Weekend,4,1,-1,False
KJ23,Weekend,5,1,-1,False
KJ23,Weekend,6,1,0,True
KJ23,Weekend,7,1,0,True
KJ23,Weekend,8,1,0,True
KJ23,Weekend,9,1,0,True
KJ23,Weekend,10,2,3,True
KJ23,Weekend,11,2,6,True
KJ23,Weekend,12,2,2,True
KJ23,Weekend,13,2,5,True
KJ23,Weekend,14,2,1,True
KJ23,Weekend,15,2,4,True
KJ23,Weekend,16,2,0,True
KJ23,Weekend,17,2,0,True
KJ23,Weekend,18,2,0,True
KJ23,Weekend,19,2,0,True
KJ23,Weekend,20,2,4,True
KJ23,Weekend,21,1,0,True
KJ23,Weekend,22,1,0,True
KJ23,Weekend,23,1,0,True
KJ24,Weekday,0,1,-1,False
KJ24,Weekday,1,1,-1,False
KJ24,Weekday,2,1,-1,False
KJ24,Weekday,3,1,-1,False
KJ24,Weekday,4,1,-1,False
KJ24,Weekday,5,1,-1,False
KJ24,Weekday,6,4,0,True
KJ24,Weekday,7,5,0,True
KJ24,Weekday,8,5,0,True
KJ24,Weekday,9,1,0,True
KJ24,Weekday,10,1,3,True
KJ24,Weekday,11,1,6,True
KJ24,Weekday,12,1,2,True
KJ24,Weekday,13,1,5,True
KJ24,Weekday,14,1,1,True
KJ24,Weekday,15,1,4,True
KJ24,Weekday,16,1,0,True
KJ24,Weekday,17,3,0,True
KJ24,Weekday,18,3,0,True
KJ24,Weekday,19,3,0,True
KJ24,Weekday,20,1,4,True
KJ24,Weekday,21,1,0,True
KJ24,Weekday,22,1,0,True
KJ24,Weekday,23,1,0,True
KJ24,Weekend,0,1,-1,False
KJ24,Weekend,1,1,-1,False
KJ24,Weekend,2,1,-1,False
KJ24,Weekend,3,1,-1,False
KJ24,Weekend,4,1,-1,False
KJ24,Weekend,5,1,-1,False
KJ24,Weekend,6,1,0,True
KJ24,Weekend,7,1,0,True
KJ24,Weekend,8,1,0,True
KJ24,Weekend,9,1,0,True
KJ24,Weekend,10,2,3,True
KJ24,Weekend,11,2,6,True
KJ24,Weekend,12,2,2,True
KJ24,Weekend,13,2,5,True
KJ24,Weekend,14,2,1,True
KJ24,Weekend,15,2,4,True
KJ24,Weekend,16,2,0,True
KJ24,Weekend,17,2,0,True
KJ24,Weekend,18,2,0,True
KJ24,Weekend,19,2,0,True
KJ24,Weekend,20,2,4,True
KJ24,Weekend,21,1,0,True
KJ24,Weekend,22,1,0,True
KJ24,Weekend,23,1,0,True
KJ25,Weekday,0,1,-1,False
KJ25,Weekday,1,1,-1,False
KJ25,Weekday,2,1,-1,False
KJ25,Weekday,3,1,-1,False
KJ25,Weekday,4,1,-1,False
KJ25,Weekday,5,1,-1,False
KJ25,Weekday,6,4,0,True
KJ25,Weekday,7,5,0,True
KJ25,Weekday,8,5,0,True
KJ25,Weekday,9,1,0,True
KJ25,Weekday,10,1,3,True
KJ25,Weekday,11,1,6,True
KJ25,Weekday,12,1,2,True
KJ25,Weekday,13,1,5,True
KJ25,Weekday,14,1,1,True
KJ25,Weekday,15,1,4,True
KJ25,Weekday,16,1,0,True
KJ25,Weekday,17,3,0,True
KJ25,Weekday,18,3,0,True
KJ25,Weekday,19,3,0,True
KJ25,Weekday,20,1,4,True
KJ25,Weekday,21,1,0,True
KJ25,Weekday,22,1,0,True
KJ25,Weekday,23,1,0,True
KJ25,Weekend,0,1,-1,False
KJ25,Weekend,1,1,-1,False
KJ25,Weekend,2,1,-1,False
KJ25,Weekend,3,1,-1,False
KJ25,Weekend,4,1,-1,False
KJ25,Weekend,5,1,-1,False
KJ25,Weekend,6,1,0,True
KJ25,Weekend,7,1,0,True
KJ25,Weekend,8,1,0,True
KJ25,Weekend,9,1,0,True
KJ25,Weekend,10,2,3,True
KJ25,Weekend,11,2,6,True
KJ25,Weekend,12,2,2,True
KJ25,Weekend,13,2,5,True
KJ25,Weekend,14,2,1,True
KJ25,Weekend,15,2,4,True
KJ25,Weekend,16,2,0,True
KJ25,Weekend,17,2,0,True
KJ25,Weekend,18,2,0,True
KJ25,Weekend,19,2,0,True
KJ25,Weekend,20,2,4,True
KJ25,Weekend,21,1,0,True
KJ25,Weekend,22,1,0,True
KJ25,Weekend,23,1,0,True
KJ26,Weekday,0,1,-1,False
KJ26,Weekday,1,1,-1,False
KJ26,Weekday,2,1,-1,False
KJ26,Weekday,3,1,-1,False
KJ26,Weekday,4,1,-1,False
KJ26,Weekday,5,1,-1,False
KJ26,Weekday,6,4,0,True
KJ26,Weekday,7,5,0,True
KJ26,Weekday,8,5,0,True
KJ26,Weekday,9,1,0,True
KJ26,Weekday,10,1,3,True
KJ26,Weekday,11,1,6,True
KJ26,Weekday,12,1,2,True
KJ26,Weekday,13,1,5,True
KJ26,Weekday,14,1,1,True
KJ26,Weekday,15,1,4,True
KJ26,Weekday,16,1,0,True
KJ26,Weekday,17,3,0,True
KJ26,Weekday,18,3,0,True
KJ26,Weekday,19,3,0,True
KJ26,Weekday,20,1,4,True
KJ26,Weekday,21,1,0,True
KJ26,Weekday,22,1,0,True
KJ26,Weekday,23,1,0,True
KJ26,Weekend,0,1,-1,False
KJ26,Weekend,1,1,-1,False
KJ26,Weekend,2,1,-1,False
KJ26,Weekend,3,1,-1,False
KJ26,Weekend,4,1,-1,False
KJ26,Weekend,5,1,-1,False
KJ26,Weekend,6,1,0,True
KJ26,Weekend,7,1,0,True
KJ26,Weekend,8,1,0,True
KJ26,Weekend,9,1,0,True
KJ26,Weekend,10,2,3,True
KJ26,Weekend,11,2,6,True
KJ26,Weekend,12,2,2,True
KJ26,Weekend,13,2,5,True
KJ26,Weekend,14,2,1,True
KJ26,Weekend,15,2,4,True
KJ26,Weekend,16,2,0,True
KJ26,Weekend,17,2,0,True
KJ26,Weekend,18,2,0,True
KJ26,Weekend,19,2,0,True
KJ26,Weekend,20,2,4,True
KJ26,Weekend,21,1,0,True
KJ26,Weekend,22,1,0,True
KJ26,Weekend,23,1,0,True
KJ27,Weekday,0,1,-1,False
KJ27,Weekday,1,1,-1,False
KJ27,Weekday,2,1,-1,False
KJ27,Weekday,3,1,-1,False
KJ27,Weekday,4,1,-1,False
KJ27,Weekday,5,1,-1,False
KJ27,Weekday,6,4,0,True
KJ27,Weekday,7,5,0,True
KJ27,Weekday,8,5,0,True
KJ27,Weekday,9,1,0,True
KJ27,Weekday,10,1,3,True
KJ27,Weekday,11,1,6,True
KJ27,Weekday,12,1,2,True
KJ27,Weekday,13,1,5,True
KJ27,Weekday,14,1,1,True
KJ27,Weekday,15,1,4,True
KJ27,Weekday,16,1,0,True
KJ27,Weekday,17,3,0,True
KJ27,Weekday,18,3,0,True
KJ27,Weekday,19,3,0,True
KJ27,Weekday,20,1,4,True
KJ27,Weekday,21,1,0,True
KJ27,Weekday,22,1,0,True
KJ27,Weekday,23,1,0,True
KJ27,Weekend,0,1,-1,False
KJ27,Weekend,1,1,-1,False
KJ27,Weekend,2,1,-1,False
KJ27,Weekend,3,1,-1,False
KJ27,Weekend,4,1,-1,False
KJ27,Weekend,5,1,-1,False
KJ27,Weekend,6,1,0,True
KJ27,Weekend,7,1,0,True
KJ27,Weekend,8,1,0,True
KJ27,Weekend,9,1,0,True
KJ27,Weekend,10,2,3,True
KJ27,Weekend,11,2,6,True
KJ27,Weekend,12,2,2,True
KJ27,Weekend,13,2,5,True
KJ27,Weekend,14,2,1,True
KJ27,Weekend,15,2,4,True
KJ27,Weekend,16,2,0,True
KJ27,Weekend,17,2,0,True
KJ27,Weekend,18,2,0,True
KJ27,Weekend,19,2,0,True
KJ27,Weekend,20,2,4,True
KJ27,Weekend,21,1,0,True
KJ27,Weekend,22,1,0,True
KJ27,Weekend,23,1,0,True
KJ28,Weekday,0,1,-1,False
KJ28,Weekday,1,1,-1,False
KJ28,Weekday,2,1,-1,False
KJ28,Weekday,3,1,-1,False
KJ28,Weekday,4,1,-1,False
KJ28,Weekday,5,1,-1,False
KJ28,Weekday,6,4,0,True
KJ28,Weekday,7,5,0,True
KJ28,Weekday,8,5,0,True
KJ28,Weekday,9,1,0,True
KJ28,Weekday,10,1,3,True
KJ28,Weekday,11,1,6,True
KJ28,Weekday,12,1,2,True
KJ28,Weekday,13,1,5,True
KJ28,Weekday,14,1,1,True
KJ28,Weekday,15,1,4,True
KJ28,Weekday,16,1,0,True
KJ28,Weekday,17,3,0,True
KJ28,Weekday,18,3,0,True
KJ28,Weekday,19,3,0,True
KJ28,Weekday,20,1,4,True
KJ28,Weekday,21,1,0,True
KJ28,Weekday,22,1,0,True
KJ28,Weekday,23,1,0,True
KJ28,Weekend,0,1,-1,False
KJ28,Weekend,1,1,-1,False
KJ28,Weekend,2,1,-1,False
KJ28,Weekend,3,1,-1,False
KJ28,Weekend,4,1,-1,False
KJ28,Weekend,5,1,-1,False
KJ28,Weekend,6,1,0,True
KJ28,Weekend,7,1,0,True
KJ28,Weekend,8,1,0,True
KJ28,Weekend,9,1,0,True
KJ28,Weekend,10,2,3,True
KJ28,Weekend,11,2,6,True
KJ28,Weekend,12,2,2,True
KJ28,Weekend,13,2,5,True
KJ28,Weekend,14,2,1,True
KJ28,Weekend,15,2,4,True
KJ28,Weekend,16,2,0,True
KJ28,Weekend,17,2,0,True
KJ28,Weekend,18,2,0,True
KJ28,Weekend,19,2,0,True
KJ28,Weekend,20,2,4,True
KJ28,Weekend,21,1,0,True
KJ28,Weekend,22,1,0,True
KJ28,Weekend,23,1,0,True
KJ29,Weekday,0,1,-1,False
KJ29,Weekday,1,1,-1,False
KJ29,Weekday,2,1,-1,False
KJ29,Weekday,3,1,-1,False
KJ29,Weekday,4,1,-1,False
KJ29,Weekday,5,1,-1,False
KJ29,Weekday,6,4,0,True
KJ29,Weekday,7,5,0,True
KJ29,Weekday,8,5,0,True
KJ29,Weekday,9,1,0,True
KJ29,Weekday,10,1,3,True
KJ29,Weekday,11,1,6,True
KJ29,Weekday,12,1,2,True
KJ29,Weekday,13,1,5,True
KJ29,Weekday,14,1,1,True
KJ29,Weekday,15,1,4,True
KJ29,Weekday,16,1,0,True
KJ29,Weekday,17,3,0,True
KJ29,Weekday,18,3,0,True
KJ29,Weekday,19,3,0,True
KJ29,Weekday,20,1,4,True
KJ29,Weekday,21,1,0,True
KJ29,Weekday,22,1,0,True
KJ29,Weekday,23,1,0,True
KJ29,Weekend,0,1,-1,False
KJ29,Weekend,1,1,-1,False
KJ29,Weekend,2,1,-1,False
KJ29,Weekend,3,1,-1,False
KJ29,Weekend,4,1,-1,False
KJ29,Weekend,5,1,-1,False
KJ29,Weekend,6,1,0,True
KJ29,Weekend,7,1,0,True
KJ29,Weekend,8,1,0,True
KJ29,Weekend,9,1,0,True
KJ29,Weekend,10,2,3,True
KJ29,Weekend,11,2,6,True
KJ29,Weekend,12,2,2,True
KJ29,Weekend,13,2,5,True
KJ29,Weekend,14,2,1,True
KJ29,Weekend,15,2,4,True
KJ29,Weekend,16,2,0,True
KJ29,Weekend,17,2,0,True
KJ29,Weekend,18,2,0,True
KJ29,Weekend,19,2,0,True
KJ29,Weekend,20,2,4,True
KJ29,Weekend,21,1,0,True
KJ29,Weekend,22,1,0,True
KJ29,Weekend,23,1,0,True
KJ3,Weekday,0,1,-1,False
KJ3,Weekday,1,1,-1,False
KJ3,Weekday,2,1,-1,False
KJ3,Weekday,3,1,-1,False
KJ3,Weekday,4,1,-1,False
KJ3,Weekday,5,1,-1,False
KJ3,Weekday,6,4,0,True
KJ3,Weekday,7,5,0,True
KJ3,Weekday,8,5,0,True
KJ3,Weekday,9,1,0,True
KJ3,Weekday,10,1,3,True
KJ3,Weekday,11,1,6,True
KJ3,Weekday,12,1,2,True
KJ3,Weekday,13,1,5,True
KJ3,Weekday,14,1,1,True
KJ3,Weekday,15,1,4,True
KJ3,Weekday,16,1,0,True
KJ3,Weekday,17,3,0,True
KJ3,Weekday,18,3,0,True
KJ3,Weekday,19,3,0,True
KJ3,Weekday,20,1,4,True
KJ3,Weekday,21,1,0,True
KJ3,Weekday,22,1,0,True
KJ3,Weekday,23,1,0,True
KJ3,Weekend,0,1,-1,False
KJ3,Weekend,1,1,-1,False
KJ3,Weekend,2,1,-1,False
KJ3,Weekend,3,1,-1,False
KJ3,Weekend,4,1,-1,False
KJ3,Weekend,5,1,-1,False
KJ3,Weekend,6,1,0,True
KJ3,Weekend,7,1,0,True
KJ3,Weekend,8,1,0,True
KJ3,Weekend,9,1,0,True
KJ3,Weekend,10,2,3,True
KJ3,Weekend,11,2,6,True
KJ3,Weekend,12,2,2,True
KJ3,Weekend,13,2,5,True
KJ3,Weekend,14,2,1,True
KJ3,Weekend,15,2,4,True
KJ3,Weekend,16,2,0,True
KJ3,Weekend,17,2,0,True
KJ3,Weekend,18,2,0,True
KJ3,Weekend,19,2,0,True
KJ3,Weekend,20,2,4,True
KJ3,Weekend,21,1,0,True
KJ3,Weekend,22,1,0,True
KJ3,Weekend,23,1,0,True
KJ30,Weekday,0,1,-1,False
KJ30,Weekday,1,1,-1,False
KJ30,Weekday,2,1,-1,False
KJ30,Weekday,3,1,-1,False
KJ30,Weekday,4,1,-1,False
KJ30,Weekday,5,1,-1,False
KJ30,Weekday,6,4,0,True
KJ30,Weekday,7,5,0,True
KJ30,Weekday,8,5,0,True
KJ30,Weekday,9,1,0,True
KJ30,Weekday,10,1,3,True
KJ30,Weekday,11,1,6,True
KJ30,Weekday,12,1,2,True
KJ30,Weekday,13,1,5,True
KJ30,Weekday,14,1,1,True
KJ30,Weekday,15,1,4,True
KJ30,Weekday,16,1,0,True
KJ30,Weekday,17,3,0,True
KJ30,Weekday,18,3,0,True
KJ30,Weekday,19,3,0,True
KJ30,Weekday,20,1,4,True
KJ30,Weekday,21,1,0,True
KJ30,Weekday,22,1,0,True
KJ30,Weekday,23,1,0,True
KJ30,Weekend,0,1,-1,False
KJ30,Weekend,1,1,-1,False
KJ30,Weekend,2,1,-1,False
KJ30,Weekend,3,1,-1,False
KJ30,Weekend,4,1,-1,False
KJ30,Weekend,5,1,-1,False
KJ30,Weekend,6,1,0,True
KJ30,Weekend,7,1,0,True
KJ30,Weekend,8,1,0,True
KJ30,Weekend,9,1,0,True
KJ30,Weekend,10,2,3,True
KJ30,Weekend,11,2,6,True
KJ30,Weekend,12,2,2,True
KJ30,Weekend,13,2,5,True
KJ30,Weekend,14,2,1,True
KJ30,Weekend,15,2,4,True
KJ30,Weekend,16,2,0,True
KJ30,Weekend,17,2,0,True
KJ30,Weekend,18,2,0,True
KJ30,Weekend,19,2,0,True
KJ30,Weekend,20,2,4,True
KJ30,Weekend,21,1,0,True
KJ30,Weekend,22,1,0,True
KJ30,Weekend,23,1,0,True
KJ31,Weekday,0,1,-1,False
KJ31,Weekday,1,1,-1,False
KJ31,Weekday,2,1,-1,False
KJ31,Weekday,3,1,-1,False
KJ31,Weekday,4,1,-1,False
KJ31,Weekday,5,1,-1,False
KJ31,Weekday,6,2,0,True
KJ31,Weekday,7,5,0,True
KJ31,Weekday,8,5,0,True
KJ31,Weekday,9,2,0,True
KJ31,Weekday,10,2,3,True
KJ31,Weekday,11,2,6,True
KJ31,Weekday,12,2,2,True
KJ31,Weekday,13,2,5,True
KJ31,Weekday,14,2,1,True
KJ31,Weekday,15,2,4,True
KJ31,Weekday,16,2,0,True
KJ31,Weekday,17,5,0,True
KJ31,Weekday,18,5,0,True
KJ31,Weekday,19,2,0,True
KJ31,Weekday,20,2,4,True
KJ31,Weekday,21,2,0,True
KJ31,Weekday,22,2,0,True
KJ31,Weekday,23,2,0,True
KJ31,Weekend,0,1,-1,False
KJ31,Weekend,1,1,-1,False
KJ31,Weekend,2,1,-1,False
KJ31,Weekend,3,1,-1,False
KJ31,Weekend,4,1,-1,False
KJ31,Weekend,5,1,-1,False
KJ31,Weekend,6,2,0,True
KJ31,Weekend,7,2,0,True
KJ31,Weekend,8,2,0,True
KJ31,Weekend,9,2,0,True
KJ31,Weekend,10,3,3,True
KJ31,Weekend,11,3,6,True
KJ31,Weekend,12,3,2,True
KJ31,Weekend,13,3,5,True
KJ31,Weekend,14,3,1,True
KJ31,Weekend,15,3,4,True
KJ31,Weekend,16,3,0,True
KJ31,Weekend,17,3,0,True
KJ31,Weekend,18,3,0,True
KJ31,Weekend,19,3,0,True
KJ31,Weekend,20,2,4,True
KJ31,Weekend,21,2,0,True
KJ31,Weekend,22,2,0,True
KJ31,Weekend,23,2,0,True
KJ32,Weekday,0,1,-1,False
KJ32,Weekday,1,1,-1,False
KJ32,Weekday,2,1,-1,False
KJ32,Weekday,3,1,-1,False
KJ32,Weekday,4,1,-1,False
KJ32,Weekday,5,1,-1,False
KJ32,Weekday,6,4,0,True
KJ32,Weekday,7,5,0,True
KJ32,Weekday,8,5,0,True
KJ32,Weekday,9,1,0,True
KJ32,Weekday,10,1,3,True
KJ32,Weekday,11,1,6,True
KJ32,Weekday,12,1,2,True
KJ32,Weekday,13,1,5,True
KJ32,Weekday,14,1,1,True
KJ32,Weekday,15,1,4,True
KJ32,Weekday,16,1,0,True
KJ32,Weekday,17,3,0,True
KJ32,Weekday,18,3,0,True
KJ32,Weekday,19,3,0,True
KJ32,Weekday,20,1,4,True
KJ32,Weekday,21,1,0,True
KJ32,Weekday,22,1,0,True
KJ32,Weekday,23,1,0,True
KJ32,Weekend,0,1,-1,False
KJ32,Weekend,1,1,-1,False
KJ32,Weekend,2,1,-1,False
KJ32,Weekend,3,1,-1,False
KJ32,Weekend,4,1,-1,False
KJ32,Weekend,5,1,-1,False
KJ32,Weekend,6,1,0,True
KJ32,Weekend,7,1,0,True
KJ32,Weekend,8,1,0,True
KJ32,Weekend,9,1,0,True
KJ32,Weekend,10,2,3,True
KJ32,Weekend,11,2,6,True
KJ32,Weekend,12,2,2,True
KJ32,Weekend,13,2,5,True
KJ32,Weekend,14,2,1,True
KJ32,Weekend,15,2,4,True
KJ32,Weekend,16,2,0,True
KJ32,Weekend,17,2,0,True
KJ32,Weekend,18,2,0,True
KJ32,Weekend,19,2,0,True
KJ32,Weekend,20,2,4,True
KJ32,Weekend,21,1,0,True
KJ32,Weekend,22,1,0,True
KJ32,Weekend,23,1,0,True
KJ33,Weekday,0,1,-1,False
KJ33,Weekday,1,1,-1,False
KJ33,Weekday,2,1,-1,False
KJ33,Weekday,3,1,-1,False
KJ33,Weekday,4,1,-1,False
KJ33,Weekday,5,1,-1,False
KJ33,Weekday,6,4,0,True
KJ33,Weekday,7,5,0,True
KJ33,Weekday,8,5,0,True
KJ33,Weekday,9,1,0,True
KJ33,Weekday,10,1,3,True
KJ33,Weekday,11,1,6,True
KJ33,Weekday,12,1,2,True
KJ33,Weekday,13,1,5,True
KJ33,Weekday,14,1,1,True
KJ33,Weekday,15,1,4,True
KJ33,Weekday,16,1,0,True
KJ33,Weekday,17,3,0,True
KJ33,Weekday,18,3,0,True
KJ33,Weekday,19,3,0,True
KJ33,Weekday,20,1,4,True
KJ33,Weekday,21,1,0,True
KJ33,Weekday,22,1,0,True
KJ33,Weekday,23,1,0,True
KJ33,Weekend,0,1,-1,False
KJ33,Weekend,1,1,-1,False
KJ33,Weekend,2,1,-1,False
KJ33,Weekend,3,1,-1,False
KJ33,Weekend,4,1,-1,False
KJ33,Weekend,5,1,-1,False
KJ33,Weekend,6,1,0,True
KJ33,Weekend,7,1,0,True
KJ33,Weekend,8,1,0,True
KJ33,Weekend,9,1,0,True
KJ33,Weekend,10,2,3,True
KJ33,Weekend,11,2,6,True
KJ33,Weekend,12,2,2,True
KJ33,Weekend,13,2,5,True
KJ33,Weekend,14,2,1,True
KJ33,Weekend,15,2,4,True
KJ33,Weekend,16,2,0,True
KJ33,Weekend,17,2,0,True
KJ33,Weekend,18,2,0,True
KJ33,Weekend,19,2,0,True
KJ33,Weekend,20,2,4,True
KJ33,Weekend,21,1,0,True
KJ33,Weekend,22,1,0,True
KJ33,Weekend,23,1,0,True
KJ34,Weekday,0,1,-1,False
KJ34,Weekday,1,1,-1,False
KJ34,Weekday,2,1,-1,False
KJ34,Weekday,3,1,-1,False
KJ34,Weekday,4,1,-1,False
KJ34,Weekday,5,1,-1,False
KJ34,Weekday,6,4,0,True
KJ34,Weekday,7,5,0,True
KJ34,Weekday,8,5,0,True
KJ34,Weekday,9,1,0,True
KJ34,Weekday,10,1,3,True
KJ34,Weekday,11,1,6,True
KJ34,Weekday,12,1,2,True
KJ34,Weekday,13,1,5,True
KJ34,Weekday,14,1,1,True
KJ34,Weekday,15,1,4,True
KJ34,Weekday,16,1,0,True
KJ34,Weekday,17,3,0,True
KJ34,Weekday,18,3,0,True
KJ34,Weekday,19,3,0,True
KJ34,Weekday,20,1,4,True
KJ34,Weekday,21,1,0,True
KJ34,Weekday,22,1,0,True
KJ34,Weekday,23,1,0,True
KJ34,Weekend,0,1,-1,False
KJ34,Weekend,1,1,-1,False
KJ34,Weekend,2,1,-1,False
KJ34,Weekend,3,1,-1,False
KJ34,Weekend,4,1,-1,False
KJ34,Weekend,5,1,-1,False
KJ34,Weekend,6,1,0,True
KJ34,Weekend,7,1,0,True
KJ34,Weekend,8,1,0,True
KJ34,Weekend,9,1,0,True
KJ34,Weekend,10,2,3,True
KJ34,Weekend,11,2,6,True
KJ34,Weekend,12,2,2,True
KJ34,Weekend,13,2,5,True
KJ34,Weekend,14,2,1,True
KJ34,Weekend,15,2,4,True
KJ34,Weekend,16,2,0,True
KJ34,Weekend,17,2,0,True
KJ34,Weekend,18,2,0,True
KJ34,Weekend,19,2,0,True
KJ34,Weekend,20,2,4,True
KJ34,Weekend,21,1,0,True
KJ34,Weekend,22,1,0,True
KJ34,Weekend,23,1,0,True
KJ35,Weekday,0,1,-1,False
KJ35,Weekday,1,1,-1,False
KJ35,Weekday,2,1,-1,False
KJ35,Weekday,3,1,-1,False
KJ35,Weekday,4,1,-1,False
KJ35,Weekday,5,1,-1,False
KJ35,Weekday,6,4,0,True
KJ35,Weekday,7,5,0,True
KJ35,Weekday,8,5,0,True
KJ35,Weekday,9,1,0,True
KJ35,Weekday,10,1,3,True
KJ35,Weekday,11,1,6,True
KJ35,Weekday,12,1,2,True
KJ35,Weekday,13,1,5,True
KJ35,Weekday,14,1,1,True
KJ35,Weekday,15,1,4,True
KJ35,Weekday,16,1,0,True
KJ35,Weekday,17,3,0,True
KJ35,Weekday,18,3,0,True
KJ35,Weekday,19,3,0,True
KJ35,Weekday,20,1,4,True
KJ35,Weekday,21,1,0,True
KJ35,Weekday,22,1,0,True
KJ35,Weekday,23,1,0,True
KJ35,Weekend,0,1,-1,False
KJ35,Weekend,1,1,-1,False
KJ35,Weekend,2,1,-1,False
KJ35,Weekend,3,1,-1,False
KJ35,Weekend,4,1,-1,False
KJ35,Weekend,5,1,-1,False
KJ35,Weekend,6,1,0,True
KJ35,Weekend,7,1,0,True
KJ35,Weekend,8,1,0,True
KJ35,Weekend,9,1,0,True
KJ35,Weekend,10,2,3,True
KJ35,Weekend,11,2,6,True
KJ35,Weekend,12,2,2,True
KJ35,Weekend,13,2,5,True
KJ35,Weekend,14,2,1,True
KJ35,Weekend,15,2,4,True
KJ35,Weekend,16,2,0,True
KJ35,Weekend,17,2,0,True
KJ35,Weekend,18,2,0,True
KJ35,Weekend,19,2,0,True
KJ35,Weekend,20,2,4,True
KJ35,Weekend,21,1,0,True
KJ35,Weekend,22,1,0,True
KJ35,Weekend,23,1,0,True
KJ36,Weekday,0,1,-1,False
KJ36,Weekday,1,1,-1,False
KJ36,Weekday,2,1,-1,False
KJ36,Weekday,3,1,-1,False
KJ36,Weekday,4,1,-1,False
KJ36,Weekday,5,1,-1,False
KJ36,Weekday,6,4,0,True
KJ36,Weekday,7,5,0,True
KJ36,Weekday,8,5,0,True
KJ36,Weekday,9,1,0,True
KJ36,Weekday,10,1,3,True
KJ36,Weekday,11,1,6,True
KJ36,Weekday,12,1,2,True
KJ36,Weekday,13,1,5,True
KJ36,Weekday,14,1,1,True
KJ36,Weekday,15,1,4,True
KJ36,Weekday,16,1,0,True
KJ36,Weekday,17,3,0,True
KJ36,Weekday,18,3,0,True
KJ36,Weekday,19,3,0,True
KJ36,Weekday,20,1,4,True
KJ36,Weekday,21,1,0,True
KJ36,Weekday,22,1,0,True
KJ36,Weekday,23,1,0,True
KJ36,Weekend,0,1,-1,False
KJ36,Weekend,1,1,-1,False
KJ36,Weekend,2,1,-1,False
KJ36,Weekend,3,1,-1,False
KJ36,Weekend,4,1,-1,False
KJ36,Weekend,5,1,-1,False
KJ36,Weekend,6,1,0,True
KJ36,Weekend,7,1,0,True
KJ36,Weekend,8,1,0,True
KJ36,Weekend,9,1,0,True
KJ36,Weekend,10,2,3,True
KJ36,Weekend,11,2,6,True
KJ36,Weekend,12,2,2,True
KJ36,Weekend,13,2,5,True
KJ36,Weekend,14,2,1,True
KJ36,Weekend,15,2,4,True
KJ36,Weekend,16,2,0,True
KJ36,Weekend,17,2,0,True
KJ36,Weekend,18,2,0,True
KJ36,Weekend,19,2,0,True
KJ36,Weekend,20,2,4,True
KJ36,Weekend,21,1,0,True
KJ36,Weekend,22,1,0,True
KJ36,Weekend,23,1,0,True
KJ37,Weekday,0,1,-1,False
KJ37,Weekday,1,1,-1,False
KJ37,Weekday,2,1,-1,False
KJ37,Weekday,3,1,-1,False
KJ37,Weekday,4,1,-1,False
KJ37,Weekday,5,1,-1,False
KJ37,Weekday,6,2,0,True
KJ37,Weekday,7,5,0,True
KJ37,Weekday,8,5,0,True
KJ37,Weekday,9,2,0,True
KJ37,Weekday,10,2,3,True
KJ37,Weekday,11,2,6,True
KJ37,Weekday,12,2,2,True
KJ37,Weekday,13,2,5,True
KJ37,Weekday,14,2,1,True
KJ37,Weekday,15,2,4,True
KJ37,Weekday,16,2,0,True
KJ37,Weekday,17,5,0,True
KJ37,Weekday,18,5,0,True
KJ37,Weekday,19,2,0,True
KJ37,Weekday,20,2,4,True
KJ37,Weekday,21,2,0,True
KJ37,Weekday,22,2,0,True
KJ37,Weekday,23,2,0,True
KJ37,Weekend,0,1,-1,False
KJ37,Weekend,1,1,-1,False
KJ37,Weekend,2,1,-1,False
KJ37,Weekend,3,1,-1,False
KJ37,Weekend,4,1,-1,False
KJ37,Weekend,5,1,-1,False
KJ37,Weekend,6,2,0,True
KJ37,Weekend,7,2,0,True
KJ37,Weekend,8,2,0,True
KJ37,Weekend,9,2,0,True
KJ37,Weekend,10,3,3,True
KJ37,Weekend,11,3,6,True
KJ37,Weekend,12,3,2,True
KJ37,Weekend,13,3,5,True
KJ37,Weekend,14,3,1,True
KJ37,Weekend,15,3,4,True
KJ37,Weekend,16,3,0,True
KJ37,Weekend,17,3,0,True
KJ37,Weekend,18,3,0,True
KJ37,Weekend,19,3,0,True
KJ37,Weekend,20,2,4,True
KJ37,Weekend,21,2,0,True
KJ37,Weekend,22,2,0,True
KJ37,Weekend,23,2,0,True
KJ4,Weekday,0,1,-1,False
KJ4,Weekday,1,1,-1,False
KJ4,Weekday,2,1,-1,False
KJ4,Weekday,3,1,-1,False
KJ4,Weekday,4,1,-1,False
KJ4,Weekday,5,1,-1,False
KJ4,Weekday,6,4,0,True
KJ4,Weekday,7,5,0,True
KJ4,Weekday,8,5,0,True
KJ4,Weekday,9,1,0,True
KJ4,Weekday,10,1,3,True
KJ4,Weekday,11,1,6,True
KJ4,Weekday,12,1,2,True
KJ4,Weekday,13,1,5,True
KJ4,Weekday,14,1,1,True
KJ4,Weekday,15,1,4,True
KJ4,Weekday,16,1,0,True
KJ4,Weekday,17,3,0,True
KJ4,Weekday,18,3,0,True
KJ4,Weekday,19,3,0,True
KJ4,Weekday,20,1,4,True
KJ4,Weekday,21,1,0,True
KJ4,Weekday,22,1,0,True
KJ4,Weekday,23,1,0,True
KJ4,Weekend,0,1,-1,False
KJ4,Weekend,1,1,-1,False
KJ4,Weekend,2,1,-1,False
KJ4,Weekend,3,1,-1,False
KJ4,Weekend,4,1,-1,False
KJ4,Weekend,5,1,-1,False
KJ4,Weekend,6,1,0,True
KJ4,Weekend,7,1,0,True
KJ4,Weekend,8,1,0,True
KJ4,Weekend,9,1,0,True
KJ4,Weekend,10,2,3,True
KJ4,Weekend,11,2,6,True
KJ4,Weekend,12,2,2,True
KJ4,Weekend,13,2,5,True
KJ4,Weekend,14,2,1,True
KJ4,Weekend,15,2,4,True
KJ4,Weekend,16,2,0,True
KJ4,Weekend,17,2,0,True
KJ4,Weekend,18,2,0,True
KJ4,Weekend,19,2,0,True
KJ4,Weekend,20,2,4,True
KJ4,Weekend,21,1,0,True
KJ4,Weekend,22,1,0,True
KJ4,Weekend,23,1,0,True
KJ5,Weekday,0,1,-1,False
KJ5,Weekday,1,1,-1,False
KJ5,Weekday,2,1,-1,False
KJ5,Weekday,3,1,-1,False
KJ5,Weekday,4,1,-1,False
KJ5,Weekday,5,1,-1,False
KJ5,Weekday,6,4,0,True
KJ5,Weekday,7,5,0,True
KJ5,Weekday,8,5,0,True
KJ5,Weekday,9,1,0,True
KJ5,Weekday,10,1,3,True
KJ5,Weekday,11,1,6,True
KJ5,Weekday,12,1,2,True
KJ5,Weekday,13,1,5,True
KJ5,Weekday,14,1,1,True
KJ5,Weekday,15,1,4,True
KJ5,Weekday,16,1,0,True
KJ5,Weekday,17,3,0,True
KJ5,Weekday,18,3,0,True
KJ5,Weekday,19,3,0,True
KJ5,Weekday,20,1,4,True
KJ5,Weekday,21,1,0,True
KJ5,Weekday,22,1,0,True
KJ5,Weekday,23,1,0,True
KJ5,Weekend,0,1,-1,False
KJ5,Weekend,1,1,-1,False
KJ5,Weekend,2,1,-1,False
KJ5,Weekend,3,1,-1,False
KJ5,Weekend,4,1,-1,False
KJ5,Weekend,5,1,-1,False
KJ5,Weekend,6,1,0,True
KJ5,Weekend,7,1,0,True
KJ5,Weekend,8,1,0,True
KJ5,Weekend,9,1,0,True
KJ5,Weekend,10,2,3,True
KJ5,Weekend,11,2,6,True
KJ5,Weekend,12,2,2,True
KJ5,Weekend,13,2,5,True
KJ5,Weekend,14,2,1,True
KJ5,Weekend,15,2,4,True
KJ5,Weekend,16,2,0,True
KJ5,Weekend,17,2,0,True
KJ5,Weekend,18,2,0,True
KJ5,Weekend,19,2,0,True
KJ5,Weekend,20,2,4,True
KJ5,Weekend,21,1,0,True
KJ5,Weekend,22,1,0,True
KJ5,Weekend,23,1,0,True
KJ6,Weekday,0,1,-1,False
KJ6,Weekday,1,1,-1,False
KJ6,Weekday,2,1,-1,False
KJ6,Weekday,3,1,-1,False
KJ6,Weekday,4,1,-1,False
KJ6,Weekday,5,1,-1,False
KJ6,Weekday,6,4,0,True
KJ6,Weekday,7,5,0,True
KJ6,Weekday,8,5,0,True
KJ6,Weekday,9,1,0,True
KJ6,Weekday,10,1,3,True
KJ6,Weekday,11,1,6,True
KJ6,Weekday,12,1,2,True
KJ6,Weekday,13,1,5,True
KJ6,Weekday,14,1,1,True
KJ6,Weekday,15,1,4,True
KJ6,Weekday,16,1,0,True
KJ6,Weekday,17,3,0,True
KJ6,Weekday,18,3,0,True
KJ6,Weekday,19,3,0,True
KJ6,Weekday,20,1,4,True
KJ6,Weekday,21,1,0,True
KJ6,Weekday,22,1,0,True
KJ6,Weekday,23,1,0,True
KJ6,Weekend,0,1,-1,False
KJ6,Weekend,1,1,-1,False
KJ6,Weekend,2,1,-1,False
KJ6,Weekend,3,1,-1,False
KJ6,Weekend,4,1,-1,False
KJ6,Weekend,5,1,-1,False
KJ6,Weekend,6,1,0,True
KJ6,Weekend,7,1,0,True
KJ6,Weekend,8,1,0,True
KJ6,Weekend,9,1,0,True
KJ6,Weekend,10,2,3,True
KJ6,Weekend,11,2,6,True
KJ6,Weekend,12,2,2,True
KJ6,Weekend,13,2,5,True
KJ6,Weekend,14,2,1,True
KJ6,Weekend,15,2,4,True
KJ6,Weekend,16,2,0,True
KJ6,Weekend,17,2,0,True
KJ6,Weekend,18,2,0,True
KJ6,Weekend,19,2,0,True
KJ6,Weekend,20,2,4,True
KJ6,Weekend,21,1,0,True
KJ6,Weekend,22,1,0,True
KJ6,Weekend,23,1,0,True
KJ7,Weekday,0,1,-1,False
KJ7,Weekday,1,1,-1,False
KJ7,Weekday,2,1,-1,False
KJ7,Weekday,3,1,-1,False
KJ7,Weekday,4,1,-1,False
KJ7,Weekday,5,1,-1,False
KJ7,Weekday,6,4,0,True
KJ7,Weekday,7,5,0,True
KJ7,Weekday,8,5,0,True
KJ7,Weekday,9,1,0,True
KJ7,Weekday,10,1,3,True
KJ7,Weekday,11,1,6,True
KJ7,Weekday,12,1,2,True
KJ7,Weekday,13,1,5,True
KJ7,Weekday,14,1,1,True
KJ7,Weekday,15,1,4,True
KJ7,Weekday,16,1,0,True
KJ7,Weekday,17,3,0,True
KJ7,Weekday,18,3,0,True
KJ7,Weekday,19,3,0,True
KJ7,Weekday,20,1,4,True
KJ7,Weekday,21,1,0,True
KJ7,Weekday,22,1,0,True
KJ7,Weekday,23,1,0,True
KJ7,Weekend,0,1,-1,False
KJ7,Weekend,1,1,-1,False
KJ7,Weekend,2,1,-1,False
KJ7,Weekend,3,1,-1,False
KJ7,Weekend,4,1,-1,False
KJ7,Weekend,5,1,-1,False
KJ7,Weekend,6,1,0,True
KJ7,Weekend,7,1,0,True
KJ7,Weekend,8,1,0,True
KJ7,Weekend,9,1,0,True
KJ7,Weekend,10,2,3,True
KJ7,Weekend,11,2,6,True
KJ7,Weekend,12,2,2,True
KJ7,Weekend,13,2,5,True
KJ7,Weekend,14,2,1,True
KJ7,Weekend,15,2,4,True
KJ7,Weekend,16,2,0,True
KJ7,Weekend,17,2,0,True
KJ7,Weekend,18,2,0,True
KJ7,Weekend,19,2,0,True
KJ7,Weekend,20,2,4,True
KJ7,Weekend,21,1,0,True
KJ7,Weekend,22,1,0,True
KJ7,Weekend,23,1,0,True
KJ8,Weekday,0,1,-1,False
KJ8,Weekday,1,1,-1,False
KJ8,Weekday,2,1,-1,False
KJ8,Weekday,3,1,-1,False
KJ8,Weekday,4,1,-1,False
KJ8,Weekday,5,1,-1,False
KJ8,Weekday,6,4,0,True
KJ8,Weekday,7,5,0,True
KJ8,Weekday,8,5,0,True
KJ8,Weekday,9,1,0,True
KJ8,Weekday,10,1,3,True
KJ8,Weekday,11,1,6,True
KJ8,Weekday,12,1,2,True
KJ8,Weekday,13,1,5,True
KJ8,Weekday,14,1,1,True
KJ8,Weekday,15,1,4,True
KJ8,Weekday,16,1,0,True
KJ8,Weekday,17,3,0,True
KJ8,Weekday,18,3,0,True
KJ8,Weekday,19,3,0,True
KJ8,Weekday,20,1,4,True
KJ8,Weekday,21,1,0,True
KJ8,Weekday,22,1,0,True
KJ8,Weekday,23,1,0,True
KJ8,Weekend,0,1,-1,False
KJ8,Weekend,1,1,-1,False
KJ8,Weekend,2,1,-1,False
KJ8,Weekend,3,1,-1,False
KJ8,Weekend,4,1,-1,False
KJ8,Weekend,5,1,-1,False
KJ8,Weekend,6,1,0,True
KJ8,Weekend,7,1,0,True
KJ8,Weekend,8,1,0,True
KJ8,Weekend,9,1,0,True
KJ8,Weekend,10,2,3,True
KJ8,Weekend,11,2,6,True
KJ8,Weekend,12,2,2,True
KJ8,Weekend,13,2,5,True
KJ8,Weekend,14,2,1,True
KJ8,Weekend,15,2,4,True
KJ8,Weekend,16,2,0,True
KJ8,Weekend,17,2,0,True
KJ8,Weekend,18,2,0,True
KJ8,Weekend,19,2,0,True
KJ8,Weekend,20,2,4,True
KJ8,Weekend,21,1,0,True
KJ8,Weekend,22,1,0,True
KJ8,Weekend,23,1,0,True
KJ9,Weekday,0,1,-1,False
KJ9,Weekday,1,1,-1,False
KJ9,Weekday,2,1,-1,False
KJ9,Weekday,3,1,-1,False
KJ9,Weekday,4,1,-1,False
KJ9,Weekday,5,1,-1,False
KJ9,Weekday,6,4,0,True
KJ9,Weekday,7,5,0,True
KJ9,Weekday,8,5,0,True
KJ9,Weekday,9,1,0,True
KJ9,Weekday,10,1,3,True
KJ9,Weekday,11,1,6,True
KJ9,Weekday,12,1,2,True
KJ9,Weekday,13,1,5,True
KJ9,Weekday,14,1,1,True
KJ9,Weekday,15,1,4,True
KJ9,Weekday,16,1,0,True
KJ9,Weekday,17,3,0,True
KJ9,Weekday,18,3,0,True
KJ9,Weekday,19,3,0,True
KJ9,Weekday,20,1,4,True
KJ9,Weekday,21,1,0,True
KJ9,Weekday,22,1,0,True
KJ9,Weekday,23,1,0,True
KJ9,Weekend,0,1,-1,False
KJ9,Weekend,1,1,-1,False
KJ9,Weekend,2,1,-1,False
KJ9,Weekend,3,1,-1,False
KJ9,Weekend,4,1,-1,False
KJ9,Weekend,5,1,-1,False
KJ9,Weekend,6,1,0,True
KJ9,Weekend,7,1,0,True
KJ9,Weekend,8,1,0,True
KJ9,Weekend,9,1,0,True
KJ9,Weekend,10,2,3,True
KJ9,Weekend,11,2,6,True
KJ9,Weekend,12,2,2,True
KJ9,Weekend,13,2,5,True
KJ9,Weekend,14,2,1,True
KJ9,Weekend,15,2,4,True
KJ9,Weekend,16,2,0,True
KJ9,Weekend,17,2,0,True
KJ9,Weekend,18,2,0,True
KJ9,Weekend,19,2,0,True
KJ9,Weekend,20,2,4,True
KJ9,Weekend,21,1,0,True
KJ9,Weekend,22,1,0,True
KJ9,Weekend,23,1,0,True
MR1,Weekday,0,1,-1,False
MR1,Weekday,1,1,-1,False
MR1,Weekday,2,1,-1,False
MR1,Weekday,3,1,-1,False
MR1,Weekday,4,1,-1,False
MR1,Weekday,5,1,-1,False
MR1,Weekday,6,2,0,True
MR1,Weekday,7,5,0,True
MR1,Weekday,8,5,0,True
MR1,Weekday,9,2,0,True
MR1,Weekday,10,2,3,True
MR1,Weekday,11,2,6,True
MR1,Weekday,12,2,2,True
MR1,Weekday,13,2,5,True
MR1,Weekday,14,2,1,True
MR1,Weekday,15,2,4,True
MR1,Weekday,16,2,0,True
MR1,Weekday,17,5,0,True
MR1,Weekday,18,5,0,True
MR1,Weekday,19,2,0,True
MR1,Weekday,20,2,4,True
MR1,Weekday,21,2,0,True
MR1,Weekday,22,2,0,True
MR1,Weekday,23,2,0,True
MR1,Weekend,0,1,-1,False
MR1,Weekend,1,1,-1,False
MR1,Weekend,2,1,-1,False
MR1,Weekend,3,1,-1,False
MR1,Weekend,4,1,-1,False
MR1,Weekend,5,1,-1,False
MR1,Weekend,6,2,0,True
MR1,Weekend,7,2,0,True
MR1,Weekend,8,2,0,True
MR1,Weekend,9,2,0,True
MR1,Weekend,10,3,3,True
MR1,Weekend,11,3,6,True
MR1,Weekend,12,3,2,True
MR1,Weekend,13,3,5,True
MR1,Weekend,14,3,1,True
MR1,Weekend,15,3,4,True
MR1,Weekend,16,3,0,True
MR1,Weekend,17,3,0,True
MR1,Weekend,18,3,0,True
MR1,Weekend,19,3,0,True
MR1,Weekend,20,2,4,True
MR1,Weekend,21,2,0,True
MR1,Weekend,22,2,0,True
MR1,Weekend,23,2,0,True
MR10,Weekday,0,1,-1,False
MR10,Weekday,1,1,-1,False
MR10,Weekday,2,1,-1,False
MR10,Weekday,3,1,-1,False
MR10,Weekday,4,1,-1,False
MR10,Weekday,5,1,-1,False
MR10,Weekday,6,4,0,True
MR10,Weekday,7,5,0,True
MR10,Weekday,8,5,0,True
MR10,Weekday,9,1,0,True
MR10,Weekday,10,1,3,True
MR10,Weekday,11,1,6,True
MR10,Weekday,12,1,2,True
MR10,Weekday,13,1,5,True
MR10,Weekday,14,1,1,True
MR10,Weekday,15,1,4,True
MR10,Weekday,16,1,0,True
MR10,Weekday,17,3,0,True
MR10,Weekday,18,3,0,True
MR10,Weekday,19,3,0,True
MR10,Weekday,20,1,4,True
MR10,Weekday,21,1,0,True
MR10,Weekday,22,1,0,True
MR10,Weekday,23,1,0,True
MR10,Weekend,0,1,-1,False
MR10,Weekend,1,1,-1,False
MR10,Weekend,2,1,-1,False
MR10,Weekend,3,1,-1,False
MR10,Weekend,4,1,-1,False
MR10,Weekend,5,1,-1,False
MR10,Weekend,6,1,0,True
MR10,Weekend,7,1,0,True
MR10,Weekend,8,1,0,True
MR10,Weekend,9,1,0,True
MR10,Weekend,10,2,3,True
MR10,Weekend,11,2,6,True
MR10,Weekend,12,2,2,True
MR10,Weekend,13,2,5,True
MR10,Weekend,14,2,1,True
MR10,Weekend,15,2,4,True
MR10,Weekend,16,2,0,True
MR10,Weekend,17,2,0,True
MR10,Weekend,18,2,0,True
MR10,Weekend,19,2,0,True
MR10,Weekend,20,2,4,True
MR10,Weekend,21,1,0,True
MR10,Weekend,22,1,0,True
MR10,Weekend,23,1,0,True
MR11,Weekday,0,1,-1,False
MR11,Weekday,1,1,-1,False
MR11,Weekday,2,1,-1,False
MR11,Weekday,3,1,-1,False
MR11,Weekday,4,1,-1,False
MR11,Weekday,5,1,-1,False
MR11,Weekday,6,2,0,True
MR11,Weekday,7,5,0,True
MR11,Weekday,8,5,0,True
MR11,Weekday,9,2,0,True
MR11,Weekday,10,2,3,True
MR11,Weekday,11,2,6,True
MR11,Weekday,12,2,2,True
MR11,Weekday,13,2,5,True
MR11,Weekday,14,2,1,True
MR11,Weekday,15,2,4,True
MR11,Weekday,16,2,0,True
MR11,Weekday,17,5,0,True
MR11,Weekday,18,5,0,True
MR11,Weekday,19,2,0,True
MR11,Weekday,20,2,4,True
MR11,Weekday,21,2,0,True
MR11,Weekday,22,2,0,True
MR11,Weekday,23,2,0,True
MR11,Weekend,0,1,-1,False
MR11,Weekend,1,1,-1,False
MR11,Weekend,2,1,-1,False
MR11,Weekend,3,1,-1,False
MR11,Weekend,4,1,-1,False
MR11,Weekend,5,1,-1,False
MR11,Weekend,6,2,0,True
MR11,Weekend,7,2,0,True
MR11,Weekend,8,2,0,True
MR11,Weekend,9,2,0,True
MR11,Weekend,10,3,3,True
MR11,Weekend,11,3,6,True
MR11,Weekend,12,3,2,True
MR11,Weekend,13,3,5,True
MR11,Weekend,14,3,1,True
MR11,Weekend,15,3,4,True
MR11,Weekend,16,3,0,True
MR11,Weekend,17,3,0,True
MR11,Weekend,18,3,0,True
MR11,Weekend,19,3,0,True
MR11,Weekend,20,2,4,True
MR11,Weekend,21,2,0,True
MR11,Weekend,22,2,0,True
MR11,Weekend,23,2,0,True
MR2,Weekday,0,1,-1,False
MR2,Weekday,1,1,-1,False
MR2,Weekday,2,1,-1,False
MR2,Weekday,3,1,-1,False
MR2,Weekday,4,1,-1,False
MR2,Weekday,5,1,-1,False
MR2,Weekday,6,4,0,True
MR2,Weekday,7,5,0,True
MR2,Weekday,8,5,0,True
MR2,Weekday,9,1,0,True
MR2,Weekday,10,1,3,True
MR2,Weekday,11,1,6,True
MR2,Weekday,12,1,2,True
MR2,Weekday,13,1,5,True
MR2,Weekday,14,1,1,True
MR2,Weekday,15,1,4,True
MR2,Weekday,16,1,0,True
MR2,Weekday,17,3,0,True
MR2,Weekday,18,3,0,True
MR2,Weekday,19,3,0,True
MR2,Weekday,20,1,4,True
MR2,Weekday,21,1,0,True
MR2,Weekday,22,1,0,True
MR2,Weekday,23,1,0,True
MR2,Weekend,0,1,-1,False
MR2,Weekend,1,1,-1,False
MR2,Weekend,2,1,-1,False
MR2,Weekend,3,1,-1,False
MR2,Weekend,4,1,-1,False
MR2,Weekend,5,1,-1,False
MR2,Weekend,6,1,0,True
MR2,Weekend,7,1,0,True
MR2,Weekend,8,1,0,True
MR2,Weekend,9,1,0,True
MR2,Weekend,10,2,3,True
MR2,Weekend,11,2,6,True
MR2,Weekend,12,2,2,True
MR2,Weekend,13,2,5,True
MR2,Weekend,14,2,1,True
MR2,Weekend,15,2,4,True
MR2,Weekend,16,2,0,True
MR2,Weekend,17,2,0,True
MR2,Weekend,18,2,0,True
MR2,Weekend,19,2,0,True
MR2,Weekend,20,2,4,True
MR2,Weekend,21,1,0,True
MR2,Weekend,22,1,0,True
MR2,Weekend,23,1,0,True
MR3,Weekday,0,1,-1,False
MR3,Weekday,1,1,-1,False
MR3,Weekday,2,1,-1,False
MR3,Weekday,3,1,-1,False
MR3,Weekday,4,1,-1,False
MR3,Weekday,5,1,-1,False
MR3,Weekday,6,4,0,True
MR3,Weekday,7,5,0,True
MR3,Weekday,8,5,0,True
MR3,Weekday,9,1,0,True
MR3,Weekday,10,1,3,True
MR3,Weekday,11,1,6,True
MR3,Weekday,12,1,2,True
MR3,Weekday,13,1,5,True
MR3,Weekday,14,1,1,True
MR3,Weekday,15,1,4,True
MR3,Weekday,16,1,0,True
MR3,Weekday,17,3,0,True
MR3,Weekday,18,3,0,True
MR3,Weekday,19,3,0,True
MR3,Weekday,20,1,4,True
MR3,Weekday,21,1,0,True
MR3,Weekday,22,1,0,True
MR3,Weekday,23,1,0,True
MR3,Weekend,0,1,-1,False
MR3,Weekend,1,1,-1,False
MR3,Weekend,2,1,-1,False
MR3,Weekend,3,1,-1,False
MR3,Weekend,4,1,-1,False
MR3,Weekend,5,1,-1,False
MR3,Weekend,6,1,0,True
MR3,Weekend,7,1,0,True
MR3,Weekend,8,1,0,True
MR3,Weekend,9,1,0,True
MR3,Weekend,10,2,3,True
MR3,Weekend,11,2,6,True
MR3,Weekend,12,2,2,True
MR3,Weekend,13,2,5,True
MR3,Weekend,14,2,1,True
MR3,Weekend,15,2,4,True
MR3,Weekend,16,2,0,True
MR3,Weekend,17,2,0,True
MR3,Weekend,18,2,0,True
MR3,Weekend,19,2,0,True
MR3,Weekend,20,2,4,True
MR3,Weekend,21,1,0,True
MR3,Weekend,22,1,0,True
MR3,Weekend,23,1,0,True
MR4,Weekday,0,1,-1,False
MR4,Weekday,1,1,-1,False
MR4,Weekday,2,1,-1,False
MR4,Weekday,3,1,-1,False
MR4,Weekday,4,1,-1,False
MR4,Weekday,5,1,-1,False
MR4,Weekday,6,2,0,True
MR4,Weekday,7,5,0,True
MR4,Weekday,8,5,0,True
MR4,Weekday,9,2,0,True
MR4,Weekday,10,2,3,True
MR4,Weekday,11,2,6,True
MR4,Weekday,12,2,2,True
MR4,Weekday,13,2,5,True
MR4,Weekday,14,2,1,True
MR4,Weekday,15,2,4,True
MR4,Weekday,16,2,0,True
MR4,Weekday,17,5,0,True
MR4,Weekday,18,5,0,True
MR4,Weekday,19,2,0,True
MR4,Weekday,20,2,4,True
MR4,Weekday,21,2,0,True
MR4,Weekday,22,2,0,True
MR4,Weekday,23,2,0,True
MR4,Weekend,0,1,-1,False
MR4,Weekend,1,1,-1,False
MR4,Weekend,2,1,-1,False
MR4,Weekend,3,1,-1,False
MR4,Weekend,4,1,-1,False
MR4,Weekend,5,1,-1,False
MR4,Weekend,6,2,0,True
MR4,Weekend,7,2,0,True
MR4,Weekend,8,2,0,True
MR4,Weekend,9,2,0,True
MR4,Weekend,10,3,3,True
MR4,Weekend,11,3,6,True
MR4,Weekend,12,3,2,True
MR4,Weekend,13,3,5,True
MR4,Weekend,14,3,1,True
MR4,Weekend,15,3,4,True
MR4,Weekend,16,3,0,True
MR4,Weekend,17,3,0,True
MR4,Weekend,18,3,0,True
MR4,Weekend,19,3,0,True
MR4,Weekend,20,2,4,True
MR4,Weekend,21,2,0,True
MR4,Weekend,22,2,0,True
MR4,Weekend,23,2,0,True
MR5,Weekday,0,1,-1,False
MR5,Weekday,1,1,-1,False
MR5,Weekday,2,1,-1,False
MR5,Weekday,3,1,-1,False
MR5,Weekday,4,1,-1,False
MR5,Weekday,5,1,-1,False
MR5,Weekday,6,2,0,True
MR5,Weekday,7,2,0,True
MR5,Weekday,8,2,0,True
MR5,Weekday,9,2,0,True
MR5,Weekday,10,2,3,True
MR5,Weekday,11,2,6,True
MR5,Weekday,12,2,2,True
MR5,Weekday,13,2,5,True
MR5,Weekday,14,2,1,True
MR5,Weekday,15,2,4,True
MR5,Weekday,16,2,0,True
MR5,Weekday,17,4,0,True
MR5,Weekday,18,5,0,True
MR5,Weekday,19,5,0,True
MR5,Weekday,20,2,4,True
MR5,Weekday,21,2,0,True
MR5,Weekday,22,2,0,True
MR5,Weekday,23,2,0,True
MR5,Weekend,0,1,-1,False
MR5,Weekend,1,1,-1,False
MR5,Weekend,2,1,-1,False
MR5,Weekend,3,1,-1,False
MR5,Weekend,4,1,-1,False
MR5,Weekend,5,1,-1,False
MR5,Weekend,6,2,0,True
MR5,Weekend,7,2,0,True
MR5,Weekend,8,2,0,True
MR5,Weekend,9,2,0,True
MR5,Weekend,10,2,3,True
MR5,Weekend,11,2,6,True
MR5,Weekend,12,3,2,True
MR5,Weekend,13,3,5,True
MR5,Weekend,14,3,1,True
MR5,Weekend,15,3,4,True
MR5,Weekend,16,3,0,True
MR5,Weekend,17,4,0,True
MR5,Weekend,18,4,0,True
MR5,Weekend,19,4,0,True
MR5,Weekend,20,4,4,True
MR5,Weekend,21,2,0,True
MR5,Weekend,22,2,0,True
MR5,Weekend,23,2,0,True
MR6,Weekday,0,1,-1,False
MR6,Weekday,1,1,-1,False
MR6,Weekday,2,1,-1,False
MR6,Weekday,3,1,-1,False
MR6,Weekday,4,1,-1,False
MR6,Weekday,5,1,-1,False
MR6,Weekday,6,2,0,True
MR6,Weekday,7,5,0,True
MR6,Weekday,8,5,0,True
MR6,Weekday,9,2,0,True
MR6,Weekday,10,2,3,True
MR6,Weekday,11,2,6,True
MR6,Weekday,12,2,2,True
MR6,Weekday,13,2,5,True
MR6,Weekday,14,2,1,True
MR6,Weekday,15,2,4,True
MR6,Weekday,16,2,0,True
MR6,Weekday,17,5,0,True
MR6,Weekday,18,5,0,True
MR6,Weekday,19,2,0,True
MR6,Weekday,20,2,4,True
MR6,Weekday,21,2,0,True
MR6,Weekday,22,2,0,True
MR6,Weekday,23,2,0,True
MR6,Weekend,0,1,-1,False
MR6,Weekend,1,1,-1,False
MR6,Weekend,2,1,-1,False
MR6,Weekend,3,1,-1,False
MR6,Weekend,4,1,-1,False
MR6,Weekend,5,1,-1,False
MR6,Weekend,6,2,0,True
MR6,Weekend,7,2,0,True
MR6,Weekend,8,2,0,True
MR6,Weekend,9,2,0,True
MR6,Weekend,10,3,3,True
MR6,Weekend,11,3,6,True
MR6,Weekend,12,3,2,True
MR6,Weekend,13,3,5,True
MR6,Weekend,14,3,1,True
MR6,Weekend,15,3,4,True
MR6,Weekend,16,3,0,True
MR6,Weekend,17,3,0,True
MR6,Weekend,18,3,0,True
MR6,Weekend,19,3,0,True
MR6,Weekend,20,2,4,True
MR6,Weekend,21,2,0,True
MR6,Weekend,22,2,0,True
MR6,Weekend,23,2,0,True
MR7,Weekday,0,1,-1,False
MR7,Weekday,1,1,-1,False
MR7,Weekday,2,1,-1,False
MR7,Weekday,3,1,-1,False
MR7,Weekday,4,1,-1,False
MR7,Weekday,5,1,-1,False
MR7,Weekday,6,4,0,True
MR7,Weekday,7,5,0,True
MR7,Weekday,8,5,0,True
MR7,Weekday,9,1,0,True
MR7,Weekday,10,1,3,True
MR7,Weekday,11,1,6,True
MR7,Weekday,12,1,2,True
MR7,Weekday,13,1,5,True
MR7,Weekday,14,1,1,True
MR7,Weekday,15,1,4,True
MR7,Weekday,16,1,0,True
MR7,Weekday,17,3,0,True
MR7,Weekday,18,3,0,True
MR7,Weekday,19,3,0,True
MR7,Weekday,20,1,4,True
MR7,Weekday,21,1,0,True
MR7,Weekday,22,1,0,True
MR7,Weekday,23,1,0,True
MR7,Weekend,0,1,-1,False
MR7,Weekend,1,1,-1,False
MR7,Weekend,2,1,-1,False
MR7,Weekend,3,1,-1,False
MR7,Weekend,4,1,-1,False
MR7,Weekend,5,1,-1,False
MR7,Weekend,6,1,0,True
MR7,Weekend,7,1,0,True
MR7,Weekend,8,1,0,True
MR7,Weekend,9,1,0,True
MR7,Weekend,10,2,3,True
MR7,Weekend,11,2,6,True
MR7,Weekend,12,2,2,True
MR7,Weekend,13,2,5,True
MR7,Weekend,14,2,1,True
MR7,Weekend,15,2,4,True
MR7,Weekend,16,2,0,True
MR7,Weekend,17,2,0,True
MR7,Weekend,18,2,0,True
MR7,Weekend,19,2,0,True
MR7,Weekend,20,2,4,True
MR7,Weekend,21,1,0,True
MR7,Weekend,22,1,0,True
MR7,Weekend,23,1,0,True
MR8,Weekday,0,1,-1,False
MR8,Weekday,1,1,-1,False
MR8,Weekday,2,1,-1,False
MR8,Weekday,3,1,-1,False
MR8,Weekday,4,1,-1,False
MR8,Weekday,5,1,-1,False
MR8,Weekday,6,4,0,True
MR8,Weekday,7,5,0,True
MR8,Weekday,8,5,0,True
MR8,Weekday,9,1,0,True
MR8,Weekday,10,1,3,True
MR8,Weekday,11,1,6,True
MR8,Weekday,12,1,2,True
MR8,Weekday,13,1,5,True
MR8,Weekday,14,1,1,True
MR8,Weekday,15,1,4,True
MR8,Weekday,16,1,0,True
MR8,Weekday,17,3,0,True
MR8,Weekday,18,3,0,True
MR8,Weekday,19,3,0,True
MR8,Weekday,20,1,4,True
MR8,Weekday,21,1,0,True
MR8,Weekday,22,1,0,True
MR8,Weekday,23,1,0,True
MR8,Weekend,0,1,-1,False
MR8,Weekend,1,1,-1,False
MR8,Weekend,2,1,-1,False
MR8,Weekend,3,1,-1,False
MR8,Weekend,4,1,-1,False
MR8,Weekend,5,1,-1,False
MR8,Weekend,6,1,0,True
MR8,Weekend,7,1,0,True
MR8,Weekend,8,1,0,True
MR8,Weekend,9,1,0,True
MR8,Weekend,10,2,3,True
MR8,Weekend,11,2,6,True
MR8,Weekend,12,2,2,True
MR8,Weekend,13,2,5,True
MR8,Weekend,14,2,1,True
MR8,Weekend,15,2,4,True
MR8,Weekend,16,2,0,True
MR8,Weekend,17,2,0,True
MR8,Weekend,18,2,0,True
MR8,Weekend,19,2,0,True
MR8,Weekend,20,2,4,True
MR8,Weekend,21,1,0,True
MR8,Weekend,22,1,0,True
MR8,Weekend,23,1,0,True
MR9,Weekday,0,1,-1,False
MR9,Weekday,1,1,-1,False
MR9,Weekday,2,1,-1,False
MR9,Weekday,3,1,-1,False
MR9,Weekday,4,1,-1,False
MR9,Weekday,5,1,-1,False
MR9,Weekday,6,4,0,True
MR9,Weekday,7,5,0,True
MR9,Weekday,8,5,0,True
MR9,Weekday,9,1,0,True
MR9,Weekday,10,1,3,True
MR9,Weekday,11,1,6,True
MR9,Weekday,12,1,2,True
MR9,Weekday,13,1,5,True
MR9,Weekday,14,1,1,True
MR9,Weekday,15,1,4,True
MR9,Weekday,16,1,0,True
MR9,Weekday,17,3,0,True
MR9,Weekday,18,3,0,True
MR9,Weekday,19,3,0,True
MR9,Weekday,20,1,4,True
MR9,Weekday,21,1,0,True
MR9,Weekday,22,1,0,True
MR9,Weekday,23,1,0,True
MR9,Weekend,0,1,-1,False
MR9,Weekend,1,1,-1,False
MR9,Weekend,2,1,-1,False
MR9,Weekend,3,1,-1,False
MR9,Weekend,4,1,-1,False
MR9,Weekend,5,1,-1,False
MR9,Weekend,6,1,0,True
MR9,Weekend,7,1,0,True
MR9,Weekend,8,1,0,True
MR9,Weekend,9,1,0,True
MR9,Weekend,10,2,3,True
MR9,Weekend,11,2,6,True
MR9,Weekend,12,2,2,True
MR9,Weekend,13,2,5,True
MR9,Weekend,14,2,1,True
MR9,Weekend,15,2,4,True
MR9,Weekend,16,2,0,True
MR9,Weekend,17,2,0,True
MR9,Weekend,18,2,0,True
MR9,Weekend,19,2,0,True
MR9,Weekend,20,2,4,True
MR9,Weekend,21,1,0,True
MR9,Weekend,22,1,0,True
MR9,Weekend,23,1,0,True
PY01,Weekday,0,1,-1,False
PY01,Weekday,1,1,-1,False
PY01,Weekday,2,1,-1,False
PY01,Weekday,3,1,-1,False
PY01,Weekday,4,1,-1,False
PY01,Weekday,5,1,-1,False
PY01,Weekday,6,2,0,True
PY01,Weekday,7,5,0,True
PY01,Weekday,8,5,0,True
PY01,Weekday,9,2,0,True
PY01,Weekday,10,2,3,True
PY01,Weekday,11,2,6,True
PY01,Weekday,12,2,2,True
PY01,Weekday,13,2,5,True
PY01,Weekday,14,2,1,True
PY01,Weekday,15,2,4,True
PY01,Weekday,16,2,0,True
PY01,Weekday,17,5,0,True
PY01,Weekday,18,5,0,True
PY01,Weekday,19,2,0,True
PY01,Weekday,20,2,4,True
PY01,Weekday,21,2,0,True
PY01,Weekday,22,2,0,True
PY01,Weekday,23,2,0,True
PY01,Weekend,0,1,-1,False
PY01,Weekend,1,1,-1,False
PY01,Weekend,2,1,-1,False
PY01,Weekend,3,1,-1,False
PY01,Weekend,4,1,-1,False
PY01,Weekend,5,1,-1,False
PY01,Weekend,6,2,0,True
PY01,Weekend,7,2,0,True
PY01,Weekend,8,2,0,True
PY01,Weekend,9,2,0,True
PY01,Weekend,10,3,3,True
PY01,Weekend,11,3,6,True
PY01,Weekend,12,3,2,True
PY01,Weekend,13,3,5,True
PY01,Weekend,14,3,1,True
PY01,Weekend,15,3,4,True
PY01,Weekend,16,3,0,True
PY01,Weekend,17,3,0,True
PY01,Weekend,18,3,0,True
PY01,Weekend,19,3,0,True
PY01,Weekend,20,2,4,True
PY01,Weekend,21,2,0,True
PY01,Weekend,22,2,0,True
PY01,Weekend,23,2,0,True
PY03,Weekday,0,1,-1,False
PY03,Weekday,1,1,-1,False
PY03,Weekday,2,1,-1,False
PY03,Weekday,3,1,-1,False
PY03,Weekday,4,1,-1,False
PY03,Weekday,5,1,-1,False
PY03,Weekday,6,4,0,True
PY03,Weekday,7,5,0,True
PY03,Weekday,8,5,0,True
PY03,Weekday,9,1,0,True
PY03,Weekday,10,1,3,True
PY03,Weekday,11,1,6,True
PY03,Weekday,12,1,2,True
PY03,Weekday,13,1,5,True
PY03,Weekday,14,1,1,True
PY03,Weekday,15,1,4,True
PY03,Weekday,16,1,0,True
PY03,Weekday,17,3,0,True
PY03,Weekday,18,3,0,True
PY03,Weekday,19,3,0,True
PY03,Weekday,20,1,4,True
PY03,Weekday,21,1,0,True
PY03,Weekday,22,1,0,True
PY03,Weekday,23,1,0,True
PY03,Weekend,0,1,-1,False
PY03,Weekend,1,1,-1,False
PY03,Weekend,2,1,-1,False
PY03,Weekend,3,1,-1,False
PY03,Weekend,4,1,-1,False
PY03,Weekend,5,1,-1,False
PY03,Weekend,6,1,0,True
PY03,Weekend,7,1,0,True
PY03,Weekend,8,1,0,True
PY03,Weekend,9,1,0,True
PY03,Weekend,10,2,3,True
PY03,Weekend,11,2,6,True
PY03,Weekend,12,2,2,True
PY03,Weekend,13,2,5,True
PY03,Weekend,14,2,1,True
PY03,Weekend,15,2,4,True
PY03,Weekend,16,2,0,True
PY03,Weekend,17,2,0,True
PY03,Weekend,18,2,0,True
PY03,Weekend,19,2,0,True
PY03,Weekend,20,2,4,True
PY03,Weekend,21,1,0,True
PY03,Weekend,22,1,0,True
PY03,Weekend,23,1,0,True
PY04,Weekday,0,1,-1,False
PY04,Weekday,1,1,-1,False
PY04,Weekday,2,1,-1,False
PY04,Weekday,3,1,-1,False
PY04,Weekday,4,1,-1,False
PY04,Weekday,5,1,-1,False
PY04,Weekday,6,4,0,True
PY04,Weekday,7,5,0,True
PY04,Weekday,8,5,0,True
PY04,Weekday,9,1,0,True
PY04,Weekday,10,1,3,True
PY04,Weekday,11,1,6,True
PY04,Weekday,12,1,2,True
PY04,Weekday,13,1,5,True
PY04,Weekday,14,1,1,True
PY04,Weekday,15,1,4,True
PY04,Weekday,16,1,0,True
PY04,Weekday,17,3,0,True
PY04,Weekday,18,3,0,True
PY04,Weekday,19,3,0,True
PY04,Weekday,20,1,4,True
PY04,Weekday,21,1,0,True
PY04,Weekday,22,1,0,True
PY04,Weekday,23,1,0,True
PY04,Weekend,0,1,-1,False
PY04,Weekend,1,1,-1,False
PY04,Weekend,2,1,-1,False
PY04,Weekend,3,1,-1,False
PY04,Weekend,4,1,-1,False
PY04,Weekend,5,1,-1,False
PY04,Weekend,6,1,0,True
PY04,Weekend,7,1,0,True
PY04,Weekend,8,1,0,True
PY04,Weekend,9,1,0,True
PY04,Weekend,10,2,3,True
PY04,Weekend,11,2,6,True
PY04,Weekend,12,2,2,True
PY04,Weekend,13,2,5,True
PY04,Weekend,14,2,1,True
PY04,Weekend,15,2,4,True
PY04,Weekend,16,2,0,True
PY04,Weekend,17,2,0,True
PY04,Weekend,18,2,0,True
PY04,Weekend,19,2,0,True
PY04,Weekend,20,2,4,True
PY04,Weekend,21,1,0,True
PY04,Weekend,22,1,0,True
PY04,Weekend,23,1,0,True
PY05,Weekday,0,1,-1,False
PY05,Weekday,1,1,-1,False
PY05,Weekday,2,1,-1,False
PY05,Weekday,3,1,-1,False
PY05,Weekday,4,1,-1,False
PY05,Weekday,5,1,-1,False
PY05,Weekday,6,4,0,True
PY05,Weekday,7,5,0,True
PY05,Weekday,8,5,0,True
PY05,Weekday,9,1,0,True
PY05,Weekday,10,1,3,True
PY05,Weekday,11,1,6,True
PY05,Weekday,12,1,2,True
PY05,Weekday,13,1,5,True
PY05,Weekday,14,1,1,True
PY05,Weekday,15,1,4,True
PY05,Weekday,16,1,0,True
PY05,Weekday,17,3,0,True
PY05,Weekday,18,3,0,True
PY05,Weekday,19,3,0,True
PY05,Weekday,20,1,4,True
PY05,Weekday,21,1,0,True
PY05,Weekday,22,1,0,True
PY05,Weekday,23,1,0,True
PY05,Weekend,0,1,-1,False
PY05,Weekend,1,1,-1,False
PY05,Weekend,2,1,-1,False
PY05,Weekend,3,1,-1,False
PY05,Weekend,4,1,-1,False
PY05,Weekend,5,1,-1,False
PY05,Weekend,6,1,0,True
PY05,Weekend,7,1,0,True
PY05,Weekend,8,1,0,True
PY05,Weekend,9,1,0,True
PY05,Weekend,10,2,3,True
PY05,Weekend,11,2,6,True
PY05,Weekend,12,2,2,True
PY05,Weekend,13,2,5,True
PY05,Weekend,14,2,1,True
PY05,Weekend,15,2,4,True
PY05,Weekend,16,2,0,True
PY05,Weekend,17,2,0,True
PY05,Weekend,18,2,0,True
PY05,Weekend,19,2,0,True
PY05,Weekend,20,2,4,True
PY05,Weekend,21,1,0,True
PY05,Weekend,22,1,0,True
PY05,Weekend,23,1,0,True
PY06,Weekday,0,1,-1,False
PY06,Weekday,1,1,-1,False
PY06,Weekday,2,1,-1,False
PY06,Weekday,3,1,-1,False
PY06,Weekday,4,1,-1,False
PY06,Weekday,5,1,-1,False
PY06,Weekday,6,4,0,True
PY06,Weekday,7,5,0,True
PY06,Weekday,8,5,0,True
PY06,Weekday,9,1,0,True
PY06,Weekday,10,1,3,True
PY06,Weekday,11,1,6,True
PY06,Weekday,12,1,2,True
PY06,Weekday,13,1,5,True
PY06,Weekday,14,1,1,True
PY06,Weekday,15,1,4,True
PY06,Weekday,16,1,0,True
PY06,Weekday,17,3,0,True
PY06,Weekday,18,3,0,True
PY06,Weekday,19,3,0,True
PY06,Weekday,20,1,4,True
PY06,Weekday,21,1,0,True
PY06,Weekday,22,1,0,True
PY06,Weekday,23,1,0,True
PY06,Weekend,0,1,-1,False
PY06,Weekend,1,1,-1,False
PY06,Weekend,2,1,-1,False
PY06,Weekend,3,1,-1,False
PY06,Weekend,4,1,-1,False
PY06,Weekend,5,1,-1,False
PY06,Weekend,6,1,0,True
PY06,Weekend,7,1,0,True
PY06,Weekend,8,1,0,True
PY06,Weekend,9,1,0,True
PY06,Weekend,10,2,3,True
PY06,Weekend,11,2,6,True
PY06,Weekend,12,2,2,True
PY06,Weekend,13,2,5,True
PY06,Weekend,14,2,1,True
PY06,Weekend,15,2,4,True
PY06,Weekend,16,2,0,True
PY06,Weekend,17,2,0,True
PY06,Weekend,18,2,0,True
PY06,Weekend,19,2,0,True
PY06,Weekend,20,2,4,True
PY06,Weekend,21,1,0,True
PY06,Weekend,22,1,0,True
PY06,Weekend,23,1,0,True
PY07,Weekday,0,1,-1,False
PY07,Weekday,1,1,-1,False
PY07,Weekday,2,1,-1,False
PY07,Weekday,3,1,-1,False
PY07,Weekday,4,1,-1,False
PY07,Weekday,5,1,-1,False
PY07,Weekday,6,4,0,True
PY07,Weekday,7,5,0,True
PY07,Weekday,8,5,0,True
PY07,Weekday,9,1,0,True
PY07,Weekday,10,1,3,True
PY07,Weekday,11,1,6,True
PY07,Weekday,12,1,2,True
PY07,Weekday,13,1,5,True
PY07,Weekday,14,1,1,True
PY07,Weekday,15,1,4,True
PY07,Weekday,16,1,0,True
PY07,Weekday,17,3,0,True
PY07,Weekday,18,3,0,True
PY07,Weekday,19,3,0,True
PY07,Weekday,20,1,4,True
PY07,Weekday,21,1,0,True
PY07,Weekday,22,1,0,True
PY07,Weekday,23,1,0,True
PY07,Weekend,0,1,-1,False
PY07,Weekend,1,1,-1,False
PY07,Weekend,2,1,-1,False
PY07,Weekend,3,1,-1,False
PY07,Weekend,4,1,-1,False
PY07,Weekend,5,1,-1,False
PY07,Weekend,6,1,0,True
PY07,Weekend,7,1,0,True
PY07,Weekend,8,1,0,True
PY07,Weekend,9,1,0,True
PY07,Weekend,10,2,3,True
PY07,Weekend,11,2,6,True
PY07,Weekend,12,2,2,True
PY07,Weekend,13,2,5,True
PY07,Weekend,14,2,1,True
PY07,Weekend,15,2,4,True
PY07,Weekend,16,2,0,True
PY07,Weekend,17,2,0,True
PY07,Weekend,18,2,0,True
PY07,Weekend,19,2,0,True
PY07,Weekend,20,2,4,True
PY07,Weekend,21,1,0,True
PY07,Weekend,22,1,0,True
PY07,Weekend,23,1,0,True
PY08,Weekday,0,1,-1,False
PY08,Weekday,1,1,-1,False
PY08,Weekday,2,1,-1,False
PY08,Weekday,3,1,-1,False
PY08,Weekday,4,1,-1,False
PY08,Weekday,5,1,-1,False
PY08,Weekday,6,4,0,True
PY08,Weekday,7,5,0,True
PY08,Weekday,8,5,0,True
PY08,Weekday,9,1,0,True
PY08,Weekday,10,1,3,True
PY08,Weekday,11,1,6,True
PY08,Weekday,12,1,2,True
PY08,Weekday,13,1,5,True
PY08,Weekday,14,1,1,True
PY08,Weekday,15,1,4,True
PY08,Weekday,16,1,0,True
PY08,Weekday,17,3,0,True
PY08,Weekday,18,3,0,True
PY08,Weekday,19,3,0,True
PY08,Weekday,20,1,4,True
PY08,Weekday,21,1,0,True
PY08,Weekday,22,1,0,True
PY08,Weekday,23,1,0,True
PY08,Weekend,0,1,-1,False
PY08,Weekend,1,1,-1,False
PY08,Weekend,2,1,-1,False
PY08,Weekend,3,1,-1,False
PY08,Weekend,4,1,-1,False
PY08,Weekend,5,1,-1,False
PY08,Weekend,6,1,0,True
PY08,Weekend,7,1,0,True
PY08,Weekend,8,1,0,True
PY08,Weekend,9,1,0,True
PY08,Weekend,10,2,3,True
PY08,Weekend,11,2,6,True
PY08,Weekend,12,2,2,True
PY08,Weekend,13,2,5,True
PY08,Weekend,14,2,1,True
PY08,Weekend,15,2,4,True
PY08,Weekend,16,2,0,True
PY08,Weekend,17,2,0,True
PY08,Weekend,18,2,0,True
PY08,Weekend,19,2,0,True
PY08,Weekend,20,2,4,True
PY08,Weekend,21,1,0,True
PY08,Weekend,22,1,0,True
PY08,Weekend,23,1,0,True
PY09,Weekday,0,1,-1,False
PY09,Weekday,1,1,-1,False
PY09,Weekday,2,1,-1,False
PY09,Weekday,3,1,-1,False
PY09,Weekday,4,1,-1,False
PY09,Weekday,5,1,-1,False
PY09,Weekday,6,4,0,True
PY09,Weekday,7,5,0,True
PY09,Weekday,8,5,0,True
PY09,Weekday,9,1,0,True
PY09,Weekday,10,1,3,True
PY09,Weekday,11,1,6,True
PY09,Weekday,12,1,2,True
PY09,Weekday,13,1,5,True
PY09,Weekday,14,1,1,True
PY09,Weekday,15,1,4,True
PY09,Weekday,16,1,0,True
PY09,Weekday,17,3,0,True
PY09,Weekday,18,3,0,True
PY09,Weekday,19,3,0,True
PY09,Weekday,20,1,4,True
PY09,Weekday,21,1,0,True
PY09,Weekday,22,1,0,True
PY09,Weekday,23,1,0,True
PY09,Weekend,0,1,-1,False
PY09,Weekend,1,1,-1,False
PY09,Weekend,2,1,-1,False
PY09,Weekend,3,1,-1,False
PY09,Weekend,4,1,-1,False
PY09,Weekend,5,1,-1,False
PY09,Weekend,6,1,0,True
PY09,Weekend,7,1,0,True
PY09,Weekend,8,1,0,True
PY09,Weekend,9,1,0,True
PY09,Weekend,10,2,3,True
PY09,Weekend,11,2,6,True
PY09,Weekend,12,2,2,True
PY09,Weekend,13,2,5,True
PY09,Weekend,14,2,1,True
PY09,Weekend,15,2,4,True
PY09,Weekend,16,2,0,True
PY09,Weekend,17,2,0,True
PY09,Weekend,18,2,0,True
PY09,Weekend,19,2,0,True
PY09,Weekend,20,2,4,True
PY09,Weekend,21,1,0,True
PY09,Weekend,22,1,0,True
PY09,Weekend,23,1,0,True
PY10,Weekday,0,1,-1,False
PY10,Weekday,1,1,-1,False
PY10,Weekday,2,1,-1,False
PY10,Weekday,3,1,-1,False
PY10,Weekday,4,1,-1,False
PY10,Weekday,5,1,-1,False
PY10,Weekday,6,4,0,True
PY10,Weekday,7,5,0,True
PY10,Weekday,8,5,0,True
PY10,Weekday,9,1,0,True
PY10,Weekday,10,1,3,True
PY10,Weekday,11,1,6,True
PY10,Weekday,12,1,2,True
PY10,Weekday,13,1,5,True
PY10,Weekday,14,1,1,True
PY10,Weekday,15,1,4,True
PY10,Weekday,16,1,0,True
PY10,Weekday,17,3,0,True
PY10,Weekday,18,3,0,True
PY10,Weekday,19,3,0,True
PY10,Weekday,20,1,4,True
PY10,Weekday,21,1,0,True
PY10,Weekday,22,1,0,True
PY10,Weekday,23,1,0,True
PY10,Weekend,0,1,-1,False
PY10,Weekend,1,1,-1,False
PY10,Weekend,2,1,-1,False
PY10,Weekend,3,1,-1,False
PY10,Weekend,4,1,-1,False
PY10,Weekend,5,1,-1,False
PY10,Weekend,6,1,0,True
PY10,Weekend,7,1,0,True
PY10,Weekend,8,1,0,True
PY10,Weekend,9,1,0,True
PY10,Weekend,10,2,3,True
PY10,Weekend,11,2,6,True
PY10,Weekend,12,2,2,True
PY10,Weekend,13,2,5,True
PY10,Weekend,14,2,1,True
PY10,Weekend,15,2,4,True
PY10,Weekend,16,2,0,True
PY10,Weekend,17,2,0,True
PY10,Weekend,18,2,0,True
PY10,Weekend,19,2,0,True
PY10,Weekend,20,2,4,True
PY10,Weekend,21,1,0,True
PY10,Weekend,22,1,0,True
PY10,Weekend,23,1,0,True
PY11,Weekday,0,1,-1,False
PY11,Weekday,1,1,-1,False
PY11,Weekday,2,1,-1,False
PY11,Weekday,3,1,-1,False
PY11,Weekday,4,1,-1,False
PY11,Weekday,5,1,-1,False
PY11,Weekday,6,4,0,True
PY11,Weekday,7,5,0,True
PY11,Weekday,8,5,0,True
PY11,Weekday,9,1,0,True
PY11,Weekday,10,1,3,True
PY11,Weekday,11,1,6,True
PY11,Weekday,12,1,2,True
PY11,Weekday,13,1,5,True
PY11,Weekday,14,1,1,True
PY11,Weekday,15,1,4,True
PY11,Weekday,16,1,0,True
PY11,Weekday,17,3,0,True
PY11,Weekday,18,3,0,True
PY11,Weekday,19,3,0,True
PY11,Weekday,20,1,4,True
PY11,Weekday,21,1,0,True
PY11,Weekday,22,1,0,True
PY11,Weekday,23,1,0,True
PY11,Weekend,0,1,-1,False
PY11,Weekend,1,1,-1,False
PY11,Weekend,2,1,-1,False
PY11,Weekend,3,1,-1,False
PY11,Weekend,4,1,-1,False
PY11,Weekend,5,1,-1,False
PY11,Weekend,6,1,0,True
PY11,Weekend,7,1,0,True
PY11,Weekend,8,1,0,True
PY11,Weekend,9,1,0,True
PY11,Weekend,10,2,3,True
PY11,Weekend,11,2,6,True
PY11,Weekend,12,2,2,True
PY11,Weekend,13,2,5,True
PY11,Weekend,14,2,1,True
PY11,Weekend,15,2,4,True
PY11,Weekend,16,2,0,True
PY11,Weekend,17,2,0,True
PY11,Weekend,18,2,0,True
PY11,Weekend,19,2,0,True
PY11,Weekend,20,2,4,True
PY11,Weekend,21,1,0,True
PY11,Weekend,22,1,0,True
PY11,Weekend,23,1,0,True
PY12,Weekday,0,1,-1,False
PY12,Weekday,1,1,-1,False
PY12,Weekday,2,1,-1,False
PY12,Weekday,3,1,-1,False
PY12,Weekday,4,1,-1,False
PY12,Weekday,5,1,-1,False
PY12,Weekday,6,4,0,True
PY12,Weekday,7,5,0,True
PY12,Weekday,8,5,0,True
PY12,Weekday,9,1,0,True
PY12,Weekday,10,1,3,True
PY12,Weekday,11,1,6,True
PY12,Weekday,12,1,2,True
PY12,Weekday,13,1,5,True
PY12,Weekday,14,1,1,True
PY12,Weekday,15,1,4,True
PY12,Weekday,16,1,0,True
PY12,Weekday,17,3,0,True
PY12,Weekday,18,3,0,True
PY12,Weekday,19,3,0,True
PY12,Weekday,20,1,4,True
PY12,Weekday,21,1,0,True
PY12,Weekday,22,1,0,True
PY12,Weekday,23,1,0,True
PY12,Weekend,0,1,-1,False
PY12,Weekend,1,1,-1,False
PY12,Weekend,2,1,-1,False
PY12,Weekend,3,1,-1,False
PY12,Weekend,4,1,-1,False
PY12,Weekend,5,1,-1,False
PY12,Weekend,6,1,0,True
PY12,Weekend,7,1,0,True
PY12,Weekend,8,1,0,True
PY12,Weekend,9,1,0,True
PY12,Weekend,10,2,3,True
PY12,Weekend,11,2,6,True
PY12,Weekend,12,2,2,True
PY12,Weekend,13,2,5,True
PY12,Weekend,14,2,1,True
PY12,Weekend,15,2,4,True
PY12,Weekend,16,2,0,True
PY12,Weekend,17,2,0,True
PY12,Weekend,18,2,0,True
PY12,Weekend,19,2,0,True
PY12,Weekend,20,2,4,True
PY12,Weekend,21,1,0,True
PY12,Weekend,22,1,0,True
PY12,Weekend,23,1,0,True
PY13,Weekday,0,1,-1,False
PY13,Weekday,1,1,-1,False
PY13,Weekday,2,1,-1,False
PY13,Weekday,3,1,-1,False
PY13,Weekday,4,1,-1,False
PY13,Weekday,5,1,-1,False
PY13,Weekday,6,4,0,True
PY13,Weekday,7,5,0,True
PY13,Weekday,8,5,0,True
PY13,Weekday,9,1,0,True
PY13,Weekday,10,1,3,True
PY13,Weekday,11,1,6,True
PY13,Weekday,12,1,2,True
PY13,Weekday,13,1,5,True
PY13,Weekday,14,1,1,True
PY13,Weekday,15,1,4,True
PY13,Weekday,16,1,0,True
PY13,Weekday,17,3,0,True
PY13,Weekday,18,3,0,True
PY13,Weekday,19,3,0,True
PY13,Weekday,20,1,4,True
PY13,Weekday,21,1,0,True
PY13,Weekday,22,1,0,True
PY13,Weekday,23,1,0,True
PY13,Weekend,0,1,-1,False
PY13,Weekend,1,1,-1,False
PY13,Weekend,2,1,-1,False
PY13,Weekend,3,1,-1,False
PY13,Weekend,4,1,-1,False
PY13,Weekend,5,1,-1,False
PY13,Weekend,6,1,0,True
PY13,Weekend,7,1,0,True
PY13,Weekend,8,1,0,True
PY13,Weekend,9,1,0,True
PY13,Weekend,10,2,3,True
PY13,Weekend,11,2,6,True
PY13,Weekend,12,2,2,True
PY13,Weekend,13,2,5,True
PY13,Weekend,14,2,1,True
PY13,Weekend,15,2,4,True
PY13,Weekend,16,2,0,True
PY13,Weekend,17,2,0,True
PY13,Weekend,18,2,0,True
PY13,Weekend,19,2,0,True
PY13,Weekend,20,2,4,True
PY13,Weekend,21,1,0,True
PY13,Weekend,22,1,0,True
PY13,Weekend,23,1,0,True
PY14,Weekday,0,1,-1,False
PY14,Weekday,1,1,-1,False
PY14,Weekday,2,1,-1,False
PY14,Weekday,3,1,-1,False
PY14,Weekday,4,1,-1,False
PY14,Weekday,5,1,-1,False
PY14,Weekday,6,4,0,True
PY14,Weekday,7,5,0,True
PY14,Weekday,8,5,0,True
PY14,Weekday,9,1,0,True
PY14,Weekday,10,1,3,True
PY14,Weekday,11,1,6,True
PY14,Weekday,12,1,2,True
PY14,Weekday,13,1,5,True
PY14,Weekday,14,1,1,True
PY14,Weekday,15,1,4,True
PY14,Weekday,16,1,0,True
PY14,Weekday,17,3,0,True
PY14,Weekday,18,3,0,True
PY14,Weekday,19,3,0,True
PY14,Weekday,20,1,4,True
PY14,Weekday,21,1,0,True
PY14,Weekday,22,1,0,True
PY14,Weekday,23,1,0,True
PY14,Weekend,0,1,-1,False
PY14,Weekend,1,1,-1,False
PY14,Weekend,2,1,-1,False
PY14,Weekend,3,1,-1,False
PY14,Weekend,4,1,-1,False
PY14,Weekend,5,1,-1,False
PY14,Weekend,6,1,0,True
PY14,Weekend,7,1,0,True
PY14,Weekend,8,1,0,True
PY14,Weekend,9,1,0,True
PY14,Weekend,10,2,3,True
PY14,Weekend,11,2,6,True
PY14,Weekend,12,2,2,True
PY14,Weekend,13,2,5,True
PY14,Weekend,14,2,1,True
PY14,Weekend,15,2,4,True
PY14,Weekend,16,2,0,True
PY14,Weekend,17,2,0,True
PY14,Weekend,18,2,0,True
PY14,Weekend,19,2,0,True
PY14,Weekend,20,2,4,True
PY14,Weekend,21,1,0,True
PY14,Weekend,22,1,0,True
PY14,Weekend,23,1,0,True
PY15,Weekday,0,1,-1,False
PY15,Weekday,1,1,-1,False
PY15,Weekday,2,1,-1,False
PY15,Weekday,3,1,-1,False
PY15,Weekday,4,1,-1,False
PY15,Weekday,5,1,-1,False
PY15,Weekday,6,4,0,True
PY15,Weekday,7,5,0,True
PY15,Weekday,8,5,0,True
PY15,Weekday,9,1,0,True
PY15,Weekday,10,1,3,True
PY15,Weekday,11,1,6,True
PY15,Weekday,12,1,2,True
PY15,Weekday,13,1,5,True
PY15,Weekday,14,1,1,True
PY15,Weekday,15,1,4,True
PY15,Weekday,16,1,0,True
PY15,Weekday,17,3,0,True
PY15,Weekday,18,3,0,True
PY15,Weekday,19,3,0,True
PY15,Weekday,20,1,4,True
PY15,Weekday,21,1,0,True
PY15,Weekday,22,1,0,True
PY15,Weekday,23,1,0,True
PY15,Weekend,0,1,-1,False
PY15,Weekend,1,1,-1,False
PY15,Weekend,2,1,-1,False
PY15,Weekend,3,1,-1,False
PY15,Weekend,4,1,-1,False
PY15,Weekend,5,1,-1,False
PY15,Weekend,6,1,0,True
PY15,Weekend,7,1,0,True
PY15,Weekend,8,1,0,True
PY15,Weekend,9,1,0,True
PY15,Weekend,10,2,3,True
PY15,Weekend,11,2,6,True
PY15,Weekend,12,2,2,True
PY15,Weekend,13,2,5,True
PY15,Weekend,14,2,1,True
PY15,Weekend,15,2,4,True
PY15,Weekend,16,2,0,True
PY15,Weekend,17,2,0,True
PY15,Weekend,18,2,0,True
PY15,Weekend,19,2,0,True
PY15,Weekend,20,2,4,True
PY15,Weekend,21,1,0,True
PY15,Weekend,22,1,0,True
PY15,Weekend,23,1,0,True
PY16,Weekday,0,1,-1,False
PY16,Weekday,1,1,-1,False
PY16,Weekday,2,1,-1,False
PY16,Weekday,3,1,-1,False
PY16,Weekday,4,1,-1,False
PY16,Weekday,5,1,-1,False
PY16,Weekday,6,4,0,True
PY16,Weekday,7,5,0,True
PY16,Weekday,8,5,0,True
PY16,Weekday,9,1,0,True
PY16,Weekday,10,1,3,True
PY16,Weekday,11,1,6,True
PY16,Weekday,12,1,2,True
PY16,Weekday,13,1,5,True
PY16,Weekday,14,1,1,True
PY16,Weekday,15,1,4,True
PY16,Weekday,16,1,0,True
PY16,Weekday,17,3,0,True
PY16,Weekday,18,3,0,True
PY16,Weekday,19,3,0,True
PY16,Weekday,20,1,4,True
PY16,Weekday,21,1,0,True
PY16,Weekday,22,1,0,True
PY16,Weekday,23,1,0,True
PY16,Weekend,0,1,-1,False
PY16,Weekend,1,1,-1,False
PY16,Weekend,2,1,-1,False
PY16,Weekend,3,1,-1,False
PY16,Weekend,4,1,-1,False
PY16,Weekend,5,1,-1,False
PY16,Weekend,6,1,0,True
PY16,Weekend,7,1,0,True
PY16,Weekend,8,1,0,True
PY16,Weekend,9,1,0,True
PY16,Weekend,10,2,3,True
PY16,Weekend,11,2,6,True
PY16,Weekend,12,2,2,True
PY16,Weekend,13,2,5,True
PY16,Weekend,14,2,1,True
PY16,Weekend,15,2,4,True
PY16,Weekend,16,2,0,True
PY16,Weekend,17,2,0,True
PY16,Weekend,18,2,0,True
PY16,Weekend,19,2,0,True
PY16,Weekend,20,2,4,True
PY16,Weekend,21,1,0,True
PY16,Weekend,22,1,0,True
PY16,Weekend,23,1,0,True
PY17,Weekday,0,1,-1,False
PY17,Weekday,1,1,-1,False
PY17,Weekday,2,1,-1,False
PY17,Weekday,3,1,-1,False
PY17,Weekday,4,1,-1,False
PY17,Weekday,5,1,-1,False
PY17,Weekday,6,2,0,True
PY17,Weekday,7,5,0,True
PY17,Weekday,8,5,0,True
PY17,Weekday,9,2,0,True
PY17,Weekday,10,2,3,True
PY17,Weekday,11,2,6,True
PY17,Weekday,12,2,2,True
PY17,Weekday,13,2,5,True
PY17,Weekday,14,2,1,True
PY17,Weekday,15,2,4,True
PY17,Weekday,16,2,0,True
PY17,Weekday,17,5,0,True
PY17,Weekday,18,5,0,True
PY17,Weekday,19,2,0,True
PY17,Weekday,20,2,4,True
PY17,Weekday,21,2,0,True
PY17,Weekday,22,2,0,True
PY17,Weekday,23,2,0,True
PY17,Weekend,0,1,-1,False
PY17,Weekend,1,1,-1,False
PY17,Weekend,2,1,-1,False
PY17,Weekend,3,1,-1,False
PY17,Weekend,4,1,-1,False
PY17,Weekend,5,1,-1,False
PY17,Weekend,6,2,0,True
PY17,Weekend,7,2,0,True
PY17,Weekend,8,2,0,True
PY17,Weekend,9,2,0,True
PY17,Weekend,10,3,3,True
PY17,Weekend,11,3,6,True
PY17,Weekend,12,3,2,True
PY17,Weekend,13,3,5,True
PY17,Weekend,14,3,1,True
PY17,Weekend,15,3,4,True
PY17,Weekend,16,3,0,True
PY17,Weekend,17,3,0,True
PY17,Weekend,18,3,0,True
PY17,Weekend,19,3,0,True
PY17,Weekend,20,2,4,True
PY17,Weekend,21,2,0,True
PY17,Weekend,22,2,0,True
PY17,Weekend,23,2,0,True
PY18,Weekday,0,1,-1,False
PY18,Weekday,1,1,-1,False
PY18,Weekday,2,1,-1,False
PY18,Weekday,3,1,-1,False
PY18,Weekday,4,1,-1,False
PY18,Weekday,5,1,-1,False
PY18,Weekday,6,4,0,True
PY18,Weekday,7,5,0,True
PY18,Weekday,8,5,0,True
PY18,Weekday,9,1,0,True
PY18,Weekday,10,1,3,True
PY18,Weekday,11,1,6,True
PY18,Weekday,12,1,2,True
PY18,Weekday,13,1,5,True
PY18,Weekday,14,1,1,True
PY18,Weekday,15,1,4,True
PY18,Weekday,16,1,0,True
PY18,Weekday,17,3,0,True
PY18,Weekday,18,3,0,True
PY18,Weekday,19,3,0,True
PY18,Weekday,20,1,4,True
PY18,Weekday,21,1,0,True
PY18,Weekday,22,1,0,True
PY18,Weekday,23,1,0,True
PY18,Weekend,0,1,-1,False
PY18,Weekend,1,1,-1,False
PY18,Weekend,2,1,-1,False
PY18,Weekend,3,1,-1,False
PY18,Weekend,4,1,-1,False
PY18,Weekend,5,1,-1,False
PY18,Weekend,6,1,0,True
PY18,Weekend,7,1,0,True
PY18,Weekend,8,1,0,True
PY18,Weekend,9,1,0,True
PY18,Weekend,10,2,3,True
PY18,Weekend,11,2,6,True
PY18,Weekend,12,2,2,True
PY18,Weekend,13,2,5,True
PY18,Weekend,14,2,1,True
PY18,Weekend,15,2,4,True
PY18,Weekend,16,2,0,True
PY18,Weekend,17,2,0,True
PY18,Weekend,18,2,0,True
PY18,Weekend,19,2,0,True
PY18,Weekend,20,2,4,True
PY18,Weekend,21,1,0,True
PY18,Weekend,22,1,0,True
PY18,Weekend,23,1,0,True
PY19,Weekday,0,1,-1,False
PY19,Weekday,1,1,-1,False
PY19,Weekday,2,1,-1,False
PY19,Weekday,3,1,-1,False
PY19,Weekday,4,1,-1,False
PY19,Weekday,5,1,-1,False
PY19,Weekday,6,4,0,True
PY19,Weekday,7,5,0,True
PY19,Weekday,8,5,0,True
PY19,Weekday,9,1,0,True
PY19,Weekday,10,1,3,True
PY19,Weekday,11,1,6,True
PY19,Weekday,12,1,2,True
PY19,Weekday,13,1,5,True
PY19,Weekday,14,1,1,True
PY19,Weekday,15,1,4,True
PY19,Weekday,16,1,0,True
PY19,Weekday,17,3,0,True
PY19,Weekday,18,3,0,True
PY19,Weekday,19,3,0,True
PY19,Weekday,20,1,4,True
PY19,Weekday,21,1,0,True
PY19,Weekday,22,1,0,True
PY19,Weekday,23,1,0,True
PY19,Weekend,0,1,-1,False
PY19,Weekend,1,1,-1,False
PY19,Weekend,2,1,-1,False
PY19,Weekend,3,1,-1,False
PY19,Weekend,4,1,-1,False
PY19,Weekend,5,1,-1,False
PY19,Weekend,6,1,0,True
PY19,Weekend,7,1,0,True
PY19,Weekend,8,1,0,True
PY19,Weekend,9,1,0,True
PY19,Weekend,10,2,3,True
PY19,Weekend,11,2,6,True
PY19,Weekend,12,2,2,True
PY19,Weekend,13,2,5,True
PY19,Weekend,14,2,1,True
PY19,Weekend,15,2,4,True
PY19,Weekend,16,2,0,True
PY19,Weekend,17,2,0,True
PY19,Weekend,18,2,0,True
PY19,Weekend,19,2,0,True
PY19,Weekend,20,2,4,True
PY19,Weekend,21,1,0,True
PY19,Weekend,22,1,0,True
PY19,Weekend,23,1,0,True
PY20,Weekday,0,1,-1,False
PY20,Weekday,1,1,-1,False
PY20,Weekday,2,1,-1,False
PY20,Weekday,3,1,-1,False
PY20,Weekday,4,1,-1,False
PY20,Weekday,5,1,-1,False
PY20,Weekday,6,4,0,True
PY20,Weekday,7,5,0,True
PY20,Weekday,8,5,0,True
PY20,Weekday,9,1,0,True
PY20,Weekday,10,1,3,True
PY20,Weekday,11,1,6,True
PY20,Weekday,12,1,2,True
PY20,Weekday,13,1,5,True
PY20,Weekday,14,1,1,True
PY20,Weekday,15,1,4,True
PY20,Weekday,16,1,0,True
PY20,Weekday,17,3,0,True
PY20,Weekday,18,3,0,True
PY20,Weekday,19,3,0,True
PY20,Weekday,20,1,4,True
PY20,Weekday,21,1,0,True
PY20,Weekday,22,1,0,True
PY20,Weekday,23,1,0,True
PY20,Weekend,0,1,-1,False
PY20,Weekend,1,1,-1,False
PY20,Weekend,2,1,-1,False
PY20,Weekend,3,1,-1,False
PY20,Weekend,4,1,-1,False
PY20,Weekend,5,1,-1,False
PY20,Weekend,6,1,0,True
PY20,Weekend,7,1,0,True
PY20,Weekend,8,1,0,True
PY20,Weekend,9,1,0,True
PY20,Weekend,10,2,3,True
PY20,Weekend,11,2,6,True
PY20,Weekend,12,2,2,True
PY20,Weekend,13,2,5,True
PY20,Weekend,14,2,1,True
PY20,Weekend,15,2,4,True
PY20,Weekend,16,2,0,True
PY20,Weekend,17,2,0,True
PY20,Weekend,18,2,0,True
PY20,Weekend,19,2,0,True
PY20,Weekend,20,2,4,True
PY20,Weekend,21,1,0,True
PY20,Weekend,22,1,0,True
PY20,Weekend,23,1,0,True
PY21,Weekday,0,1,-1,False
PY21,Weekday,1,1,-1,False
PY21,Weekday,2,1,-1,False
PY21,Weekday,3,1,-1,False
PY21,Weekday,4,1,-1,False
PY21,Weekday,5,1,-1,False
PY21,Weekday,6,2,0,True
PY21,Weekday,7,2,0,True
PY21,Weekday,8,2,0,True
PY21,Weekday,9,2,0,True
PY21,Weekday,10,2,3,True
PY21,Weekday,11,2,6,True
PY21,Weekday,12,2,2,True
PY21,Weekday,13,2,5,True
PY21,Weekday,14,2,1,True
PY21,Weekday,15,2,4,True
PY21,Weekday,16,2,0,True
PY21,Weekday,17,4,0,True
PY21,Weekday,18,5,0,True
PY21,Weekday,19,5,0,True
PY21,Weekday,20,2,4,True
PY21,Weekday,21,2,0,True
PY21,Weekday,22,2,0,True
PY21,Weekday,23,2,0,True
PY21,Weekend,0,1,-1,False
PY21,Weekend,1,1,-1,False
PY21,Weekend,2,1,-1,False
PY21,Weekend,3,1,-1,False
PY21,Weekend,4,1,-1,False
PY21,Weekend,5,1,-1,False
PY21,Weekend,6,2,0,True
PY21,Weekend,7,2,0,True
PY21,Weekend,8,2,0,True
PY21,Weekend,9,2,0,True
PY21,Weekend,10,2,3,True
PY21,Weekend,11,2,6,True
PY21,Weekend,12,3,2,True
PY21,Weekend,13,3,5,True
PY21,Weekend,14,3,1,True
PY21,Weekend,15,3,4,True
PY21,Weekend,16,3,0,True
PY21,Weekend,17,4,0,True
PY21,Weekend,18,4,0,True
PY21,Weekend,19,4,0,True
PY21,Weekend,20,4,4,True
PY21,Weekend,21,2,0,True
PY21,Weekend,22,2,0,True
PY21,Weekend,23,2,0,True
PY22,Weekday,0,1,-1,False
PY22,Weekday,1,1,-1,False
PY22,Weekday,2,1,-1,False
PY22,Weekday,3,1,-1,False
PY22,Weekday,4,1,-1,False
PY22,Weekday,5,1,-1,False
PY22,Weekday,6,4,0,True
PY22,Weekday,7,5,0,True
PY22,Weekday,8,5,0,True
PY22,Weekday,9,1,0,True
PY22,Weekday,10,1,3,True
PY22,Weekday,11,1,6,True
PY22,Weekday,12,1,2,True
PY22,Weekday,13,1,5,True
PY22,Weekday,14,1,1,True
PY22,Weekday,15,1,4,True
PY22,Weekday,16,1,0,True
PY22,Weekday,17,3,0,True
PY22,Weekday,18,3,0,True
PY22,Weekday,19,3,0,True
PY22,Weekday,20,1,4,True
PY22,Weekday,21,1,0,True
PY22,Weekday,22,1,0,True
PY22,Weekday,23,1,0,True
PY22,Weekend,0,1,-1,False
PY22,Weekend,1,1,-1,False
PY22,Weekend,2,1,-1,False
PY22,Weekend,3,1,-1,False
PY22,Weekend,4,1,-1,False
PY22,Weekend,5,1,-1,False
PY22,Weekend,6,1,0,True
PY22,Weekend,7,1,0,True
PY22,Weekend,8,1,0,True
PY22,Weekend,9,1,0,True
PY22,Weekend,10,2,3,True
PY22,Weekend,11,2,6,True
PY22,Weekend,12,2,2,True
PY22,Weekend,13,2,5,True
PY22,Weekend,14,2,1,True
PY22,Weekend,15,2,4,True
PY22,Weekend,16,2,0,True
PY22,Weekend,17,2,0,True
PY22,Weekend,18,2,0,True
PY22,Weekend,19,2,0,True
PY22,Weekend,20,2,4,True
PY22,Weekend,21,1,0,True
PY22,Weekend,22,1,0,True
PY22,Weekend,23,1,0,True
PY23,Weekday,0,1,-1,False
PY23,Weekday,1,1,-1,False
PY23,Weekday,2,1,-1,False
PY23,Weekday,3,1,-1,False
PY23,Weekday,4,1,-1,False
PY23,Weekday,5,1,-1,False
PY23,Weekday,6,2,0,True
PY23,Weekday,7,5,0,True
PY23,Weekday,8,5,0,True
PY23,Weekday,9,2,0,True
PY23,Weekday,10,2,3,True
PY23,Weekday,11,2,6,True
PY23,Weekday,12,2,2,True
PY23,Weekday,13,2,5,True
PY23,Weekday,14,2,1,True
PY23,Weekday,15,2,4,True
PY23,Weekday,16,2,0,True
PY23,Weekday,17,5,0,True
PY23,Weekday,18,5,0,True
PY23,Weekday,19,2,0,True
PY23,Weekday,20,2,4,True
PY23,Weekday,21,2,0,True
PY23,Weekday,22,2,0,True
PY23,Weekday,23,2,0,True
PY23,Weekend,0,1,-1,False
PY23,Weekend,1,1,-1,False
PY23,Weekend,2,1,-1,False
PY23,Weekend,3,1,-1,False
PY23,Weekend,4,1,-1,False
PY23,Weekend,5,1,-1,False
PY23,Weekend,6,2,0,True
PY23,Weekend,7,2,0,True
PY23,Weekend,8,2,0,True
PY23,Weekend,9,2,0,True
PY23,Weekend,10,3,3,True
PY23,Weekend,11,3,6,True
PY23,Weekend,12,3,2,True
PY23,Weekend,13,3,5,True
PY23,Weekend,14,3,1,True
PY23,Weekend,15,3,4,True
PY23,Weekend,16,3,0,True
PY23,Weekend,17,3,0,True
PY23,Weekend,18,3,0,True
PY23,Weekend,19,3,0,True
PY23,Weekend,20,2,4,True
PY23,Weekend,21,2,0,True
PY23,Weekend,22,2,0,True
PY23,Weekend,23,2,0,True
PY24,Weekday,0,1,-1,False
PY24,Weekday,1,1,-1,False
PY24,Weekday,2,1,-1,False
PY24,Weekday,3,1,-1,False
PY24,Weekday,4,1,-1,False
PY24,Weekday,5,1,-1,False
PY24,Weekday,6,2,0,True
PY24,Weekday,7,5,0,True
PY24,Weekday,8,5,0,True
PY24,Weekday,9,2,0,True
PY24,Weekday,10,2,3,True
PY24,Weekday,11,2,6,True
PY24,Weekday,12,2,2,True
PY24,Weekday,13,2,5,True
PY24,Weekday,14,2,1,True
PY24,Weekday,15,2,4,True
PY24,Weekday,16,2,0,True
PY24,Weekday,17,5,0,True
PY24,Weekday,18,5,0,True
PY24,Weekday,19,2,0,True
PY24,Weekday,20,2,4,True
PY24,Weekday,21,2,0,True
PY24,Weekday,22,2,0,True
PY24,Weekday,23,2,0,True
PY24,Weekend,0,1,-1,False
PY24,Weekend,1,1,-1,False
PY24,Weekend,2,1,-1,False
PY24,Weekend,3,1,-1,False
PY24,Weekend,4,1,-1,False
PY24,Weekend,5,1,-1,False
PY24,Weekend,6,2,0,True
PY24,Weekend,7,2,0,True
PY24,Weekend,8,2,0,True
PY24,Weekend,9,2,0,True
PY24,Weekend,10,3,3,True
PY24,Weekend,11,3,6,True
PY24,Weekend,12,3,2,True
PY24,Weekend,13,3,5,True
PY24,Weekend,14,3,1,True
PY24,Weekend,15,3,4,True
PY24,Weekend,16,3,0,True
PY24,Weekend,17,3,0,True
PY24,Weekend,18,3,0,True
PY24,Weekend,19,3,0,True
PY24,Weekend,20,2,4,True
PY24,Weekend,21,2,0,True
PY24,Weekend,22,2,0,True
PY24,Weekend,23,2,0,True
PY27,Weekday,0,1,-1,False
PY27,Weekday,1,1,-1,False
PY27,Weekday,2,1,-1,False
PY27,Weekday,3,1,-1,False
PY27,Weekday,4,1,-1,False
PY27,Weekday,5,1,-1,False
PY27,Weekday,6,4,0,True
PY27,Weekday,7,5,0,True
PY27,Weekday,8,5,0,True
PY27,Weekday,9,1,0,True
PY27,Weekday,10,1,3,True
PY27,Weekday,11,1,6,True
PY27,Weekday,12,1,2,True
PY27,Weekday,13,1,5,True
PY27,Weekday,14,1,1,True
PY27,Weekday,15,1,4,True
PY27,Weekday,16,1,0,True
PY27,Weekday,17,3,0,True
PY27,Weekday,18,3,0,True
PY27,Weekday,19,3,0,True
PY27,Weekday,20,1,4,True
PY27,Weekday,21,1,0,True
PY27,Weekday,22,1,0,True
PY27,Weekday,23,1,0,True
PY27,Weekend,0,1,-1,False
PY27,Weekend,1,1,-1,False
PY27,Weekend,2,1,-1,False
PY27,Weekend,3,1,-1,False
PY27,Weekend,4,1,-1,False
PY27,Weekend,5,1,-1,False
PY27,Weekend,6,1,0,True
PY27,Weekend,7,1,0,True
PY27,Weekend,8,1,0,True
PY27,Weekend,9,1,0,True
PY27,Weekend,10,2,3,True
PY27,Weekend,11,2,6,True
PY27,Weekend,12,2,2,True
PY27,Weekend,13,2,5,True
PY27,Weekend,14,2,1,True
PY27,Weekend,15,2,4,True
PY27,Weekend,16,2,0,True
PY27,Weekend,17,2,0,True
PY27,Weekend,18,2,0,True
PY27,Weekend,19,2,0,True
PY27,Weekend,20,2,4,True
PY27,Weekend,21,1,0,True
PY27,Weekend,22,1,0,True
PY27,Weekend,23,1,0,True
PY28,Weekday,0,1,-1,False
PY28,Weekday,1,1,-1,False
PY28,Weekday,2,1,-1,False
PY28,Weekday,3,1,-1,False
PY28,Weekday,4,1,-1,False
PY28,Weekday,5,1,-1,False
PY28,Weekday,6,4,0,True
PY28,Weekday,7,5,0,True
PY28,Weekday,8,5,0,True
PY28,Weekday,9,1,0,True
PY28,Weekday,10,1,3,True
PY28,Weekday,11,1,6,True
PY28,Weekday,12,1,2,True
PY28,Weekday,13,1,5,True
PY28,Weekday,14,1,1,True
PY28,Weekday,15,1,4,True
PY28,Weekday,16,1,0,True
PY28,Weekday,17,3,0,True
PY28,Weekday,18,3,0,True
PY28,Weekday,19,3,0,True
PY28,Weekday,20,1,4,True
PY28,Weekday,21,1,0,True
PY28,Weekday,22,1,0,True
PY28,Weekday,23,1,0,True
PY28,Weekend,0,1,-1,False
PY28,Weekend,1,1,-1,False
PY28,Weekend,2,1,-1,False
PY28,Weekend,3,1,-1,False
PY28,Weekend,4,1,-1,False
PY28,Weekend,5,1,-1,False
PY28,Weekend,6,1,0,True
PY28,Weekend,7,1,0,True
PY28,Weekend,8,1,0,True
PY28,Weekend,9,1,0,True
PY28,Weekend,10,2,3,True
PY28,Weekend,11,2,6,True
PY28,Weekend,12,2,2,True
PY28,Weekend,13,2,5,True
PY28,Weekend,14,2,1,True
PY28,Weekend,15,2,4,True
PY28,Weekend,16,2,0,True
PY28,Weekend,17,2,0,True
PY28,Weekend,18,2,0,True
PY28,Weekend,19,2,0,True
PY28,Weekend,20,2,4,True
PY28,Weekend,21,1,0,True
PY28,Weekend,22,1,0,True
PY28,Weekend,23,1,0,True
PY29,Weekday,0,1,-1,False
PY29,Weekday,1,1,-1,False
PY29,Weekday,2,1,-1,False
PY29,Weekday,3,1,-1,False
PY29,Weekday,4,1,-1,False
PY29,Weekday,5,1,-1,False
PY29,Weekday,6,2,0,True
PY29,Weekday,7,5,0,True
PY29,Weekday,8,5,0,True
PY29,Weekday,9,2,0,True
PY29,Weekday,10,2,3,True
PY29,Weekday,11,2,6,True
PY29,Weekday,12,2,2,True
PY29,Weekday,13,2,5,True
PY29,Weekday,14,2,1,True
PY29,Weekday,15,2,4,True
PY29,Weekday,16,2,0,True
PY29,Weekday,17,5,0,True
PY29,Weekday,18,5,0,True
PY29,Weekday,19,2,0,True
PY29,Weekday,20,2,4,True
PY29,Weekday,21,2,0,True
PY29,Weekday,22,2,0,True
PY29,Weekday,23,2,0,True
PY29,Weekend,0,1,-1,False
PY29,Weekend,1,1,-1,False
PY29,Weekend,2,1,-1,False
PY29,Weekend,3,1,-1,False
PY29,Weekend,4,1,-1,False
PY29,Weekend,5,1,-1,False
PY29,Weekend,6,2,0,True
PY29,Weekend,7,2,0,True
PY29,Weekend,8,2,0,True
PY29,Weekend,9,2,0,True
PY29,Weekend,10,3,3,True
PY29,Weekend,11,3,6,True
PY29,Weekend,12,3,2,True
PY29,Weekend,13,3,5,True
PY29,Weekend,14,3,1,True
PY29,Weekend,15,3,4,True
PY29,Weekend,16,3,0,True
PY29,Weekend,17,3,0,True
PY29,Weekend,18,3,0,True
PY29,Weekend,19,3,0,True
PY29,Weekend,20,2,4,True
PY29,Weekend,21,2,0,True
PY29,Weekend,22,2,0,True
PY29,Weekend,23,2,0,True
PY31,Weekday,0,1,-1,False
PY31,Weekday,1,1,-1,False
PY31,Weekday,2,1,-1,False
PY31,Weekday,3,1,-1,False
PY31,Weekday,4,1,-1,False
PY31,Weekday,5,1,-1,False
PY31,Weekday,6,4,0,True
PY31,Weekday,7,5,0,True
PY31,Weekday,8,5,0,True
PY31,Weekday,9,1,0,True
PY31,Weekday,10,1,3,True
PY31,Weekday,11,1,6,True
PY31,Weekday,12,1,2,True
PY31,Weekday,13,1,5,True
PY31,Weekday,14,1,1,True
PY31,Weekday,15,1,4,True
PY31,Weekday,16,1,0,True
PY31,Weekday,17,3,0,True
PY31,Weekday,18,3,0,True
PY31,Weekday,19,3,0,True
PY31,Weekday,20,1,4,True
PY31,Weekday,21,1,0,True
PY31,Weekday,22,1,0,True
PY31,Weekday,23,1,0,True
PY31,Weekend,0,1,-1,False
PY31,Weekend,1,1,-1,False
PY31,Weekend,2,1,-1,False
PY31,Weekend,3,1,-1,False
PY31,Weekend,4,1,-1,False
PY31,Weekend,5,1,-1,False
PY31,Weekend,6,1,0,True
PY31,Weekend,7,1,0,True
PY31,Weekend,8,1,0,True
PY31,Weekend,9,1,0,True
PY31,Weekend,10,2,3,True
PY31,Weekend,11,2,6,True
PY31,Weekend,12,2,2,True
PY31,Weekend,13,2,5,True
PY31,Weekend,14,2,1,True
PY31,Weekend,15,2,4,True
PY31,Weekend,16,2,0,True
PY31,Weekend,17,2,0,True
PY31,Weekend,18,2,0,True
PY31,Weekend,19,2,0,True
PY31,Weekend,20,2,4,True
PY31,Weekend,21,1,0,True
PY31,Weekend,22,1,0,True
PY31,Weekend,23,1,0,True
PY32,Weekday,0,1,-1,False
PY32,Weekday,1,1,-1,False
PY32,Weekday,2,1,-1,False
PY32,Weekday,3,1,-1,False
PY32,Weekday,4,1,-1,False
PY32,Weekday,5,1,-1,False
PY32,Weekday,6,4,0,True
PY32,Weekday,7,5,0,True
PY32,Weekday,8,5,0,True
PY32,Weekday,9,1,0,True
PY32,Weekday,10,1,3,True
PY32,Weekday,11,1,6,True
PY32,Weekday,12,1,2,True
PY32,Weekday,13,1,5,True
PY32,Weekday,14,1,1,True
PY32,Weekday,15,1,4,True
PY32,Weekday,16,1,0,True
PY32,Weekday,17,3,0,True
PY32,Weekday,18,3,0,True
PY32,Weekday,19,3,0,True
PY32,Weekday,20,1,4,True
PY32,Weekday,21,1,0,True
PY32,Weekday,22,1,0,True
PY32,Weekday,23,1,0,True
PY32,Weekend,0,1,-1,False
PY32,Weekend,1,1,-1,False
PY32,Weekend,2,1,-1,False
PY32,Weekend,3,1,-1,False
PY32,Weekend,4,1,-1,False
PY32,Weekend,5,1,-1,False
PY32,Weekend,6,1,0,True
PY32,Weekend,7,1,0,True
PY32,Weekend,8,1,0,True
PY32,Weekend,9,1,0,True
PY32,Weekend,10,2,3,True
PY32,Weekend,11,2,6,True
PY32,Weekend,12,2,2,True
PY32,Weekend,13,2,5,True
PY32,Weekend,14,2,1,True
PY32,Weekend,15,2,4,True
PY32,Weekend,16,2,0,True
PY32,Weekend,17,2,0,True
PY32,Weekend,18,2,0,True
PY32,Weekend,19,2,0,True
PY32,Weekend,20,2,4,True
PY32,Weekend,21,1,0,True
PY32,Weekend,22,1,0,True
PY32,Weekend,23,1,0,True
PY33,Weekday,0,1,-1,False
PY33,Weekday,1,1,-1,False
PY33,Weekday,2,1,-1,False
PY33,Weekday,3,1,-1,False
PY33,Weekday,4,1,-1,False
PY33,Weekday,5,1,-1,False
PY33,Weekday,6,4,0,True
PY33,Weekday,7,5,0,True
PY33,Weekday,8,5,0,True
PY33,Weekday,9,1,0,True
PY33,Weekday,10,1,3,True
PY33,Weekday,11,1,6,True
PY33,Weekday,12,1,2,True
PY33,Weekday,13,1,5,True
PY33,Weekday,14,1,1,True
PY33,Weekday,15,1,4,True
PY33,Weekday,16,1,0,True
PY33,Weekday,17,3,0,True
PY33,Weekday,18,3,0,True
PY33,Weekday,19,3,0,True
PY33,Weekday,20,1,4,True
PY33,Weekday,21,1,0,True
PY33,Weekday,22,1,0,True
PY33,Weekday,23,1,0,True
PY33,Weekend,0,1,-1,False
PY33,Weekend,1,1,-1,False
PY33,Weekend,2,1,-1,False
PY33,Weekend,3,1,-1,False
PY33,Weekend,4,1,-1,False
PY33,Weekend,5,1,-1,False
PY33,Weekend,6,1,0,True
PY33,Weekend,7,1,0,True
PY33,Weekend,8,1,0,True
PY33,Weekend,9,1,0,True
PY33,Weekend,10,2,3,True
PY33,Weekend,11,2,6,True
PY33,Weekend,12,2,2,True
PY33,Weekend,13,2,5,True
PY33,Weekend,14,2,1,True
PY33,Weekend,15,2,4,True
PY33,Weekend,16,2,0,True
PY33,Weekend,17,2,0,True
PY33,Weekend,18,2,0,True
PY33,Weekend,19,2,0,True
PY33,Weekend,20,2,4,True
PY33,Weekend,21,1,0,True
PY33,Weekend,22,1,0,True
PY33,Weekend,23,1,0,True
PY34,Weekday,0,1,-1,False
PY34,Weekday,1,1,-1,False
PY34,Weekday,2,1,-1,False
PY34,Weekday,3,1,-1,False
PY34,Weekday,4,1,-1,False
PY34,Weekday,5,1,-1,False
PY34,Weekday,6,4,0,True
PY34,Weekday,7,5,0,True
PY34,Weekday,8,5,0,True
PY34,Weekday,9,1,0,True
PY34,Weekday,10,1,3,True
PY34,Weekday,11,1,6,True
PY34,Weekday,12,1,2,True
PY34,Weekday,13,1,5,True
PY34,Weekday,14,1,1,True
PY34,Weekday,15,1,4,True
PY34,Weekday,16,1,0,True
PY34,Weekday,17,3,0,True
PY34,Weekday,18,3,0,True
PY34,Weekday,19,3,0,True
PY34,Weekday,20,1,4,True
PY34,Weekday,21,1,0,True
PY34,Weekday,22,1,0,True
PY34,Weekday,23,1,0,True
PY34,Weekend,0,1,-1,False
PY34,Weekend,1,1,-1,False
PY34,Weekend,2,1,-1,False
PY34,Weekend,3,1,-1,False
PY34,Weekend,4,1,-1,False
PY34,Weekend,5,1,-1,False
PY34,Weekend,6,1,0,True
PY34,Weekend,7,1,0,True
PY34,Weekend,8,1,0,True
PY34,Weekend,9,1,0,True
PY34,Weekend,10,2,3,True
PY34,Weekend,11,2,6,True
PY34,Weekend,12,2,2,True
PY34,Weekend,13,2,5,True
PY34,Weekend,14,2,1,True
PY34,Weekend,15,2,4,True
PY34,Weekend,16,2,0,True
PY34,Weekend,17,2,0,True
PY34,Weekend,18,2,0,True
PY34,Weekend,19,2,0,True
PY34,Weekend,20,2,4,True
PY34,Weekend,21,1,0,True
PY34,Weekend,22,1,0,True
PY34,Weekend,23,1,0,True
PY36,Weekday,0,1,-1,False
PY36,Weekday,1,1,-1,False
PY36,Weekday,2,1,-1,False
PY36,Weekday,3,1,-1,False
PY36,Weekday,4,1,-1,False
PY36,Weekday,5,1,-1,False
PY36,Weekday,6,4,0,True
PY36,Weekday,7,5,0,True
PY36,Weekday,8,5,0,True
PY36,Weekday,9,1,0,True
PY36,Weekday,10,1,3,True
PY36,Weekday,11,1,6,True
PY36,Weekday,12,1,2,True
PY36,Weekday,13,1,5,True
PY36,Weekday,14,1,1,True
PY36,Weekday,15,1,4,True
PY36,Weekday,16,1,0,True
PY36,Weekday,17,3,0,True
PY36,Weekday,18,3,0,True
PY36,Weekday,19,3,0,True
PY36,Weekday,20,1,4,True
PY36,Weekday,21,1,0,True
PY36,Weekday,22,1,0,True
PY36,Weekday,23,1,0,True
PY36,Weekend,0,1,-1,False
PY36,Weekend,1,1,-1,False
PY36,Weekend,2,1,-1,False
PY36,Weekend,3,1,-1,False
PY36,Weekend,4,1,-1,False
PY36,Weekend,5,1,-1,False
PY36,Weekend,6,1,0,True
PY36,Weekend,7,1,0,True
PY36,Weekend,8,1,0,True
PY36,Weekend,9,1,0,True
PY36,Weekend,10,2,3,True
PY36,Weekend,11,2,6,True
PY36,Weekend,12,2,2,True
PY36,Weekend,13,2,5,True
PY36,Weekend,14,2,1,True
PY36,Weekend,15,2,4,True
PY36,Weekend,16,2,0,True
PY36,Weekend,17,2,0,True
PY36,Weekend,18,2,0,True
PY36,Weekend,19,2,0,True
PY36,Weekend,20,2,4,True
PY36,Weekend,21,1,0,True
PY36,Weekend,22,1,0,True
PY36,Weekend,23,1,0,True
PY37,Weekday,0,1,-1,False
PY37,Weekday,1,1,-1,False
PY37,Weekday,2,1,-1,False
PY37,Weekday,3,1,-1,False
PY37,Weekday,4,1,-1,False
PY37,Weekday,5,1,-1,False
PY37,Weekday,6,4,0,True
PY37,Weekday,7,5,0,True
PY37,Weekday,8,5,0,True
PY37,Weekday,9,1,0,True
PY37,Weekday,10,1,3,True
PY37,Weekday,11,1,6,True
PY37,Weekday,12,1,2,True
PY37,Weekday,13,1,5,True
PY37,Weekday,14,1,1,True
PY37,Weekday,15,1,4,True
PY37,Weekday,16,1,0,True
PY37,Weekday,17,3,0,True
PY37,Weekday,18,3,0,True
PY37,Weekday,19,3,0,True
PY37,Weekday,20,1,4,True
PY37,Weekday,21,1,0,True
PY37,Weekday,22,1,0,True
PY37,Weekday,23,1,0,True
PY37,Weekend,0,1,-1,False
PY37,Weekend,1,1,-1,False
PY37,Weekend,2,1,-1,False
PY37,Weekend,3,1,-1,False
PY37,Weekend,4,1,-1,False
PY37,Weekend,5,1,-1,False
PY37,Weekend,6,1,0,True
PY37,Weekend,7,1,0,True
PY37,Weekend,8,1,0,True
PY37,Weekend,9,1,0,True
PY37,Weekend,10,2,3,True
PY37,Weekend,11,2,6,True
PY37,Weekend,12,2,2,True
PY37,Weekend,13,2,5,True
PY37,Weekend,14,2,1,True
PY37,Weekend,15,2,4,True
PY37,Weekend,16,2,0,True
PY37,Weekend,17,2,0,True
PY37,Weekend,18,2,0,True
PY37,Weekend,19,2,0,True
PY37,Weekend,20,2,4,True
PY37,Weekend,21,1,0,True
PY37,Weekend,22,1,0,True
PY37,Weekend,23,1,0,True
PY38,Weekday,0,1,-1,False
PY38,Weekday,1,1,-1,False
PY38,Weekday,2,1,-1,False
PY38,Weekday,3,1,-1,False
PY38,Weekday,4,1,-1,False
PY38,Weekday,5,1,-1,False
PY38,Weekday,6,4,0,True
PY38,Weekday,7,5,0,True
PY38,Weekday,8,5,0,True
PY38,Weekday,9,1,0,True
PY38,Weekday,10,1,3,True
PY38,Weekday,11,1,6,True
PY38,Weekday,12,1,2,True
PY38,Weekday,13,1,5,True
PY38,Weekday,14,1,1,True
PY38,Weekday,15,1,4,True
PY38,Weekday,16,1,0,True
PY38,Weekday,17,3,0,True
PY38,Weekday,18,3,0,True
PY38,Weekday,19,3,0,True
PY38,Weekday,20,1,4,True
PY38,Weekday,21,1,0,True
PY38,Weekday,22,1,0,True
PY38,Weekday,23,1,0,True
PY38,Weekend,0,1,-1,False
PY38,Weekend,1,1,-1,False
PY38,Weekend,2,1,-1,False
PY38,Weekend,3,1,-1,False
PY38,Weekend,4,1,-1,False
PY38,Weekend,5,1,-1,False
PY38,Weekend,6,1,0,True
PY38,Weekend,7,1,0,True
PY38,Weekend,8,1,0,True
PY38,Weekend,9,1,0,True
PY38,Weekend,10,2,3,True
PY38,Weekend,11,2,6,True
PY38,Weekend,12,2,2,True
PY38,Weekend,13,2,5,True
PY38,Weekend,14,2,1,True
PY38,Weekend,15,2,4,True
PY38,Weekend,16,2,0,True
PY38,Weekend,17,2,0,True
PY38,Weekend,18,2,0,True
PY38,Weekend,19,2,0,True
PY38,Weekend,20,2,4,True
PY38,Weekend,21,1,0,True
PY38,Weekend,22,1,0,True
PY38,Weekend,23,1,0,True
PY39,Weekday,0,1,-1,False
PY39,Weekday,1,1,-1,False
PY39,Weekday,2,1,-1,False
PY39,Weekday,3,1,-1,False
PY39,Weekday,4,1,-1,False
PY39,Weekday,5,1,-1,False
PY39,Weekday,6,4,0,True
PY39,Weekday,7,5,0,True
PY39,Weekday,8,5,0,True
PY39,Weekday,9,1,0,True
PY39,Weekday,10,1,3,True
PY39,Weekday,11,1,6,True
PY39,Weekday,12,1,2,True
PY39,Weekday,13,1,5,True
PY39,Weekday,14,1,1,True
PY39,Weekday,15,1,4,True
PY39,Weekday,16,1,0,True
PY39,Weekday,17,3,0,True
PY39,Weekday,18,3,0,True
PY39,Weekday,19,3,0,True
PY39,Weekday,20,1,4,True
PY39,Weekday,21,1,0,True
PY39,Weekday,22,1,0,True
PY39,Weekday,23,1,0,True
PY39,Weekend,0,1,-1,False
PY39,Weekend,1,1,-1,False
PY39,Weekend,2,1,-1,False
PY39,Weekend,3,1,-1,False
PY39,Weekend,4,1,-1,False
PY39,Weekend,5,1,-1,False
PY39,Weekend,6,1,0,True
PY39,Weekend,7,1,0,True
PY39,Weekend,8,1,0,True
PY39,Weekend,9,1,0,True
PY39,Weekend,10,2,3,True
PY39,Weekend,11,2,6,True
PY39,Weekend,12,2,2,True
PY39,Weekend,13,2,5,True
PY39,Weekend,14,2,1,True
PY39,Weekend,15,2,4,True
PY39,Weekend,16,2,0,True
PY39,Weekend,17,2,0,True
PY39,Weekend,18,2,0,True
PY39,Weekend,19,2,0,True
PY39,Weekend,20,2,4,True
PY39,Weekend,21,1,0,True
PY39,Weekend,22,1,0,True
PY39,Weekend,23,1,0,True
PY40,Weekday,0,1,-1,False
PY40,Weekday,1,1,-1,False
PY40,Weekday,2,1,-1,False
PY40,Weekday,3,1,-1,False
PY40,Weekday,4,1,-1,False
PY40,Weekday,5,1,-1,False
PY40,Weekday,6,4,0,True
PY40,Weekday,7,5,0,True
PY40,Weekday,8,5,0,True
PY40,Weekday,9,1,0,True
PY40,Weekday,10,1,3,True
PY40,Weekday,11,1,6,True
PY40,Weekday,12,1,2,True
PY40,Weekday,13,1,5,True
PY40,Weekday,14,1,1,True
PY40,Weekday,15,1,4,True
PY40,Weekday,16,1,0,True
PY40,Weekday,17,3,0,True
PY40,Weekday,18,3,0,True
PY40,Weekday,19,3,0,True
PY40,Weekday,20,1,4,True
PY40,Weekday,21,1,0,True
PY40,Weekday,22,1,0,True
PY40,Weekday,23,1,0,True
PY40,Weekend,0,1,-1,False
PY40,Weekend,1,1,-1,False
PY40,Weekend,2,1,-1,False
PY40,Weekend,3,1,-1,False
PY40,Weekend,4,1,-1,False
PY40,Weekend,5,1,-1,False
PY40,Weekend,6,1,0,True
PY40,Weekend,7,1,0,True
PY40,Weekend,8,1,0,True
PY40,Weekend,9,1,0,True
PY40,Weekend,10,2,3,True
PY40,Weekend,11,2,6,True
PY40,Weekend,12,2,2,True
PY40,Weekend,13,2,5,True
PY40,Weekend,14,2,1,True
PY40,Weekend,15,2,4,True
PY40,Weekend,16,2,0,True
PY40,Weekend,17,2,0,True
PY40,Weekend,18,2,0,True
PY40,Weekend,19,2,0,True
PY40,Weekend,20,2,4,True
PY40,Weekend,21,1,0,True
PY40,Weekend,22,1,0,True
PY40,Weekend,23,1,0,True
PY41,Weekday,0,1,-1,False
PY41,Weekday,1,1,-1,False
PY41,Weekday,2,1,-1,False
PY41,Weekday,3,1,-1,False
PY41,Weekday,4,1,-1,False
PY41,Weekday,5,1,-1,False
PY41,Weekday,6,4,0,True
PY41,Weekday,7,5,0,True
PY41,Weekday,8,5,0,True
PY41,Weekday,9,1,0,True
PY41,Weekday,10,1,3,True
PY41,Weekday,11,1,6,True
PY41,Weekday,12,1,2,True
PY41,Weekday,13,1,5,True
PY41,Weekday,14,1,1,True
PY41,Weekday,15,1,4,True
PY41,Weekday,16,1,0,True
PY41,Weekday,17,3,0,True
PY41,Weekday,18,3,0,True
PY41,Weekday,19,3,0,True
PY41,Weekday,20,1,4,True
PY41,Weekday,21,1,0,True
PY41,Weekday,22,1,0,True
PY41,Weekday,23,1,0,True
PY41,Weekend,0,1,-1,False
PY41,Weekend,1,1,-1,False
PY41,Weekend,2,1,-1,False
PY41,Weekend,3,1,-1,False
PY41,Weekend,4,1,-1,False
PY41,Weekend,5,1,-1,False
PY41,Weekend,6,1,0,True
PY41,Weekend,7,1,0,True
PY41,Weekend,8,1,0,True
PY41,Weekend,9,1,0,True
PY41,Weekend,10,2,3,True
PY41,Weekend,11,2,6,True
PY41,Weekend,12,2,2,True
PY41,Weekend,13,2,5,True
PY41,Weekend,14,2,1,True
PY41,Weekend,15,2,4,True
PY41,Weekend,16,2,0,True
PY41,Weekend,17,2,0,True
PY41,Weekend,18,2,0,True
PY41,Weekend,19,2,0,True
PY41,Weekend,20,2,4,True
PY41,Weekend,21,1,0,True
PY41,Weekend,22,1,0,True
PY41,Weekend,23,1,0,True
SP1,Weekday,0,1,-1,False
SP1,Weekday,1,1,-1,False
SP1,Weekday,2,1,-1,False
SP1,Weekday,3,1,-1,False
SP1,Weekday,4,1,-1,False
SP1,Weekday,5,1,-1,False
SP1,Weekday,6,4,0,True
SP1,Weekday,7,5,0,True
SP1,Weekday,8,5,0,True
SP1,Weekday,9,1,0,True
SP1,Weekday,10,1,3,True
SP1,Weekday,11,1,6,True
SP1,Weekday,12,1,2,True
SP1,Weekday,13,1,5,True
SP1,Weekday,14,1,1,True
SP1,Weekday,15,1,4,True
SP1,Weekday,16,1,0,True
SP1,Weekday,17,3,0,True
SP1,Weekday,18,3,0,True
SP1,Weekday,19,3,0,True
SP1,Weekday,20,1,4,True
SP1,Weekday,21,1,0,True
SP1,Weekday,22,1,0,True
SP1,Weekday,23,1,0,True
SP1,Weekend,0,1,-1,False
SP1,Weekend,1,1,-1,False
SP1,Weekend,2,1,-1,False
SP1,Weekend,3,1,-1,False
SP1,Weekend,4,1,-1,False
SP1,Weekend,5,1,-1,False
SP1,Weekend,6,1,0,True
SP1,Weekend,7,1,0,True
SP1,Weekend,8,1,0,True
SP1,Weekend,9,1,0,True
SP1,Weekend,10,2,3,True
SP1,Weekend,11,2,6,True
SP1,Weekend,12,2,2,True
SP1,Weekend,13,2,5,True
SP1,Weekend,14,2,1,True
SP1,Weekend,15,2,4,True
SP1,Weekend,16,2,0,True
SP1,Weekend,17,2,0,True
SP1,Weekend,18,2,0,True
SP1,Weekend,19,2,0,True
SP1,Weekend,20,2,4,True
SP1,Weekend,21,1,0,True
SP1,Weekend,22,1,0,True
SP1,Weekend,23,1,0,True
SP10,Weekday,0,1,-1,False
SP10,Weekday,1,1,-1,False
SP10,Weekday,2,1,-1,False
SP10,Weekday,3,1,-1,False
SP10,Weekday,4,1,-1,False
SP10,Weekday,5,1,-1,False
SP10,Weekday,6,4,0,True
SP10,Weekday,7,5,0,True
SP10,Weekday,8,5,0,True
SP10,Weekday,9,1,0,True
SP10,Weekday,10,1,3,True
SP10,Weekday,11,1,6,True
SP10,Weekday,12,1,2,True
SP10,Weekday,13,1,5,True
SP10,Weekday,14,1,1,True
SP10,Weekday,15,1,4,True
SP10,Weekday,16,1,0,True
SP10,Weekday,17,3,0,True
SP10,Weekday,18,3,0,True
SP10,Weekday,19,3,0,True
SP10,Weekday,20,1,4,True
SP10,Weekday,21,1,0,True
SP10,Weekday,22,1,0,True
SP10,Weekday,23,1,0,True
SP10,Weekend,0,1,-1,False
SP10,Weekend,1,1,-1,False
SP10,Weekend,2,1,-1,False
SP10,Weekend,3,1,-1,False
SP10,Weekend,4,1,-1,False
SP10,Weekend,5,1,-1,False
SP10,Weekend,6,1,0,True
SP10,Weekend,7,1,0,True
SP10,Weekend,8,1,0,True
SP10,Weekend,9,1,0,True
SP10,Weekend,10,2,3,True
SP10,Weekend,11,2,6,True
SP10,Weekend,12,2,2,True
SP10,Weekend,13,2,5,True
SP10,Weekend,14,2,1,True
SP10,Weekend,15,2,4,True
SP10,Weekend,16,2,0,True
SP10,Weekend,17,2,0,True
SP10,Weekend,18,2,0,True
SP10,Weekend,19,2,0,True
SP10,Weekend,20,2,4,True
SP10,Weekend,21,1,0,True
SP10,Weekend,22,1,0,True
SP10,Weekend,23,1,0,True
SP11,Weekday,0,1,-1,False
SP11,Weekday,1,1,-1,False
SP11,Weekday,2,1,-1,False
SP11,Weekday,3,1,-1,False
SP11,Weekday,4,1,-1,False
SP11,Weekday,5,1,-1,False
SP11,Weekday,6,2,0,True
SP11,Weekday,7,5,0,True
SP11,Weekday,8,5,0,True
SP11,Weekday,9,2,0,True
SP11,Weekday,10,2,3,True
SP11,Weekday,11,2,6,True
SP11,Weekday,12,2,2,True
SP11,Weekday,13,2,5,True
SP11,Weekday,14,2,1,True
SP11,Weekday,15,2,4,True
SP11,Weekday,16,2,0,True
SP11,Weekday,17,5,0,True
SP11,Weekday,18,5,0,True
SP11,Weekday,19,2,0,True
SP11,Weekday,20,2,4,True
SP11,Weekday,21,2,0,True
SP11,Weekday,22,2,0,True
SP11,Weekday,23,2,0,True
SP11,Weekend,0,1,-1,False
SP11,Weekend,1,1,-1,False
SP11,Weekend,2,1,-1,False
SP11,Weekend,3,1,-1,False
SP11,Weekend,4,1,-1,False
SP11,Weekend,5,1,-1,False
SP11,Weekend,6,2,0,True
SP11,Weekend,7,2,0,True
SP11,Weekend,8,2,0,True
SP11,Weekend,9,2,0,True
SP11,Weekend,10,3,3,True
SP11,Weekend,11,3,6,True
SP11,Weekend,12,3,2,True
SP11,Weekend,13,3,5,True
SP11,Weekend,14,3,1,True
SP11,Weekend,15,3,4,True
SP11,Weekend,16,3,0,True
SP11,Weekend,17,3,0,True
SP11,Weekend,18,3,0,True
SP11,Weekend,19,3,0,True
SP11,Weekend,20,2,4,True
SP11,Weekend,21,2,0,True
SP11,Weekend,22,2,0,True
SP11,Weekend,23,2,0,True
SP12,Weekday,0,1,-1,False
SP12,Weekday,1,1,-1,False
SP12,Weekday,2,1,-1,False
SP12,Weekday,3,1,-1,False
SP12,Weekday,4,1,-1,False
SP12,Weekday,5,1,-1,False
SP12,Weekday,6,4,0,True
SP12,Weekday,7,5,0,True
SP12,Weekday,8,5,0,True
SP12,Weekday,9,1,0,True
SP12,Weekday,10,1,3,True
SP12,Weekday,11,1,6,True
SP12,Weekday,12,1,2,True
SP12,Weekday,13,1,5,True
SP12,Weekday,14,1,1,True
SP12,Weekday,15,1,4,True
SP12,Weekday,16,1,0,True
SP12,Weekday,17,3,0,True
SP12,Weekday,18,3,0,True
SP12,Weekday,19,3,0,True
SP12,Weekday,20,1,4,True
SP12,Weekday,21,1,0,True
SP12,Weekday,22,1,0,True
SP12,Weekday,23,1,0,True
SP12,Weekend,0,1,-1,False
SP12,Weekend,1,1,-1,False
SP12,Weekend,2,1,-1,False
SP12,Weekend,3,1,-1,False
SP12,Weekend,4,1,-1,False
SP12,Weekend,5,1,-1,False
SP12,Weekend,6,1,0,True
SP12,Weekend,7,1,0,True
SP12,Weekend,8,1,0,True
SP12,Weekend,9,1,0,True
SP12,Weekend,10,2,3,True
SP12,Weekend,11,2,6,True
SP12,Weekend,12,2,2,True
SP12,Weekend,13,2,5,True
SP12,Weekend,14,2,1,True
SP12,Weekend,15,2,4,True
SP12,Weekend,16,2,0,True
SP12,Weekend,17,2,0,True
SP12,Weekend,18,2,0,True
SP12,Weekend,19,2,0,True
SP12,Weekend,20,2,4,True
SP12,Weekend,21,1,0,True
SP12,Weekend,22,1,0,True
SP12,Weekend,23,1,0,True
SP13,Weekday,0,1,-1,False
SP13,Weekday,1,1,-1,False
SP13,Weekday,2,1,-1,False
SP13,Weekday,3,1,-1,False
SP13,Weekday,4,1,-1,False
SP13,Weekday,5,1,-1,False
SP13,Weekday,6,4,0,True
SP13,Weekday,7,5,0,True
SP13,Weekday,8,5,0,True
SP13,Weekday,9,1,0,True
SP13,Weekday,10,1,3,True
SP13,Weekday,11,1,6,True
SP13,Weekday,12,1,2,True
SP13,Weekday,13,1,5,True
SP13,Weekday,14,1,1,True
SP13,Weekday,15,1,4,True
SP13,Weekday,16,1,0,True
SP13,Weekday,17,3,0,True
SP13,Weekday,18,3,0,True
SP13,Weekday,19,3,0,True
SP13,Weekday,20,1,4,True
SP13,Weekday,21,1,0,True
SP13,Weekday,22,1,0,True
SP13,Weekday,23,1,0,True
SP13,Weekend,0,1,-1,False
SP13,Weekend,1,1,-1,False
SP13,Weekend,2,1,-1,False
SP13,Weekend,3,1,-1,False
SP13,Weekend,4,1,-1,False
SP13,Weekend,5,1,-1,False
SP13,Weekend,6,1,0,True
SP13,Weekend,7,1,0,True
SP13,Weekend,8,1,0,True
SP13,Weekend,9,1,0,True
SP13,Weekend,10,2,3,True
SP13,Weekend,11,2,6,True
SP13,Weekend,12,2,2,True
SP13,Weekend,13,2,5,True
SP13,Weekend,14,2,1,True
SP13,Weekend,15,2,4,True
SP13,Weekend,16,2,0,True
SP13,Weekend,17,2,0,True
SP13,Weekend,18,2,0,True
SP13,Weekend,19,2,0,True
SP13,Weekend,20,2,4,True
SP13,Weekend,21,1,0,True
SP13,Weekend,22,1,0,True
SP13,Weekend,23,1,0,True
SP14,Weekday,0,1,-1,False
SP14,Weekday,1,1,-1,False
SP14,Weekday,2,1,-1,False
SP14,Weekday,3,1,-1,False
SP14,Weekday,4,1,-1,False
SP14,Weekday,5,1,-1,False
SP14,Weekday,6,4,0,True
SP14,Weekday,7,5,0,True
SP14,Weekday,8,5,0,True
SP14,Weekday,9,1,0,True
SP14,Weekday,10,1,3,True
SP14,Weekday,11,1,6,True
SP14,Weekday,12,1,2,True
SP14,Weekday,13,1,5,True
SP14,Weekday,14,1,1,True
SP14,Weekday,15,1,4,True
SP14,Weekday,16,1,0,True
SP14,Weekday,17,3,0,True
SP14,Weekday,18,3,0,True
SP14,Weekday,19,3,0,True
SP14,Weekday,20,1,4,True
SP14,Weekday,21,1,0,True
SP14,Weekday,22,1,0,True
SP14,Weekday,23,1,0,True
SP14,Weekend,0,1,-1,False
SP14,Weekend,1,1,-1,False
SP14,Weekend,2,1,-1,False
SP14,Weekend,3,1,-1,False
SP14,Weekend,4,1,-1,False
SP14,Weekend,5,1,-1,False
SP14,Weekend,6,1,0,True
SP14,Weekend,7,1,0,True
SP14,Weekend,8,1,0,True
SP14,Weekend,9,1,0,True
SP14,Weekend,10,2,3,True
SP14,Weekend,11,2,6,True
SP14,Weekend,12,2,2,True
SP14,Weekend,13,2,5,True
SP14,Weekend,14,2,1,True
SP14,Weekend,15,2,4,True
SP14,Weekend,16,2,0,True
SP14,Weekend,17,2,0,True
SP14,Weekend,18,2,0,True
SP14,Weekend,19,2,0,True
SP14,Weekend,20,2,4,True
SP14,Weekend,21,1,0,True
SP14,Weekend,22,1,0,True
SP14,Weekend,23,1,0,True
SP15,Weekday,0,1,-1,False
SP15,Weekday,1,1,-1,False
SP15,Weekday,2,1,-1,False
SP15,Weekday,3,1,-1,False
SP15,Weekday,4,1,-1,False
SP15,Weekday,5,1,-1,False
SP15,Weekday,6,4,0,True
SP15,Weekday,7,5,0,True
SP15,Weekday,8,5,0,True
SP15,Weekday,9,1,0,True
SP15,Weekday,10,1,3,True
SP15,Weekday,11,1,6,True
SP15,Weekday,12,1,2,True
SP15,Weekday,13,1,5,True
SP15,Weekday,14,1,1,True
SP15,Weekday,15,1,4,True
SP15,Weekday,16,1,0,True
SP15,Weekday,17,3,0,True
SP15,Weekday,18,3,0,True
SP15,Weekday,19,3,0,True
SP15,Weekday,20,1,4,True
SP15,Weekday,21,1,0,True
SP15,Weekday,22,1,0,True
SP15,Weekday,23,1,0,True
SP15,Weekend,0,1,-1,False
SP15,Weekend,1,1,-1,False
SP15,Weekend,2,1,-1,False
SP15,Weekend,3,1,-1,False
SP15,Weekend,4,1,-1,False
SP15,Weekend,5,1,-1,False
SP15,Weekend,6,1,0,True
SP15,Weekend,7,1,0,True
SP15,Weekend,8,1,0,True
SP15,Weekend,9,1,0,True
SP15,Weekend,10,2,3,True
SP15,Weekend,11,2,6,True
SP15,Weekend,12,2,2,True
SP15,Weekend,13,2,5,True
SP15,Weekend,14,2,1,True
SP15,Weekend,15,2,4,True
SP15,Weekend,16,2,0,True
SP15,Weekend,17,2,0,True
SP15,Weekend,18,2,0,True
SP15,Weekend,19,2,0,True
SP15,Weekend,20,2,4,True
SP15,Weekend,21,1,0,True
SP15,Weekend,22,1,0,True
SP15,Weekend,23,1,0,True
SP16,Weekday,0,1,-1,False
SP16,Weekday,1,1,-1,False
SP16,Weekday,2,1,-1,False
SP16,Weekday,3,1,-1,False
SP16,Weekday,4,1,-1,False
SP16,Weekday,5,1,-1,False
SP16,Weekday,6,2,0,True
SP16,Weekday,7,5,0,True
SP16,Weekday,8,5,0,True
SP16,Weekday,9,2,0,True
SP16,Weekday,10,2,3,True
SP16,Weekday,11,2,6,True
SP16,Weekday,12,2,2,True
SP16,Weekday,13,2,5,True
SP16,Weekday,14,2,1,True
SP16,Weekday,15,2,4,True
SP16,Weekday,16,2,0,True
SP16,Weekday,17,5,0,True
SP16,Weekday,18,5,0,True
SP16,Weekday,19,2,0,True
SP16,Weekday,20,2,4,True
SP16,Weekday,21,2,0,True
SP16,Weekday,22,2,0,True
SP16,Weekday,23,2,0,True
SP16,Weekend,0,1,-1,False
SP16,Weekend,1,1,-1,False
SP16,Weekend,2,1,-1,False
SP16,Weekend,3,1,-1,False
SP16,Weekend,4,1,-1,False
SP16,Weekend,5,1,-1,False
SP16,Weekend,6,2,0,True
SP16,Weekend,7,2,0,True
SP16,Weekend,8,2,0,True
SP16,Weekend,9,2,0,True
SP16,Weekend,10,3,3,True
SP16,Weekend,11,3,6,True
SP16,Weekend,12,3,2,True
SP16,Weekend,13,3,5,True
SP16,Weekend,14,3,1,True
SP16,Weekend,15,3,4,True
SP16,Weekend,16,3,0,True
SP16,Weekend,17,3,0,True
SP16,Weekend,18,3,0,True
SP16,Weekend,19,3,0,True
SP16,Weekend,20,2,4,True
SP16,Weekend,21,2,0,True
SP16,Weekend,22,2,0,True
SP16,Weekend,23,2,0,True
SP17,Weekday,0,1,-1,False
SP17,Weekday,1,1,-1,False
SP17,Weekday,2,1,-1,False
SP17,Weekday,3,1,-1,False
SP17,Weekday,4,1,-1,False
SP17,Weekday,5,1,-1,False
SP17,Weekday,6,4,0,True
SP17,Weekday,7,5,0,True
SP17,Weekday,8,5,0,True
SP17,Weekday,9,1,0,True
SP17,Weekday,10,1,3,True
SP17,Weekday,11,1,6,True
SP17,Weekday,12,1,2,True
SP17,Weekday,13,1,5,True
SP17,Weekday,14,1,1,True
SP17,Weekday,15,1,4,True
SP17,Weekday,16,1,0,True
SP17,Weekday,17,3,0,True
SP17,Weekday,18,3,0,True
SP17,Weekday,19,3,0,True
SP17,Weekday,20,1,4,True
SP17,Weekday,21,1,0,True
SP17,Weekday,22,1,0,True
SP17,Weekday,23,1,0,True
SP17,Weekend,0,1,-1,False
SP17,Weekend,1,1,-1,False
SP17,Weekend,2,1,-1,False
SP17,Weekend,3,1,-1,False
SP17,Weekend,4,1,-1,False
SP17,Weekend,5,1,-1,False
SP17,Weekend,6,1,0,True
SP17,Weekend,7,1,0,True
SP17,Weekend,8,1,0,True
SP17,Weekend,9,1,0,True
SP17,Weekend,10,2,3,True
SP17,Weekend,11,2,6,True
SP17,Weekend,12,2,2,True
SP17,Weekend,13,2,5,True
SP17,Weekend,14,2,1,True
SP17,Weekend,15,2,4,True
SP17,Weekend,16,2,0,True
SP17,Weekend,17,2,0,True
SP17,Weekend,18,2,0,True
SP17,Weekend,19,2,0,True
SP17,Weekend,20,2,4,True
SP17,Weekend,21,1,0,True
SP17,Weekend,22,1,0,True
SP17,Weekend,23,1,0,True
SP18,Weekday,0,1,-1,False
SP18,Weekday,1,1,-1,False
SP18,Weekday,2,1,-1,False
SP18,Weekday,3,1,-1,False
SP18,Weekday,4,1,-1,False
SP18,Weekday,5,1,-1,False
SP18,Weekday,6,4,0,True
SP18,Weekday,7,5,0,True
SP18,Weekday,8,5,0,True
SP18,Weekday,9,1,0,True
SP18,Weekday,10,1,3,True
SP18,Weekday,11,1,6,True
SP18,Weekday,12,1,2,True
SP18,Weekday,13,1,5,True
SP18,Weekday,14,1,1,True
SP18,Weekday,15,1,4,True
SP18,Weekday,16,1,0,True
SP18,Weekday,17,3,0,True
SP18,Weekday,18,3,0,True
SP18,Weekday,19,3,0,True
SP18,Weekday,20,1,4,True
SP18,Weekday,21,1,0,True
SP18,Weekday,22,1,0,True
SP18,Weekday,23,1,0,True
SP18,Weekend,0,1,-1,False
SP18,Weekend,1,1,-1,False
SP18,Weekend,2,1,-1,False
SP18,Weekend,3,1,-1,False
SP18,Weekend,4,1,-1,False
SP18,Weekend,5,1,-1,False
SP18,Weekend,6,1,0,True
SP18,Weekend,7,1,0,True
SP18,Weekend,8,1,0,True
SP18,Weekend,9,1,0,True
SP18,Weekend,10,2,3,True
SP18,Weekend,11,2,6,True
SP18,Weekend,12,2,2,True
SP18,Weekend,13,2,5,True
SP18,Weekend,14,2,1,True
SP18,Weekend,15,2,4,True
SP18,Weekend,16,2,0,True
SP18,Weekend,17,2,0,True
SP18,Weekend,18,2,0,True
SP18,Weekend,19,2,0,True
SP18,Weekend,20,2,4,True
SP18,Weekend,21,1,0,True
SP18,Weekend,22,1,0,True
SP18,Weekend,23,1,0,True
SP19,Weekday,0,1,-1,False
SP19,Weekday,1,1,-1,False
SP19,Weekday,2,1,-1,False
SP19,Weekday,3,1,-1,False
SP19,Weekday,4,1,-1,False
SP19,Weekday,5,1,-1,False
SP19,Weekday,6,4,0,True
SP19,Weekday,7,5,0,True
SP19,Weekday,8,5,0,True
SP19,Weekday,9,1,0,True
SP19,Weekday,10,1,3,True
SP19,Weekday,11,1,6,True
SP19,Weekday,12,1,2,True
SP19,Weekday,13,1,5,True
SP19,Weekday,14,1,1,True
SP19,Weekday,15,1,4,True
SP19,Weekday,16,1,0,True
SP19,Weekday,17,3,0,True
SP19,Weekday,18,3,0,True
SP19,Weekday,19,3,0,True
SP19,Weekday,20,1,4,True
SP19,Weekday,21,1,0,True
SP19,Weekday,22,1,0,True
SP19,Weekday,23,1,0,True
SP19,Weekend,0,1,-1,False
SP19,Weekend,1,1,-1,False
SP19,Weekend,2,1,-1,False
SP19,Weekend,3,1,-1,False
SP19,Weekend,4,1,-1,False
SP19,Weekend,5,1,-1,False
SP19,Weekend,6,1,0,True
SP19,Weekend,7,1,0,True
SP19,Weekend,8,1,0,True
SP19,Weekend,9,1,0,True
SP19,Weekend,10,2,3,True
SP19,Weekend,11,2,6,True
SP19,Weekend,12,2,2,True
SP19,Weekend,13,2,5,True
SP19,Weekend,14,2,1,True
SP19,Weekend,15,2,4,True
SP19,Weekend,16,2,0,True
SP19,Weekend,17,2,0,True
SP19,Weekend,18,2,0,True
SP19,Weekend,19,2,0,True
SP19,Weekend,20,2,4,True
SP19,Weekend,21,1,0,True
SP19,Weekend,22,1,0,True
SP19,Weekend,23,1,0,True
SP2,Weekday,0,1,-1,False
SP2,Weekday,1,1,-1,False
SP2,Weekday,2,1,-1,False
SP2,Weekday,3,1,-1,False
SP2,Weekday,4,1,-1,False
SP2,Weekday,5,1,-1,False
SP2,Weekday,6,4,0,True
SP2,Weekday,7,5,0,True
SP2,Weekday,8,5,0,True
SP2,Weekday,9,1,0,True
SP2,Weekday,10,1,3,True
SP2,Weekday,11,1,6,True
SP2,Weekday,12,1,2,True
SP2,Weekday,13,1,5,True
SP2,Weekday,14,1,1,True
SP2,Weekday,15,1,4,True
SP2,Weekday,16,1,0,True
SP2,Weekday,17,3,0,True
SP2,Weekday,18,3,0,True
SP2,Weekday,19,3,0,True
SP2,Weekday,20,1,4,True
SP2,Weekday,21,1,0,True
SP2,Weekday,22,1,0,True
SP2,Weekday,23,1,0,True
SP2,Weekend,0,1,-1,False
SP2,Weekend,1,1,-1,False
SP2,Weekend,2,1,-1,False
SP2,Weekend,3,1,-1,False
SP2,Weekend,4,1,-1,False
SP2,Weekend,5,1,-1,False
SP2,Weekend,6,1,0,True
SP2,Weekend,7,1,0,True
SP2,Weekend,8,1,0,True
SP2,Weekend,9,1,0,True
SP2,Weekend,10,2,3,True
SP2,Weekend,11,2,6,True
SP2,Weekend,12,2,2,True
SP2,Weekend,13,2,5,True
SP2,Weekend,14,2,1,True
SP2,Weekend,15,2,4,True
SP2,Weekend,16,2,0,True
SP2,Weekend,17,2,0,True
SP2,Weekend,18,2,0,True
SP2,Weekend,19,2,0,True
SP2,Weekend,20,2,4,True
SP2,Weekend,21,1,0,True
SP2,Weekend,22,1,0,True
SP2,Weekend,23,1,0,True
SP20,Weekday,0,1,-1,False
SP20,Weekday,1,1,-1,False
SP20,Weekday,2,1,-1,False
SP20,Weekday,3,1,-1,False
SP20,Weekday,4,1,-1,False
SP20,Weekday,5,1,-1,False
SP20,Weekday,6,4,0,True
SP20,Weekday,7,5,0,True
SP20,Weekday,8,5,0,True
SP20,Weekday,9,1,0,True
SP20,Weekday,10,1,3,True
SP20,Weekday,11,1,6,True
SP20,Weekday,12,1,2,True
SP20,Weekday,13,1,5,True
SP20,Weekday,14,1,1,True
SP20,Weekday,15,1,4,True
SP20,Weekday,16,1,0,True
SP20,Weekday,17,3,0,True
SP20,Weekday,18,3,0,True
SP20,Weekday,19,3,0,True
SP20,Weekday,20,1,4,True
SP20,Weekday,21,1,0,True
SP20,Weekday,22,1,0,True
SP20,Weekday,23,1,0,True
SP20,Weekend,0,1,-1,False
SP20,Weekend,1,1,-1,False
SP20,Weekend,2,1,-1,False
SP20,Weekend,3,1,-1,False
SP20,Weekend,4,1,-1,False
SP20,Weekend,5,1,-1,False
SP20,Weekend,6,1,0,True
SP20,Weekend,7,1,0,True
SP20,Weekend,8,1,0,True
SP20,Weekend,9,1,0,True
SP20,Weekend,10,2,3,True
SP20,Weekend,11,2,6,True
SP20,Weekend,12,2,2,True
SP20,Weekend,13,2,5,True
SP20,Weekend,14,2,1,True
SP20,Weekend,15,2,4,True
SP20,Weekend,16,2,0,True
SP20,Weekend,17,2,0,True
SP20,Weekend,18,2,0,True
SP20,Weekend,19,2,0,True
SP20,Weekend,20,2,4,True
SP20,Weekend,21,1,0,True
SP20,Weekend,22,1,0,True
SP20,Weekend,23,1,0,True
SP21,Weekday,0,1,-1,False
SP21,Weekday,1,1,-1,False
SP21,Weekday,2,1,-1,False
SP21,Weekday,3,1,-1,False
SP21,Weekday,4,1,-1,False
SP21,Weekday,5,1,-1,False
SP21,Weekday,6,4,0,True
SP21,Weekday,7,5,0,True
SP21,Weekday,8,5,0,True
SP21,Weekday,9,1,0,True
SP21,Weekday,10,1,3,True
SP21,Weekday,11,1,6,True
SP21,Weekday,12,1,2,True
SP21,Weekday,13,1,5,True
SP21,Weekday,14,1,1,True
SP21,Weekday,15,1,4,True
SP21,Weekday,16,1,0,True
SP21,Weekday,17,3,0,True
SP21,Weekday,18,3,0,True
SP21,Weekday,19,3,0,True
SP21,Weekday,20,1,4,True
SP21,Weekday,21,1,0,True
SP21,Weekday,22,1,0,True
SP21,Weekday,23,1,0,True
SP21,Weekend,0,1,-1,False
SP21,Weekend,1,1,-1,False
SP21,Weekend,2,1,-1,False
SP21,Weekend,3,1,-1,False
SP21,Weekend,4,1,-1,False
SP21,Weekend,5,1,-1,False
SP21,Weekend,6,1,0,True
SP21,Weekend,7,1,0,True
SP21,Weekend,8,1,0,True
SP21,Weekend,9,1,0,True
SP21,Weekend,10,2,3,True
SP21,Weekend,11,2,6,True
SP21,Weekend,12,2,2,True
SP21,Weekend,13,2,5,True
SP21,Weekend,14,2,1,True
SP21,Weekend,15,2,4,True
SP21,Weekend,16,2,0,True
SP21,Weekend,17,2,0,True
SP21,Weekend,18,2,0,True
SP21,Weekend,19,2,0,True
SP21,Weekend,20,2,4,True
SP21,Weekend,21,1,0,True
SP21,Weekend,22,1,0,True
SP21,Weekend,23,1,0,True
SP22,Weekday,0,1,-1,False
SP22,Weekday,1,1,-1,False
SP22,Weekday,2,1,-1,False
SP22,Weekday,3,1,-1,False
SP22,Weekday,4,1,-1,False
SP22,Weekday,5,1,-1,False
SP22,Weekday,6,4,0,True
SP22,Weekday,7,5,0,True
SP22,Weekday,8,5,0,True
SP22,Weekday,9,1,0,True
SP22,Weekday,10,1,3,True
SP22,Weekday,11,1,6,True
SP22,Weekday,12,1,2,True
SP22,Weekday,13,1,5,True
SP22,Weekday,14,1,1,True
SP22,Weekday,15,1,4,True
SP22,Weekday,16,1,0,True
SP22,Weekday,17,3,0,True
SP22,Weekday,18,3,0,True
SP22,Weekday,19,3,0,True
SP22,Weekday,20,1,4,True
SP22,Weekday,21,1,0,True
SP22,Weekday,22,1,0,True
SP22,Weekday,23,1,0,True
SP22,Weekend,0,1,-1,False
SP22,Weekend,1,1,-1,False
SP22,Weekend,2,1,-1,False
SP22,Weekend,3,1,-1,False
SP22,Weekend,4,1,-1,False
SP22,Weekend,5,1,-1,False
SP22,Weekend,6,1,0,True
SP22,Weekend,7,1,0,True
SP22,Weekend,8,1,0,True
SP22,Weekend,9,1,0,True
SP22,Weekend,10,2,3,True
SP22,Weekend,11,2,6,True
SP22,Weekend,12,2,2,True
SP22,Weekend,13,2,5,True
SP22,Weekend,14,2,1,True
SP22,Weekend,15,2,4,True
SP22,Weekend,16,2,0,True
SP22,Weekend,17,2,0,True
SP22,Weekend,18,2,0,True
SP22,Weekend,19,2,0,True
SP22,Weekend,20,2,4,True
SP22,Weekend,21,1,0,True
SP22,Weekend,22,1,0,True
SP22,Weekend,23,1,0,True
SP24,Weekday,0,1,-1,False
SP24,Weekday,1,1,-1,False
SP24,Weekday,2,1,-1,False
SP24,Weekday,3,1,-1,False
SP24,Weekday,4,1,-1,False
SP24,Weekday,5,1,-1,False
SP24,Weekday,6,4,0,True
SP24,Weekday,7,5,0,True
SP24,Weekday,8,5,0,True
SP24,Weekday,9,1,0,True
SP24,Weekday,10,1,3,True
SP24,Weekday,11,1,6,True
SP24,Weekday,12,1,2,True
SP24,Weekday,13,1,5,True
SP24,Weekday,14,1,1,True
SP24,Weekday,15,1,4,True
SP24,Weekday,16,1,0,True
SP24,Weekday,17,3,0,True
SP24,Weekday,18,3,0,True
SP24,Weekday,19,3,0,True
SP24,Weekday,20,1,4,True
SP24,Weekday,21,1,0,True
SP24,Weekday,22,1,0,True
SP24,Weekday,23,1,0,True
SP24,Weekend,0,1,-1,False
SP24,Weekend,1,1,-1,False
SP24,Weekend,2,1,-1,False
SP24,Weekend,3,1,-1,False
SP24,Weekend,4,1,-1,False
SP24,Weekend,5,1,-1,False
SP24,Weekend,6,1,0,True
SP24,Weekend,7,1,0,True
SP24,Weekend,8,1,0,True
SP24,Weekend,9,1,0,True
SP24,Weekend,10,2,3,True
SP24,Weekend,11,2,6,True
SP24,Weekend,12,2,2,True
SP24,Weekend,13,2,5,True
SP24,Weekend,14,2,1,True
SP24,Weekend,15,2,4,True
SP24,Weekend,16,2,0,True
SP24,Weekend,17,2,0,True
SP24,Weekend,18,2,0,True
SP24,Weekend,19,2,0,True
SP24,Weekend,20,2,4,True
SP24,Weekend,21,1,0,True
SP24,Weekend,22,1,0,True
SP24,Weekend,23,1,0,True
SP25,Weekday,0,1,-1,False
SP25,Weekday,1,1,-1,False
SP25,Weekday,2,1,-1,False
SP25,Weekday,3,1,-1,False
SP25,Weekday,4,1,-1,False
SP25,Weekday,5,1,-1,False
SP25,Weekday,6,4,0,True
SP25,Weekday,7,5,0,True
SP25,Weekday,8,5,0,True
SP25,Weekday,9,1,0,True
SP25,Weekday,10,1,3,True
SP25,Weekday,11,1,6,True
SP25,Weekday,12,1,2,True
SP25,Weekday,13,1,5,True
SP25,Weekday,14,1,1,True
SP25,Weekday,15,1,4,True
SP25,Weekday,16,1,0,True
SP25,Weekday,17,3,0,True
SP25,Weekday,18,3,0,True
SP25,Weekday,19,3,0,True
SP25,Weekday,20,1,4,True
SP25,Weekday,21,1,0,True
SP25,Weekday,22,1,0,True
SP25,Weekday,23,1,0,True
SP25,Weekend,0,1,-1,False
SP25,Weekend,1,1,-1,False
SP25,Weekend,2,1,-1,False
SP25,Weekend,3,1,-1,False
SP25,Weekend,4,1,-1,False
SP25,Weekend,5,1,-1,False
SP25,Weekend,6,1,0,True
SP25,Weekend,7,1,0,True
SP25,Weekend,8,1,0,True
SP25,Weekend,9,1,0,True
SP25,Weekend,10,2,3,True
SP25,Weekend,11,2,6,True
SP25,Weekend,12,2,2,True
SP25,Weekend,13,2,5,True
SP25,Weekend,14,2,1,True
SP25,Weekend,15,2,4,True
SP25,Weekend,16,2,0,True
SP25,Weekend,17,2,0,True
SP25,Weekend,18,2,0,True
SP25,Weekend,19,2,0,True
SP25,Weekend,20,2,4,True
SP25,Weekend,21,1,0,True
SP25,Weekend,22,1,0,True
SP25,Weekend,23,1,0,True
SP26,Weekday,0,1,-1,False
SP26,Weekday,1,1,-1,False
SP26,Weekday,2,1,-1,False
SP26,Weekday,3,1,-1,False
SP26,Weekday,4,1,-1,False
SP26,Weekday,5,1,-1,False
SP26,Weekday,6,4,0,True
SP26,Weekday,7,5,0,True
SP26,Weekday,8,5,0,True
SP26,Weekday,9,1,0,True
SP26,Weekday,10,1,3,True
SP26,Weekday,11,1,6,True
SP26,Weekday,12,1,2,True
SP26,Weekday,13,1,5,True
SP26,Weekday,14,1,1,True
SP26,Weekday,15,1,4,True
SP26,Weekday,16,1,0,True
SP26,Weekday,17,3,0,True
SP26,Weekday,18,3,0,True
SP26,Weekday,19,3,0,True
SP26,Weekday,20,1,4,True
SP26,Weekday,21,1,0,True
SP26,Weekday,22,1,0,True
SP26,Weekday,23,1,0,True
SP26,Weekend,0,1,-1,False
SP26,Weekend,1,1,-1,False
SP26,Weekend,2,1,-1,False
SP26,Weekend,3,1,-1,False
SP26,Weekend,4,1,-1,False
SP26,Weekend,5,1,-1,False
SP26,Weekend,6,1,0,True
SP26,Weekend,7,1,0,True
SP26,Weekend,8,1,0,True
SP26,Weekend,9,1,0,True
SP26,Weekend,10,2,3,True
SP26,Weekend,11,2,6,True
SP26,Weekend,12,2,2,True
SP26,Weekend,13,2,5,True
SP26,Weekend,14,2,1,True
SP26,Weekend,15,2,4,True
SP26,Weekend,16,2,0,True
SP26,Weekend,17,2,0,True
SP26,Weekend,18,2,0,True
SP26,Weekend,19,2,0,True
SP26,Weekend,20,2,4,True
SP26,Weekend,21,1,0,True
SP26,Weekend,22,1,0,True
SP26,Weekend,23,1,0,True
SP27,Weekday,0,1,-1,False
SP27,Weekday,1,1,-1,False
SP27,Weekday,2,1,-1,False
SP27,Weekday,3,1,-1,False
SP27,Weekday,4,1,-1,False
SP27,Weekday,5,1,-1,False
SP27,Weekday,6,4,0,True
SP27,Weekday,7,5,0,True
SP27,Weekday,8,5,0,True
SP27,Weekday,9,1,0,True
SP27,Weekday,10,1,3,True
SP27,Weekday,11,1,6,True
SP27,Weekday,12,1,2,True
SP27,Weekday,13,1,5,True
SP27,Weekday,14,1,1,True
SP27,Weekday,15,1,4,True
SP27,Weekday,16,1,0,True
SP27,Weekday,17,3,0,True
SP27,Weekday,18,3,0,True
SP27,Weekday,19,3,0,True
SP27,Weekday,20,1,4,True
SP27,Weekday,21,1,0,True
SP27,Weekday,22,1,0,True
SP27,Weekday,23,1,0,True
SP27,Weekend,0,1,-1,False
SP27,Weekend,1,1,-1,False
SP27,Weekend,2,1,-1,False
SP27,Weekend,3,1,-1,False
SP27,Weekend,4,1,-1,False
SP27,Weekend,5,1,-1,False
SP27,Weekend,6,1,0,True
SP27,Weekend,7,1,0,True
SP27,Weekend,8,1,0,True
SP27,Weekend,9,1,0,True
SP27,Weekend,10,2,3,True
SP27,Weekend,11,2,6,True
SP27,Weekend,12,2,2,True
SP27,Weekend,13,2,5,True
SP27,Weekend,14,2,1,True
SP27,Weekend,15,2,4,True
SP27,Weekend,16,2,0,True
SP27,Weekend,17,2,0,True
SP27,Weekend,18,2,0,True
SP27,Weekend,19,2,0,True
SP27,Weekend,20,2,4,True
SP27,Weekend,21,1,0,True
SP27,Weekend,22,1,0,True
SP27,Weekend,23,1,0,True
SP28,Weekday,0,1,-1,False
SP28,Weekday,1,1,-1,False
SP28,Weekday,2,1,-1,False
SP28,Weekday,3,1,-1,False
SP28,Weekday,4,1,-1,False
SP28,Weekday,5,1,-1,False
SP28,Weekday,6,4,0,True
SP28,Weekday,7,5,0,True
SP28,Weekday,8,5,0,True
SP28,Weekday,9,1,0,True
SP28,Weekday,10,1,3,True
SP28,Weekday,11,1,6,True
SP28,Weekday,12,1,2,True
SP28,Weekday,13,1,5,True
SP28,Weekday,14,1,1,True
SP28,Weekday,15,1,4,True
SP28,Weekday,16,1,0,True
SP28,Weekday,17,3,0,True
SP28,Weekday,18,3,0,True
SP28,Weekday,19,3,0,True
SP28,Weekday,20,1,4,True
SP28,Weekday,21,1,0,True
SP28,Weekday,22,1,0,True
SP28,Weekday,23,1,0,True
SP28,Weekend,0,1,-1,False
SP28,Weekend,1,1,-1,False
SP28,Weekend,2,1,-1,False
SP28,Weekend,3,1,-1,False
SP28,Weekend,4,1,-1,False
SP28,Weekend,5,1,-1,False
SP28,Weekend,6,1,0,True
SP28,Weekend,7,1,0,True
SP28,Weekend,8,1,0,True
SP28,Weekend,9,1,0,True
SP28,Weekend,10,2,3,True
SP28,Weekend,11,2,6,True
SP28,Weekend,12,2,2,True
SP28,Weekend,13,2,5,True
SP28,Weekend,14,2,1,True
SP28,Weekend,15,2,4,True
SP28,Weekend,16,2,0,True
SP28,Weekend,17,2,0,True
SP28,Weekend,18,2,0,True
SP28,Weekend,19,2,0,True
SP28,Weekend,20,2,4,True
SP28,Weekend,21,1,0,True
SP28,Weekend,22,1,0,True
SP28,Weekend,23,1,0,True
SP29,Weekday,0,1,-1,False
SP29,Weekday,1,1,-1,False
SP29,Weekday,2,1,-1,False
SP29,Weekday,3,1,-1,False
SP29,Weekday,4,1,-1,False
SP29,Weekday,5,1,-1,False
SP29,Weekday,6,4,0,True
SP29,Weekday,7,5,0,True
SP29,Weekday,8,5,0,True
SP29,Weekday,9,1,0,True
SP29,Weekday,10,1,3,True
SP29,Weekday,11,1,6,True
SP29,Weekday,12,1,2,True
SP29,Weekday,13,1,5,True
SP29,Weekday,14,1,1,True
SP29,Weekday,15,1,4,True
SP29,Weekday,16,1,0,True
SP29,Weekday,17,3,0,True
SP29,Weekday,18,3,0,True
SP29,Weekday,19,3,0,True
SP29,Weekday,20,1,4,True
SP29,Weekday,21,1,0,True
SP29,Weekday,22,1,0,True
SP29,Weekday,23,1,0,True
SP29,Weekend,0,1,-1,False
SP29,Weekend,1,1,-1,False
SP29,Weekend,2,1,-1,False
SP29,Weekend,3,1,-1,False
SP29,Weekend,4,1,-1,False
SP29,Weekend,5,1,-1,False
SP29,Weekend,6,1,0,True
SP29,Weekend,7,1,0,True
SP29,Weekend,8,1,0,True
SP29,Weekend,9,1,0,True
SP29,Weekend,10,2,3,True
SP29,Weekend,11,2,6,True
SP29,Weekend,12,2,2,True
SP29,Weekend,13,2,5,True
SP29,Weekend,14,2,1,True
SP29,Weekend,15,2,4,True
SP29,Weekend,16,2,0,True
SP29,Weekend,17,2,0,True
SP29,Weekend,18,2,0,True
SP29,Weekend,19,2,0,True
SP29,Weekend,20,2,4,True
SP29,Weekend,21,1,0,True
SP29,Weekend,22,1,0,True
SP29,Weekend,23,1,0,True
SP3,Weekday,0,1,-1,False
SP3,Weekday,1,1,-1,False
SP3,Weekday,2,1,-1,False
SP3,Weekday,3,1,-1,False
SP3,Weekday,4,1,-1,False
SP3,Weekday,5,1,-1,False
SP3,Weekday,6,2,0,True
SP3,Weekday,7,5,0,True
SP3,Weekday,8,5,0,True
SP3,Weekday,9,2,0,True
SP3,Weekday,10,2,3,True
SP3,Weekday,11,2,6,True
SP3,Weekday,12,2,2,True
SP3,Weekday,13,2,5,True
SP3,Weekday,14,2,1,True
SP3,Weekday,15,2,4,True
SP3,Weekday,16,2,0,True
SP3,Weekday,17,5,0,True
SP3,Weekday,18,5,0,True
SP3,Weekday,19,2,0,True
SP3,Weekday,20,2,4,True
SP3,Weekday,21,2,0,True
SP3,Weekday,22,2,0,True
SP3,Weekday,23,2,0,True
SP3,Weekend,0,1,-1,False
SP3,Weekend,1,1,-1,False
SP3,Weekend,2,1,-1,False
SP3,Weekend,3,1,-1,False
SP3,Weekend,4,1,-1,False
SP3,Weekend,5,1,-1,False
SP3,Weekend,6,2,0,True
SP3,Weekend,7,2,0,True
SP3,Weekend,8,2,0,True
SP3,Weekend,9,2,0,True
SP3,Weekend,10,3,3,True
SP3,Weekend,11,3,6,True
SP3,Weekend,12,3,2,True
SP3,Weekend,13,3,5,True
SP3,Weekend,14,3,1,True
SP3,Weekend,15,3,4,True
SP3,Weekend,16,3,0,True
SP3,Weekend,17,3,0,True
SP3,Weekend,18,3,0,True
SP3,Weekend,19,3,0,True
SP3,Weekend,20,2,4,True
SP3,Weekend,21,2,0,True
SP3,Weekend,22,2,0,True
SP3,Weekend,23,2,0,True
SP31,Weekday,0,1,-1,False
SP31,Weekday,1,1,-1,False
SP31,Weekday,2,1,-1,False
SP31,Weekday,3,1,-1,False
SP31,Weekday,4,1,-1,False
SP31,Weekday,5,1,-1,False
SP31,Weekday,6,2,0,True
SP31,Weekday,7,5,0,True
SP31,Weekday,8,5,0,True
SP31,Weekday,9,2,0,True
SP31,Weekday,10,2,3,True
SP31,Weekday,11,2,6,True
SP31,Weekday,12,2,2,True
SP31,Weekday,13,2,5,True
SP31,Weekday,14,2,1,True
SP31,Weekday,15,2,4,True
SP31,Weekday,16,2,0,True
SP31,Weekday,17,5,0,True
SP31,Weekday,18,5,0,True
SP31,Weekday,19,2,0,True
SP31,Weekday,20,2,4,True
SP31,Weekday,21,2,0,True
SP31,Weekday,22,2,0,True
SP31,Weekday,23,2,0,True
SP31,Weekend,0,1,-1,False
SP31,Weekend,1,1,-1,False
SP31,Weekend,2,1,-1,False
SP31,Weekend,3,1,-1,False
SP31,Weekend,4,1,-1,False
SP31,Weekend,5,1,-1,False
SP31,Weekend,6,2,0,True
SP31,Weekend,7,2,0,True
SP31,Weekend,8,2,0,True
SP31,Weekend,9,2,0,True
SP31,Weekend,10,3,3,True
SP31,Weekend,11,3,6,True
SP31,Weekend,12,3,2,True
SP31,Weekend,13,3,5,True
SP31,Weekend,14,3,1,True
SP31,Weekend,15,3,4,True
SP31,Weekend,16,3,0,True
SP31,Weekend,17,3,0,True
SP31,Weekend,18,3,0,True
SP31,Weekend,19,3,0,True
SP31,Weekend,20,2,4,True
SP31,Weekend,21,2,0,True
SP31,Weekend,22,2,0,True
SP31,Weekend,23,2,0,True
SP4,Weekday,0,1,-1,False
SP4,Weekday,1,1,-1,False
SP4,Weekday,2,1,-1,False
SP4,Weekday,3,1,-1,False
SP4,Weekday,4,1,-1,False
SP4,Weekday,5,1,-1,False
SP4,Weekday,6,4,0,True
SP4,Weekday,7,5,0,True
SP4,Weekday,8,5,0,True
SP4,Weekday,9,1,0,True
SP4,Weekday,10,1,3,True
SP4,Weekday,11,1,6,True
SP4,Weekday,12,1,2,True
SP4,Weekday,13,1,5,True
SP4,Weekday,14,1,1,True
SP4,Weekday,15,1,4,True
SP4,Weekday,16,1,0,True
SP4,Weekday,17,3,0,True
SP4,Weekday,18,3,0,True
SP4,Weekday,19,3,0,True
SP4,Weekday,20,1,4,True
SP4,Weekday,21,1,0,True
SP4,Weekday,22,1,0,True
SP4,Weekday,23,1,0,True
SP4,Weekend,0,1,-1,False
SP4,Weekend,1,1,-1,False
SP4,Weekend,2,1,-1,False
SP4,Weekend,3,1,-1,False
SP4,Weekend,4,1,-1,False
SP4,Weekend,5,1,-1,False
SP4,Weekend,6,1,0,True
SP4,Weekend,7,1,0,True
SP4,Weekend,8,1,0,True
SP4,Weekend,9,1,0,True
SP4,Weekend,10,2,3,True
SP4,Weekend,11,2,6,True
SP4,Weekend,12,2,2,True
SP4,Weekend,13,2,5,True
SP4,Weekend,14,2,1,True
SP4,Weekend,15,2,4,True
SP4,Weekend,16,2,0,True
SP4,Weekend,17,2,0,True
SP4,Weekend,18,2,0,True
SP4,Weekend,19,2,0,True
SP4,Weekend,20,2,4,True
SP4,Weekend,21,1,0,True
SP4,Weekend,22,1,0,True
SP4,Weekend,23,1,0,True
SP5,Weekday,0,1,-1,False
SP5,Weekday,1,1,-1,False
SP5,Weekday,2,1,-1,False
SP5,Weekday,3,1,-1,False
SP5,Weekday,4,1,-1,False
SP5,Weekday,5,1,-1,False
SP5,Weekday,6,4,0,True
SP5,Weekday,7,5,0,True
SP5,Weekday,8,5,0,True
SP5,Weekday,9,1,0,True
SP5,Weekday,10,1,3,True
SP5,Weekday,11,1,6,True
SP5,Weekday,12,1,2,True
SP5,Weekday,13,1,5,True
SP5,Weekday,14,1,1,True
SP5,Weekday,15,1,4,True
SP5,Weekday,16,1,0,True
SP5,Weekday,17,3,0,True
SP5,Weekday,18,3,0,True
SP5,Weekday,19,3,0,True
SP5,Weekday,20,1,4,True
SP5,Weekday,21,1,0,True
SP5,Weekday,22,1,0,True
SP5,Weekday,23,1,0,True
SP5,Weekend,0,1,-1,False
SP5,Weekend,1,1,-1,False
SP5,Weekend,2,1,-1,False
SP5,Weekend,3,1,-1,False
SP5,Weekend,4,1,-1,False
SP5,Weekend,5,1,-1,False
SP5,Weekend,6,1,0,True
SP5,Weekend,7,1,0,True
SP5,Weekend,8,1,0,True
SP5,Weekend,9,1,0,True
SP5,Weekend,10,2,3,True
SP5,Weekend,11,2,6,True
SP5,Weekend,12,2,2,True
SP5,Weekend,13,2,5,True
SP5,Weekend,14,2,1,True
SP5,Weekend,15,2,4,True
SP5,Weekend,16,2,0,True
SP5,Weekend,17,2,0,True
SP5,Weekend,18,2,0,True
SP5,Weekend,19,2,0,True
SP5,Weekend,20,2,4,True
SP5,Weekend,21,1,0,True
SP5,Weekend,22,1,0,True
SP5,Weekend,23,1,0,True
SP6,Weekday,0,1,-1,False
SP6,Weekday,1,1,-1,False
SP6,Weekday,2,1,-1,False
SP6,Weekday,3,1,-1,False
SP6,Weekday,4,1,-1,False
SP6,Weekday,5,1,-1,False
SP6,Weekday,6,4,0,True
SP6,Weekday,7,5,0,True
SP6,Weekday,8,5,0,True
SP6,Weekday,9,1,0,True
SP6,Weekday,10,1,3,True
SP6,Weekday,11,1,6,True
SP6,Weekday,12,1,2,True
SP6,Weekday,13,1,5,True
SP6,Weekday,14,1,1,True
SP6,Weekday,15,1,4,True
SP6,Weekday,16,1,0,True
SP6,Weekday,17,3,0,True
SP6,Weekday,18,3,0,True
SP6,Weekday,19,3,0,True
SP6,Weekday,20,1,4,True
SP6,Weekday,21,1,0,True
SP6,Weekday,22,1,0,True
SP6,Weekday,23,1,0,True
SP6,Weekend,0,1,-1,False
SP6,Weekend,1,1,-1,False
SP6,Weekend,2,1,-1,False
SP6,Weekend,3,1,-1,False
SP6,Weekend,4,1,-1,False
SP6,Weekend,5,1,-1,False
SP6,Weekend,6,1,0,True
SP6,Weekend,7,1,0,True
SP6,Weekend,8,1,0,True
SP6,Weekend,9,1,0,True
SP6,Weekend,10,2,3,True
SP6,Weekend,11,2,6,True
SP6,Weekend,12,2,2,True
SP6,Weekend,13,2,5,True
SP6,Weekend,14,2,1,True
SP6,Weekend,15,2,4,True
SP6,Weekend,16,2,0,True
SP6,Weekend,17,2,0,True
SP6,Weekend,18,2,0,True
SP6,Weekend,19,2,0,True
SP6,Weekend,20,2,4,True
SP6,Weekend,21,1,0,True
SP6,Weekend,22,1,0,True
SP6,Weekend,23,1,0,True
SP7,Weekday,0,1,-1,False
SP7,Weekday,1,1,-1,False
SP7,Weekday,2,1,-1,False
SP7,Weekday,3,1,-1,False
SP7,Weekday,4,1,-1,False
SP7,Weekday,5,1,-1,False
SP7,Weekday,6,2,0,True
SP7,Weekday,7,5,0,True
SP7,Weekday,8,5,0,True
SP7,Weekday,9,2,0,True
SP7,Weekday,10,2,3,True
SP7,Weekday,11,2,6,True
SP7,Weekday,12,2,2,True
SP7,Weekday,13,2,5,True
SP7,Weekday,14,2,1,True
SP7,Weekday,15,2,4,True
SP7,Weekday,16,2,0,True
SP7,Weekday,17,5,0,True
SP7,Weekday,18,5,0,True
SP7,Weekday,19,2,0,True
SP7,Weekday,20,2,4,True
SP7,Weekday,21,2,0,True
SP7,Weekday,22,2,0,True
SP7,Weekday,23,2,0,True
SP7,Weekend,0,1,-1,False
SP7,Weekend,1,1,-1,False
SP7,Weekend,2,1,-1,False
SP7,Weekend,3,1,-1,False
SP7,Weekend,4,1,-1,False
SP7,Weekend,5,1,-1,False
SP7,Weekend,6,2,0,True
SP7,Weekend,7,2,0,True
SP7,Weekend,8,2,0,True
SP7,Weekend,9,2,0,True
SP7,Weekend,10,3,3,True
SP7,Weekend,11,3,6,True
SP7,Weekend,12,3,2,True
SP7,Weekend,13,3,5,True
SP7,Weekend,14,3,1,True
SP7,Weekend,15,3,4,True
SP7,Weekend,16,3,0,True
SP7,Weekend,17,3,0,True
SP7,Weekend,18,3,0,True
SP7,Weekend,19,3,0,True
SP7,Weekend,20,2,4,True
SP7,Weekend,21,2,0,True
SP7,Weekend,22,2,0,True
SP7,Weekend,23,2,0,True
SP8,Weekday,0,1,-1,False
SP8,Weekday,1,1,-1,False
SP8,Weekday,2,1,-1,False
SP8,Weekday,3,1,-1,False
SP8,Weekday,4,1,-1,False
SP8,Weekday,5,1,-1,False
SP8,Weekday,6,2,0,True
SP8,Weekday,7,5,0,True
SP8,Weekday,8,5,0,True
SP8,Weekday,9,2,0,True
SP8,Weekday,10,2,3,True
SP8,Weekday,11,2,6,True
SP8,Weekday,12,2,2,True
SP8,Weekday,13,2,5,True
SP8,Weekday,14,2,1,True
SP8,Weekday,15,2,4,True
SP8,Weekday,16,2,0,True
SP8,Weekday,17,5,0,True
SP8,Weekday,18,5,0,True
SP8,Weekday,19,2,0,True
SP8,Weekday,20,2,4,True
SP8,Weekday,21,2,0,True
SP8,Weekday,22,2,0,True
SP8,Weekday,23,2,0,True
SP8,Weekend,0,1,-1,False
SP8,Weekend,1,1,-1,False
SP8,Weekend,2,1,-1,False
SP8,Weekend,3,1,-1,False
SP8,Weekend,4,1,-1,False
SP8,Weekend,5,1,-1,False
SP8,Weekend,6,2,0,True
SP8,Weekend,7,2,0,True
SP8,Weekend,8,2,0,True
SP8,Weekend,9,2,0,True
SP8,Weekend,10,3,3,True
SP8,Weekend,11,3,6,True
SP8,Weekend,12,3,2,True
SP8,Weekend,13,3,5,True
SP8,Weekend,14,3,1,True
SP8,Weekend,15,3,4,True
SP8,Weekend,16,3,0,True
SP8,Weekend,17,3,0,True
SP8,Weekend,18,3,0,True
SP8,Weekend,19,3,0,True
SP8,Weekend,20,2,4,True
SP8,Weekend,21,2,0,True
SP8,Weekend,22,2,0,True
SP8,Weekend,23,2,0,True
SP9,Weekday,0,1,-1,False
SP9,Weekday,1,1,-1,False
SP9,Weekday,2,1,-1,False
SP9,Weekday,3,1,-1,False
SP9,Weekday,4,1,-1,False
SP9,Weekday,5,1,-1,False
SP9,Weekday,6,2,0,True
SP9,Weekday,7,5,0,True
SP9,Weekday,8,5,0,True
SP9,Weekday,9,2,0,True
SP9,Weekday,10,2,3,True
SP9,Weekday,11,2,6,True
SP9,Weekday,12,2,2,True
SP9,Weekday,13,2,5,True
SP9,Weekday,14,2,1,True
SP9,Weekday,15,2,4,True
SP9,Weekday,16,2,0,True
SP9,Weekday,17,5,0,True
SP9,Weekday,18,5,0,True
SP9,Weekday,19,2,0,True
SP9,Weekday,20,2,4,True
SP9,Weekday,21,2,0,True
SP9,Weekday,22,2,0,True
SP9,Weekday,23,2,0,True
SP9,Weekend,0,1,-1,False
SP9,Weekend,1,1,-1,False
SP9,Weekend,2,1,-1,False
SP9,Weekend,3,1,-1,False
SP9,Weekend,4,1,-1,False
SP9,Weekend,5,1,-1,False
SP9,Weekend,6,2,0,True
SP9,Weekend,7,2,0,True
SP9,Weekend,8,2,0,True
SP9,Weekend,9,2,0,True
SP9,Weekend,10,3,3,True
SP9,Weekend,11,3,6,True
SP9,Weekend,12,3,2,True
SP9,Weekend,13,3,5,True
SP9,Weekend,14,3,1,True
SP9,Weekend,15,3,4,True
SP9,Weekend,16,3,0,True
SP9,Weekend,17,3,0,True
SP9,Weekend,18,3,0,True
SP9,Weekend,19,3,0,True
SP9,Weekend,20,2,4,True
SP9,Weekend,21,2,0,True
SP9,Weekend,22,2,0,True
SP9,Weekend,23,2,0,True
